gameIndex,winner,gameDuration,score0,score1,id,className,team,role,dmgType,kills,deaths,assists,kda,dmgDealtTotal,dmgDealtToHeroes,dmgTaken,hpHealed,dpsToHeroes,hpsHealed,maxBurst1s,maxBurst3s,spellCastsQ,spellCastsE,level,gold,totalGold,goldPerMin,timeAlive,timeDead,survivalRate,killsPerMin,dmgEfficiency,items
0,1,282,13,150,bot0_1,Oracle,0,MAGE,physical,1,8,3,0.5,4337,1482,8062,94,8.4,0.5,198,340,10,11,8,40,2090,445,177,104,0.63,0.2,0.18,"special_lifesteal;basic_power;basic_power;basic_hp;basic_as;basic_armor;basic_mr"
0,1,282,13,150,bot1_1,Lynx,1,SLAYER,physical,18,1,9,27,23831,14990,3040,779,55.7,2.9,658,1090,47,33,12,102,4552,969,269,13,0.955,3.8,4.93,"special_lifesteal;basic_power;basic_power;basic_hp;basic_power;basic_as;basic_hp;basic_as;basic_power;basic_as;basic_hp;basic_mr;basic_power;basic_armor;basic_mr"
0,1,282,13,150,bot0_2,Mage,0,MAGE,magical,1,7,3,0.57,11040,3586,8087,209,19.2,1.1,435,473,35,16,9,71,2171,462,187,95,0.664,0.2,0.44,"special_lifesteal;basic_power;basic_power;basic_hp;basic_haste;basic_armor;basic_power"
0,1,282,13,150,bot1_2,Quiller,1,SLAYER,physical,5,1,21,26,13056,7416,3236,462,26.3,1.6,309,713,37,26,11,100,3625,772,282,0,1,1.1,2.29,"special_lifesteal;basic_power;basic_hp;basic_power;basic_as;basic_mr;basic_hp;basic_power;basic_as;basic_as;basic_hp;basic_mr"
0,1,282,13,150,bot0_3,Jailer,0,TANK,magical,0,7,4,0.57,7798,3164,11444,0,16.6,0,389,591,16,15,8,140,1990,424,191,91,0.677,0,0.28,"basic_hp;basic_hp;basic_armor;basic_hp;basic_mr;basic_armor;basic_power"
0,1,282,13,150,bot1_3,Reaper,1,SPLITPUSHER,magical,5,1,22,27,12020,8418,3216,0,31.2,0,375,757,35,18,11,61,3711,790,270,12,0.958,1.1,2.62,"basic_hp;basic_hp;basic_mr;basic_hp;basic_armor;basic_haste;basic_power;basic_hp;basic_mr;basic_mr;basic_as;basic_hp;basic_mr"
0,1,282,13,150,bot0_4,Cleric,0,SUPPORT,magical,2,8,2,0.5,5640,2765,9686,1934,15.2,10.6,293,351,23,18,9,144,2244,478,182,99,0.647,0.4,0.29,"basic_hp;basic_hp;basic_armor;basic_hp;basic_armor;basic_mr;basic_power;basic_haste"
0,1,282,13,150,bot1_4,Summoner,1,MAGE,magical,2,1,13,15,7072,2578,3044,0,9.5,0,180,258,34,16,9,43,2718,579,270,12,0.958,0.4,0.85,"basic_hp;basic_hp;basic_power;basic_power;basic_hp;basic_mr;basic_haste;basic_armor;basic_hp;basic_as"
1,1,258,7,152,bot0_1,Pyromancer,0,SLAYER,magical,1,6,0,0.17,9930,3144,6524,107,17.7,0.6,412,556,16,14,9,269,2044,475,177,81,0.686,0.2,0.48,"special_lifesteal;basic_power;basic_hp;basic_haste;basic_mr;basic_armor"
1,1,258,7,152,bot1_1,Zephyr,1,SPLITPUSHER,magical,4,0,13,17,12871,7286,2538,0,28.2,0,280,449,31,29,9,97,2897,673,258,0,1,0.9,2.87,"basic_hp;basic_hp;basic_hp;basic_mr;basic_mr;basic_armor;basic_haste;basic_hp;basic_armor;basic_hp"
1,1,258,7,152,bot0_2,Hana,0,TANK,magical,0,5,1,0.2,7217,3118,8046,0,16.1,0,252,276,7,25,8,227,1902,442,194,64,0.751,0,0.39,"basic_hp;basic_hp;basic_hp;basic_mr;basic_mr;basic_hp"
1,1,258,7,152,bot1_2,Summoner,1,MAGE,magical,0,1,15,15,6582,3905,2346,212,15.9,0.9,176,238,38,19,9,251,2376,552,246,13,0.951,0,1.66,"special_lifesteal;basic_power;basic_power;basic_power;basic_hp;basic_hp;basic_haste"
1,1,258,7,152,bot0_3,Oracle,0,MAGE,physical,0,5,1,0.2,9169,2955,5417,120,15.3,0.6,485,608,13,11,9,148,1923,447,193,65,0.747,0,0.55,"special_lifesteal;basic_power;basic_hp;basic_as;basic_mr;basic_armor"
1,1,258,7,152,bot1_3,Eggchanter,1,SUPPORT,magical,4,0,14,18,4571,3535,4868,7112,13.7,27.5,147,193,30,14,9,158,2908,676,258,0,1,0.9,0.73,"basic_hp;basic_hp;basic_hp;basic_hp;basic_mr;basic_mr;basic_armor;basic_power;basic_mr;basic_armor"
1,1,258,7,152,bot0_4,Jirina,0,FIGHTER,magical,0,3,1,0.33,8666,2931,6122,1173,13.4,5.4,463,515,21,7,9,22,1947,452,218,40,0.845,0,0.48,"basic_hp;basic_hp;basic_hp;basic_mr;basic_hp;basic_mr;basic_armor"
1,1,258,7,152,bot1_4,Kratoma,1,SLAYER,physical,11,0,6,17,11061,7420,3723,335,28.7,1.3,315,585,21,22,10,299,3549,824,258,0,1,2.6,1.99,"special_lifesteal;basic_power;basic_hp;basic_power;basic_power;basic_as;basic_hp;basic_as;basic_hp;basic_as;basic_mr"
2,0,376,151,73,bot0_1,Cleric,0,SUPPORT,magical,3,3,15,6,8522,6600,9297,11364,19.2,33.1,339,399,49,41,11,170,3345,534,344,32,0.914,0.5,0.71,"basic_hp;basic_hp;basic_armor;basic_hp;basic_hp;basic_armor;basic_power;basic_armor;basic_armor;basic_hp;basic_power"
2,0,376,151,73,bot1_1,Zephyr,1,SPLITPUSHER,magical,2,5,4,1.2,17765,8370,8459,0,27.4,0,338,631,35,45,10,294,2669,426,305,70,0.813,0.3,0.99,"special_gw;basic_hp;basic_mr;basic_hp;basic_hp;basic_power;basic_haste;basic_mr"
2,0,376,151,73,bot0_2,Jirina,0,FIGHTER,magical,4,2,18,11,20169,13519,7260,3342,38.5,9.5,400,677,44,14,11,194,3669,586,351,24,0.935,0.6,1.86,"special_lifesteal;special_lifesteal;basic_power;basic_power;basic_power;basic_hp;basic_armor;basic_haste;basic_mr;basic_hp;basic_armor"
2,0,376,151,73,bot1_2,Doctor,1,SUPPORT,physical,1,5,10,2.2,5716,4802,10170,6482,15.9,21.5,240,318,20,20,9,73,2723,435,302,74,0.803,0.2,0.47,"basic_hp;basic_hp;basic_hp;basic_mr;basic_armor;basic_mr;basic_as;basic_mr;basic_power;basic_haste"
2,0,376,151,73,bot0_3,Mage,0,MAGE,magical,8,4,11,4.75,20962,12109,7401,0,37,0,689,719,75,34,11,78,3928,627,327,49,0.87,1.3,1.64,"basic_hp;basic_hp;basic_hp;basic_armor;basic_haste;basic_mr;basic_armor;basic_power;basic_haste;basic_armor;basic_as;basic_hp;basic_armor;basic_mr"
2,0,376,151,73,bot1_3,Goliath,1,TANK,physical,4,6,6,1.67,10190,7941,17100,2079,26.5,6.9,378,489,33,22,9,200,2950,471,300,76,0.799,0.6,0.46,"basic_hp;basic_hp;basic_hp;basic_mr;basic_mr;basic_hp;special_gw;basic_mr;basic_armor"
2,0,376,151,73,bot0_4,Bruiser,0,FIGHTER,physical,7,2,8,7.5,11758,8052,8672,433,22.9,1.2,331,482,53,38,10,18,3493,558,352,23,0.938,1.1,0.93,"special_lifesteal;basic_power;basic_hp;basic_power;basic_hp;basic_hp;basic_power;basic_as;basic_as;basic_armor;basic_armor;basic_mr"
2,0,376,151,73,bot1_4,Quiller,1,SLAYER,physical,4,6,6,1.67,14690,8847,7281,462,27.9,1.5,244,413,43,27,10,141,3016,482,317,58,0.844,0.6,1.22,"special_lifesteal;basic_power;basic_power;basic_hp;basic_as;basic_hp;basic_mr;basic_as;basic_armor;basic_mr"
3,0,499,152,104,bot0_1,Vanguard,0,FIGHTER,physical,12,3,19,10.33,33885,14256,9725,0,31.2,0,537,742,64,45,15,224,5649,679,457,42,0.916,1.4,1.47,"special_gw;basic_hp;basic_hp;basic_mr;basic_hp;basic_power;basic_armor;basic_hp;basic_mr;basic_hp;basic_as;basic_mr;basic_power;basic_mr;basic_hp;basic_armor;basic_as;basic_power"
3,0,499,152,104,bot1_1,Oracle,1,MAGE,physical,3,8,7,1.25,21917,10920,13573,617,28.1,1.6,411,566,25,28,11,23,3523,424,388,111,0.778,0.4,0.8,"special_lifesteal;basic_power;basic_power;basic_power;basic_as;basic_as;basic_hp;basic_as;basic_armor;basic_mr;basic_hp;basic_hp"
3,0,499,152,104,bot0_2,Goliath,0,TANK,physical,6,1,19,25,25331,11547,9285,4036,23.9,8.4,439,790,56,37,14,246,4946,595,482,17,0.967,0.7,1.24,"basic_hp;basic_hp;basic_mr;basic_hp;basic_mr;special_gw;basic_mr;basic_hp;basic_armor;basic_armor;basic_mr;basic_power;basic_as;special_gw;basic_power"
3,0,499,152,104,bot1_2,Summoner,1,MAGE,magical,3,7,7,1.43,10111,6237,13110,0,16,0,180,212,64,30,11,254,3504,421,390,109,0.781,0.4,0.48,"basic_hp;basic_hp;basic_hp;basic_armor;basic_haste;basic_mr;basic_power;basic_armor;basic_as;basic_hp;basic_armor;basic_haste"
3,0,499,152,104,bot0_3,Jailer,0,TANK,magical,11,3,21,10.67,25940,12351,9409,0,27,0,659,926,51,46,15,48,5673,682,457,42,0.916,1.3,1.31,"basic_hp;basic_hp;basic_hp;basic_mr;basic_mr;basic_armor;basic_power;basic_hp;basic_mr;basic_haste;basic_hp;basic_hp;basic_mr;basic_as;basic_mr;basic_armor;basic_power;basic_hp;basic_armor"
3,0,499,152,104,bot1_3,Tamer,1,MAGE,magical,3,10,7,1,21543,10075,12813,2725,24,6.5,289,493,59,13,11,32,3557,428,420,79,0.842,0.4,0.79,"special_lifesteal;basic_power;basic_hp;basic_power;basic_hp;basic_armor;basic_haste;basic_hp;basic_power;basic_mr;basic_armor;basic_hp"
3,0,499,152,104,bot0_4,Ironclad,0,TANK,physical,3,3,28,10.33,24940,13731,11869,0,30,0,396,610,59,32,15,133,5058,608,458,41,0.918,0.4,1.16,"basic_hp;basic_hp;basic_mr;basic_armor;basic_hp;basic_power;basic_as;basic_mr;basic_hp;basic_haste;basic_mr;basic_mr;basic_armor;basic_power;basic_hp;basic_mr;basic_hp"
3,0,499,152,104,bot1_4,Eggchanter,1,SUPPORT,magical,1,7,9,1.43,6324,3778,15258,6076,9.6,15.5,115,198,37,24,11,287,3212,386,393,106,0.787,0.1,0.25,"basic_hp;basic_hp;basic_hp;basic_armor;basic_mr;basic_armor;basic_power;basic_haste;basic_armor;basic_as;basic_mr"
4,0,235,150,5,bot0_1,Hana,0,TANK,magical,4,1,10,14,6021,4232,3333,0,19.1,0,326,674,9,22,9,278,2628,672,222,13,0.946,1,1.27,"special_gw;basic_hp;basic_hp;basic_mr;basic_armor;basic_power;basic_hp;basic_haste"
4,0,235,150,5,bot1_1,Doctor,1,SUPPORT,physical,0,4,4,1,3423,1576,5301,476,8.1,2.5,119,280,22,6,7,82,1682,430,194,41,0.825,0,0.3,"basic_hp;basic_hp;basic_hp;basic_mr;basic_power;basic_mr"
4,0,235,150,5,bot0_2,Jailer,0,TANK,magical,3,1,13,16,10173,6789,2696,0,28.9,0,366,535,21,19,9,42,2592,662,235,0,1,0.8,2.52,"special_gw;basic_hp;basic_hp;basic_mr;basic_hp;basic_hp;basic_hp;basic_mr"
4,0,235,150,5,bot1_2,Tamer,1,MAGE,magical,2,6,3,0.83,8098,3539,5471,1333,21.9,8.2,202,424,18,7,8,188,2013,514,162,73,0.689,0.5,0.65,"special_lifesteal;basic_hp;basic_hp;basic_mr;basic_power;basic_mr"
4,0,235,150,5,bot0_3,Summoner,0,MAGE,magical,4,2,10,7,5607,3649,3518,0,17.3,0,185,239,28,12,9,194,2619,669,211,23,0.901,1,1.04,"basic_hp;basic_hp;basic_power;basic_hp;basic_power;basic_haste;basic_mr;basic_armor;basic_hp"
4,0,235,150,5,bot1_3,Ironclad,1,TANK,physical,2,4,2,1,7536,3310,8316,0,17.7,0,456,549,19,13,7,117,1942,496,187,48,0.795,0.5,0.4,"basic_hp;basic_hp;special_gw;basic_mr;basic_mr;basic_power"
4,0,235,150,5,bot0_4,Reaper,0,SPLITPUSHER,magical,7,1,7,14,9776,5185,2557,387,23.6,1.8,424,689,29,15,9,264,2964,758,220,15,0.938,1.8,2.03,"special_lifesteal;basic_power;basic_power;basic_hp;basic_haste;basic_power;basic_power;basic_mr;basic_hp"
4,0,235,150,5,bot1_4,Zephyr,1,SPLITPUSHER,magical,1,4,3,1,5941,2260,5739,0,12.1,0,143,271,19,23,8,25,1875,479,186,49,0.793,0.3,0.39,"basic_hp;basic_hp;basic_hp;basic_mr;basic_mr;basic_haste;basic_power"
5,1,411,89,151,bot0_1,Summoner,0,MAGE,magical,2,7,9,1.57,6559,2762,9920,203,9,0.7,184,255,35,16,10,111,3011,440,308,102,0.751,0.3,0.28,"special_lifesteal;basic_power;basic_hp;basic_power;basic_hp;basic_mr;basic_mr;basic_hp;basic_haste;basic_armor"
5,1,411,89,151,bot1_1,Vanguard,1,FIGHTER,physical,3,3,23,8.67,21014,9846,7991,581,26.5,1.6,486,678,60,37,12,45,4095,598,371,40,0.903,0.4,1.23,"special_lifesteal;basic_power;basic_power;basic_hp;basic_as;basic_power;basic_hp;basic_armor;basic_as;basic_hp;basic_mr;basic_as;basic_armor;basic_mr"
5,1,411,89,151,bot0_2,Jirina,0,FIGHTER,magical,5,6,9,2.33,16813,8925,13298,3842,28,12,417,516,38,19,11,190,3440,502,319,92,0.777,0.7,0.67,"basic_hp;basic_hp;basic_hp;basic_mr;basic_mr;basic_haste;basic_mr;basic_haste;basic_power;basic_armor;basic_hp;basic_as"
5,1,411,89,151,bot1_2,Reaper,1,SPLITPUSHER,magical,15,3,14,9.67,37469,23348,8010,921,62.8,2.5,926,1852,61,31,13,166,5391,787,372,39,0.905,2.2,2.91,"special_lifesteal;basic_power;basic_power;basic_hp;basic_hp;basic_power;basic_hp;basic_haste;basic_armor;basic_haste;basic_mr;basic_power;basic_hp;basic_haste;basic_hp;basic_hp;basic_power"
5,1,411,89,151,bot0_3,Ironclad,0,TANK,physical,2,7,11,1.86,7924,5182,14456,0,17.1,0,343,475,29,21,11,275,3175,464,304,107,0.739,0.3,0.36,"special_gw;basic_hp;basic_mr;basic_power;basic_hp;basic_armor;basic_mr;basic_power;basic_as;basic_hp"
5,1,411,89,151,bot1_3,Cleric,1,SUPPORT,magical,2,4,23,6.25,9118,3486,7220,6419,9.8,18,279,340,52,39,12,17,3892,568,357,54,0.869,0.3,0.48,"basic_hp;basic_hp;basic_hp;basic_mr;basic_armor;basic_power;basic_armor;basic_mr;basic_haste;basic_armor;basic_mr;basic_hp;basic_as;basic_mr"
5,1,411,89,151,bot0_4,Fusilier,0,SLAYER,physical,5,10,4,0.9,14015,7069,10482,416,24.8,1.5,415,586,40,13,10,8,3208,468,285,126,0.692,0.7,0.67,"special_lifesteal;basic_power;basic_power;basic_power;basic_hp;basic_as;basic_hp;basic_as;basic_mr;basic_armor;basic_as"
5,1,411,89,151,bot1_4,Tamer,1,MAGE,magical,10,4,15,6.25,17374,10100,6449,4898,28.1,13.6,352,527,48,16,13,156,4706,687,359,52,0.874,1.5,1.57,"special_lifesteal;basic_power;basic_hp;basic_haste;basic_mr;basic_power;basic_power;basic_hp;basic_power;basic_haste;basic_hp;basic_armor;basic_power;basic_haste;basic_power"
6,1,393,67,151,bot0_1,Mage,0,MAGE,magical,7,7,7,2,15909,7659,11761,394,25.5,1.3,552,590,52,23,12,173,3848,587,300,93,0.764,1.1,0.65,"special_lifesteal;basic_hp;basic_hp;basic_power;basic_hp;basic_hp;basic_armor;basic_power;basic_hp;basic_hp;basic_mr;basic_haste"
6,1,393,67,151,bot1_1,Reaper,1,SPLITPUSHER,magical,8,4,15,5.75,11610,7497,7041,409,22.3,1.2,414,818,45,24,11,231,4081,623,337,57,0.856,1.2,1.06,"special_lifesteal;basic_hp;basic_power;basic_power;basic_haste;basic_armor;basic_hp;basic_mr;basic_hp;basic_hp;basic_power;basic_haste;basic_power"
6,1,393,67,151,bot0_2,Lynx,0,SLAYER,physical,2,9,9,1.22,9727,5296,8667,443,19.3,1.6,426,570,42,35,9,250,2875,439,275,118,0.7,0.3,0.61,"special_lifesteal;special_lifesteal;basic_power;basic_as;basic_hp;basic_mr;basic_armor;basic_power"
6,1,393,67,151,bot1_2,Fusilier,1,SLAYER,physical,9,3,20,9.67,17049,10692,6970,0,28.5,0,270,575,59,20,12,99,4649,709,376,18,0.955,1.4,1.53,"basic_hp;basic_hp;basic_armor;basic_hp;basic_mr;basic_hp;basic_power;basic_hp;basic_armor;basic_mr;basic_as;basic_armor;basic_haste;basic_mr;basic_as;basic_hp"
6,1,393,67,151,bot0_3,Kratoma,0,SLAYER,physical,2,9,7,1,16579,7242,9459,397,22.4,1.2,281,614,21,20,10,136,2886,440,323,70,0.822,0.3,0.77,"special_lifesteal;basic_power;basic_power;basic_power;basic_power;basic_as;basic_hp;basic_as;basic_as"
6,1,393,67,151,bot1_3,Tamer,1,MAGE,magical,11,3,18,9.67,21320,12613,6343,5901,33.6,15.7,312,593,51,19,13,45,4870,743,376,18,0.955,1.7,1.99,"special_lifesteal;basic_power;basic_hp;basic_power;basic_hp;basic_power;basic_haste;basic_mr;basic_power;basic_haste;basic_armor;basic_power;basic_mr;basic_hp;basic_power;basic_haste"
6,1,393,67,151,bot0_4,Jirina,0,FIGHTER,magical,3,7,8,1.57,10557,5111,12428,3322,17.1,11.1,372,472,31,14,10,138,3063,467,299,95,0.76,0.5,0.41,"basic_hp;basic_hp;special_lifesteal;basic_mr;basic_hp;basic_armor;basic_armor;basic_power;basic_mr;basic_power"
6,1,393,67,151,bot1_4,Oracle,1,MAGE,physical,4,4,22,6.5,15454,9105,8207,444,26.9,1.3,364,565,25,25,12,223,3998,610,339,55,0.861,0.6,1.11,"special_lifesteal;basic_power;basic_hp;basic_power;basic_as;basic_armor;basic_hp;basic_as;basic_mr;basic_power;basic_armor;basic_hp;basic_as"
7,1,434,61,151,bot0_1,Hana,0,TANK,magical,7,6,14,3.5,18907,12268,14379,0,35,0,584,972,19,48,12,133,4108,567,351,84,0.807,1,0.85,"basic_hp;basic_hp;basic_armor;basic_mr;basic_mr;basic_power;basic_hp;basic_haste;basic_hp;basic_hp;basic_hp;basic_as;basic_armor;basic_armor"
7,1,434,61,151,bot1_1,Zephyr,1,SPLITPUSHER,magical,15,3,14,9.67,22746,13050,9244,644,34,1.7,588,747,54,51,13,318,5368,741,384,51,0.883,2.1,1.41,"special_lifesteal;basic_power;basic_hp;basic_power;basic_hp;basic_power;basic_haste;basic_haste;basic_hp;basic_haste;basic_power;basic_mr;basic_armor;basic_mr;basic_power;basic_armor;basic_hp"
7,1,434,61,151,bot0_2,Kratoma,0,SLAYER,physical,6,8,10,2,8483,5325,9240,201,16.6,0.6,266,614,23,17,11,271,3796,524,320,114,0.737,0.8,0.58,"special_lifesteal;basic_power;basic_power;basic_power;basic_power;basic_as;basic_as;basic_hp;basic_armor;basic_mr;basic_hp;basic_as"
7,1,434,61,151,bot1_2,Fusilier,1,SLAYER,physical,9,6,15,4,17007,9270,7312,458,26.7,1.3,484,816,46,14,12,140,4565,631,347,88,0.798,1.2,1.27,"special_lifesteal;basic_power;basic_power;basic_hp;basic_hp;basic_as;basic_power;basic_mr;basic_armor;basic_as;basic_hp;basic_as;basic_power;basic_hp;basic_mr"
7,1,434,61,151,bot0_3,Mage,0,MAGE,magical,3,8,13,2,13944,7469,9913,0,23.5,0,487,564,57,21,11,265,3565,492,318,117,0.732,0.4,0.75,"basic_hp;basic_hp;basic_mr;basic_armor;basic_haste;basic_power;basic_as;basic_hp;basic_hp;basic_hp;basic_mr;basic_armor"
7,1,434,61,151,bot1_3,Wanderer,1,SLAYER,physical,3,6,23,4.33,20806,12444,8921,0,35.8,0,644,1117,26,21,12,182,4032,557,348,87,0.8,0.4,1.39,"basic_hp;basic_hp;basic_mr;basic_hp;basic_mr;basic_power;basic_as;basic_armor;basic_power;basic_as;basic_armor;basic_haste;basic_hp;basic_hp"
7,1,434,61,151,bot0_4,Tamer,0,MAGE,magical,6,10,14,2,12566,8767,12102,3239,30.5,11.3,266,442,32,12,12,275,4075,563,288,147,0.662,0.8,0.72,"basic_hp;basic_hp;basic_hp;basic_mr;basic_hp;basic_armor;basic_mr;basic_haste;basic_power;basic_as;basic_armor;basic_mr;basic_haste;basic_power"
7,1,434,61,151,bot1_4,Volstrov,1,MAGE,magical,5,7,20,3.57,14249,9132,10675,0,24.6,0,270,606,14,23,12,236,4211,582,371,63,0.854,0.7,0.86,"basic_hp;basic_hp;basic_hp;basic_mr;basic_power;basic_hp;basic_power;basic_haste;basic_armor;basic_as;basic_hp;basic_mr;basic_hp;basic_mr"
8,1,299,1,151,bot0_1,Oracle,0,MAGE,physical,0,6,1,0.17,8661,3301,8163,0,14.7,0,338,387,16,15,8,30,1855,372,224,75,0.749,0,0.4,"basic_hp;basic_hp;basic_hp;basic_armor;basic_mr;basic_as;basic_power"
8,1,299,1,151,bot1_1,Goliath,1,TANK,physical,5,0,16,21,10475,4596,4997,3317,15.4,11.1,320,583,33,30,10,85,3360,673,299,0,1,1,0.92,"basic_hp;basic_hp;basic_hp;basic_armor;basic_mr;basic_armor;basic_armor;basic_mr;basic_as;basic_power;basic_hp;basic_as"
8,1,299,1,151,bot0_2,Tamer,0,MAGE,magical,0,7,1,0.14,9252,4238,6991,1991,19.8,9.3,312,556,25,10,8,105,1880,377,214,86,0.714,0,0.61,"special_lifesteal;basic_power;basic_hp;basic_haste;basic_armor;basic_mr"
8,1,299,1,151,bot1_2,Ironclad,1,TANK,physical,14,0,12,26,13713,9314,5116,0,31.1,0,368,593,34,21,11,227,4102,822,299,0,1,2.8,1.82,"special_gw;basic_hp;basic_hp;basic_hp;basic_armor;basic_hp;basic_power;basic_mr;basic_armor;basic_power;basic_armor;basic_as;basic_hp"
8,1,299,1,151,bot0_3,Doctor,0,SUPPORT,physical,1,7,0,0.14,2588,1886,8604,788,8.7,3.6,197,197,8,12,7,237,1887,378,217,83,0.723,0.2,0.22,"basic_hp;basic_hp;basic_hp;basic_hp;basic_armor;basic_mr"
8,1,299,1,151,bot1_3,Bruiser,1,FIGHTER,physical,3,1,18,21,8393,4578,3630,0,16,0,205,420,47,31,10,152,3202,642,287,13,0.958,0.6,1.26,"basic_hp;basic_hp;basic_hp;basic_armor;basic_armor;basic_armor;basic_mr;basic_mr;basic_mr;basic_hp;basic_as"
8,1,299,1,151,bot0_4,Quiller,0,SLAYER,physical,0,6,1,0.17,9326,3781,7061,266,15.1,1.1,212,344,29,19,7,43,1818,364,250,50,0.834,0,0.54,"special_lifesteal;basic_power;basic_as;basic_hp;basic_armor;basic_mr"
8,1,299,1,151,bot1_4,Jirina,1,FIGHTER,magical,4,0,20,24,18633,9383,3362,3454,31.3,11.5,627,863,39,11,10,197,3397,681,299,0,1,0.8,2.79,"special_lifesteal;basic_power;basic_power;basic_power;basic_hp;basic_armor;basic_hp;basic_armor;basic_hp;basic_haste;basic_mr"
9,0,340,150,26,bot0_1,Hana,0,TANK,magical,7,2,17,12,17573,12837,7909,0,40.7,0,618,1120,18,39,12,246,4021,709,315,25,0.926,1.2,1.62,"basic_hp;basic_hp;basic_hp;basic_mr;basic_mr;basic_power;basic_armor;basic_power;basic_mr;basic_haste;basic_armor;basic_haste;basic_armor;basic_as"
9,0,340,150,26,bot1_1,Zephyr,1,SPLITPUSHER,magical,2,6,4,1,6715,2517,10122,0,9.7,0,291,432,30,30,9,39,2464,434,259,81,0.762,0.4,0.25,"basic_hp;basic_hp;basic_hp;basic_armor;basic_hp;basic_haste;basic_armor;basic_mr;basic_power"
9,0,340,150,26,bot0_2,Kratoma,0,SLAYER,physical,6,2,20,13,15767,10988,4942,568,32.3,1.7,294,525,26,27,11,78,3903,688,340,0,1,1.1,2.22,"special_lifesteal;basic_power;basic_hp;basic_power;basic_as;basic_hp;basic_as;basic_mr;basic_power;basic_armor;basic_hp;basic_as;basic_power"
9,0,340,150,26,bot1_2,Jirina,1,FIGHTER,magical,1,5,7,1.6,6938,3685,10714,3075,12.4,10.3,480,480,25,12,9,171,2521,444,298,43,0.874,0.2,0.34,"basic_hp;basic_hp;basic_hp;basic_armor;basic_armor;basic_power;basic_haste;basic_mr;basic_as"
9,0,340,150,26,bot0_3,Lynx,0,SLAYER,physical,5,2,10,7.5,12211,7177,4140,427,22.8,1.4,350,796,48,38,10,122,3222,568,315,25,0.925,0.9,1.73,"special_lifesteal;basic_power;basic_power;basic_power;basic_as;basic_power;basic_as;basic_as;basic_power;basic_hp"
9,0,340,150,26,bot1_3,Vanguard,1,FIGHTER,physical,2,8,6,1,9759,4484,12676,0,18.3,0,340,523,38,23,9,194,2594,457,245,96,0.719,0.4,0.35,"basic_hp;basic_hp;basic_hp;basic_armor;basic_power;basic_as;basic_armor;basic_mr;basic_armor"
9,0,340,150,26,bot0_4,Quiller,0,SLAYER,physical,9,2,13,11,14217,9207,3199,497,29.6,1.6,394,644,41,23,12,242,4092,721,311,29,0.914,1.6,2.88,"special_lifesteal;basic_power;basic_power;basic_power;basic_as;basic_as;basic_power;basic_as;basic_hp;basic_hp;basic_mr;basic_mr;basic_hp"
9,0,340,150,26,bot1_4,Volstrov,1,MAGE,magical,3,8,5,1,12307,7872,9672,389,33.6,1.7,228,454,15,21,10,124,2799,493,234,106,0.688,0.5,0.81,"special_lifesteal;basic_power;basic_power;basic_power;basic_hp;basic_haste;basic_armor;basic_hp;basic_hp"
10,0,446,150,105,bot0_1,Jailer,0,TANK,magical,8,3,18,8.67,21449,11881,8881,0,29,0,540,704,43,32,13,51,4651,625,410,36,0.919,1.1,1.34,"basic_hp;basic_hp;basic_hp;basic_mr;basic_mr;basic_armor;basic_power;basic_hp;basic_haste;basic_armor;basic_mr;basic_hp;basic_hp;basic_as;basic_armor;basic_mr"
10,0,446,150,105,bot1_1,Oracle,1,MAGE,physical,4,6,8,2,13279,8038,10652,333,22.6,0.9,526,662,21,21,11,294,3444,463,355,91,0.797,0.5,0.75,"special_lifesteal;basic_power;basic_hp;basic_power;basic_hp;basic_as;basic_mr;basic_armor;basic_as;basic_armor;basic_mr"
10,0,446,150,105,bot0_2,Doctor,0,SUPPORT,physical,5,2,20,12.5,9351,5369,11163,11980,12.7,28.3,258,368,29,27,13,35,4385,590,424,22,0.95,0.7,0.48,"basic_hp;basic_hp;basic_hp;basic_hp;basic_mr;basic_armor;basic_mr;basic_hp;basic_armor;basic_mr;basic_hp;basic_armor;basic_power;basic_mr;basic_as"
10,0,446,150,105,bot1_2,Kratoma,1,SLAYER,physical,3,7,10,1.86,14212,9420,9722,0,27.8,0,389,587,27,26,11,173,3348,450,339,107,0.759,0.4,0.97,"basic_hp;basic_hp;basic_armor;basic_power;basic_mr;basic_as;basic_hp;basic_mr;basic_armor;basic_power;basic_haste;basic_as"
10,0,446,150,105,bot0_3,Wanderer,0,SLAYER,physical,12,5,15,5.4,33149,17307,12732,820,42.4,2,805,1610,32,23,14,70,5170,695,408,38,0.915,1.6,1.36,"special_lifesteal;basic_power;basic_hp;basic_hp;basic_power;basic_as;basic_as;basic_hp;basic_mr;basic_power;basic_armor;basic_as;basic_hp;basic_power;basic_as;basic_power;basic_mr"
10,0,446,150,105,bot1_3,Pyromancer,1,SLAYER,magical,2,7,13,2.14,16134,9055,9907,265,26.9,0.8,568,815,33,25,10,210,3285,442,337,109,0.755,0.3,0.91,"special_lifesteal;basic_power;basic_power;basic_hp;basic_hp;basic_haste;basic_power;basic_hp;basic_power;basic_hp"
10,0,446,150,105,bot0_4,Cleric,0,SUPPORT,magical,2,6,18,3.33,10965,4631,10409,6470,12.5,17.4,332,395,55,40,12,115,3715,500,371,75,0.831,0.3,0.44,"basic_hp;basic_hp;basic_mr;basic_hp;basic_armor;basic_power;basic_mr;basic_armor;basic_haste;basic_as;basic_hp;basic_mr;basic_hp"
10,0,446,150,105,bot1_4,Summoner,1,MAGE,magical,7,7,9,2.29,9664,7139,11078,307,20.6,0.9,205,278,46,24,12,38,3963,533,347,99,0.777,0.9,0.64,"special_lifesteal;basic_power;basic_hp;basic_power;basic_power;basic_hp;basic_hp;basic_hp;basic_power;basic_haste;basic_armor;basic_mr;basic_hp"
11,1,309,6,150,bot0_1,Mage,0,MAGE,magical,1,7,4,0.71,9709,2762,7267,180,13,0.8,484,638,25,14,9,203,2378,462,213,96,0.69,0.2,0.38,"special_lifesteal;special_lifesteal;basic_power;basic_hp;basic_power;basic_power"
11,1,309,6,150,bot1_1,Lynx,1,SLAYER,physical,6,3,13,6.33,13249,7285,3947,359,27.1,1.3,339,769,51,34,10,169,3394,660,269,40,0.87,1.2,1.85,"basic_hp;basic_hp;special_lifesteal;basic_hp;basic_mr;basic_as;basic_mr;basic_as;basic_hp;basic_power;basic_armor"
11,1,309,6,150,bot0_2,Pyromancer,0,SLAYER,magical,3,7,2,0.71,7939,2301,6051,119,10.5,0.5,436,587,18,14,9,14,2464,479,218,90,0.708,0.6,0.38,"special_lifesteal;special_lifesteal;basic_power;basic_power;basic_hp;basic_power;basic_hp"
11,1,309,6,150,bot1_2,Zephyr,1,SPLITPUSHER,magical,8,1,11,19,11496,5762,4091,0,18.7,0,374,501,44,42,11,199,3624,704,309,0,1,1.6,1.41,"basic_hp;basic_hp;basic_hp;basic_mr;basic_haste;basic_mr;basic_haste;basic_power;basic_hp;basic_mr;basic_hp;basic_mr"
11,1,309,6,150,bot0_3,Ironclad,0,TANK,physical,0,6,4,0.67,4997,2112,11963,0,9.1,0,214,316,21,12,8,224,2099,408,232,77,0.75,0,0.18,"basic_hp;basic_hp;basic_hp;basic_armor;basic_mr;basic_armor;basic_mr"
11,1,309,6,150,bot1_3,Summoner,1,MAGE,magical,5,1,13,18,5850,3766,3530,210,12.7,0.7,186,268,34,17,10,279,3229,628,297,12,0.962,1,1.07,"special_lifesteal;basic_power;basic_hp;basic_mr;basic_hp;basic_power;basic_mr;basic_hp;basic_haste;basic_power"
11,1,309,6,150,bot0_4,Tamer,0,MAGE,magical,2,9,4,0.67,9805,4259,7751,1591,22.5,8.4,274,428,17,9,9,132,2457,478,189,119,0.613,0.4,0.55,"special_lifesteal;basic_power;basic_hp;basic_power;basic_hp;basic_haste;basic_mr;basic_armor"
11,1,309,6,150,bot1_4,Wanderer,1,SLAYER,physical,10,1,16,26,21160,12336,2494,606,41.7,2,559,1206,21,18,11,62,4162,809,296,13,0.959,1.9,4.95,"special_lifesteal;basic_power;basic_power;basic_power;basic_as;basic_hp;basic_as;basic_hp;basic_mr;basic_as;basic_armor;basic_mr;basic_hp;basic_power"
12,1,370,49,151,bot0_1,Vanguard,0,FIGHTER,physical,3,6,10,2.17,12990,6618,10785,0,23.1,0,424,576,37,30,10,47,3022,490,286,84,0.773,0.5,0.61,"basic_hp;basic_hp;basic_hp;basic_mr;basic_hp;basic_armor;basic_power;basic_armor;basic_mr;basic_power;basic_as"
12,1,370,49,151,bot1_1,Bruiser,1,FIGHTER,physical,9,4,15,6,16924,9784,10408,0,27.7,0,354,670,60,40,12,195,4420,717,353,17,0.955,1.5,0.94,"basic_hp;basic_hp;basic_power;basic_armor;basic_hp;basic_hp;basic_power;basic_hp;basic_mr;basic_as;basic_haste;basic_hp;basic_mr;basic_armor;basic_as"
12,1,370,49,151,bot0_2,Cleric,0,SUPPORT,magical,2,7,14,2.29,7479,4824,10260,4872,15.4,15.5,291,351,41,30,10,155,3105,504,313,57,0.847,0.3,0.47,"basic_hp;basic_hp;basic_hp;basic_mr;basic_armor;basic_power;basic_haste;basic_mr;basic_armor;basic_mr;basic_power"
12,1,370,49,151,bot1_2,Fusilier,1,SLAYER,physical,4,3,13,5.67,12579,7081,4590,0,21.9,0,350,533,48,11,11,232,3482,565,324,46,0.876,0.6,1.54,"basic_hp;basic_hp;basic_power;basic_hp;basic_mr;basic_hp;basic_as;basic_power;basic_armor;basic_haste;basic_power;basic_mr"
12,1,370,49,151,bot0_3,Wanderer,0,SLAYER,physical,4,6,10,2.33,11755,7745,8369,0,27.4,0,512,734,19,14,10,213,3163,513,283,87,0.766,0.6,0.93,"basic_hp;basic_hp;basic_hp;basic_mr;basic_armor;basic_power;basic_armor;basic_hp;basic_mr;basic_as;basic_haste"
12,1,370,49,151,bot1_3,Reaper,1,SPLITPUSHER,magical,8,3,13,7,14896,7364,7420,0,22.5,0,452,578,45,22,12,89,4064,659,328,42,0.886,1.3,0.99,"basic_hp;basic_hp;basic_hp;basic_hp;basic_mr;basic_armor;basic_mr;basic_haste;basic_armor;basic_hp;basic_power;basic_hp;basic_as;basic_mr"
12,1,370,49,151,bot0_4,Summoner,0,MAGE,magical,7,7,7,2,9232,5386,9180,275,17.4,0.9,209,296,43,22,11,23,3523,571,310,60,0.838,1.1,0.59,"special_lifesteal;basic_power;basic_hp;basic_power;basic_power;basic_hp;basic_haste;basic_power;basic_haste;basic_armor;basic_mr;basic_mr"
12,1,370,49,151,bot1_4,Mage,1,MAGE,magical,5,6,21,4.33,21678,11637,7675,597,35.4,1.8,622,699,68,29,12,334,4134,671,329,41,0.889,0.8,1.52,"special_lifesteal;basic_power;basic_hp;basic_power;basic_haste;basic_hp;basic_mr;basic_haste;basic_hp;basic_power;basic_armor;basic_power;basic_mr"
13,0,370,150,40,bot0_1,Kratoma,0,SLAYER,physical,12,1,17,29,23219,11397,4920,677,32.2,1.9,426,755,29,27,13,185,4935,801,354,16,0.958,1.9,2.32,"special_lifesteal;basic_power;basic_power;basic_as;basic_power;basic_as;basic_as;basic_hp;basic_hp;basic_mr;basic_armor;basic_mr;basic_armor;basic_power;basic_power;basic_as"
13,0,370,150,40,bot1_1,Summoner,1,MAGE,magical,3,8,6,1.13,5569,3438,9939,119,13.2,0.5,180,230,33,17,10,143,2843,461,261,109,0.705,0.5,0.35,"special_lifesteal;basic_power;basic_hp;basic_power;basic_power;basic_hp;basic_armor;basic_armor;basic_hp"
13,0,370,150,40,bot0_2,Hana,0,TANK,magical,5,3,25,10,15056,9188,8193,0,27.9,0,459,864,18,43,13,103,4528,735,330,40,0.892,0.8,1.12,"basic_hp;basic_hp;basic_hp;basic_mr;basic_mr;basic_armor;basic_hp;basic_mr;basic_hp;basic_mr;basic_armor;basic_hp;special_gw;basic_mr"
13,0,370,150,40,bot1_2,Volstrov,1,MAGE,magical,2,8,7,1.13,10065,5083,9774,214,19.5,0.8,268,391,12,13,10,109,2809,456,260,110,0.703,0.3,0.52,"special_lifesteal;basic_hp;basic_power;basic_armor;basic_hp;basic_power;basic_hp;basic_haste;basic_hp"
13,0,370,150,40,bot0_3,Lynx,0,SLAYER,physical,5,3,17,7.33,20561,9191,6627,0,27.7,0,486,1102,61,43,12,159,4034,654,332,38,0.897,0.8,1.39,"special_gw;basic_hp;basic_power;basic_mr;basic_hp;basic_hp;basic_hp;basic_as;basic_mr;basic_power;basic_armor;basic_hp;basic_mr"
13,0,370,150,40,bot1_3,Eggchanter,1,SUPPORT,magical,1,8,8,1.13,6865,4346,12045,2965,14.5,9.9,143,213,32,17,10,13,2688,436,300,69,0.812,0.2,0.36,"basic_hp;basic_hp;basic_hp;basic_armor;basic_armor;basic_power;basic_mr;basic_haste;basic_hp;basic_as"
13,0,370,150,40,bot0_4,Fusilier,0,SLAYER,physical,10,3,14,8,15965,9850,5622,540,27.9,1.5,484,673,44,13,13,268,4643,753,353,17,0.955,1.6,1.75,"special_lifesteal;special_gw;basic_power;basic_power;basic_power;basic_hp;basic_as;basic_mr;basic_hp;basic_as;basic_mr;basic_hp;basic_as;basic_power"
13,0,370,150,40,bot1_4,Oracle,1,MAGE,physical,4,8,5,1.13,13958,7177,10806,261,24,0.9,439,650,22,21,11,210,3110,505,299,71,0.807,0.6,0.66,"special_lifesteal;basic_hp;basic_hp;basic_as;basic_hp;basic_power;basic_as;basic_armor;basic_mr;basic_power"
14,1,270,6,150,bot0_1,Cleric,0,SUPPORT,magical,2,6,4,1,6782,4894,8538,2371,22.4,10.9,318,378,29,24,8,109,2159,480,218,52,0.808,0.4,0.57,"special_heal_power;basic_hp;basic_mr;basic_hp;basic_armor;basic_haste;basic_power"
14,1,270,6,150,bot1_1,Volstrov,1,MAGE,magical,4,1,12,16,7339,4838,3703,238,18.7,0.9,353,564,4,7,9,212,2862,636,259,11,0.96,0.9,1.31,"special_lifesteal;basic_power;basic_power;basic_hp;basic_haste;basic_mr;basic_hp;basic_haste;basic_hp"
14,1,270,6,150,bot0_2,Wanderer,0,SLAYER,physical,2,6,3,0.83,12923,10462,6433,205,53.7,1.1,1220,1563,13,10,8,278,2103,467,195,75,0.722,0.4,1.63,"special_lifesteal;basic_power;basic_power;basic_hp;basic_as;basic_hp"
14,1,270,6,150,bot1_2,Lynx,1,SLAYER,physical,8,2,10,9,13576,10704,7757,0,43.6,0,469,700,57,34,10,144,3319,738,246,24,0.91,1.8,1.38,"basic_hp;basic_hp;basic_armor;basic_hp;basic_mr;basic_armor;basic_hp;basic_hp;basic_mr;basic_hp;basic_power"
14,1,270,6,150,bot0_3,Oracle,0,MAGE,physical,2,4,4,1.5,10430,4704,6122,300,21.7,1.4,404,404,13,12,8,147,2222,494,216,54,0.802,0.4,0.77,"special_lifesteal;basic_power;basic_power;basic_as;basic_as;basic_hp;basic_mr"
14,1,270,6,150,bot1_3,Jirina,1,FIGHTER,magical,3,1,12,15,9877,5417,6565,5605,20.9,21.6,263,368,38,21,9,184,2709,602,259,11,0.96,0.7,0.83,"special_gw;basic_hp;basic_hp;basic_power;basic_hp;basic_hp;basic_armor;basic_hp"
14,1,270,6,150,bot0_4,Reaper,0,SPLITPUSHER,magical,0,4,6,1.5,8375,5033,6833,0,22.5,0,504,760,21,11,7,76,1926,428,224,46,0.828,0,0.74,"basic_hp;basic_hp;basic_power;basic_power;basic_hp;basic_haste;basic_mr"
14,1,270,6,150,bot1_4,Doctor,1,SUPPORT,physical,5,2,11,8,5428,4837,8991,9715,17.9,36,165,248,21,18,9,247,2947,655,270,0,1,1.1,0.54,"special_gw;basic_hp;basic_hp;basic_power;basic_hp;basic_power;basic_armor;basic_mr;basic_hp"
15,1,317,6,152,bot0_1,Jailer,0,TANK,magical,1,7,2,0.43,5886,3377,10626,0,14.5,0,366,390,19,14,8,41,2116,400,233,84,0.734,0.2,0.32,"basic_hp;basic_hp;basic_armor;basic_power;basic_haste;basic_as;basic_armor;basic_power"
15,1,317,6,152,bot1_1,Vanguard,1,FIGHTER,physical,4,1,14,18,10225,4483,4618,0,14.8,0,348,685,43,28,10,261,3211,608,302,15,0.954,0.8,0.97,"basic_hp;basic_hp;basic_power;basic_power;basic_hp;basic_mr;basic_hp;basic_armor;basic_as;basic_haste;basic_mr"
15,1,317,6,152,bot0_2,Pyromancer,0,SLAYER,magical,0,9,3,0.33,6228,4025,8491,90,18.3,0.4,353,529,18,14,8,164,1989,376,221,97,0.695,0,0.47,"special_lifesteal;basic_power;basic_hp;basic_armor;basic_power;basic_hp"
15,1,317,6,152,bot1_2,Oracle,1,MAGE,physical,3,2,18,10.5,8624,4708,5952,307,16.4,1.1,303,434,21,21,10,33,3233,612,287,30,0.905,0.6,0.79,"special_lifesteal;basic_power;basic_hp;basic_hp;basic_power;basic_as;basic_hp;basic_power;basic_as;basic_mr;basic_armor"
15,1,317,6,152,bot0_3,Bruiser,0,FIGHTER,physical,1,9,2,0.33,11654,8257,10268,297,37.5,1.3,465,729,26,23,8,18,2068,391,220,97,0.695,0.2,0.8,"special_lifesteal;basic_power;basic_hp;basic_as;basic_power;basic_armor;basic_mr"
15,1,317,6,152,bot1_3,Goliath,1,TANK,physical,4,0,25,29,9067,6972,6591,3172,22,10,419,559,36,26,11,181,3781,715,317,0,1,0.8,1.06,"basic_hp;basic_hp;basic_mr;basic_hp;basic_mr;basic_hp;basic_hp;basic_armor;basic_power;basic_as;basic_haste;basic_mr;basic_armor"
15,1,317,6,152,bot0_4,Doctor,0,SUPPORT,physical,1,7,2,0.43,6131,4310,9258,3055,18,12.8,170,300,25,11,8,12,2137,404,239,78,0.755,0.2,0.47,"basic_hp;basic_hp;basic_armor;basic_power;basic_as;basic_hp;basic_armor;basic_power"
15,1,317,6,152,bot1_4,Lynx,1,SLAYER,physical,21,0,11,32,33931,20906,5338,953,65.9,3,1176,1818,66,41,12,153,4528,857,317,0,1,4,3.92,"special_lifesteal;basic_power;basic_hp;basic_power;basic_as;basic_hp;basic_as;basic_power;basic_hp;basic_mr;basic_as;basic_armor;basic_power;basic_mr;basic_armor"
16,0,340,151,41,bot0_1,Jirina,0,FIGHTER,magical,10,1,16,26,13339,9228,7288,1570,28,4.8,422,576,42,6,11,11,4261,751,330,11,0.968,1.8,1.27,"basic_hp;basic_hp;basic_hp;basic_mr;basic_armor;basic_hp;basic_hp;basic_haste;basic_hp;basic_power;basic_mr;basic_as;basic_mr;basic_armor;basic_haste"
16,0,340,151,41,bot1_1,Ironclad,1,TANK,physical,0,6,7,1.17,7450,4645,13952,0,17.8,0,353,404,24,20,8,67,2267,399,261,80,0.765,0,0.33,"basic_hp;basic_hp;basic_hp;basic_armor;basic_armor;basic_mr;basic_mr;basic_hp"
16,0,340,151,41,bot0_2,Doctor,0,SUPPORT,physical,8,3,19,9,13485,10044,5228,6597,32.5,21.3,357,488,22,20,12,107,4182,737,309,31,0.908,1.4,1.92,"special_heal_power;basic_hp;basic_mr;basic_hp;basic_power;basic_mr;basic_armor;basic_hp;basic_armor;basic_power;basic_hp;basic_as;basic_as;basic_mr"
16,0,340,151,41,bot1_2,Pyromancer,1,SLAYER,magical,1,7,5,0.86,7747,5042,9618,0,17.7,0,281,502,24,16,9,170,2345,413,285,56,0.836,0.2,0.52,"basic_hp;basic_hp;basic_armor;basic_hp;basic_armor;basic_hp;basic_haste;basic_power"
16,0,340,151,41,bot0_3,Fusilier,0,SLAYER,physical,7,2,19,13,18622,11933,5456,528,37.5,1.7,360,676,51,16,11,243,4018,708,318,22,0.934,1.2,2.19,"special_lifesteal;basic_power;basic_hp;basic_as;basic_power;basic_hp;basic_as;basic_power;basic_mr;basic_armor;basic_hp;basic_as;basic_mr"
16,0,340,151,41,bot1_3,Kratoma,1,SLAYER,physical,0,6,7,1.17,9535,5627,8727,0,21.3,0,236,464,19,18,9,2,2327,410,264,76,0.777,0,0.64,"basic_hp;basic_hp;basic_armor;basic_armor;basic_power;basic_power;basic_as;basic_mr;basic_haste"
16,0,340,151,41,bot0_4,Oracle,0,MAGE,physical,3,2,20,11.5,10391,6950,5004,283,22.1,0.9,597,713,23,22,11,217,3467,611,315,25,0.926,0.5,1.39,"special_lifesteal;basic_power;basic_as;basic_power;basic_hp;basic_mr;basic_power;basic_as;basic_hp;basic_as;basic_hp"
16,0,340,151,41,bot1_4,Tamer,1,MAGE,magical,7,9,1,0.89,12565,5665,8252,2696,21.3,10.1,257,411,28,11,10,181,3131,552,266,74,0.781,1.2,0.69,"special_lifesteal;basic_power;basic_power;basic_hp;basic_power;basic_power;basic_haste;basic_hp;basic_armor;basic_mr"
17,0,247,152,1,bot0_1,Kratoma,0,SLAYER,physical,8,0,12,20,10867,5582,3849,407,22.6,1.7,282,527,21,21,10,162,3387,824,247,0,1,1.9,1.45,"special_lifesteal;basic_power;basic_power;basic_hp;basic_power;basic_as;basic_hp;basic_armor;basic_hp;basic_as;basic_armor"
17,0,247,152,1,bot1_1,Cleric,1,SUPPORT,magical,1,6,0,0.17,4444,2737,5829,988,15.5,5.6,276,336,19,19,7,20,1795,437,176,70,0.715,0.2,0.47,"special_gw;basic_hp;basic_armor;basic_mr;basic_power;basic_haste"
17,0,247,152,1,bot0_2,Wanderer,0,SLAYER,physical,6,1,15,21,15432,8905,3525,0,38.6,0,466,744,16,14,10,220,3270,796,231,16,0.937,1.5,2.53,"special_gw;basic_hp;basic_hp;basic_hp;basic_power;basic_armor;basic_power;basic_hp;basic_hp;basic_as"
17,0,247,152,1,bot1_2,Vanguard,1,FIGHTER,physical,0,6,1,0.17,10655,5472,8245,0,32.1,0,596,700,23,16,8,234,1809,440,170,76,0.691,0,0.66,"basic_hp;basic_hp;basic_hp;basic_power;basic_armor;basic_mr"
17,0,247,152,1,bot0_3,Eggchanter,0,SUPPORT,magical,6,0,10,16,4471,3021,2660,6177,12.3,25.1,139,221,24,13,9,108,3008,732,247,0,1,1.5,1.14,"basic_hp;basic_hp;basic_hp;basic_armor;basic_armor;basic_hp;basic_armor;basic_armor;basic_hp;basic_power"
17,0,247,152,1,bot1_3,Goliath,1,TANK,physical,0,5,1,0.2,4939,2269,7732,686,12.3,3.7,253,416,23,12,8,170,1770,431,184,62,0.747,0,0.29,"basic_hp;basic_hp;basic_hp;basic_armor;basic_mr;basic_armor"
17,0,247,152,1,bot0_4,Jailer,0,TANK,magical,1,0,17,18,7450,6393,4115,0,25.9,0,393,544,20,19,9,153,2603,633,247,0,1,0.2,1.55,"special_gw;basic_hp;basic_power;basic_hp;basic_armor;basic_hp;basic_hp;basic_armor"
17,0,247,152,1,bot1_4,Lynx,1,SLAYER,physical,0,4,1,0.25,5799,2337,4761,0,11.8,0,364,522,24,27,7,60,1710,416,198,49,0.802,0,0.49,"basic_hp;basic_hp;basic_hp;basic_hp;basic_power;basic_armor"
18,1,349,42,150,bot0_1,Fusilier,0,SLAYER,physical,2,8,6,1,10837,5828,9043,0,24.3,0,282,435,32,12,9,241,2641,454,239,109,0.687,0.3,0.64,"basic_hp;basic_hp;basic_armor;basic_hp;basic_armor;basic_power;basic_armor;basic_as;basic_mr"
18,1,349,42,150,bot1_1,Kratoma,1,SLAYER,physical,6,3,17,7.67,16310,8596,9014,576,25.6,1.7,310,418,29,28,11,53,3828,659,336,13,0.963,1,0.95,"special_lifesteal;basic_power;basic_hp;basic_power;basic_as;basic_armor;basic_hp;basic_mr;basic_power;basic_as;basic_hp;basic_armor;basic_as"
18,1,349,42,150,bot0_2,Summoner,0,MAGE,magical,2,7,5,1,5451,3286,9236,0,13,0,148,220,29,16,9,144,2569,442,252,96,0.723,0.3,0.36,"basic_hp;basic_hp;basic_hp;basic_armor;basic_haste;basic_mr;basic_hp;basic_power;basic_armor"
18,1,349,42,150,bot1_2,Jirina,1,FIGHTER,magical,10,0,14,24,21258,13362,6680,3350,38.3,9.6,545,772,40,14,12,77,4227,727,349,0,1,1.7,2,"basic_hp;basic_hp;basic_hp;basic_hp;basic_armor;basic_power;basic_armor;basic_armor;basic_power;basic_haste;basic_haste;basic_mr;basic_as;basic_armor;basic_haste"
18,1,349,42,150,bot0_3,Vanguard,0,FIGHTER,physical,3,5,4,1.4,15057,8474,10490,0,30.1,0,413,773,42,31,9,173,2673,460,281,67,0.807,0.5,0.81,"basic_hp;basic_hp;basic_hp;basic_armor;basic_armor;basic_power;basic_power;basic_hp;basic_armor"
18,1,349,42,150,bot1_3,Quiller,1,SLAYER,physical,5,4,12,4.25,9454,5678,4799,299,19.2,1,283,453,38,25,11,279,3454,594,296,53,0.849,0.9,1.18,"special_lifesteal;basic_power;basic_power;basic_hp;basic_as;basic_armor;basic_mr;basic_hp;basic_as;basic_power;basic_armor"
18,1,349,42,150,bot0_4,Bruiser,0,FIGHTER,physical,2,6,2,0.67,7014,3045,10266,206,11.5,0.8,285,434,32,28,9,152,2477,426,265,84,0.76,0.3,0.3,"special_lifesteal;basic_power;basic_hp;basic_power;basic_as;basic_armor;basic_hp;basic_mr"
18,1,349,42,150,bot1_4,Doctor,1,SUPPORT,physical,5,2,17,11,11878,7479,8160,10673,23.1,32.9,342,578,22,20,11,231,3656,629,324,24,0.93,0.9,0.92,"basic_hp;basic_hp;basic_hp;basic_hp;basic_armor;basic_armor;basic_mr;basic_hp;basic_power;basic_power;basic_hp;basic_as"
19,1,358,46,151,bot0_1,Volstrov,0,MAGE,magical,0,8,10,1.25,7918,5786,8514,253,22.3,1,257,447,15,15,9,145,2520,422,259,99,0.723,0,0.68,"special_lifesteal;basic_power;basic_hp;basic_haste;basic_power;basic_hp;basic_power;basic_mr"
19,1,358,46,151,bot1_1,Cleric,1,SUPPORT,magical,9,3,18,9,10350,7141,9516,7030,21.3,21,325,389,58,45,12,267,4392,736,335,23,0.934,1.5,0.75,"special_heal_power;basic_hp;basic_hp;basic_armor;basic_hp;basic_mr;basic_haste;basic_hp;basic_armor;basic_armor;basic_mr;basic_haste;basic_power;basic_armor"
19,1,358,46,151,bot0_2,Vanguard,0,FIGHTER,physical,1,6,6,1.17,12869,6867,10966,0,24.9,0,448,612,40,27,9,142,2467,413,275,83,0.769,0.2,0.63,"special_gw;basic_hp;basic_power;basic_hp;basic_armor;basic_mr;basic_as;basic_power"
19,1,358,46,151,bot1_2,Doctor,1,SUPPORT,physical,4,3,19,7.67,6719,3922,9510,7280,12.3,22.8,265,341,24,22,11,124,3674,616,319,39,0.891,0.7,0.41,"basic_hp;basic_hp;basic_hp;basic_armor;basic_hp;basic_armor;basic_hp;basic_armor;basic_mr;basic_armor;basic_hp;basic_mr"
19,1,358,46,151,bot0_3,Lynx,0,SLAYER,physical,5,7,4,1.29,10852,7844,9036,0,30.7,0,550,828,40,31,10,253,3053,512,256,102,0.714,0.8,0.87,"basic_hp;basic_hp;basic_hp;basic_hp;basic_armor;basic_mr;basic_armor;basic_mr;basic_power;basic_hp"
19,1,358,46,151,bot1_3,Wanderer,1,SLAYER,physical,10,2,13,11.5,30843,16132,5564,747,48.2,2.2,607,1263,25,20,12,175,4325,725,335,23,0.935,1.7,2.9,"special_lifesteal;basic_power;basic_hp;basic_power;basic_hp;basic_as;basic_armor;basic_as;basic_power;basic_hp;basic_as;basic_power;basic_hp;basic_mr"
19,1,358,46,151,bot0_4,Kratoma,0,SLAYER,physical,4,7,6,1.43,14496,9298,10499,428,35.8,1.6,345,522,20,21,10,108,3033,508,260,98,0.726,0.7,0.89,"special_lifesteal;basic_power;basic_power;basic_hp;basic_as;basic_hp;basic_armor;basic_hp;basic_mr;basic_power"
19,1,358,46,151,bot1_4,Hana,1,TANK,magical,5,2,16,10.5,14757,9281,8834,0,28.1,0,599,899,14,35,11,335,3635,609,330,28,0.921,0.8,1.05,"basic_hp;basic_hp;basic_hp;basic_hp;basic_armor;basic_armor;basic_power;basic_haste;basic_power;basic_hp;basic_mr;basic_as"
20,0,411,151,65,bot0_1,Mage,0,MAGE,magical,11,5,18,5.8,25523,13609,8634,741,38.2,2.1,761,975,81,32,13,103,5103,745,357,54,0.868,1.6,1.58,"special_lifesteal;basic_hp;basic_power;basic_mr;basic_hp;basic_power;basic_mr;basic_hp;basic_haste;basic_hp;basic_power;basic_mr;basic_haste;basic_as;basic_as;basic_haste;basic_power"
20,0,411,151,65,bot1_1,Summoner,1,MAGE,magical,1,7,11,1.71,6712,3764,11833,0,11.9,0,140,204,45,23,10,68,3018,441,316,95,0.77,0.1,0.32,"basic_hp;basic_hp;basic_hp;basic_mr;basic_hp;basic_power;basic_armor;basic_haste;basic_mr;basic_as;basic_armor"
20,0,411,151,65,bot0_2,Vanguard,0,FIGHTER,physical,9,3,18,9,19932,9759,8262,0,24.6,0,531,775,65,39,13,190,4665,681,397,14,0.967,1.3,1.18,"basic_hp;basic_hp;basic_hp;basic_mr;basic_mr;basic_mr;basic_hp;basic_power;basic_power;basic_as;basic_haste;basic_as;basic_armor;basic_mr;basic_haste;basic_hp"
20,0,411,151,65,bot1_2,Pyromancer,1,SLAYER,magical,3,9,9,1.33,9704,4962,9909,157,17.1,0.5,430,576,28,21,10,269,3169,463,291,120,0.708,0.4,0.5,"special_lifesteal;basic_power;basic_power;basic_hp;basic_haste;basic_mr;basic_armor;basic_hp;basic_power;basic_haste"
20,0,411,151,65,bot0_3,Zephyr,0,SPLITPUSHER,magical,7,4,22,7.25,21819,12065,8863,612,32.9,1.7,426,727,48,48,13,6,4681,683,366,45,0.892,1,1.36,"special_lifesteal;basic_power;basic_hp;basic_power;basic_power;basic_hp;basic_mr;basic_mr;basic_haste;basic_armor;basic_hp;basic_mr;basic_hp;basic_haste;basic_haste;basic_armor"
20,0,411,151,65,bot1_3,Reaper,1,SPLITPUSHER,magical,10,7,4,2,25154,16192,12195,729,53.5,2.4,478,806,42,23,11,163,4038,590,303,108,0.736,1.5,1.33,"special_lifesteal;basic_hp;basic_hp;basic_hp;basic_power;basic_hp;basic_power;basic_mr;basic_haste;basic_haste;basic_hp;basic_armor;basic_power"
20,0,411,151,65,bot0_4,Goliath,0,TANK,physical,5,2,26,15.5,21026,9881,10268,3829,25.8,10,651,911,44,34,12,231,4431,647,383,28,0.931,0.7,0.96,"basic_hp;basic_hp;basic_mr;basic_hp;basic_power;basic_mr;basic_as;basic_mr;basic_armor;basic_hp;basic_power;basic_haste;basic_mr;basic_hp;basic_as"
20,0,411,151,65,bot1_4,Cleric,1,SUPPORT,magical,0,9,12,1.33,5153,3882,13580,6971,13.2,23.8,342,372,38,26,10,1,2926,427,293,118,0.713,0,0.29,"special_heal_power;basic_hp;basic_hp;basic_power;basic_mr;basic_haste;basic_armor;basic_hp;basic_power;basic_power"
21,1,317,29,150,bot0_1,Summoner,0,MAGE,magical,0,6,7,1.17,3947,1896,7784,0,7.9,0,172,220,27,14,9,107,2257,427,241,76,0.76,0,0.24,"basic_hp;basic_hp;basic_hp;basic_mr;basic_armor;basic_haste;basic_power;basic_hp"
21,1,317,29,150,bot1_1,Kratoma,1,SLAYER,physical,7,2,13,10,11360,6731,6837,351,23.5,1.2,303,540,23,22,11,99,3674,695,287,30,0.905,1.3,0.98,"special_lifesteal;basic_power;basic_hp;basic_as;basic_power;basic_power;basic_armor;basic_hp;basic_as;basic_hp;basic_as;basic_power"
21,1,317,29,150,bot0_2,Wanderer,0,SLAYER,physical,4,5,4,1.6,15779,8759,6604,333,34.9,1.3,541,861,19,13,9,148,2748,520,251,66,0.791,0.8,1.33,"special_lifesteal;special_gw;basic_power;basic_hp;basic_power;basic_as;basic_hp;basic_armor"
21,1,317,29,150,bot1_2,Lynx,1,SLAYER,physical,9,4,7,4,10857,6283,5483,312,24,1.2,390,716,44,35,10,134,3609,683,262,55,0.827,1.7,1.15,"special_lifesteal;basic_power;basic_power;basic_hp;basic_hp;basic_as;basic_armor;basic_mr;basic_power;basic_as;basic_hp;basic_armor"
21,1,317,29,150,bot0_3,Fusilier,0,SLAYER,physical,2,7,5,1,9526,3508,7658,229,15.5,1,317,471,25,10,9,132,2532,479,226,91,0.714,0.4,0.46,"special_lifesteal;basic_power;basic_hp;basic_as;basic_power;basic_hp;basic_as;basic_power"
21,1,317,29,150,bot1_3,Jirina,1,FIGHTER,magical,5,0,16,21,16550,9867,5332,5829,31.1,18.4,360,550,33,27,11,290,3590,679,317,0,1,0.9,1.85,"basic_hp;basic_hp;basic_hp;basic_hp;basic_hp;basic_armor;basic_armor;basic_mr;basic_haste;basic_power;basic_as;basic_mr"
21,1,317,29,150,bot0_4,Healer,0,SUPPORT,magical,2,7,5,1,5068,2876,9949,2137,12.5,9.3,146,208,29,10,9,230,2505,474,230,87,0.725,0.4,0.29,"basic_hp;basic_hp;basic_hp;basic_mr;basic_hp;basic_armor;basic_hp;basic_armor"
21,1,317,29,150,bot1_4,Mage,1,MAGE,magical,4,2,13,8.5,10395,6321,2721,168,21,0.6,514,595,64,13,10,225,3200,606,301,16,0.951,0.8,2.32,"special_lifesteal;basic_power;basic_power;basic_power;basic_hp;basic_haste;basic_hp;basic_haste;basic_armor;basic_power"
22,1,440,69,152,bot0_1,Goliath,0,TANK,physical,2,7,12,2,11548,7776,15929,2294,21.7,6.4,367,679,46,27,11,37,3362,458,358,83,0.813,0.3,0.49,"basic_hp;basic_hp;basic_hp;basic_armor;basic_hp;basic_mr;basic_armor;basic_power;basic_as;basic_haste;basic_armor;basic_hp"
22,1,440,69,152,bot1_1,Jirina,1,FIGHTER,magical,4,4,19,5.75,13642,7104,10985,5363,18.7,14.1,382,431,49,26,12,131,4056,553,381,60,0.865,0.5,0.65,"basic_hp;basic_hp;basic_hp;basic_armor;basic_armor;basic_hp;basic_power;basic_armor;basic_mr;basic_haste;basic_as;basic_power;basic_hp;basic_armor"
22,1,440,69,152,bot0_2,Volstrov,0,MAGE,magical,2,7,11,1.86,14047,9485,9672,416,27.1,1.2,278,551,18,23,11,369,3369,459,350,91,0.794,0.3,0.98,"special_lifesteal;basic_power;basic_hp;basic_power;basic_power;basic_hp;basic_hp;basic_armor;basic_haste;basic_hp"
22,1,440,69,152,bot1_2,Lynx,1,SLAYER,physical,12,5,12,4.8,23059,11810,10934,0,31.7,0,462,729,74,56,12,171,4871,664,373,67,0.847,1.6,1.08,"basic_hp;basic_hp;basic_armor;basic_power;basic_as;basic_mr;basic_hp;basic_haste;basic_armor;basic_hp;basic_hp;basic_power;basic_armor;basic_hp;basic_hp;basic_armor"
22,1,440,69,152,bot0_3,Kratoma,0,SLAYER,physical,9,6,9,3,19308,12642,8630,437,35,1.2,332,576,30,30,12,154,4254,580,362,79,0.821,1.2,1.46,"special_lifesteal;basic_power;basic_power;basic_as;basic_hp;basic_armor;basic_mr;basic_power;basic_as;basic_hp;basic_as;basic_hp;basic_armor;basic_power"
22,1,440,69,152,bot1_3,Fusilier,1,SLAYER,physical,10,5,14,4.8,20876,11642,7459,536,32.3,1.5,426,732,61,17,13,27,4727,644,360,80,0.818,1.4,1.56,"special_lifesteal;basic_power;basic_power;basic_hp;basic_hp;basic_as;basic_armor;basic_mr;basic_as;basic_hp;basic_power;basic_armor;basic_mr;basic_as;basic_power;basic_hp"
22,1,440,69,152,bot0_4,Quiller,0,SLAYER,physical,5,7,12,2.43,17252,9829,6806,543,25.5,1.4,265,494,53,32,11,25,3775,514,386,55,0.876,0.7,1.44,"special_lifesteal;special_gw;basic_power;basic_hp;basic_as;basic_armor;basic_power;basic_hp;basic_as;basic_power;basic_armor;basic_hp"
22,1,440,69,152,bot1_4,Ironclad,1,TANK,physical,1,4,19,5,9965,7793,14846,0,20.4,0,295,488,42,29,11,84,3459,471,382,59,0.867,0.1,0.52,"basic_hp;basic_hp;basic_hp;basic_armor;basic_mr;basic_hp;special_gw;basic_armor;basic_armor;basic_hp;basic_mr"
23,1,252,15,152,bot0_1,Healer,0,SUPPORT,magical,0,6,2,0.33,2694,1944,7785,1981,10.4,10.6,134,190,18,5,7,41,1716,408,187,65,0.742,0,0.25,"basic_hp;basic_hp;basic_hp;basic_armor;basic_armor;basic_hp"
23,1,252,15,152,bot1_1,Doctor,1,SUPPORT,physical,8,1,14,22,5770,4483,3214,4273,18.6,17.7,220,303,10,12,10,152,3477,827,242,11,0.957,1.9,1.39,"basic_hp;basic_hp;special_heal_power;basic_armor;basic_mr;basic_mr;basic_hp;basic_power;basic_hp;basic_hp;basic_armor"
23,1,252,15,152,bot0_2,Bruiser,0,FIGHTER,physical,0,6,2,0.33,7958,4001,7240,194,21.6,1,380,545,21,20,7,154,1679,399,185,67,0.735,0,0.55,"special_lifesteal;basic_power;basic_hp;basic_as;basic_armor"
23,1,252,15,152,bot1_2,Summoner,1,MAGE,magical,2,1,14,16,3305,2055,2482,148,8.5,0.6,180,255,28,15,8,213,2588,615,242,10,0.959,0.5,0.83,"special_lifesteal;basic_power;basic_hp;basic_hp;basic_armor;basic_power;basic_hp;basic_haste"
23,1,252,15,152,bot0_3,Quiller,0,SLAYER,physical,1,6,2,0.5,7285,2975,5606,165,15.8,0.9,278,417,23,17,8,150,1950,464,188,65,0.744,0.2,0.53,"special_lifesteal;basic_power;basic_hp;basic_as;basic_armor;basic_power"
23,1,252,15,152,bot1_3,Wanderer,1,SLAYER,physical,11,1,12,23,22746,13772,4023,495,54.6,2,499,1098,22,16,11,56,3756,893,252,0,1,2.6,3.42,"special_lifesteal;basic_power;basic_power;basic_as;basic_power;basic_as;basic_power;basic_as;basic_power;basic_as;basic_hp;basic_hp"
23,1,252,15,152,bot0_4,Pyromancer,0,SLAYER,magical,2,6,1,0.5,7030,2625,7636,93,13.3,0.5,356,521,16,10,8,187,1987,472,198,54,0.785,0.5,0.34,"special_lifesteal;basic_hp;basic_hp;basic_power;basic_armor;basic_haste"
23,1,252,15,152,bot1_4,Oracle,1,MAGE,physical,3,0,14,17,5513,4450,3318,133,17.6,0.5,387,503,16,17,9,70,2770,659,252,0,1,0.7,1.34,"special_lifesteal;basic_power;basic_hp;basic_power;basic_hp;basic_hp;basic_as;basic_power;basic_as"
24,1,305,4,151,bot0_1,Reaper,0,SPLITPUSHER,magical,2,6,1,0.5,6319,3512,8830,0,15.3,0,284,425,24,14,8,274,2174,427,230,75,0.754,0.4,0.4,"basic_hp;basic_hp;basic_hp;basic_hp;basic_mr;basic_armor;basic_haste"
24,1,305,4,151,bot1_1,Jirina,1,FIGHTER,magical,4,1,22,26,14871,10077,3778,3012,34.3,10.3,406,667,30,12,11,183,3633,714,294,12,0.962,0.8,2.67,"special_gw;special_lifesteal;basic_hp;basic_power;basic_hp;basic_power;basic_mr;basic_hp;basic_haste;basic_mr;basic_haste"
24,1,305,4,151,bot0_2,Mage,0,MAGE,magical,2,7,2,0.57,13835,4659,7482,240,19.9,1,494,668,46,18,9,63,2438,479,234,71,0.767,0.4,0.62,"special_lifesteal;basic_power;basic_power;basic_power;basic_hp;basic_haste;basic_hp;basic_armor"
24,1,305,4,151,bot1_2,Goliath,1,TANK,physical,7,0,15,22,13780,7861,4414,2801,25.8,9.2,379,660,35,28,11,167,3792,745,305,0,1,1.4,1.78,"basic_hp;basic_hp;basic_mr;basic_mr;basic_hp;basic_power;basic_as;basic_mr;basic_hp;basic_power;basic_haste;basic_power;basic_mr"
24,1,305,4,151,bot0_3,Eggchanter,0,SUPPORT,magical,0,6,4,0.67,5137,2254,10955,2747,9.9,12,125,172,24,12,8,163,2088,410,228,77,0.748,0,0.21,"basic_hp;basic_hp;basic_hp;basic_hp;basic_mr;basic_armor;basic_armor"
24,1,305,4,151,bot1_3,Summoner,1,MAGE,magical,2,2,16,9,8075,3797,3688,278,13.6,1,176,244,40,20,10,100,3000,590,279,26,0.914,0.4,1.03,"special_lifesteal;basic_hp;basic_hp;basic_mr;basic_power;basic_haste;basic_as;basic_hp;basic_mr;basic_power"
24,1,305,4,151,bot0_4,Cleric,0,SUPPORT,magical,0,7,4,0.57,6871,3696,8659,1754,16.6,7.9,312,377,29,23,9,18,2118,416,222,83,0.728,0,0.43,"special_gw;basic_hp;basic_hp;basic_power;basic_haste;basic_mr;basic_hp"
24,1,305,4,151,bot1_4,Bruiser,1,FIGHTER,physical,13,1,10,23,12742,8794,4969,337,28.8,1.1,363,615,54,37,11,218,4268,839,305,0,1,2.6,1.77,"special_gw;special_lifesteal;basic_power;basic_power;basic_hp;basic_hp;basic_as;basic_mr;basic_hp;basic_as;basic_mr;basic_power;basic_as"
25,0,552,150,138,bot0_1,Mage,0,MAGE,magical,8,8,14,2.75,24448,13144,13476,386,30.6,0.9,512,722,98,37,13,189,4864,529,430,122,0.779,0.9,0.98,"special_lifesteal;basic_power;basic_hp;basic_power;basic_hp;basic_mr;basic_haste;basic_mr;basic_hp;basic_armor;basic_power;basic_mr;basic_haste;basic_armor;basic_haste;basic_hp"
25,0,552,150,138,bot1_1,Jailer,1,TANK,magical,3,5,19,4.4,24204,12809,14891,0,27,0,420,663,49,46,14,212,4712,512,475,77,0.86,0.3,0.86,"basic_hp;basic_hp;basic_hp;basic_mr;basic_armor;basic_mr;basic_mr;basic_power;basic_haste;basic_armor;basic_hp;basic_mr;basic_hp;basic_armor;basic_as;basic_power"
25,0,552,150,138,bot0_2,Lynx,0,SLAYER,physical,10,4,13,5.75,28686,16585,13720,0,34.4,0,954,1112,90,74,13,287,5062,550,482,70,0.873,1.1,1.21,"basic_hp;basic_hp;basic_hp;basic_mr;basic_mr;basic_hp;basic_power;basic_mr;basic_as;basic_hp;basic_mr;basic_mr;basic_armor;basic_hp;basic_haste;basic_hp"
25,0,552,150,138,bot1_2,Volstrov,1,MAGE,magical,7,8,15,2.75,28592,14333,13096,0,29.5,0,248,536,36,34,15,289,5264,572,486,66,0.88,0.8,1.09,"special_gw;basic_hp;basic_hp;basic_hp;basic_mr;basic_power;basic_hp;basic_haste;basic_armor;basic_mr;basic_mr;basic_power;basic_hp;basic_hp;basic_hp;basic_mr"
25,0,552,150,138,bot0_3,Eggchanter,0,SUPPORT,magical,0,7,21,3,10006,4323,12213,8094,9.6,18,119,195,57,34,13,474,4049,440,449,102,0.815,0,0.35,"basic_hp;basic_hp;basic_mr;basic_haste;basic_hp;basic_mr;basic_power;basic_mr;basic_hp;basic_as;basic_armor;basic_mr;basic_haste"
25,0,552,150,138,bot1_3,Zephyr,1,SPLITPUSHER,magical,4,7,15,2.71,17284,9362,10297,360,21.6,0.8,673,722,53,49,14,296,4721,513,434,118,0.786,0.4,0.91,"special_lifesteal;basic_power;basic_hp;basic_power;basic_mr;basic_hp;basic_haste;basic_hp;basic_armor;basic_power;basic_hp;basic_mr;basic_mr;basic_haste;basic_power"
25,0,552,150,138,bot0_4,Jirina,0,FIGHTER,magical,6,4,17,5.75,21991,13246,14295,7776,27.3,16,557,702,77,31,13,244,4644,505,486,66,0.88,0.7,0.93,"special_lifesteal;basic_power;basic_hp;basic_mr;basic_power;basic_haste;basic_hp;basic_mr;basic_hp;basic_power;basic_armor;basic_haste;basic_mr;basic_mr;basic_haste"
25,0,552,150,138,bot1_4,Reaper,1,SPLITPUSHER,magical,9,4,12,5.25,23144,14127,11393,690,28.9,1.4,683,1182,58,34,14,98,5198,565,488,63,0.885,1,1.24,"basic_hp;basic_hp;special_lifesteal;basic_power;basic_mr;basic_power;basic_hp;basic_haste;basic_power;basic_armor;basic_hp;basic_mr;basic_power;basic_haste;basic_hp;basic_mr;basic_mr"
26,0,264,151,4,bot0_1,Lynx,0,SLAYER,physical,9,1,17,26,13651,7221,3575,0,28.6,0,419,661,47,35,11,129,3779,858,252,12,0.956,2,2.02,"basic_hp;basic_hp;basic_hp;basic_mr;basic_power;basic_hp;basic_mr;basic_as;basic_mr;basic_armor;basic_hp;basic_mr;basic_haste"
26,0,264,151,4,bot1_1,Kratoma,1,SLAYER,physical,0,8,1,0.13,5079,1485,7932,0,7.8,0,160,219,12,10,7,228,1778,404,191,73,0.723,0,0.19,"basic_hp;basic_hp;basic_mr;basic_mr;basic_power;basic_as"
26,0,264,151,4,bot0_2,Jirina,0,FIGHTER,magical,7,0,19,26,11339,5661,1938,1258,21.4,4.8,435,735,27,7,11,276,3676,835,264,0,1,1.6,2.92,"basic_hp;basic_hp;basic_mr;basic_hp;basic_mr;basic_hp;basic_haste;basic_mr;basic_hp;basic_power;basic_mr;basic_armor"
26,0,264,151,4,bot1_2,Summoner,1,MAGE,magical,1,8,0,0.13,4763,1251,7670,101,7.3,0.6,164,242,22,9,7,58,1858,422,171,93,0.648,0.2,0.16,"special_lifesteal;basic_power;basic_hp;basic_power;basic_mr;basic_haste"
26,0,264,151,4,bot0_3,Reaper,0,SPLITPUSHER,magical,8,0,15,23,18841,10479,3123,606,39.7,2.3,782,1182,39,21,11,254,3629,824,264,0,1,1.8,3.36,"special_lifesteal;basic_power;basic_power;basic_hp;basic_power;basic_hp;basic_power;basic_power;basic_haste;basic_haste;basic_hp"
26,0,264,151,4,bot1_3,Mage,1,MAGE,magical,0,8,0,0,8795,2465,7919,115,14.7,0.7,325,513,32,14,7,211,1736,394,168,96,0.636,0,0.31,"special_lifesteal;basic_power;basic_hp;basic_mr;basic_haste"
26,0,264,151,4,bot0_4,Tamer,0,MAGE,magical,7,0,21,28,11735,8122,1711,4405,30.8,16.7,326,566,30,12,11,147,3722,845,264,0,1,1.6,4.75,"special_lifesteal;basic_power;basic_hp;basic_power;basic_haste;basic_power;basic_mr;basic_power;basic_hp;basic_power;basic_armor;basic_haste"
26,0,264,151,4,bot1_4,Eggchanter,1,SUPPORT,magical,0,7,1,0.14,3353,915,9415,2057,5,11.1,119,163,14,9,7,120,1695,385,185,79,0.7,0,0.1,"basic_hp;basic_hp;basic_hp;basic_mr;basic_power;basic_armor"
27,0,382,151,43,bot0_1,Lynx,0,SLAYER,physical,10,2,15,12.5,19147,10415,5454,577,29.4,1.6,387,768,53,48,12,165,4615,726,354,27,0.928,1.6,1.91,"special_lifesteal;basic_power;basic_power;basic_as;basic_hp;basic_power;basic_as;basic_hp;basic_as;basic_armor;basic_hp;basic_power;basic_armor;basic_mr;basic_power"
27,0,382,151,43,bot1_1,Oracle,1,MAGE,physical,1,7,6,1,11011,4425,7628,247,15.7,0.9,216,348,16,18,10,88,2688,423,281,100,0.737,0.2,0.58,"special_lifesteal;basic_power;basic_as;basic_power;basic_as;basic_hp;basic_armor;basic_mr;basic_hp"
27,0,382,151,43,bot0_2,Bruiser,0,FIGHTER,physical,6,2,24,15,23453,14238,5052,0,40.1,0,352,725,56,38,13,55,4480,704,355,26,0.931,0.9,2.82,"basic_hp;basic_hp;basic_armor;basic_armor;basic_hp;basic_power;basic_power;basic_as;basic_as;basic_mr;basic_mr;basic_haste;basic_hp;basic_haste;basic_armor;basic_hp"
27,0,382,151,43,bot1_2,Goliath,1,TANK,physical,0,8,8,1,7034,4878,13837,795,17.4,2.8,339,441,34,17,9,191,2541,399,280,101,0.734,0,0.35,"basic_hp;basic_hp;basic_hp;basic_armor;basic_mr;basic_power;basic_armor;basic_as;basic_haste"
27,0,382,151,43,bot0_3,Pyromancer,0,SLAYER,magical,6,1,20,26,17091,8507,6224,249,23,0.7,465,623,39,35,13,17,4317,679,370,12,0.969,0.9,1.37,"basic_hp;basic_hp;special_lifesteal;basic_hp;basic_armor;basic_hp;basic_armor;basic_power;basic_haste;basic_hp;basic_armor;basic_armor;basic_power;basic_armor"
27,0,382,151,43,bot1_3,Quiller,1,SLAYER,physical,6,8,2,1,11484,5870,11765,435,18.4,1.4,269,439,33,26,10,8,3183,500,318,63,0.834,0.9,0.5,"special_lifesteal;basic_power;basic_hp;basic_as;basic_power;basic_armor;basic_hp;basic_hp;basic_mr;basic_as;basic_armor"
27,0,382,151,43,bot0_4,Fusilier,0,SLAYER,physical,8,4,18,6.5,17331,11250,4479,440,31.8,1.2,470,706,54,15,12,16,4466,702,353,28,0.926,1.3,2.51,"special_lifesteal;basic_power;basic_power;basic_as;basic_as;basic_power;basic_hp;basic_power;basic_armor;basic_hp;basic_armor;basic_as;basic_mr;basic_hp;basic_power"
27,0,382,151,43,bot1_4,Eggchanter,1,SUPPORT,magical,2,7,7,1.29,5866,3893,12464,4423,13.8,15.7,132,202,30,16,9,60,2735,430,281,100,0.737,0.3,0.31,"basic_hp;basic_hp;basic_hp;basic_armor;basic_armor;basic_hp;basic_power;basic_mr;basic_haste;basic_as"
28,1,241,6,152,bot0_1,Zephyr,0,SPLITPUSHER,magical,0,5,0,0,3491,2373,6966,0,12.4,0,318,500,20,15,6,144,1494,372,192,49,0.797,0,0.34,"basic_hp;basic_hp;basic_hp;basic_armor;basic_armor"
28,1,241,6,152,bot1_1,Lynx,1,SLAYER,physical,13,0,6,19,16078,10609,4721,431,44.1,1.8,566,805,49,32,10,71,3546,884,241,0,1,3.2,2.25,"special_lifesteal;special_gw;basic_power;basic_power;basic_hp;basic_hp;basic_mr;basic_as;basic_hp;basic_power;basic_as"
28,1,241,6,152,bot0_2,Jirina,0,FIGHTER,magical,0,5,0,0,7718,4747,7222,1261,26.2,7,388,615,19,8,6,210,1535,383,181,59,0.753,0,0.66,"basic_hp;basic_hp;basic_hp;basic_armor;basic_haste"
28,1,241,6,152,bot1_2,Ironclad,1,TANK,physical,3,0,16,19,8808,6192,1062,0,25.7,0,356,539,26,14,10,105,2855,712,241,0,1,0.7,5.83,"basic_hp;basic_hp;basic_mr;basic_mr;basic_power;basic_mr;basic_power;basic_hp;basic_mr;basic_as"
28,1,241,6,152,bot0_3,Pyromancer,0,SLAYER,magical,0,5,0,0,4484,1510,4483,47,8.2,0.3,185,428,12,8,6,20,1545,385,183,58,0.761,0,0.34,"special_lifesteal;basic_power;basic_hp;basic_armor;basic_haste"
28,1,241,6,152,bot1_3,Doctor,1,SUPPORT,physical,2,0,18,20,5195,3914,3764,5452,16.3,22.7,210,292,13,18,10,45,2745,684,241,0,1,0.5,1.04,"special_gw;basic_hp;basic_mr;basic_hp;basic_hp;basic_power;basic_mr;basic_mr;basic_power"
28,1,241,6,152,bot0_4,Eggchanter,0,SUPPORT,magical,0,6,0,0,2364,1205,7150,1136,6.9,6.6,110,165,12,7,6,226,1526,380,173,67,0.721,0,0.17,"basic_hp;basic_hp;basic_armor;basic_armor;basic_power"
28,1,241,6,152,bot1_4,Cleric,1,SUPPORT,magical,3,0,15,18,6452,3693,1705,2679,15.3,11.1,350,416,36,31,10,82,2807,700,241,0,1,0.7,2.17,"basic_hp;basic_hp;basic_hp;basic_mr;basic_mr;basic_power;basic_mr;basic_haste;basic_hp;basic_armor"
29,1,247,1,151,bot0_1,Cleric,0,SUPPORT,magical,1,7,0,0.14,4064,1586,7175,1484,9.4,8.8,212,270,21,17,7,244,1769,430,168,79,0.681,0.2,0.22,"special_gw;basic_hp;basic_power;basic_mr;basic_haste"
29,1,247,1,151,bot1_1,Kratoma,1,SLAYER,physical,2,0,14,16,6566,4031,1969,0,16.4,0,228,399,19,17,9,42,2542,619,247,0,1,0.5,2.05,"basic_hp;basic_hp;basic_mr;basic_hp;basic_hp;basic_mr;basic_power;basic_power;basic_mr"
29,1,247,1,151,bot0_2,Zephyr,0,SPLITPUSHER,magical,0,4,0,0,3795,789,6745,119,3.9,0.6,144,189,21,21,6,284,1559,379,200,47,0.81,0,0.12,"special_lifesteal;basic_hp;basic_power;basic_mr"
29,1,247,1,151,bot1_2,Mage,1,MAGE,magical,4,1,13,17,7653,4824,1949,0,19.6,0,491,653,38,16,9,87,2837,690,246,0,1,1,2.48,"basic_hp;basic_hp;basic_hp;basic_mr;basic_mr;basic_power;basic_power;basic_hp;basic_mr;basic_haste"
29,1,247,1,151,bot0_3,Jailer,0,TANK,magical,0,6,1,0.17,8480,3072,7368,0,15.4,0,308,557,19,18,7,95,1645,400,199,47,0.808,0,0.42,"special_gw;basic_hp;basic_mr;basic_armor;basic_hp"
29,1,247,1,151,bot1_3,Hana,1,TANK,magical,8,0,11,19,12060,8009,2772,0,32.5,0,305,915,13,29,10,237,3212,782,247,0,1,1.9,2.89,"special_gw;basic_hp;basic_power;basic_hp;basic_hp;basic_mr;basic_hp;basic_mr;basic_power;basic_haste"
29,1,247,1,151,bot0_4,Vanguard,0,FIGHTER,physical,0,5,1,0.2,6764,2039,7451,0,10.6,0,440,536,28,17,7,45,1645,400,193,53,0.783,0,0.27,"basic_hp;basic_hp;basic_hp;basic_mr;basic_mr;basic_armor"
29,1,247,1,151,bot1_4,Tamer,1,MAGE,magical,8,0,8,16,11610,8122,2382,2594,32.9,10.5,287,487,28,10,9,165,3140,764,247,0,1,1.9,3.41,"special_lifesteal;basic_power;basic_power;basic_power;basic_hp;basic_power;basic_haste;basic_mr;basic_hp;basic_haste"
30,0,241,151,2,bot0_1,Cleric,0,SUPPORT,magical,3,0,15,18,4505,3126,3525,4527,13,18.8,229,293,35,27,9,271,2721,678,241,0,1,0.7,0.89,"special_gw;basic_hp;basic_hp;basic_hp;basic_hp;basic_power;basic_mr;basic_power"
30,0,241,151,2,bot1_1,Doctor,1,SUPPORT,physical,0,5,2,0.4,1447,516,7304,232,2.8,1.3,112,237,11,6,7,72,1672,417,184,57,0.765,0,0.07,"basic_hp;basic_hp;basic_hp;basic_mr;basic_armor;basic_mr"
30,0,241,151,2,bot0_2,Summoner,0,MAGE,magical,1,1,13,14,5418,3352,2241,203,13.9,0.8,197,281,33,18,8,139,2339,583,241,0,1,0.2,1.5,"special_lifesteal;basic_power;basic_power;basic_hp;basic_power;basic_hp;basic_power"
30,0,241,151,2,bot1_2,Zephyr,1,SPLITPUSHER,magical,0,5,1,0.2,3008,1528,5550,51,8,0.3,279,377,21,12,7,62,1637,408,191,50,0.793,0,0.28,"special_lifesteal;basic_power;basic_hp;basic_power;basic_hp"
30,0,241,151,2,bot0_3,Quiller,0,SLAYER,physical,11,0,9,20,10480,7839,1046,259,32.6,1.1,248,543,39,23,10,255,3480,868,241,0,1,2.7,7.49,"special_lifesteal;basic_power;basic_power;basic_hp;basic_hp;basic_as;basic_as;basic_mr;basic_power;basic_hp;basic_mr"
30,0,241,151,2,bot1_3,Lynx,1,SLAYER,physical,1,5,1,0.4,7415,2739,6880,0,14.9,0,438,657,27,25,8,182,1832,457,184,57,0.765,0.2,0.4,"basic_hp;basic_hp;basic_hp;basic_power;basic_armor;basic_hp"
30,0,241,151,2,bot0_4,Fusilier,0,SLAYER,physical,5,1,11,16,10471,5910,3061,0,24.8,0,314,477,39,14,9,198,2848,710,238,2,0.991,1.2,1.93,"basic_hp;basic_hp;basic_hp;basic_hp;basic_mr;basic_mr;basic_armor;basic_hp;basic_hp"
30,0,241,151,2,bot1_4,Mage,1,MAGE,magical,1,5,1,0.4,8597,3554,5274,142,17.4,0.7,490,528,28,13,8,78,1853,462,204,36,0.85,0.2,0.67,"special_lifesteal;basic_power;basic_hp;basic_haste;basic_mr;basic_armor"
31,0,223,151,0,bot0_1,Wanderer,0,SLAYER,physical,12,0,14,26,18616,8746,2433,489,39.2,2.2,609,1344,18,12,10,291,3491,939,223,0,1,3.2,3.59,"special_lifesteal;basic_power;basic_power;basic_as;basic_hp;basic_power;basic_as;basic_hp;basic_mr;basic_armor;basic_as"
31,0,223,151,0,bot1_1,Quiller,1,SLAYER,physical,0,7,0,0,4405,934,5706,117,6.5,0.8,150,287,18,11,7,263,1538,414,143,80,0.642,0,0.16,"special_lifesteal;basic_power;basic_hp;basic_as"
31,0,223,151,0,bot0_2,Jirina,0,FIGHTER,magical,8,0,18,26,10340,5814,1658,2142,26.1,9.6,358,570,22,6,10,174,3449,928,223,0,1,2.2,3.51,"special_lifesteal;basic_power;basic_power;basic_power;basic_hp;basic_hp;basic_hp;basic_haste;basic_power;basic_haste;basic_mr"
31,0,223,151,0,bot1_2,Summoner,1,MAGE,magical,0,7,0,0,2824,1599,6469,54,11.1,0.4,152,225,12,7,7,239,1514,407,144,79,0.646,0,0.25,"special_lifesteal;basic_hp;basic_power;basic_mr"
31,0,223,151,0,bot0_3,Vanguard,0,FIGHTER,physical,5,0,21,26,7992,5086,2168,0,22.8,0,367,552,30,18,10,241,3191,858,223,0,1,1.3,2.35,"basic_hp;basic_hp;basic_hp;basic_hp;basic_power;basic_armor;basic_power;basic_mr;basic_as;basic_mr;basic_haste"
31,0,223,151,0,bot1_3,Pyromancer,1,SLAYER,magical,0,7,0,0,4170,1500,5779,42,10.4,0.3,173,243,10,8,7,228,1528,411,144,79,0.646,0,0.26,"special_lifesteal;basic_power;basic_hp;basic_power"
31,0,223,151,0,bot0_4,Tamer,0,MAGE,magical,3,0,16,19,5784,4162,1034,1733,18.7,7.8,304,437,16,6,9,160,2760,742,223,0,1,0.8,4.03,"special_lifesteal;basic_power;basic_power;basic_hp;basic_haste;basic_hp;basic_mr;basic_armor;basic_haste"
31,0,223,151,0,bot1_4,Kratoma,1,SLAYER,physical,0,7,0,0,2807,1422,6137,87,9.9,0.6,177,244,10,7,6,228,1503,404,143,80,0.642,0,0.23,"special_lifesteal;basic_power;basic_as;basic_hp"
32,1,399,66,150,bot0_1,Zephyr,0,SPLITPUSHER,magical,1,7,7,1.14,9609,3672,11167,0,12.1,0,269,354,35,36,9,238,2688,404,303,97,0.758,0.2,0.33,"basic_hp;basic_hp;basic_hp;basic_mr;basic_mr;basic_hp;basic_armor;basic_haste;basic_armor"
32,1,399,66,150,bot1_1,Vanguard,1,FIGHTER,physical,4,2,22,13,20611,12000,6949,0,32.4,0,483,756,53,38,11,78,3903,587,371,28,0.929,0.6,1.73,"special_gw;basic_hp;basic_power;basic_hp;basic_mr;basic_hp;basic_mr;basic_as;basic_power;basic_hp;basic_mr;basic_power;basic_armor"
32,1,399,66,150,bot0_2,Oracle,0,MAGE,physical,2,8,5,0.88,10063,4404,11806,0,15,0,375,481,19,20,10,67,2817,423,293,106,0.735,0.3,0.37,"basic_hp;basic_hp;basic_hp;basic_mr;basic_armor;basic_mr;basic_hp;basic_armor;basic_mr;basic_as"
32,1,399,66,150,bot1_2,Tamer,1,MAGE,magical,13,2,14,13.5,24555,12679,4516,4775,34.3,12.9,456,828,55,14,13,88,4838,727,370,29,0.927,2,2.81,"special_lifesteal;basic_power;basic_power;basic_hp;basic_power;basic_hp;basic_hp;basic_mr;basic_power;basic_mr;basic_power;basic_haste;basic_mr;basic_haste;basic_haste;basic_armor"
32,1,399,66,150,bot0_3,Mage,0,MAGE,magical,4,8,5,1.13,16869,8326,11547,378,27.9,1.3,566,606,66,21,10,267,3167,476,299,100,0.749,0.6,0.72,"special_lifesteal;basic_power;basic_power;basic_hp;basic_hp;basic_haste;basic_mr;basic_hp;basic_armor;basic_mr"
32,1,399,66,150,bot1_3,Kratoma,1,SLAYER,physical,3,3,25,9.33,19606,10226,7180,563,26.5,1.5,386,687,32,31,11,110,3860,580,385,14,0.966,0.5,1.42,"special_lifesteal;basic_power;basic_hp;basic_as;basic_power;basic_hp;basic_power;basic_mr;basic_as;basic_mr;basic_armor;basic_armor;basic_hp"
32,1,399,66,150,bot0_4,Cleric,0,SUPPORT,magical,2,7,7,1.29,9701,5130,11275,5028,16.7,16.3,350,413,40,36,10,175,2850,428,308,91,0.771,0.3,0.45,"basic_hp;basic_hp;basic_hp;basic_mr;basic_hp;basic_armor;basic_mr;basic_haste;basic_power;basic_as"
32,1,399,66,150,bot1_4,Healer,1,SUPPORT,magical,10,2,19,14.5,10251,6716,6021,4724,18.2,12.8,159,224,61,14,12,209,4659,700,370,29,0.927,1.5,1.12,"special_heal_power;basic_hp;basic_power;basic_hp;basic_hp;basic_mr;basic_power;basic_hp;basic_mr;basic_mr;basic_haste;basic_power;basic_hp;basic_haste;basic_armor"
33,1,387,24,152,bot0_1,Eggchanter,0,SUPPORT,magical,2,6,7,1.5,5783,2487,11214,4354,8,14,131,200,27,14,10,176,2851,442,312,76,0.804,0.3,0.22,"basic_hp;basic_hp;basic_hp;basic_hp;basic_mr;basic_armor;basic_power;basic_mr;basic_haste;basic_as"
33,1,387,24,152,bot1_1,Oracle,1,MAGE,physical,5,1,17,22,20486,9354,6474,704,24.1,1.8,414,563,30,31,12,323,4073,631,387,0,1,0.8,1.44,"special_lifesteal;basic_power;basic_power;basic_hp;basic_hp;basic_as;basic_armor;basic_mr;basic_as;basic_power;basic_armor;basic_hp;basic_mr"
33,1,387,24,152,bot0_2,Kratoma,0,SLAYER,physical,1,6,7,1.33,10759,4814,8529,219,15.6,0.7,220,367,22,19,9,86,2686,416,309,78,0.798,0.2,0.56,"special_lifesteal;special_gw;basic_power;basic_hp;basic_power;basic_as;basic_mr;basic_hp"
33,1,387,24,152,bot1_2,Goliath,1,TANK,physical,4,1,19,23,16949,8975,7993,2507,24.1,6.7,556,626,43,27,12,270,3920,607,372,16,0.96,0.6,1.12,"basic_hp;basic_hp;basic_hp;basic_armor;basic_armor;basic_mr;basic_hp;basic_armor;basic_power;basic_mr;basic_armor;basic_power;basic_mr"
33,1,387,24,152,bot0_3,Quiller,0,SLAYER,physical,2,6,7,1.5,15273,6752,6699,488,22,1.6,289,479,33,23,10,213,2863,443,306,81,0.791,0.3,1.01,"special_lifesteal;basic_power;basic_hp;basic_power;basic_power;basic_as;basic_mr;basic_hp;basic_as"
33,1,387,24,152,bot1_3,Tamer,1,MAGE,magical,6,4,15,5.25,13235,9929,6213,4055,30.5,12.5,318,568,38,14,11,115,3890,602,325,62,0.839,0.9,1.6,"special_lifesteal;basic_power;basic_power;basic_hp;basic_power;basic_hp;basic_armor;basic_armor;basic_haste;basic_haste;basic_mr;basic_hp;basic_armor"
33,1,387,24,152,bot0_4,Bruiser,0,FIGHTER,physical,4,6,5,1.5,15593,8447,12552,0,27.7,0,395,706,42,27,10,71,3096,479,305,82,0.788,0.6,0.67,"basic_hp;basic_hp;basic_hp;basic_hp;basic_mr;basic_hp;basic_armor;basic_power;basic_as;basic_armor;basic_haste"
33,1,387,24,152,bot1_4,Volstrov,1,MAGE,magical,9,3,11,6.67,13172,8943,5208,393,26.2,1.2,271,467,11,11,12,45,4195,650,342,46,0.882,1.4,1.72,"special_lifesteal;basic_power;basic_power;basic_hp;basic_hp;basic_power;basic_power;basic_armor;basic_hp;basic_armor;basic_hp;basic_haste;basic_mr;basic_armor"
34,1,387,65,150,bot0_1,Wanderer,0,SLAYER,physical,5,3,9,4.67,34087,16326,6980,0,47.9,0,552,1054,31,23,12,159,3759,582,341,47,0.879,0.8,2.34,"basic_hp;basic_hp;basic_hp;basic_power;basic_armor;basic_as;basic_armor;basic_power;basic_mr;basic_hp;basic_hp;basic_armor;basic_haste"
34,1,387,65,150,bot1_1,Jirina,1,FIGHTER,magical,6,3,7,4.33,11535,7234,10179,4273,20.9,12.3,446,495,45,18,11,330,3430,531,347,41,0.894,0.9,0.71,"basic_hp;basic_hp;basic_hp;basic_armor;basic_mr;basic_hp;basic_armor;basic_armor;basic_haste;basic_mr;basic_hp"
34,1,387,65,150,bot0_2,Cleric,0,SUPPORT,magical,4,3,10,4.67,8948,4605,8156,5673,13.5,16.6,337,396,45,36,12,52,3577,554,342,46,0.882,0.6,0.56,"special_gw;special_heal_power;basic_hp;basic_hp;basic_armor;basic_hp;basic_mr;basic_armor;basic_power;basic_hp;basic_armor"
34,1,387,65,150,bot1_2,Kratoma,1,SLAYER,physical,4,4,11,3.75,17069,12050,8504,452,35.7,1.3,265,513,27,23,10,75,3325,515,337,50,0.87,0.6,1.42,"special_lifesteal;basic_power;basic_power;basic_as;basic_power;basic_as;basic_hp;basic_armor;basic_hp;basic_as;basic_hp"
34,1,387,65,150,bot0_3,Vanguard,0,FIGHTER,physical,4,5,8,2.4,13879,5353,8191,289,16.9,0.9,615,714,55,24,11,246,3496,541,316,71,0.817,0.6,0.65,"special_lifesteal;basic_power;basic_power;basic_power;basic_as;basic_hp;basic_armor;basic_mr;basic_as;basic_power;basic_as"
34,1,387,65,150,bot1_3,Eggchanter,1,SUPPORT,magical,4,3,11,5,6031,3819,9065,5781,11.1,16.7,139,212,35,19,10,227,3327,515,345,42,0.892,0.6,0.42,"basic_hp;basic_hp;basic_hp;basic_armor;basic_hp;basic_armor;basic_hp;basic_armor;basic_mr;basic_mr;basic_power"
34,1,387,65,150,bot0_4,Ironclad,0,TANK,physical,1,4,12,3.25,8298,5253,10850,0,16,0,407,497,33,19,11,67,3242,502,329,58,0.849,0.2,0.48,"special_gw;basic_hp;basic_hp;basic_hp;basic_power;basic_armor;basic_mr;basic_armor;basic_as;basic_power;basic_mr"
34,1,387,65,150,bot1_4,Oracle,1,MAGE,physical,1,4,13,3.5,12583,7169,5775,186,21.6,0.6,420,580,25,24,10,265,2940,455,332,56,0.856,0.2,1.24,"special_lifesteal;basic_power;basic_power;basic_power;basic_as;basic_as;basic_hp;basic_as;basic_armor"
35,1,352,49,150,bot0_1,Jirina,0,FIGHTER,magical,2,6,2,0.67,11474,3108,13341,2799,10.6,9.5,523,579,33,10,9,151,2526,430,294,59,0.834,0.3,0.23,"special_lifesteal;basic_hp;basic_power;basic_power;basic_armor;basic_hp;basic_hp;basic_haste"
35,1,352,49,150,bot1_1,Doctor,1,SUPPORT,physical,1,1,24,25,9575,7145,3707,6538,21,19.2,262,501,22,14,11,204,3454,588,340,12,0.967,0.2,1.93,"special_heal_power;basic_hp;basic_mr;basic_power;basic_hp;basic_hp;basic_as;basic_mr;basic_hp;basic_haste;basic_mr"
35,1,352,49,150,bot0_2,Hana,0,TANK,magical,1,8,3,0.5,7293,3572,13772,0,12.9,0,479,1052,12,34,9,26,2401,409,277,75,0.786,0.2,0.26,"basic_hp;basic_hp;basic_hp;basic_armor;basic_mr;basic_armor;basic_power;basic_haste;basic_mr"
35,1,352,49,150,bot1_2,Lynx,1,SLAYER,physical,12,1,15,27,32029,22649,3663,696,66.3,2,656,1603,71,36,12,142,4542,774,341,11,0.97,2,6.18,"special_lifesteal;basic_power;basic_hp;basic_mr;basic_as;basic_power;basic_power;basic_as;basic_hp;basic_armor;basic_power;basic_mr;basic_as;basic_hp;basic_mr"
35,1,352,49,150,bot0_3,Cleric,0,SUPPORT,magical,1,6,3,0.67,5077,2347,9920,3928,8.7,14.6,314,378,25,18,9,323,2398,408,268,84,0.762,0.2,0.24,"basic_hp;basic_hp;basic_hp;basic_armor;basic_power;basic_mr;basic_haste;basic_as"
35,1,352,49,150,bot1_3,Quiller,1,SLAYER,physical,10,1,14,24,14389,6657,4013,0,19.5,0,263,491,50,29,12,387,4262,726,341,11,0.969,1.7,1.66,"basic_hp;basic_hp;basic_hp;basic_mr;basic_power;basic_as;basic_mr;basic_mr;basic_hp;basic_power;basic_as;basic_hp;basic_armor;basic_haste"
35,1,352,49,150,bot0_4,Volstrov,0,MAGE,magical,0,7,4,0.57,13578,3734,9617,356,14.6,1.4,256,446,18,15,10,96,2421,412,256,96,0.727,0,0.39,"special_lifesteal;basic_power;basic_hp;basic_hp;basic_armor;basic_haste;basic_mr;basic_power"
35,1,352,49,150,bot1_4,Summoner,1,MAGE,magical,4,1,16,20,6277,4466,3577,133,13.1,0.4,174,247,43,21,11,45,3420,583,341,11,0.97,0.7,1.25,"special_lifesteal;basic_hp;basic_mr;basic_hp;basic_hp;basic_power;basic_mr;basic_hp;basic_mr;basic_power;basic_hp"
36,1,264,3,150,bot0_1,Bruiser,0,FIGHTER,physical,0,7,1,0.14,3474,1803,8649,103,9.5,0.5,189,362,23,19,7,177,1702,387,189,75,0.717,0,0.21,"special_lifesteal;basic_power;basic_hp;basic_armor;basic_as"
36,1,264,3,150,bot1_1,Kratoma,1,SLAYER,physical,2,0,20,22,9897,6060,4063,304,22.9,1.2,230,469,21,21,10,40,2940,668,264,0,1,0.5,1.49,"special_lifesteal;basic_hp;basic_power;basic_hp;basic_hp;basic_as;basic_power;basic_mr;basic_as;basic_armor"
36,1,264,3,150,bot0_2,Zephyr,0,SPLITPUSHER,magical,0,6,3,0.5,9780,6269,6956,224,32.9,1.2,398,895,20,23,7,22,1797,408,190,74,0.721,0,0.9,"special_lifesteal;basic_power;basic_hp;basic_armor;basic_haste;basic_as"
36,1,264,3,150,bot1_2,Lynx,1,SLAYER,physical,10,1,10,20,18957,9423,4254,487,37.2,1.9,448,1013,52,35,10,108,3658,831,253,11,0.959,2.3,2.22,"special_lifesteal;basic_power;basic_hp;basic_as;basic_mr;basic_power;basic_hp;basic_power;basic_as;basic_mr;basic_hp;basic_power"
36,1,264,3,150,bot0_3,Mage,0,MAGE,magical,0,6,2,0.33,10011,3335,5653,141,18,0.8,341,522,29,11,8,92,1942,441,185,79,0.701,0,0.59,"special_lifesteal;basic_power;basic_power;basic_hp;basic_power;basic_armor"
36,1,264,3,150,bot1_3,Doctor,1,SUPPORT,physical,9,1,11,20,4689,3831,6220,8003,14.5,30.3,138,240,13,19,10,32,3557,808,264,0,1,2,0.62,"basic_hp;basic_hp;basic_hp;basic_mr;basic_hp;basic_mr;basic_power;basic_armor;basic_power;basic_mr;basic_armor;basic_as;basic_haste"
36,1,264,3,150,bot0_4,Tamer,0,MAGE,magical,3,7,0,0.43,8459,5398,6913,2360,31.3,13.7,259,435,16,8,9,168,2243,509,173,91,0.654,0.7,0.78,"special_lifesteal;basic_power;basic_power;basic_hp;basic_hp;basic_armor;basic_haste"
36,1,264,3,150,bot1_4,Oracle,1,MAGE,physical,5,1,14,19,9571,6015,3446,314,23.6,1.2,295,526,18,18,10,139,3089,702,254,10,0.963,1.1,1.75,"special_lifesteal;basic_power;basic_power;basic_as;basic_power;basic_as;basic_hp;basic_as;basic_hp;basic_mr"
37,1,246,2,150,bot0_1,Oracle,0,MAGE,physical,0,5,2,0.4,6583,2891,5849,207,15.7,1.1,403,589,11,11,7,197,1722,420,185,62,0.75,0,0.49,"special_lifesteal;basic_power;basic_as;basic_hp;basic_mr"
37,1,246,2,150,bot1_1,Wanderer,1,SLAYER,physical,7,0,9,16,16769,9502,2384,399,38.6,1.6,557,976,14,16,10,182,3157,770,246,0,1,1.7,3.99,"special_lifesteal;basic_power;basic_power;basic_as;basic_power;basic_as;basic_hp;basic_power;basic_hp;basic_armor"
37,1,246,2,150,bot0_2,Volstrov,0,MAGE,magical,0,6,2,0.33,6050,2550,6567,175,13.3,0.9,152,294,12,13,8,248,1848,451,192,54,0.782,0,0.39,"special_lifesteal;basic_power;basic_power;basic_power;basic_hp"
37,1,246,2,150,bot1_2,Jirina,1,FIGHTER,magical,2,1,13,15,4861,3515,3385,1462,14.9,6.2,327,447,21,7,8,252,2477,604,236,10,0.96,0.5,1.04,"basic_hp;basic_hp;basic_hp;basic_armor;basic_mr;basic_armor;basic_hp;basic_armor"
37,1,246,2,150,bot0_3,Vanguard,0,FIGHTER,physical,0,6,0,0,5976,2024,8856,110,10.3,0.6,360,568,32,14,8,184,1709,417,197,49,0.802,0,0.23,"special_lifesteal;basic_power;basic_hp;basic_as;basic_mr"
37,1,246,2,150,bot1_3,Reaper,1,SPLITPUSHER,magical,10,0,9,19,14769,9580,2141,559,38.9,2.3,558,958,31,16,10,54,3504,854,246,0,1,2.4,4.47,"special_lifesteal;basic_hp;basic_hp;basic_hp;basic_power;basic_hp;basic_power;basic_armor;basic_armor;basic_hp;basic_hp"
37,1,246,2,150,bot0_4,Lynx,0,SLAYER,physical,2,5,0,0.4,7422,3618,6538,248,19.6,1.3,404,562,30,24,7,82,1907,465,185,61,0.75,0.5,0.55,"special_lifesteal;basic_power;basic_power;basic_hp;basic_hp;basic_as"
37,1,246,2,150,bot1_4,Eggchanter,1,SUPPORT,magical,3,1,15,18,4562,3375,4469,5917,14.3,25,130,189,24,12,9,63,2763,674,236,10,0.96,0.7,0.76,"special_heal_power;basic_hp;basic_hp;basic_hp;basic_power;basic_armor;basic_power;basic_armor;basic_power"
38,1,346,36,150,bot0_1,Bruiser,0,FIGHTER,physical,2,7,3,0.71,10477,6215,10981,0,24.3,0,397,581,36,27,9,79,2429,421,256,91,0.738,0.3,0.57,"basic_hp;basic_hp;basic_hp;basic_armor;basic_power;basic_as;basic_armor;basic_mr;basic_haste"
38,1,346,36,150,bot1_1,Oracle,1,MAGE,physical,9,1,17,26,14412,8904,6350,0,27.1,0,348,466,25,26,12,132,4382,759,329,18,0.949,1.6,1.4,"basic_hp;basic_hp;basic_hp;basic_mr;basic_mr;basic_armor;basic_mr;basic_hp;basic_armor;basic_as;basic_power;basic_as;basic_haste;basic_hp;basic_hp"
38,1,346,36,150,bot0_2,Tamer,0,MAGE,magical,2,6,4,1,16234,8043,6086,2693,30.2,10.1,333,628,35,13,10,40,2665,462,266,80,0.769,0.3,1.32,"special_lifesteal;basic_power;basic_hp;basic_armor;basic_haste;basic_power;basic_hp;basic_power;basic_mr"
38,1,346,36,150,bot1_2,Kratoma,1,SLAYER,physical,8,1,13,21,18669,10184,7705,0,30.9,0,242,485,30,31,11,78,3953,685,330,17,0.952,1.4,1.32,"basic_hp;basic_hp;basic_hp;basic_hp;basic_power;basic_hp;basic_mr;basic_power;basic_mr;basic_armor;basic_as;basic_haste;basic_mr;basic_armor"
38,1,346,36,150,bot0_3,Ironclad,0,TANK,physical,1,6,4,0.83,11111,7134,13434,0,25.4,0,395,557,27,19,9,28,2378,412,280,66,0.809,0.2,0.53,"basic_hp;basic_hp;basic_hp;basic_armor;basic_mr;basic_power;basic_armor;basic_as;basic_haste"
38,1,346,36,150,bot1_3,Healer,1,SUPPORT,magical,4,1,21,25,9161,6029,6398,6704,18.3,20.3,188,221,55,12,11,132,3707,642,330,17,0.952,0.7,0.94,"basic_hp;basic_hp;basic_hp;basic_mr;basic_hp;basic_mr;basic_hp;basic_armor;basic_power;basic_haste;basic_armor;basic_as;basic_power"
38,1,346,36,150,bot0_4,Eggchanter,0,SUPPORT,magical,1,7,5,0.86,6444,3623,11068,5484,13.7,20.7,147,217,27,14,9,65,2415,418,265,82,0.764,0.2,0.33,"special_gw;basic_hp;basic_hp;basic_armor;basic_power;basic_armor;basic_mr;basic_mr"
38,1,346,36,150,bot1_4,Quiller,1,SLAYER,physical,5,3,16,7,21324,11873,6094,654,39.5,2.2,306,553,45,25,11,54,3554,616,300,46,0.868,0.9,1.95,"special_lifesteal;basic_power;basic_power;basic_hp;basic_power;basic_as;basic_hp;basic_as;basic_mr;basic_armor;basic_hp;basic_as"
39,1,317,22,150,bot0_1,Volstrov,0,MAGE,magical,2,7,5,1,12977,6120,7537,263,27,1.2,296,516,17,16,10,178,2628,497,227,91,0.714,0.4,0.81,"special_lifesteal;basic_power;basic_hp;basic_haste;basic_power;basic_power;basic_hp;basic_power"
39,1,317,22,150,bot1_1,Summoner,1,MAGE,magical,6,1,14,20,8437,5443,4597,323,18,1.1,192,274,43,22,10,156,3481,658,303,15,0.954,1.1,1.18,"special_lifesteal;basic_power;basic_power;basic_hp;basic_hp;basic_mr;basic_hp;basic_power;basic_hp;basic_power;basic_haste"
39,1,317,22,150,bot0_2,Goliath,0,TANK,physical,0,6,6,1,6251,3289,12047,1069,12.4,4,607,661,32,14,9,61,2236,423,266,52,0.837,0,0.27,"basic_hp;basic_hp;basic_hp;basic_mr;basic_hp;basic_mr;basic_armor;basic_power"
39,1,317,22,150,bot1_2,Oracle,1,MAGE,physical,8,2,17,12.5,14425,7815,4735,527,27.1,1.8,365,527,21,20,11,104,3979,752,288,29,0.909,1.5,1.65,"special_lifesteal;basic_power;basic_power;basic_power;basic_as;basic_as;basic_hp;basic_mr;basic_armor;basic_as;basic_hp;basic_power;basic_power"
39,1,317,22,150,bot0_3,Quiller,0,SLAYER,physical,1,8,6,0.88,10175,5219,6815,268,21.5,1.1,256,424,26,18,9,106,2456,464,243,74,0.766,0.2,0.77,"special_lifesteal;basic_power;basic_as;basic_hp;basic_mr;basic_power;basic_armor;basic_power"
39,1,317,22,150,bot1_3,Zephyr,1,SPLITPUSHER,magical,6,3,17,7.67,12098,6959,6779,434,25.2,1.6,331,465,38,41,11,32,3607,682,276,41,0.871,1.1,1.03,"special_lifesteal;basic_power;basic_hp;basic_power;basic_power;basic_hp;basic_haste;basic_power;basic_mr;basic_haste;basic_hp;basic_haste"
39,1,317,22,150,bot0_4,Pyromancer,0,SLAYER,magical,4,7,3,1,9399,4741,7053,108,20.4,0.5,514,838,19,14,10,85,2760,522,233,85,0.734,0.8,0.67,"special_lifesteal;basic_power;basic_power;basic_power;basic_hp;basic_mr;basic_hp;basic_haste;basic_hp"
39,1,317,22,150,bot1_4,Reaper,1,SPLITPUSHER,magical,8,1,14,22,13637,7593,6405,0,24.9,0,308,547,40,23,11,200,3775,714,305,13,0.96,1.5,1.19,"basic_hp;basic_hp;basic_hp;basic_hp;basic_mr;basic_armor;basic_mr;basic_mr;basic_armor;basic_haste;basic_power;basic_armor;basic_haste"
40,1,288,4,150,bot0_1,Mage,0,MAGE,magical,0,6,2,0.33,7606,2710,7027,146,12.7,0.7,445,523,36,12,8,123,1923,401,214,74,0.742,0,0.39,"special_lifesteal;basic_power;basic_power;basic_hp;basic_haste;basic_armor"
40,1,288,4,150,bot1_1,Fusilier,1,SLAYER,physical,7,1,12,19,14972,7466,4630,549,27.3,2,398,709,43,14,10,199,3474,725,273,15,0.949,1.5,1.61,"special_lifesteal;basic_power;basic_power;basic_as;basic_power;basic_hp;basic_as;basic_hp;basic_as;basic_armor;basic_power"
40,1,288,4,150,bot0_2,Oracle,0,MAGE,physical,0,6,3,0.5,5336,1704,7096,152,8,0.7,174,221,13,13,8,223,1998,417,213,75,0.739,0,0.24,"special_lifesteal;basic_power;basic_hp;basic_as;basic_armor;basic_mr"
40,1,288,4,150,bot1_2,Jailer,1,TANK,magical,5,1,16,21,9653,7417,3522,0,26.9,0,497,668,28,18,10,292,3292,687,276,12,0.959,1,2.11,"basic_hp;basic_hp;basic_hp;basic_armor;basic_mr;basic_armor;basic_mr;basic_power;basic_hp;basic_mr;basic_haste"
40,1,288,4,150,bot0_3,Healer,0,SUPPORT,magical,2,6,2,0.67,5066,3704,10411,2999,17.5,14.2,130,190,28,15,8,233,2133,445,212,76,0.736,0.4,0.36,"basic_hp;basic_hp;basic_hp;basic_armor;basic_mr;basic_hp;basic_power"
40,1,288,4,150,bot1_3,Volstrov,1,MAGE,magical,7,1,12,19,14078,9431,3481,563,33.9,2,300,531,6,13,10,340,3365,702,278,10,0.966,1.5,2.71,"special_lifesteal;basic_hp;basic_hp;basic_power;basic_power;basic_hp;basic_hp;basic_haste;basic_haste;basic_power"
40,1,288,4,150,bot0_4,Quiller,0,SLAYER,physical,2,8,1,0.38,8658,5336,7368,203,27.8,1.1,277,467,20,16,8,58,2158,450,192,96,0.668,0.4,0.72,"special_lifesteal;basic_power;basic_power;basic_power;basic_as;basic_hp;basic_armor"
40,1,288,4,150,bot1_4,Vanguard,1,FIGHTER,physical,7,1,14,21,10789,6457,3666,0,23.6,0,450,552,37,25,10,115,3465,723,274,14,0.952,1.5,1.76,"basic_hp;basic_hp;basic_hp;basic_armor;basic_armor;basic_hp;basic_mr;basic_power;basic_hp;basic_mr;basic_armor;basic_as"
41,1,258,1,150,bot0_1,Vanguard,0,FIGHTER,physical,0,7,1,0.14,4523,1905,8544,0,10.5,0,290,339,31,14,7,130,1655,384,181,77,0.701,0,0.22,"special_gw;basic_hp;basic_power;basic_armor;basic_mr"
41,1,258,1,150,bot1_1,Lynx,1,SLAYER,physical,6,0,11,17,9056,4801,2450,0,18.6,0,441,639,48,32,10,246,3096,719,258,0,1,1.4,1.96,"basic_hp;basic_hp;basic_hp;basic_mr;basic_hp;basic_armor;basic_mr;basic_hp;basic_armor;basic_mr"
41,1,258,1,150,bot0_2,Jirina,0,FIGHTER,magical,0,5,0,0,4492,1659,8145,1727,7.4,7.7,252,349,18,8,6,250,1575,366,224,34,0.868,0,0.2,"basic_hp;basic_hp;basic_hp;basic_power;basic_mr"
41,1,258,1,150,bot1_2,Hana,1,TANK,magical,5,0,15,20,11328,6535,2150,0,25.3,0,414,790,9,32,10,261,3111,723,258,0,1,1.2,3.04,"basic_hp;basic_hp;basic_hp;basic_hp;basic_hp;basic_armor;basic_mr;basic_mr;basic_armor;basic_mr"
41,1,258,1,150,bot0_3,Zephyr,0,SPLITPUSHER,magical,0,6,0,0,3976,815,7402,131,4.3,0.7,165,165,20,17,6,62,1587,369,188,70,0.728,0,0.11,"special_lifesteal;basic_power;basic_hp;basic_haste;basic_armor"
41,1,258,1,150,bot1_3,Wanderer,1,SLAYER,physical,7,1,19,26,22216,14933,2860,647,60.3,2.6,740,1037,15,16,11,289,3489,811,247,11,0.958,1.6,5.22,"special_lifesteal;basic_power;basic_hp;basic_power;basic_hp;basic_as;basic_hp;basic_mr;basic_as;basic_armor;basic_power"
41,1,258,1,150,bot0_4,Goliath,0,TANK,physical,1,8,0,0.13,5191,3103,11756,640,18.1,3.7,275,328,21,13,7,135,1785,415,171,87,0.664,0.2,0.26,"basic_hp;basic_hp;basic_hp;basic_mr;basic_armor;basic_hp"
41,1,258,1,150,bot1_4,Volstrov,1,MAGE,magical,8,0,15,23,9260,7753,2059,368,30,1.4,309,657,7,14,10,258,3508,815,258,0,1,1.9,3.77,"special_lifesteal;basic_power;basic_hp;basic_power;basic_power;basic_hp;basic_power;basic_haste;basic_mr;basic_armor;basic_hp"
42,0,288,152,6,bot0_1,Tamer,0,MAGE,magical,5,0,19,24,19171,11212,4422,3136,39,10.9,355,584,43,9,11,19,3569,744,288,0,1,1,2.54,"special_lifesteal;basic_power;basic_hp;basic_armor;basic_power;basic_hp;basic_haste;basic_power;basic_hp;basic_armor;basic_hp;basic_haste"
42,0,288,152,6,bot1_1,Summoner,1,MAGE,magical,2,8,1,0.38,6994,3518,8300,152,15.7,0.7,157,233,31,17,8,329,2104,439,224,63,0.78,0.4,0.42,"special_lifesteal;basic_power;basic_hp;basic_haste;basic_armor;basic_mr"
42,0,288,152,6,bot0_2,Doctor,0,SUPPORT,physical,1,1,24,25,5512,4487,5877,9955,16.5,36.6,143,233,23,18,10,137,3162,660,272,16,0.946,0.2,0.76,"basic_hp;basic_hp;basic_hp;basic_hp;basic_armor;basic_armor;basic_hp;basic_mr;basic_power;basic_as;basic_haste"
42,0,288,152,6,bot1_2,Goliath,1,TANK,physical,0,7,2,0.29,5099,3075,11422,470,14.6,2.2,277,335,25,11,7,179,1829,382,211,77,0.733,0,0.27,"basic_hp;basic_hp;basic_hp;basic_armor;basic_armor;basic_armor"
42,0,288,152,6,bot0_3,Quiller,0,SLAYER,physical,14,1,11,25,18142,10860,4458,638,39.2,2.3,316,722,46,25,11,47,4222,881,277,11,0.963,2.9,2.44,"special_lifesteal;basic_power;basic_power;basic_hp;basic_as;basic_hp;basic_power;basic_as;basic_as;basic_armor;basic_mr;basic_hp;basic_power;basic_power"
42,0,288,152,6,bot1_3,Vanguard,1,FIGHTER,physical,0,6,2,0.33,7999,2863,9368,203,13.2,0.9,370,754,34,17,7,47,1847,385,217,71,0.755,0,0.31,"special_lifesteal;basic_power;basic_hp;basic_as;basic_armor;basic_power"
42,0,288,152,6,bot0_4,Fusilier,0,SLAYER,physical,8,1,16,24,12575,8540,4396,423,31.5,1.6,321,592,43,12,11,225,3700,772,271,17,0.942,1.7,1.94,"special_lifesteal;basic_hp;basic_hp;basic_hp;basic_power;basic_as;basic_armor;basic_power;basic_as;basic_as;basic_mr;basic_armor"
42,0,288,152,6,bot1_4,Oracle,1,MAGE,physical,1,7,1,0.29,7656,4072,7819,177,19.3,0.8,440,542,12,12,8,186,1961,409,211,76,0.735,0.2,0.52,"special_lifesteal;basic_hp;basic_power;basic_as;basic_armor;basic_mr"
43,0,335,150,19,bot0_1,Jirina,0,FIGHTER,magical,8,2,12,10,12160,9087,5629,3816,29.3,12.3,584,696,38,10,11,141,3716,666,310,24,0.927,1.4,1.61,"special_lifesteal;basic_power;basic_power;basic_power;basic_hp;basic_haste;basic_hp;basic_power;basic_armor;basic_hp;basic_haste;basic_haste"
43,0,335,150,19,bot1_1,Quiller,1,SLAYER,physical,3,4,4,1.75,13808,4514,5247,369,16.2,1.3,237,424,30,24,9,37,2637,473,278,57,0.831,0.5,0.86,"special_lifesteal;basic_power;basic_hp;basic_power;basic_hp;basic_as;special_gw;basic_mr"
43,0,335,150,19,bot0_2,Oracle,0,MAGE,physical,4,1,12,16,10893,6399,2801,0,19.1,0,506,564,25,26,10,150,3225,578,335,0,1,0.7,2.28,"basic_hp;basic_hp;basic_hp;basic_armor;basic_hp;basic_armor;basic_power;basic_hp;basic_mr;basic_armor;basic_as"
43,0,335,150,19,bot1_2,Bruiser,1,FIGHTER,physical,2,7,5,1,8860,6723,8805,207,27.8,0.9,372,588,33,26,8,54,2429,435,242,92,0.724,0.4,0.76,"special_lifesteal;basic_power;basic_power;basic_hp;basic_power;basic_as;basic_mr;basic_hp"
43,0,335,150,19,bot0_3,Hana,0,TANK,magical,5,1,15,20,10304,7486,8661,0,23.2,0,299,449,16,44,10,62,3387,607,323,12,0.965,0.9,0.86,"basic_hp;basic_hp;basic_hp;basic_armor;basic_armor;basic_mr;basic_armor;basic_mr;basic_power;basic_hp;basic_power;basic_mr"
43,0,335,150,19,bot1_3,Vanguard,1,FIGHTER,physical,1,4,5,1.5,10832,6044,10035,0,21.6,0,637,771,45,23,9,411,2336,419,280,55,0.837,0.2,0.6,"basic_hp;basic_hp;basic_hp;basic_hp;basic_mr;basic_armor;basic_mr"
43,0,335,150,19,bot0_4,Volstrov,0,MAGE,magical,4,3,17,7,13276,8993,5838,422,30.3,1.4,300,456,10,19,11,307,3457,620,297,38,0.886,0.7,1.54,"special_lifesteal;basic_power;basic_hp;basic_armor;basic_power;basic_hp;basic_armor;basic_haste;basic_haste;basic_mr;basic_mr"
43,0,335,150,19,bot1_4,Cleric,1,SUPPORT,magical,1,6,6,1.17,6507,4529,9713,3085,17.9,12.2,294,354,34,30,9,106,2481,445,254,81,0.758,0.2,0.47,"special_gw;basic_hp;basic_hp;basic_mr;basic_hp;basic_power;basic_mr;basic_armor"
44,1,253,10,150,bot0_1,Ironclad,0,TANK,physical,2,4,1,0.75,8159,2988,8640,0,14.2,0,399,667,20,15,7,95,1945,462,211,42,0.836,0.5,0.35,"basic_hp;basic_hp;basic_mr;basic_hp;basic_power;basic_as;basic_mr"
44,1,253,10,150,bot1_1,Tamer,1,MAGE,magical,2,2,17,9.5,12944,7674,3089,3979,32.6,16.9,302,535,32,13,9,154,2804,666,235,17,0.931,0.5,2.48,"special_lifesteal;basic_power;basic_power;basic_hp;basic_power;basic_hp;basic_haste;basic_armor;basic_haste"
44,1,253,10,150,bot0_2,Healer,0,SUPPORT,magical,0,5,4,0.8,4253,2516,8884,3258,12.7,16.5,129,186,28,13,7,192,1792,425,198,55,0.782,0,0.28,"basic_hp;basic_hp;basic_hp;basic_mr;basic_mr;basic_haste"
44,1,253,10,150,bot1_2,Mage,1,MAGE,magical,6,1,11,17,9590,7319,2811,242,30.4,1,392,510,45,20,9,22,3047,723,241,12,0.954,1.4,2.6,"special_lifesteal;basic_hp;basic_power;basic_power;basic_hp;basic_hp;basic_armor;basic_power;basic_hp;basic_armor"
44,1,253,10,150,bot0_3,Kratoma,0,SLAYER,physical,1,7,3,0.57,6390,2925,6771,93,16.1,0.5,291,447,13,10,8,47,1922,456,182,71,0.718,0.2,0.43,"special_lifesteal;basic_power;basic_power;basic_power;basic_as;basic_as"
44,1,253,10,150,bot1_3,Jirina,1,FIGHTER,magical,2,0,13,15,9219,4159,3730,3675,16.5,14.5,407,532,28,15,9,147,2547,605,253,0,1,0.5,1.12,"special_lifesteal;basic_power;basic_power;basic_power;basic_hp;basic_hp;basic_armor;basic_armor"
44,1,253,10,150,bot0_4,Quiller,0,SLAYER,physical,1,4,1,0.5,7382,2513,5008,258,12.5,1.3,243,405,25,15,7,260,1835,436,201,52,0.796,0.2,0.5,"special_lifesteal;basic_power;basic_as;basic_power;basic_as"
44,1,253,10,150,bot1_4,Reaper,1,SPLITPUSHER,magical,10,1,8,18,10525,8095,3889,377,34,1.6,302,532,31,15,10,44,3569,847,238,15,0.942,2.4,2.08,"special_lifesteal;basic_hp;basic_hp;basic_power;basic_power;basic_armor;basic_haste;basic_mr;basic_hp;basic_hp;basic_armor;basic_armor"
45,1,417,53,152,bot0_1,Goliath,0,TANK,physical,1,8,6,0.88,10129,5940,16889,1866,19.4,6.1,321,422,34,23,9,22,2722,392,306,111,0.735,0.1,0.35,"basic_hp;basic_hp;basic_hp;basic_armor;basic_mr;basic_hp;basic_armor;basic_power;basic_as;basic_mr"
45,1,417,53,152,bot1_1,Ironclad,1,TANK,physical,6,1,17,23,12929,7604,8928,0,18.8,0,306,454,42,33,13,241,4341,625,405,12,0.972,0.9,0.85,"basic_hp;basic_hp;basic_hp;basic_armor;basic_hp;basic_armor;basic_armor;basic_hp;basic_mr;basic_armor;basic_as;basic_mr;basic_mr;basic_hp"
45,1,417,53,152,bot0_2,Wanderer,0,SLAYER,physical,2,6,7,1.5,21530,10549,8835,399,32.5,1.2,643,874,24,18,11,183,3058,440,324,93,0.778,0.3,1.19,"special_lifesteal;basic_power;basic_power;basic_hp;basic_as;basic_hp;basic_armor;basic_as;basic_mr;basic_armor"
45,1,417,53,152,bot1_2,Kratoma,1,SLAYER,physical,8,3,19,9,27801,16309,6026,728,40.5,1.8,480,1120,33,33,13,145,4720,680,403,14,0.967,1.2,2.71,"special_lifesteal;basic_power;basic_power;basic_as;basic_power;basic_as;basic_power;basic_as;basic_power;basic_hp;basic_power;basic_hp;basic_armor;basic_mr;basic_as"
45,1,417,53,152,bot0_3,Doctor,0,SUPPORT,physical,2,8,7,1.13,7080,5119,14845,5937,14.8,17.2,312,469,32,18,10,17,2967,427,346,71,0.829,0.3,0.34,"basic_hp;basic_hp;basic_hp;basic_armor;basic_mr;basic_armor;basic_hp;basic_as;basic_mr;basic_power;basic_haste"
45,1,417,53,152,bot1_3,Jailer,1,TANK,magical,8,3,15,7.67,16527,11906,8068,0,30.5,0,568,705,38,31,12,187,4337,624,390,26,0.937,1.2,1.48,"special_gw;basic_hp;basic_armor;basic_hp;basic_mr;basic_armor;basic_hp;basic_power;basic_haste;basic_armor;basic_mr;basic_power;basic_hp;basic_hp"
45,1,417,53,152,bot0_4,Eggchanter,0,SUPPORT,magical,4,6,5,1.5,7867,4840,10496,3525,14.6,10.6,166,240,36,18,10,222,3197,460,331,86,0.795,0.6,0.46,"special_heal_power;basic_hp;basic_hp;basic_hp;basic_power;basic_hp;basic_armor;basic_haste;basic_power;basic_armor"
45,1,417,53,152,bot1_4,Oracle,1,MAGE,physical,6,2,19,12.5,20233,10357,5901,597,26.6,1.5,535,676,31,29,13,269,4419,636,389,27,0.935,0.9,1.76,"special_lifesteal;basic_power;basic_hp;basic_as;basic_armor;basic_mr;basic_power;basic_hp;basic_as;basic_power;basic_hp;basic_as;basic_hp;basic_power"
46,1,317,35,151,bot0_1,Reaper,0,SPLITPUSHER,magical,1,6,1,0.33,7233,2049,8237,102,8.5,0.4,324,441,25,13,8,22,2072,392,241,76,0.76,0.2,0.25,"basic_hp;basic_hp;special_lifesteal;basic_power;basic_armor;basic_haste;basic_as"
46,1,317,35,151,bot1_1,Oracle,1,MAGE,physical,7,1,16,23,11627,6498,3838,260,20.5,0.8,559,697,24,21,11,94,3869,732,317,0,1,1.3,1.69,"special_lifesteal;basic_power;basic_power;basic_hp;basic_hp;basic_as;basic_power;basic_mr;basic_armor;basic_hp;basic_as;basic_as;basic_mr"
46,1,317,35,151,bot0_2,Jailer,0,TANK,magical,3,7,1,0.57,6321,3363,10866,0,15.1,0,406,569,20,17,9,47,2397,454,222,95,0.701,0.6,0.31,"basic_hp;basic_hp;basic_armor;basic_hp;basic_armor;basic_haste;basic_power;basic_mr;basic_as"
46,1,317,35,151,bot1_2,Quiller,1,SLAYER,physical,6,1,17,23,12090,6619,2758,331,21.5,1.1,257,530,44,24,11,150,3675,696,307,10,0.969,1.1,2.4,"special_lifesteal;basic_power;basic_power;basic_hp;basic_hp;basic_as;basic_as;basic_power;basic_hp;basic_mr;basic_as;basic_mr"
46,1,317,35,151,bot0_3,Summoner,0,MAGE,magical,1,8,4,0.63,5207,2819,7308,110,13.2,0.5,164,246,24,13,8,185,2235,423,214,103,0.674,0.2,0.39,"special_lifesteal;basic_power;basic_power;basic_hp;basic_armor;basic_haste;basic_mr"
46,1,317,35,151,bot1_3,Doctor,1,SUPPORT,physical,4,2,20,12,9647,6324,5075,4951,21.4,16.8,241,395,29,16,11,285,3535,669,296,21,0.932,0.8,1.25,"special_heal_power;basic_hp;basic_hp;basic_hp;basic_mr;basic_hp;basic_armor;basic_power;basic_mr;basic_as;basic_mr"
46,1,317,35,151,bot0_4,Ironclad,0,TANK,physical,0,7,3,0.43,4982,2586,11950,0,11.4,0,282,335,21,13,8,242,2042,386,227,90,0.717,0,0.22,"basic_hp;basic_hp;basic_armor;basic_power;basic_as;basic_mr;basic_armor"
46,1,317,35,151,bot1_4,Wanderer,1,SLAYER,physical,11,1,15,26,32015,17289,3447,551,54.5,1.7,629,1207,25,19,12,301,4176,790,317,0,1,2.1,5.02,"special_lifesteal;basic_power;basic_power;basic_as;basic_as;basic_hp;basic_power;basic_mr;basic_armor;basic_power;basic_hp;basic_as;basic_power"
47,0,323,152,12,bot0_1,Jailer,0,TANK,magical,5,1,18,23,12542,7185,3803,0,23,0,368,545,33,24,11,228,3528,656,312,11,0.967,0.9,1.89,"basic_hp;basic_hp;basic_hp;basic_mr;basic_armor;basic_armor;basic_haste;basic_power;basic_hp;basic_hp;basic_mr;basic_as"
47,0,323,152,12,bot1_1,Kratoma,1,SLAYER,physical,0,7,2,0.29,5721,2381,7238,192,10.3,0.8,248,372,16,12,8,175,2000,372,231,92,0.716,0,0.33,"special_lifesteal;basic_power;basic_hp;basic_power;basic_as;basic_hp"
47,0,323,152,12,bot0_2,Wanderer,0,SLAYER,physical,9,2,16,12.5,22854,13975,4536,551,46.7,1.8,690,1128,19,19,11,86,4086,759,299,23,0.928,1.7,3.08,"special_lifesteal;basic_power;basic_power;basic_as;basic_power;basic_as;basic_power;basic_as;basic_power;basic_hp;basic_hp;basic_power;basic_mr"
47,0,323,152,12,bot1_2,Zephyr,1,SPLITPUSHER,magical,3,6,3,1,11908,6788,8116,309,28.5,1.3,607,660,26,34,9,166,2491,463,238,85,0.737,0.6,0.84,"special_lifesteal;basic_power;basic_hp;basic_armor;basic_haste;basic_power;basic_mr;basic_hp"
47,0,323,152,12,bot0_3,Bruiser,0,FIGHTER,physical,7,1,11,18,8788,4972,6017,291,16.1,0.9,258,414,49,33,11,228,3528,656,308,15,0.955,1.3,0.83,"basic_hp;basic_hp;special_lifesteal;basic_as;basic_armor;basic_hp;basic_as;basic_hp;basic_power;basic_mr;basic_hp"
47,0,323,152,12,bot1_3,Vanguard,1,FIGHTER,physical,0,6,2,0.33,6857,2339,9605,0,9.4,0,242,380,37,21,8,120,1970,366,248,75,0.768,0,0.24,"basic_hp;basic_hp;basic_hp;basic_armor;basic_power;basic_armor;basic_as"
47,0,323,152,12,bot0_4,Doctor,0,SUPPORT,physical,5,2,20,12.5,10981,8257,6040,9679,27.2,31.9,196,344,31,21,11,159,3684,685,303,19,0.94,0.9,1.37,"special_heal_power;basic_hp;basic_hp;basic_hp;basic_power;basic_power;basic_power;basic_armor;basic_mr;basic_as;basic_hp;basic_armor"
47,0,323,152,12,bot1_4,Hana,1,TANK,magical,3,7,3,0.86,9709,6678,11621,0,29.2,0,243,563,13,29,8,24,2449,455,228,94,0.707,0.6,0.57,"basic_hp;basic_hp;basic_hp;basic_armor;basic_armor;basic_hp;basic_mr;basic_haste;basic_power"
48,0,329,152,28,bot0_1,Cleric,0,SUPPORT,magical,6,2,14,10,7562,5507,5910,5275,18.3,17.6,363,426,46,37,11,41,3616,660,300,28,0.914,1.1,0.93,"basic_hp;basic_hp;basic_hp;basic_armor;basic_armor;basic_hp;basic_power;basic_mr;basic_haste;basic_as;basic_armor;basic_armor;basic_mr"
48,0,329,152,28,bot1_1,Vanguard,1,FIGHTER,physical,4,6,6,1.67,11528,7061,10291,183,26,0.7,298,491,40,23,9,206,2831,517,271,58,0.825,0.7,0.69,"basic_hp;basic_hp;special_lifesteal;basic_power;basic_as;basic_hp;basic_mr;basic_armor;basic_as"
48,0,329,152,28,bot0_2,Lynx,0,SLAYER,physical,10,4,12,5.5,24612,11828,6160,766,43.5,2.8,754,1298,50,35,11,161,4086,746,272,57,0.828,1.8,1.92,"special_lifesteal;basic_power;basic_power;basic_power;basic_as;basic_hp;basic_as;basic_armor;basic_power;basic_as;basic_hp;basic_hp;basic_power"
48,0,329,152,28,bot1_2,Wanderer,1,SLAYER,physical,1,7,7,1.14,11175,6816,8239,0,27.5,0,573,849,18,13,9,73,2473,451,248,81,0.755,0.2,0.83,"basic_hp;basic_hp;basic_hp;basic_mr;basic_power;basic_hp;basic_armor;basic_as;basic_haste"
48,0,329,152,28,bot0_3,Zephyr,0,SPLITPUSHER,magical,2,2,18,10,12966,6840,6635,440,22.8,1.5,427,655,32,34,11,19,3219,587,299,29,0.911,0.4,1.03,"special_lifesteal;basic_power;basic_hp;basic_power;basic_hp;basic_hp;basic_armor;basic_power;basic_haste;basic_armor;basic_mr"
48,0,329,152,28,bot1_3,Mage,1,MAGE,magical,4,7,6,1.43,9307,5237,7438,260,22.5,1.1,851,1012,36,14,10,224,2924,534,232,96,0.707,0.7,0.7,"special_lifesteal;special_lifesteal;basic_power;basic_hp;basic_power;basic_hp;basic_power;basic_mr"
48,0,329,152,28,bot0_4,Jailer,0,TANK,magical,8,2,13,10.5,9202,6860,6102,0,22.6,0,346,448,29,21,11,15,3815,696,303,25,0.923,1.5,1.12,"basic_hp;basic_hp;basic_armor;basic_armor;basic_mr;basic_hp;basic_hp;basic_mr;basic_hp;basic_armor;basic_haste;basic_armor;basic_hp"
48,0,329,152,28,bot1_4,Kratoma,1,SLAYER,physical,1,6,6,1.17,8399,3259,7345,215,11.7,0.8,252,388,16,16,9,149,2474,451,277,51,0.844,0.2,0.44,"special_lifesteal;basic_power;basic_power;basic_as;basic_hp;basic_mr;basic_as;basic_armor"
49,1,268,9,150,bot0_1,Wanderer,0,SLAYER,physical,2,7,5,1,11555,5755,6855,195,30,1,564,828,17,12,8,196,2246,503,192,76,0.716,0.4,0.84,"special_lifesteal;basic_power;basic_as;basic_hp;basic_armor;basic_mr;basic_power"
49,1,268,9,150,bot1_1,Oracle,1,MAGE,physical,9,3,8,5.67,8122,5814,4257,213,25.5,0.9,411,561,15,14,10,239,3439,770,228,40,0.851,2,1.37,"special_lifesteal;basic_power;basic_hp;basic_power;basic_power;basic_as;basic_armor;basic_hp;basic_as;basic_mr;basic_hp"
49,1,268,9,150,bot0_2,Jailer,0,TANK,magical,4,6,3,1.17,6545,4445,9414,0,19.9,0,439,623,19,17,8,89,2464,552,223,45,0.832,0.9,0.47,"basic_hp;basic_hp;basic_hp;basic_armor;basic_armor;basic_mr;basic_power;basic_mr;basic_haste"
49,1,268,9,150,bot1_2,Bruiser,1,FIGHTER,physical,3,0,16,19,16156,8876,4575,0,33.1,0,904,1368,48,28,10,1,2976,666,268,0,1,0.7,1.94,"basic_hp;basic_hp;basic_armor;basic_mr;basic_armor;basic_power;basic_hp;basic_as;basic_hp;basic_mr;basic_power"
49,1,268,9,150,bot0_3,Kratoma,0,SLAYER,physical,1,5,5,1.2,8051,3521,6207,0,17.2,0,204,404,15,14,8,24,2099,470,205,63,0.763,0.2,0.57,"special_gw;basic_hp;basic_power;basic_armor;basic_as;basic_hp;basic_power"
49,1,268,9,150,bot1_3,Lynx,1,SLAYER,physical,8,3,11,6.33,8936,7314,4591,264,32.1,1.2,862,1262,38,27,10,122,3397,760,228,40,0.851,1.8,1.59,"special_lifesteal;basic_power;basic_power;basic_hp;basic_as;basic_hp;basic_hp;basic_power;basic_as;basic_power;basic_armor"
49,1,268,9,150,bot0_4,Cleric,0,SUPPORT,magical,2,6,6,1.33,6646,4679,9456,2842,22.8,13.9,300,356,26,23,8,64,2239,501,205,63,0.765,0.4,0.49,"special_gw;basic_hp;basic_hp;basic_hp;basic_armor;basic_hp;basic_power"
49,1,268,9,150,bot1_4,Hana,1,TANK,magical,4,3,19,7.67,8179,7638,7307,0,30.9,0,283,583,16,29,10,59,3234,724,247,21,0.921,0.9,1.05,"special_gw;basic_hp;basic_power;basic_hp;basic_power;basic_hp;basic_armor;basic_armor;basic_mr;basic_haste;basic_mr"
50,1,364,34,150,bot0_1,Bruiser,0,FIGHTER,physical,2,7,6,1.14,17060,7880,11259,434,28.4,1.6,503,989,41,31,10,148,2773,457,277,86,0.763,0.3,0.7,"special_lifesteal;basic_power;basic_hp;basic_as;basic_armor;basic_power;basic_hp;basic_power;basic_mr"
50,1,364,34,150,bot1_1,Jirina,1,FIGHTER,magical,5,2,20,12.5,13931,8615,8352,6068,25.3,17.8,538,652,52,21,11,65,3865,637,340,23,0.935,0.8,1.03,"special_lifesteal;basic_power;basic_hp;basic_armor;basic_power;basic_haste;basic_mr;basic_hp;basic_hp;basic_power;basic_hp;basic_armor;basic_haste"
50,1,364,34,150,bot0_2,Goliath,0,TANK,physical,1,6,5,1,6851,2782,11577,1062,9.9,3.8,371,486,36,15,10,170,2570,424,282,82,0.775,0.2,0.24,"special_gw;basic_hp;basic_armor;basic_hp;basic_mr;basic_armor;basic_mr;basic_hp"
50,1,364,34,150,bot1_2,Zephyr,1,SPLITPUSHER,magical,8,3,15,7.67,18335,12336,8367,533,37.3,1.6,392,588,37,40,11,172,4047,667,331,33,0.909,1.3,1.47,"special_lifesteal;basic_hp;basic_hp;basic_hp;basic_power;basic_armor;basic_power;basic_hp;basic_armor;basic_hp;basic_armor;basic_haste;basic_mr"
50,1,364,34,150,bot0_3,Hana,0,TANK,magical,6,6,4,1.67,11140,7534,11653,0,27.1,0,504,658,14,38,10,257,3207,529,278,86,0.764,1,0.65,"basic_hp;basic_hp;basic_hp;basic_hp;basic_armor;basic_mr;basic_armor;basic_haste;basic_power;basic_mr;basic_as"
50,1,364,34,150,bot1_3,Kratoma,1,SLAYER,physical,4,3,21,8.33,8956,6157,7139,0,17.5,0,244,402,24,25,11,267,3792,625,351,13,0.965,0.7,0.86,"basic_hp;basic_hp;basic_hp;basic_armor;basic_armor;basic_power;basic_mr;basic_as;basic_hp;basic_mr;basic_power;basic_haste;basic_armor"
50,1,364,34,150,bot0_4,Doctor,0,SUPPORT,physical,1,9,9,1.11,10928,8247,12592,2957,32.5,11.7,423,691,32,16,10,353,2703,446,253,110,0.697,0.2,0.65,"special_gw;basic_hp;basic_power;basic_hp;basic_armor;basic_hp;basic_mr;basic_as"
50,1,364,34,150,bot1_4,Lynx,1,SLAYER,physical,11,2,17,14,28208,17474,4733,821,52.7,2.5,710,1568,57,34,12,42,4717,778,332,32,0.912,1.8,3.69,"special_lifesteal;basic_power;basic_power;basic_power;basic_as;basic_hp;basic_as;basic_armor;basic_power;basic_mr;basic_as;basic_hp;basic_armor;basic_hp;basic_armor;basic_mr"
51,1,476,97,150,bot0_1,Bruiser,0,FIGHTER,physical,3,7,12,2.14,14350,8027,13466,460,21.6,1.2,326,598,61,40,11,319,3594,453,371,104,0.78,0.4,0.6,"special_lifesteal;basic_power;basic_hp;basic_power;basic_hp;basic_as;basic_hp;basic_as;basic_power;basic_mr;basic_hp"
51,1,476,97,150,bot1_1,Doctor,1,SUPPORT,physical,6,4,21,6.75,20047,16324,14599,14477,38.9,34.5,360,569,40,26,12,287,4462,563,420,56,0.883,0.8,1.12,"basic_hp;basic_hp;basic_hp;basic_armor;basic_armor;basic_power;basic_armor;basic_mr;basic_as;basic_haste;basic_power;basic_mr;basic_hp;basic_power;basic_hp"
51,1,476,97,150,bot0_2,Quiller,0,SLAYER,physical,7,7,9,2.29,18034,11709,10221,536,31.8,1.5,276,549,54,32,12,273,4098,517,368,107,0.774,0.9,1.15,"special_lifesteal;basic_power;basic_hp;basic_as;basic_power;basic_hp;basic_as;basic_power;basic_hp;basic_mr;basic_armor;basic_as;basic_power"
51,1,476,97,150,bot1_2,Mage,1,MAGE,magical,8,4,13,5.25,24440,11420,8859,705,27.1,1.7,640,797,106,31,12,80,4455,562,422,54,0.887,1,1.29,"special_lifesteal;basic_hp;special_lifesteal;basic_hp;basic_power;basic_armor;basic_hp;basic_power;basic_hp;basic_haste;basic_mr;basic_armor;basic_haste;basic_power"
51,1,476,97,150,bot0_3,Cleric,0,SUPPORT,magical,2,7,14,2.29,12370,8087,14382,9193,19.2,21.8,383,453,58,48,11,236,3511,443,422,54,0.887,0.3,0.56,"basic_hp;basic_hp;basic_hp;basic_mr;basic_mr;basic_power;basic_hp;basic_armor;basic_power;basic_mr;basic_armor;basic_haste"
51,1,476,97,150,bot1_3,Zephyr,1,SPLITPUSHER,magical,5,5,10,3,10192,6353,8895,0,15.7,0,313,413,51,41,11,30,3705,467,404,71,0.85,0.6,0.71,"basic_hp;basic_hp;basic_power;basic_hp;basic_hp;basic_armor;basic_armor;basic_haste;basic_power;basic_armor;basic_hp;basic_armor;basic_mr"
51,1,476,97,150,bot0_4,Kratoma,0,SLAYER,physical,5,6,12,2.83,17101,11238,9844,412,28.4,1,279,660,31,31,11,60,3885,490,396,80,0.832,0.6,1.14,"special_lifesteal;basic_power;basic_hp;basic_as;basic_power;basic_hp;basic_hp;basic_power;basic_as;basic_as;basic_mr;basic_armor;basic_power"
51,1,476,97,150,bot1_4,Volstrov,1,MAGE,magical,8,4,17,6.25,16756,11309,10701,0,27.1,0,405,724,14,19,13,169,4669,589,417,59,0.877,1,1.06,"basic_hp;basic_hp;basic_power;basic_hp;basic_armor;basic_hp;basic_armor;basic_haste;basic_power;basic_mr;basic_hp;basic_armor;basic_power;basic_armor;basic_as;basic_haste"
52,0,317,152,35,bot0_1,Doctor,0,SUPPORT,physical,3,1,18,21,6598,4594,5692,7978,15.1,26.3,271,361,19,21,11,31,3356,635,303,14,0.957,0.6,0.81,"basic_hp;basic_hp;basic_mr;basic_hp;basic_mr;basic_mr;basic_as;basic_hp;basic_hp;basic_power;basic_haste;basic_armor"
52,0,317,152,35,bot1_1,Volstrov,1,MAGE,magical,1,6,2,0.5,8237,3753,6815,286,15.3,1.2,216,425,13,12,8,226,2151,407,245,72,0.772,0.2,0.55,"special_lifesteal;basic_power;basic_power;basic_power;basic_power;basic_hp"
52,0,317,152,35,bot0_2,Jailer,0,TANK,magical,3,1,19,22,12174,7697,5143,0,25.4,0,340,441,34,30,11,103,3403,644,303,14,0.957,0.6,1.5,"basic_hp;basic_hp;basic_mr;basic_hp;basic_mr;basic_power;basic_haste;basic_mr;basic_as;basic_armor;basic_mr;basic_hp"
52,0,317,152,35,bot1_2,Zephyr,1,SPLITPUSHER,magical,1,6,2,0.5,5920,3746,8254,0,15.4,0,341,489,26,18,8,134,2034,385,244,73,0.769,0.2,0.45,"basic_hp;basic_hp;basic_hp;basic_armor;basic_hp;basic_mr;basic_haste"
52,0,317,152,35,bot0_3,Reaper,0,SPLITPUSHER,magical,10,0,12,22,12939,7613,3339,511,24,1.6,539,719,44,23,11,137,4012,759,317,0,1,1.9,2.28,"special_lifesteal;basic_power;basic_hp;basic_haste;basic_power;basic_power;basic_hp;basic_mr;basic_power;basic_hp;basic_power;basic_haste;basic_armor"
52,0,317,152,35,bot1_3,Pyromancer,1,SLAYER,magical,1,7,2,0.43,7972,4216,8086,0,18.1,0,396,516,20,15,8,37,2187,414,232,85,0.733,0.2,0.52,"basic_hp;basic_hp;basic_hp;basic_hp;basic_armor;basic_mr;basic_haste;basic_power"
52,0,317,152,35,bot0_4,Fusilier,0,SLAYER,physical,9,1,14,23,24301,11710,2754,695,38.6,2.3,398,750,51,18,11,157,3957,749,303,14,0.957,1.7,4.25,"special_lifesteal;basic_power;basic_power;basic_power;basic_as;basic_as;basic_hp;basic_mr;basic_hp;basic_power;basic_haste;basic_mr;basic_as"
52,0,317,152,35,bot1_4,Eggchanter,1,SUPPORT,magical,0,6,3,0.5,4899,3581,10108,4614,14.1,18.2,123,205,25,12,8,136,1961,371,253,64,0.799,0,0.35,"basic_hp;basic_hp;basic_armor;basic_mr;basic_power;basic_haste;basic_hp"
53,1,376,39,152,bot0_1,Cleric,0,SUPPORT,magical,0,6,6,1,7354,2951,12108,5042,9.9,16.9,333,359,40,31,9,99,2449,391,298,78,0.793,0,0.24,"basic_hp;basic_hp;basic_hp;basic_mr;basic_armor;basic_power;basic_haste;basic_as;basic_armor"
53,1,376,39,152,bot1_1,Ironclad,1,TANK,physical,4,1,23,27,19817,12549,7517,0,34.8,0,362,735,43,28,13,49,4099,655,360,16,0.958,0.6,1.67,"special_gw;basic_hp;basic_hp;basic_power;basic_mr;basic_hp;basic_armor;basic_mr;basic_as;basic_power;basic_armor;basic_mr;basic_power;basic_as"
53,1,376,39,152,bot0_2,Eggchanter,0,SUPPORT,magical,2,6,4,1,6123,2591,9039,2896,8.7,9.8,130,190,31,17,9,287,2637,421,297,79,0.79,0.3,0.29,"special_gw;basic_hp;basic_mr;basic_hp;basic_armor;basic_hp;basic_power;basic_haste"
53,1,376,39,152,bot1_2,Jailer,1,TANK,magical,9,1,13,22,16618,8776,6442,0,24.3,0,409,644,39,36,12,133,4233,676,361,15,0.961,1.4,1.36,"basic_hp;basic_hp;basic_hp;basic_mr;basic_armor;basic_mr;basic_haste;basic_mr;basic_power;basic_as;basic_hp;basic_hp;basic_hp;basic_hp"
53,1,376,39,152,bot0_3,Oracle,0,MAGE,physical,1,9,4,0.56,11646,5483,11599,187,18.6,0.6,401,514,18,17,10,237,2562,409,295,81,0.785,0.2,0.47,"special_lifesteal;basic_power;basic_hp;basic_as;basic_mr;basic_power;basic_armor;basic_hp"
53,1,376,39,152,bot1_3,Fusilier,1,SLAYER,physical,8,2,16,12,16702,9118,5500,0,26.6,0,365,541,50,17,12,256,4281,684,343,33,0.912,1.3,1.66,"basic_hp;basic_hp;basic_hp;basic_hp;basic_mr;basic_mr;basic_armor;basic_mr;basic_power;basic_mr;basic_as;basic_hp;basic_armor;basic_mr"
53,1,376,39,152,bot0_4,Zephyr,0,SPLITPUSHER,magical,3,6,3,1,18992,9886,9915,324,33.3,1.1,438,538,35,35,10,154,2779,444,297,79,0.79,0.5,1,"special_lifesteal;basic_hp;basic_power;basic_haste;basic_hp;basic_mr;basic_armor;basic_power;basic_hp"
53,1,376,39,152,bot1_4,Tamer,1,MAGE,magical,6,2,14,10,16656,9603,3906,3415,28,9.9,351,642,36,14,12,102,3902,623,344,32,0.914,1,2.46,"special_lifesteal;basic_power;basic_power;basic_hp;basic_power;basic_hp;basic_mr;basic_mr;basic_hp;basic_haste;basic_armor;basic_haste;basic_hp"
54,1,235,1,151,bot0_1,Volstrov,0,MAGE,magical,0,7,1,0.14,6143,4193,7406,0,25,0,175,348,15,13,6,10,1560,399,168,67,0.715,0,0.57,"basic_hp;basic_hp;basic_mr;basic_haste;basic_power;basic_mr"
54,1,235,1,151,bot1_1,Jirina,1,FIGHTER,magical,3,0,14,17,9460,6738,5402,3944,28.7,16.8,391,507,35,14,9,219,2644,676,235,0,1,0.8,1.25,"special_lifesteal;basic_power;basic_hp;basic_power;basic_hp;basic_mr;basic_hp;basic_power"
54,1,235,1,151,bot0_2,Zephyr,0,SPLITPUSHER,magical,0,3,1,0.33,5377,1340,4686,0,6.7,0,324,324,20,22,6,183,1533,392,200,35,0.85,0,0.29,"basic_hp;basic_hp;basic_hp;basic_mr;basic_mr"
54,1,235,1,151,bot1_2,Cleric,1,SUPPORT,magical,2,1,15,17,4855,3867,4180,6399,17.3,28.6,312,374,32,29,9,25,2550,652,224,11,0.954,0.5,0.93,"basic_hp;basic_hp;basic_hp;basic_mr;basic_hp;basic_armor;basic_mr;basic_hp;basic_power"
54,1,235,1,151,bot0_3,Vanguard,0,FIGHTER,physical,1,6,0,0.17,9934,5300,7810,230,31.3,1.4,444,782,25,18,7,161,1711,437,169,65,0.722,0.3,0.68,"special_lifesteal;basic_power;basic_power;basic_as;basic_hp"
54,1,235,1,151,bot1_3,Healer,1,SUPPORT,magical,4,0,13,17,6917,4450,2124,1235,19,5.3,151,208,45,4,9,241,2741,701,235,0,1,1,2.1,"basic_hp;basic_hp;basic_hp;basic_mr;basic_hp;basic_armor;basic_armor;basic_mr;basic_mr"
54,1,235,1,151,bot0_4,Goliath,0,TANK,physical,0,5,0,0,6690,3308,6537,589,18.4,3.3,346,512,20,11,6,253,1528,391,179,55,0.764,0,0.51,"special_gw;basic_hp;basic_mr;basic_power"
54,1,235,1,151,bot1_4,Tamer,1,MAGE,magical,12,0,9,21,12710,9130,4191,3439,38.9,14.6,252,532,34,14,10,26,3426,876,235,0,1,3.1,2.18,"basic_hp;basic_hp;basic_hp;basic_mr;basic_hp;basic_mr;basic_armor;basic_armor;basic_hp;basic_haste;basic_mr;basic_armor"
55,1,281,1,150,bot0_1,Volstrov,0,MAGE,magical,0,6,1,0.17,5938,2891,5923,83,13.9,0.4,200,454,16,13,7,225,1775,380,207,73,0.739,0,0.49,"special_lifesteal;basic_power;basic_power;basic_hp;basic_haste"
55,1,281,1,150,bot1_1,Jailer,1,TANK,magical,2,0,12,14,11036,7686,3391,0,27.4,0,316,460,24,24,9,66,2591,554,281,0,1,0.4,2.27,"basic_hp;basic_hp;basic_hp;basic_mr;basic_mr;basic_hp;basic_hp;basic_armor;basic_haste"
55,1,281,1,150,bot0_2,Cleric,0,SUPPORT,magical,1,7,0,0.14,4713,2759,7777,1367,13.4,6.6,285,341,23,20,7,54,1854,397,206,74,0.735,0.2,0.35,"special_heal_power;special_gw;basic_hp;basic_power;basic_haste"
55,1,281,1,150,bot1_2,Ironclad,1,TANK,physical,7,0,13,20,4896,3790,2944,0,13.5,0,226,330,24,16,10,265,3240,693,281,0,1,1.5,1.29,"basic_hp;basic_hp;basic_hp;basic_mr;basic_mr;basic_hp;basic_armor;basic_power;basic_as;basic_mr;basic_haste"
55,1,281,1,150,bot0_3,Oracle,0,MAGE,physical,0,6,1,0.17,7629,3093,6295,170,15.1,0.8,469,532,13,12,8,49,1849,395,204,76,0.729,0,0.49,"special_lifesteal;basic_power;basic_as;basic_power;basic_hp;basic_mr"
55,1,281,1,150,bot1_3,Reaper,1,SPLITPUSHER,magical,12,0,12,24,25252,13178,2809,808,47,2.9,959,1802,42,20,11,65,3940,843,281,0,1,2.6,4.69,"special_lifesteal;basic_power;basic_power;basic_power;basic_hp;basic_haste;basic_power;basic_hp;basic_hp;basic_power;basic_mr;basic_armor;basic_haste"
55,1,281,1,150,bot0_4,Healer,0,SUPPORT,magical,0,7,0,0,3594,2772,10540,2794,13.3,13.4,122,173,25,11,7,71,1646,352,208,72,0.743,0,0.26,"basic_hp;basic_hp;basic_hp;basic_mr;basic_armor;basic_power"
55,1,281,1,150,bot1_4,Goliath,1,TANK,physical,5,1,14,19,7264,4290,4250,1244,15.9,4.6,367,430,38,15,10,31,3231,691,270,11,0.962,1.1,1.01,"special_gw;basic_hp;basic_hp;basic_hp;basic_mr;basic_armor;basic_power;basic_as;basic_mr;basic_mr;basic_armor"
56,1,505,102,150,bot0_1,Reaper,0,SPLITPUSHER,magical,10,7,11,3,24093,14391,13765,819,31.1,1.8,596,908,53,30,13,68,4843,576,463,42,0.917,1.2,1.05,"special_lifesteal;basic_power;basic_power;basic_hp;basic_mr;basic_haste;basic_hp;basic_armor;basic_hp;basic_power;basic_power;basic_mr;basic_hp;basic_power;basic_mr;basic_haste"
56,1,505,102,150,bot1_1,Jirina,1,FIGHTER,magical,4,6,20,4,20569,11077,14553,6732,24.3,14.8,501,599,71,27,12,99,4349,517,456,49,0.903,0.5,0.76,"basic_hp;basic_hp;basic_hp;basic_mr;basic_armor;basic_mr;basic_haste;basic_armor;basic_hp;basic_power;basic_hp;basic_haste;basic_as;basic_hp;basic_mr"
56,1,505,102,150,bot0_2,Goliath,0,TANK,physical,3,6,18,3.5,22608,13485,18848,3071,32.3,7.4,434,672,56,35,13,82,4182,497,417,88,0.826,0.4,0.72,"basic_hp;basic_hp;basic_hp;basic_mr;basic_armor;basic_hp;basic_mr;basic_power;basic_as;basic_haste;basic_mr;basic_hp;basic_hp;basic_hp"
56,1,505,102,150,bot1_2,Summoner,1,MAGE,magical,7,6,18,4.17,13071,7412,10557,347,18.4,0.9,214,294,70,29,13,347,4722,561,403,101,0.799,0.8,0.7,"special_lifesteal;basic_power;basic_power;basic_hp;basic_power;basic_hp;basic_power;basic_haste;basic_haste;basic_mr;basic_hp;basic_armor;basic_mr;basic_haste;basic_armor"
56,1,505,102,150,bot0_3,Kratoma,0,SLAYER,physical,5,8,14,2.38,16114,8047,14368,0,20.5,0,225,404,28,25,12,137,4162,495,393,112,0.778,0.6,0.56,"basic_hp;basic_hp;basic_hp;basic_mr;basic_power;basic_mr;basic_armor;basic_hp;basic_as;basic_haste;basic_hp;basic_mr;basic_mr;basic_hp"
56,1,505,102,150,bot1_3,Mage,1,MAGE,magical,8,6,19,4.5,23563,15933,9998,621,38.7,1.5,786,963,84,34,13,169,4919,585,411,94,0.815,1,1.59,"special_lifesteal;basic_power;basic_hp;basic_power;basic_haste;basic_hp;basic_haste;basic_mr;basic_hp;basic_power;basic_armor;basic_mr;basic_hp;basic_armor;basic_power;basic_hp"
56,1,505,102,150,bot0_4,Cleric,0,SUPPORT,magical,4,8,14,2.25,11874,6454,12685,8264,16.5,21.2,349,408,61,54,12,164,4039,480,391,114,0.774,0.5,0.51,"special_gw;basic_hp;basic_mr;basic_power;basic_hp;basic_armor;basic_haste;basic_hp;basic_hp;basic_mr;basic_mr;basic_armor;basic_hp"
56,1,505,102,150,bot1_4,Bruiser,1,FIGHTER,physical,10,4,17,6.75,24775,16362,10846,767,37.5,1.8,564,907,72,50,13,238,5038,599,437,68,0.865,1.2,1.51,"special_lifesteal;basic_power;basic_power;basic_as;basic_hp;basic_power;special_gw;basic_as;basic_hp;basic_power;basic_mr;basic_as;basic_power;basic_mr;basic_power"
57,1,323,39,150,bot0_1,Cleric,0,SUPPORT,magical,1,5,5,1.2,5700,3978,9196,5046,15.5,19.6,301,362,40,29,9,126,2301,428,257,65,0.797,0.2,0.43,"basic_hp;basic_hp;basic_hp;basic_armor;basic_hp;basic_mr;basic_armor;basic_power"
57,1,323,39,150,bot1_1,Healer,1,SUPPORT,magical,1,2,16,8.5,7428,5294,5040,3647,18,12.4,155,221,48,11,11,18,3043,565,294,29,0.909,0.2,1.05,"basic_hp;basic_hp;basic_hp;basic_hp;basic_armor;basic_mr;basic_power;basic_hp;basic_haste;basic_armor;basic_as"
57,1,323,39,150,bot0_2,Quiller,0,SLAYER,physical,1,5,4,1,8902,3638,5890,288,12.8,1,245,449,35,23,8,179,2279,423,284,39,0.879,0.2,0.62,"special_lifesteal;basic_power;basic_hp;basic_power;basic_power;basic_as;basic_armor"
57,1,323,39,150,bot1_2,Wanderer,1,SLAYER,physical,9,2,11,10,29667,17637,4472,665,60.3,2.3,1070,2408,22,18,12,182,3982,740,293,30,0.906,1.7,3.94,"special_lifesteal;basic_power;basic_power;basic_power;basic_as;basic_as;basic_hp;basic_hp;basic_armor;basic_power;basic_mr;basic_armor;basic_as"
57,1,323,39,150,bot0_3,Kratoma,0,SLAYER,physical,3,5,3,1.2,7539,3751,8437,0,14.6,0,194,361,20,16,9,64,2489,462,257,66,0.795,0.6,0.44,"basic_hp;basic_hp;basic_hp;basic_power;basic_hp;basic_armor;basic_power;basic_mr;basic_as"
57,1,323,39,150,bot1_3,Oracle,1,MAGE,physical,8,2,8,8,9431,4245,3017,184,14.4,0.6,425,554,18,16,11,87,3687,685,295,28,0.912,1.5,1.41,"special_lifesteal;basic_power;basic_power;basic_as;basic_hp;basic_power;basic_armor;basic_mr;basic_as;basic_as;basic_power;basic_power"
57,1,323,39,150,bot0_4,Eggchanter,0,SUPPORT,magical,1,6,5,1,5141,3596,9963,3644,14.5,14.7,123,196,24,14,9,117,2292,426,249,74,0.77,0.2,0.36,"basic_hp;basic_hp;basic_armor;basic_hp;basic_hp;basic_mr;basic_armor;basic_power"
57,1,323,39,150,bot1_4,Zephyr,1,SPLITPUSHER,magical,3,0,16,19,8260,4546,4094,253,14.1,0.8,285,355,34,32,11,80,3305,614,323,0,1,0.6,1.11,"special_lifesteal;basic_hp;basic_power;basic_hp;special_gw;basic_power;basic_hp;basic_hp;basic_haste;basic_armor"
58,1,335,17,151,bot0_1,Tamer,0,MAGE,magical,3,8,4,0.88,11480,7690,6800,2413,32.8,10.3,262,511,24,10,10,154,2779,498,235,100,0.701,0.5,1.13,"special_lifesteal;basic_power;basic_power;basic_hp;basic_haste;basic_hp;basic_armor;basic_power;basic_mr"
58,1,335,17,151,bot1_1,Goliath,1,TANK,physical,2,3,22,8,8028,5403,8444,1471,18.4,5,302,368,38,19,10,135,3310,593,294,41,0.878,0.4,0.64,"special_gw;basic_hp;basic_armor;basic_hp;basic_mr;basic_power;basic_mr;basic_hp;basic_armor;basic_as;basic_power"
58,1,335,17,151,bot0_2,Wanderer,0,SLAYER,physical,1,8,6,0.88,17973,11813,7909,298,50.2,1.3,761,1396,17,15,9,158,2483,445,235,99,0.703,0.2,1.49,"special_lifesteal;basic_power;basic_hp;basic_as;basic_armor;basic_mr;basic_power;basic_hp"
58,1,335,17,151,bot1_2,Doctor,1,SUPPORT,physical,6,3,20,8.67,6824,5748,9850,13807,17.8,42.8,279,415,15,23,11,239,3789,679,323,12,0.965,1.1,0.58,"basic_hp;basic_hp;basic_hp;basic_hp;basic_armor;basic_mr;basic_armor;basic_mr;basic_power;basic_as;basic_haste;basic_armor;basic_mr"
58,1,335,17,151,bot0_3,Zephyr,0,SPLITPUSHER,magical,0,6,7,1.17,6616,4312,7978,0,16.5,0,511,627,27,22,9,74,2299,412,261,74,0.78,0,0.54,"basic_hp;basic_hp;basic_hp;basic_armor;basic_power;basic_armor;basic_armor;basic_hp"
58,1,335,17,151,bot1_3,Kratoma,1,SLAYER,physical,15,1,7,22,16850,8428,5790,501,26.6,1.6,353,716,27,25,11,22,4497,806,317,18,0.948,2.7,1.46,"special_lifesteal;basic_power;basic_hp;basic_power;basic_hp;basic_as;basic_power;basic_as;basic_armor;basic_hp;basic_as;basic_power;basic_hp;basic_as;basic_mr"
58,1,335,17,151,bot0_4,Quiller,0,SLAYER,physical,4,7,4,1.14,12021,8625,9028,381,33.6,1.5,232,460,32,21,9,157,2782,499,257,78,0.767,0.7,0.96,"special_lifesteal;basic_hp;basic_hp;basic_power;basic_hp;basic_as;basic_armor;basic_as;basic_haste"
58,1,335,17,151,bot1_4,Bruiser,1,FIGHTER,physical,6,1,20,26,13499,9563,10267,0,30.1,0,370,625,53,37,11,203,3878,695,318,17,0.951,1.1,0.93,"basic_hp;basic_hp;basic_hp;basic_hp;basic_power;basic_power;basic_hp;basic_armor;basic_mr;basic_as;basic_armor;basic_haste;basic_hp"
59,0,257,151,4,bot0_1,Vanguard,0,FIGHTER,physical,5,1,17,22,11365,6186,5038,0,25.6,0,397,580,30,23,10,72,3297,770,241,16,0.939,1.2,1.23,"special_gw;basic_hp;basic_hp;basic_hp;basic_hp;basic_mr;basic_power;basic_armor;basic_mr;basic_power;basic_as"
59,0,257,151,4,bot1_1,Volstrov,1,MAGE,magical,0,5,4,0.8,10836,6095,7290,0,31.7,0,226,392,19,19,9,180,2105,492,192,64,0.749,0,0.84,"basic_hp;basic_hp;basic_armor;basic_mr;basic_hp;basic_armor;basic_hp"
59,0,257,151,4,bot0_2,Kratoma,0,SLAYER,physical,13,0,10,23,18385,9023,4211,607,35.1,2.4,344,761,22,22,11,316,4141,967,257,0,1,3,2.14,"special_lifesteal;basic_power;basic_power;basic_as;basic_hp;basic_power;basic_as;basic_as;basic_mr;basic_power;basic_armor;basic_hp;basic_hp"
59,0,257,151,4,bot1_2,Cleric,1,SUPPORT,magical,0,6,4,0.67,5424,3210,7403,1919,17.8,10.6,269,327,24,20,8,94,1919,448,181,76,0.704,0,0.43,"basic_hp;basic_hp;basic_hp;basic_armor;basic_power;basic_mr;basic_haste"
59,0,257,151,4,bot0_3,Zephyr,0,SPLITPUSHER,magical,4,1,18,22,10128,6269,5831,0,26,0,576,672,30,34,10,70,3170,740,241,16,0.939,0.9,1.08,"basic_hp;basic_hp;basic_hp;basic_hp;basic_mr;basic_mr;basic_armor;basic_haste;basic_mr;basic_hp;basic_armor"
59,0,257,151,4,bot1_3,Tamer,1,MAGE,magical,1,6,2,0.5,8567,3766,5588,1111,20.5,6,263,442,19,8,8,188,1988,464,184,73,0.715,0.2,0.67,"special_lifesteal;basic_power;basic_hp;basic_haste;basic_armor;basic_power"
59,0,257,151,4,bot0_4,Eggchanter,0,SUPPORT,magical,1,2,18,9.5,3421,2717,7389,6600,11.8,28.6,122,213,22,12,9,210,2685,627,230,26,0.897,0.2,0.37,"basic_hp;basic_hp;basic_hp;basic_mr;basic_hp;basic_mr;basic_mr;basic_armor;basic_power"
59,0,257,151,4,bot1_4,Fusilier,1,SLAYER,physical,3,6,1,0.67,15144,7591,6380,432,42.9,2.4,460,823,27,11,9,157,2282,533,177,80,0.688,0.7,1.19,"special_lifesteal;basic_power;basic_power;basic_as;basic_power;basic_as;basic_hp"
60,0,241,151,3,bot0_1,Jirina,0,FIGHTER,magical,2,0,15,17,9667,4867,1169,1258,20.2,5.2,347,457,24,4,9,244,2694,669,241,0,1,0.5,4.16,"special_lifesteal;basic_power;basic_power;basic_hp;basic_haste;basic_power;basic_power;basic_hp"
60,0,241,151,3,bot1_1,Pyromancer,1,SLAYER,magical,1,5,1,0.4,7773,2252,5561,99,12.8,0.6,321,448,17,11,8,70,1870,465,176,65,0.729,0.2,0.4,"special_lifesteal;basic_power;basic_power;basic_hp;basic_mr;basic_haste"
60,0,241,151,3,bot0_2,Reaper,0,SPLITPUSHER,magical,10,1,10,20,16479,10421,3307,619,45.5,2.7,504,926,35,20,10,41,3566,886,229,13,0.947,2.5,3.15,"special_lifesteal;basic_power;basic_power;basic_hp;basic_haste;basic_mr;basic_power;basic_hp;basic_haste;basic_armor;basic_power;basic_hp"
60,0,241,151,3,bot1_2,Kratoma,1,SLAYER,physical,1,6,1,0.33,5963,2198,6071,159,12.5,0.9,256,426,11,9,8,70,1870,465,175,66,0.725,0.2,0.36,"special_lifesteal;basic_power;basic_power;basic_as;basic_hp;basic_mr"
60,0,241,151,3,bot0_3,Summoner,0,MAGE,magical,3,1,10,13,4284,2584,2506,0,10.7,0,155,227,34,15,9,171,2546,633,241,0,1,0.7,1.03,"basic_hp;basic_hp;basic_hp;basic_mr;basic_hp;basic_hp;basic_armor;basic_hp"
60,0,241,151,3,bot1_3,Ironclad,1,TANK,physical,1,6,2,0.5,4465,2498,10795,0,14.7,0,294,345,16,13,8,56,1881,467,170,71,0.706,0.2,0.23,"basic_hp;basic_hp;basic_mr;basic_power;basic_as;basic_mr;basic_power"
60,0,241,151,3,bot0_4,Mage,0,MAGE,magical,6,1,11,17,12457,8164,2559,364,35.2,1.6,528,588,48,21,9,85,3010,748,232,10,0.96,1.5,3.19,"special_lifesteal;basic_power;basic_power;basic_hp;basic_power;basic_haste;basic_mr;basic_armor;basic_hp;basic_hp"
60,0,241,151,3,bot1_4,Zephyr,1,SPLITPUSHER,magical,0,4,0,0,4627,321,7515,0,1.7,0,191,191,21,20,7,252,1577,392,194,48,0.802,0,0.04,"basic_hp;basic_hp;basic_hp;basic_mr;basic_power"
61,0,376,151,26,bot0_1,Doctor,0,SUPPORT,physical,7,3,19,8.67,9933,7382,8835,11424,20.9,32.3,269,345,22,28,12,297,4172,666,353,22,0.94,1.1,0.84,"special_gw;basic_hp;basic_hp;basic_armor;basic_armor;basic_power;basic_mr;basic_hp;basic_as;basic_hp;basic_mr;basic_armor;basic_hp"
61,0,376,151,26,bot1_1,Kratoma,1,SLAYER,physical,0,7,2,0.29,10057,4505,8323,0,15.2,0,216,452,23,22,9,55,2230,356,296,79,0.789,0,0.54,"basic_hp;basic_hp;basic_hp;basic_power;basic_mr;basic_as;basic_power;basic_hp"
61,0,376,151,26,bot0_2,Vanguard,0,FIGHTER,physical,6,1,23,29,17922,11306,8238,0,31,0,560,769,60,40,12,17,4267,681,365,11,0.971,1,1.37,"basic_hp;basic_hp;basic_hp;basic_armor;basic_hp;basic_armor;basic_mr;basic_as;basic_mr;basic_armor;basic_mr;basic_hp;basic_power;basic_as;basic_armor"
61,0,376,151,26,bot1_2,Bruiser,1,FIGHTER,physical,0,8,2,0.25,8375,5059,9780,0,17.2,0,218,401,36,32,9,147,2247,359,295,81,0.785,0,0.52,"special_gw;basic_hp;basic_power;basic_hp;basic_mr;basic_armor;basic_hp"
61,0,376,151,26,bot0_3,Hana,0,TANK,magical,3,0,19,22,16550,5625,5426,0,15,0,301,749,13,39,11,203,3603,575,376,0,1,0.5,1.04,"basic_hp;basic_hp;basic_hp;basic_hp;basic_armor;basic_mr;basic_armor;basic_mr;basic_armor;basic_mr;basic_hp;basic_power"
61,0,376,151,26,bot1_3,Summoner,1,MAGE,magical,3,7,2,0.71,7234,4492,7960,182,16.1,0.7,159,229,37,21,9,71,2671,426,279,97,0.743,0.5,0.56,"special_lifesteal;basic_hp;basic_hp;basic_power;basic_power;basic_mr;basic_haste;basic_armor;basic_mr"
61,0,376,151,26,bot0_4,Pyromancer,0,SLAYER,magical,13,1,15,28,22875,12810,4542,327,34.1,0.9,722,1048,42,33,13,13,4788,765,376,0,1,2.1,2.82,"special_lifesteal;basic_power;basic_power;basic_power;basic_power;basic_hp;basic_power;basic_power;basic_haste;basic_armor;basic_mr;basic_power;basic_haste;basic_hp;basic_power"
61,0,376,151,26,bot1_4,Goliath,1,TANK,physical,2,7,0,0.29,9534,4894,13605,2101,17.3,7.4,306,531,31,24,9,225,2400,383,283,93,0.754,0.3,0.36,"basic_hp;basic_hp;basic_hp;basic_mr;basic_mr;basic_armor;basic_power;basic_hp"
62,0,346,150,31,bot0_1,Oracle,0,MAGE,physical,11,2,15,13,14759,9170,4581,330,28.6,1,571,733,25,23,12,67,4417,767,321,24,0.929,1.9,2,"special_lifesteal;basic_power;basic_power;basic_hp;basic_as;basic_armor;basic_hp;basic_mr;basic_as;basic_armor;basic_power;basic_hp;basic_as;basic_mr;basic_armor"
62,0,346,150,31,bot1_1,Fusilier,1,SLAYER,physical,4,7,3,1,16458,9471,7817,468,35.3,1.7,372,639,46,16,10,255,2880,500,268,77,0.777,0.7,1.21,"special_lifesteal;basic_power;basic_power;basic_hp;basic_power;basic_as;basic_armor;basic_mr;basic_hp"
62,0,346,150,31,bot0_2,Goliath,0,TANK,physical,5,1,22,27,11715,6457,5142,1429,19.4,4.3,233,343,40,22,11,242,3842,667,333,13,0.963,0.9,1.26,"basic_hp;basic_hp;basic_armor;basic_hp;basic_mr;basic_power;basic_armor;basic_armor;basic_as;basic_mr;basic_hp;basic_power;basic_armor"
62,0,346,150,31,bot1_2,Quiller,1,SLAYER,physical,0,8,5,0.63,8488,4050,8671,0,16.8,0,214,371,31,19,8,47,2197,381,241,104,0.698,0,0.47,"basic_hp;basic_hp;basic_armor;basic_hp;basic_hp;basic_power;basic_as;basic_mr"
62,0,346,150,31,bot0_3,Reaper,0,SPLITPUSHER,magical,8,1,20,28,15287,10882,6115,0,32.5,0,534,1069,45,22,11,194,4169,724,335,11,0.969,1.4,1.78,"basic_hp;basic_hp;basic_armor;basic_hp;basic_haste;basic_hp;basic_power;basic_armor;basic_mr;basic_armor;basic_as;basic_hp;basic_hp;basic_power"
62,0,346,150,31,bot1_3,Wanderer,1,SLAYER,physical,2,6,5,1.17,9044,5530,9169,0,20.9,0,527,1100,13,13,9,153,2578,448,265,81,0.766,0.3,0.6,"basic_hp;basic_hp;basic_hp;basic_hp;basic_armor;basic_power;basic_mr;basic_armor;basic_as"
62,0,346,150,31,bot0_4,Doctor,0,SUPPORT,physical,5,3,22,9,6954,5451,8583,9119,17.4,29.1,275,373,14,20,11,127,3852,669,313,32,0.907,0.9,0.64,"basic_hp;basic_hp;basic_hp;basic_armor;basic_power;basic_mr;basic_as;basic_hp;basic_armor;basic_power;basic_hp;basic_armor;basic_hp"
62,0,346,150,31,bot1_4,Volstrov,1,MAGE,magical,1,8,3,0.5,4885,3153,7738,94,11.9,0.4,270,408,12,13,8,171,2271,394,266,80,0.77,0.2,0.41,"special_lifesteal;basic_power;basic_power;basic_hp;basic_haste;basic_power;basic_armor"
63,0,358,152,34,bot0_1,Kratoma,0,SLAYER,physical,5,3,8,4.33,12546,6179,6481,377,19.4,1.2,232,491,24,25,10,166,3166,530,318,40,0.888,0.8,0.95,"special_lifesteal;basic_power;basic_hp;basic_power;basic_hp;basic_power;basic_as;basic_as;basic_hp;basic_as"
63,0,358,152,34,bot1_1,Ironclad,1,TANK,physical,1,6,4,0.83,10975,6505,12085,0,23.1,0,265,445,25,20,9,250,2350,394,281,77,0.785,0.2,0.54,"special_gw;basic_hp;basic_power;basic_hp;basic_hp;basic_armor;basic_mr"
63,0,358,152,34,bot0_2,Doctor,0,SUPPORT,physical,5,1,17,22,7785,5348,10177,9832,15.6,28.6,209,285,23,26,11,116,3691,618,343,15,0.959,0.8,0.53,"basic_hp;basic_hp;special_heal_power;basic_mr;basic_armor;basic_hp;basic_mr;basic_armor;basic_hp;basic_power;basic_hp;basic_as"
63,0,358,152,34,bot1_2,Quiller,1,SLAYER,physical,4,7,3,1,9316,6617,7688,250,25.2,1,283,485,27,21,9,161,2786,467,262,96,0.733,0.7,0.86,"special_lifesteal;basic_power;basic_power;basic_power;basic_hp;basic_as;basic_hp;basic_armor;basic_mr"
63,0,358,152,34,bot0_3,Fusilier,0,SLAYER,physical,15,1,10,25,23261,15246,5504,471,44.5,1.4,393,785,64,14,12,297,4722,791,342,16,0.956,2.5,2.77,"special_lifesteal;basic_power;basic_hp;basic_power;basic_hp;basic_hp;basic_as;basic_mr;basic_as;basic_power;basic_as;basic_armor;basic_mr;basic_hp;basic_power"
63,0,358,152,34,bot1_3,Jailer,1,TANK,magical,1,6,5,1,13884,8503,8964,0,30.6,0,514,629,25,23,9,137,2487,417,278,80,0.776,0.2,0.95,"basic_hp;basic_hp;special_gw;basic_armor;basic_mr;basic_hp;basic_haste;basic_power"
63,0,358,152,34,bot0_4,Cleric,0,SUPPORT,magical,3,2,20,11.5,10971,7797,7787,6880,23.4,20.7,272,330,60,47,11,330,3580,600,333,25,0.929,0.5,1,"special_heal_power;basic_hp;basic_hp;basic_hp;basic_power;basic_power;basic_hp;basic_haste;basic_mr;basic_power;basic_armor"
63,0,358,152,34,bot1_4,Mage,1,MAGE,magical,1,9,6,0.78,10117,5686,8816,226,23.6,0.9,360,405,35,12,10,276,2601,436,241,117,0.673,0.2,0.64,"special_lifesteal;basic_power;basic_hp;basic_armor;basic_haste;basic_power;basic_hp;basic_mr"
64,1,325,10,150,bot0_1,Lynx,0,SLAYER,physical,1,6,2,0.5,5720,2678,9632,0,10.3,0,349,490,33,28,8,77,2177,401,259,66,0.796,0.2,0.28,"basic_hp;basic_hp;basic_hp;basic_mr;basic_power;basic_mr;basic_armor;basic_as"
64,1,325,10,150,bot1_1,Volstrov,1,MAGE,magical,8,2,12,10,10114,5619,3682,306,18.8,1,284,500,14,17,11,63,3913,721,299,26,0.919,1.5,1.53,"special_lifesteal;basic_power;basic_hp;basic_power;basic_hp;basic_haste;basic_hp;basic_mr;basic_power;basic_hp;basic_haste;basic_power;basic_armor"
64,1,325,10,150,bot0_2,Tamer,0,MAGE,magical,3,9,1,0.44,11889,4767,8766,3256,21.7,14.8,264,413,27,14,9,215,2540,468,220,105,0.676,0.6,0.54,"special_lifesteal;basic_power;basic_power;basic_hp;basic_mr;basic_haste;basic_armor;basic_hp"
64,1,325,10,150,bot1_2,Jirina,1,FIGHTER,magical,2,0,13,15,7344,3111,2849,1383,9.6,4.2,425,425,30,8,10,201,2976,549,325,0,1,0.4,1.09,"basic_hp;basic_hp;basic_mr;basic_hp;basic_armor;basic_hp;basic_mr;basic_hp;basic_power;basic_haste"
64,1,325,10,150,bot0_3,Eggchanter,0,SUPPORT,magical,0,8,3,0.38,3659,1670,11390,2705,7.4,11.9,118,178,19,13,8,189,2089,385,227,99,0.697,0,0.15,"basic_hp;basic_hp;basic_mr;basic_hp;basic_armor;basic_haste;basic_hp"
64,1,325,10,150,bot1_3,Reaper,1,SPLITPUSHER,magical,15,1,15,30,40417,22684,4439,1008,72.3,3.2,1410,2646,52,25,12,44,4594,847,314,12,0.964,2.8,5.11,"special_lifesteal;basic_power;basic_power;basic_hp;basic_power;basic_power;basic_hp;basic_power;basic_haste;basic_haste;basic_hp;basic_haste;basic_mr;basic_armor;basic_power"
64,1,325,10,150,bot0_4,Bruiser,0,FIGHTER,physical,0,7,3,0.43,5699,1944,11094,0,8.3,0,227,338,31,25,9,47,2122,391,235,91,0.721,0,0.18,"basic_hp;basic_hp;basic_hp;basic_mr;basic_power;basic_armor;basic_as;basic_haste"
64,1,325,10,150,bot1_4,Quiller,1,SLAYER,physical,5,1,19,24,12685,7157,2260,356,23.2,1.2,280,512,46,25,11,1,3801,701,308,18,0.946,0.9,3.17,"special_lifesteal;basic_hp;basic_hp;basic_power;basic_hp;basic_as;basic_armor;basic_as;basic_power;basic_hp;basic_as;basic_mr;basic_mr"
65,1,387,59,151,bot0_1,Jirina,0,FIGHTER,magical,2,7,3,0.71,8790,4788,11447,1669,14.7,5.1,462,505,31,8,9,149,2624,406,327,61,0.844,0.3,0.42,"basic_hp;basic_hp;basic_hp;basic_mr;basic_mr;basic_hp;basic_armor;basic_haste;basic_mr"
65,1,387,59,151,bot1_1,Cleric,1,SUPPORT,magical,5,3,22,9,8710,5383,8512,11674,15.3,33.2,283,344,57,44,12,142,4092,634,351,36,0.907,0.8,0.63,"basic_hp;basic_hp;basic_mr;basic_hp;basic_hp;basic_mr;basic_mr;basic_power;basic_armor;basic_power;basic_hp;basic_mr;basic_haste;basic_armor"
65,1,387,59,151,bot0_2,Wanderer,0,SLAYER,physical,4,7,5,1.29,15812,9120,8132,379,32.1,1.3,545,872,18,16,10,198,3098,480,284,104,0.733,0.6,1.12,"special_lifesteal;basic_power;basic_power;basic_hp;basic_power;basic_as;basic_mr;basic_hp;basic_armor;basic_as"
65,1,387,59,151,bot1_2,Fusilier,1,SLAYER,physical,5,2,20,12.5,19230,12134,5466,539,33.6,1.5,384,663,55,18,12,253,4078,632,361,26,0.932,0.8,2.22,"special_lifesteal;basic_power;basic_as;basic_power;basic_hp;basic_power;basic_as;basic_mr;basic_hp;basic_armor;basic_as;basic_power;basic_hp"
65,1,387,59,151,bot0_3,Reaper,0,SPLITPUSHER,magical,3,6,5,1.33,8966,4725,8331,256,15.4,0.8,552,552,27,16,9,147,2847,441,307,81,0.792,0.5,0.57,"special_lifesteal;basic_power;basic_hp;basic_power;basic_power;basic_hp;basic_power;basic_haste;basic_mr"
65,1,387,59,151,bot1_3,Pyromancer,1,SLAYER,magical,8,3,17,8.33,16168,7672,6194,255,22,0.7,492,725,41,33,12,147,4297,666,348,39,0.899,1.2,1.24,"special_lifesteal;basic_power;basic_power;basic_power;basic_hp;basic_haste;basic_hp;basic_haste;basic_hp;basic_power;basic_mr;basic_mr;basic_power;basic_armor"
65,1,387,59,151,bot0_4,Tamer,0,MAGE,magical,1,8,7,1,11382,7560,9231,2936,27.4,10.6,267,451,25,11,9,247,2647,410,276,111,0.713,0.2,0.82,"special_lifesteal;basic_power;basic_power;basic_hp;basic_hp;basic_hp;basic_mr;basic_mr"
65,1,387,59,151,bot1_4,Mage,1,MAGE,magical,10,2,16,13,23464,10345,8263,681,28.6,1.9,561,772,84,34,12,74,4574,708,361,26,0.932,1.5,1.25,"special_lifesteal;basic_power;basic_hp;basic_power;basic_mr;basic_hp;basic_haste;basic_mr;basic_hp;basic_armor;basic_power;basic_power;basic_hp;basic_hp;basic_mr"
66,0,288,151,0,bot0_1,Kratoma,0,SLAYER,physical,6,0,18,24,10191,4961,2836,0,17.2,0,255,406,24,24,11,22,3547,740,288,0,1,1.3,1.75,"basic_hp;basic_hp;basic_hp;basic_power;basic_mr;basic_as;basic_mr;basic_armor;basic_haste;basic_power;basic_as;basic_hp;basic_mr"
66,0,288,151,0,bot1_1,Eggchanter,1,SUPPORT,magical,0,8,0,0,3190,1520,8912,1587,7.5,7.8,118,197,20,10,8,283,1808,377,204,84,0.708,0,0.17,"special_heal_power;basic_hp;basic_power;basic_armor;basic_haste"
66,0,288,151,0,bot0_2,Ironclad,0,TANK,physical,3,0,20,23,7929,4939,1141,0,17.2,0,290,453,23,16,11,73,3323,693,288,0,1,0.6,4.33,"basic_hp;basic_hp;basic_mr;basic_mr;basic_power;basic_mr;basic_as;basic_hp;basic_haste;basic_mr;basic_armor;basic_power"
66,0,288,151,0,bot1_2,Mage,1,MAGE,magical,0,6,0,0,9322,1730,6408,182,8.2,0.9,301,334,41,15,8,330,1880,392,212,76,0.735,0,0.27,"special_lifesteal;basic_power;basic_hp;basic_power;basic_haste"
66,0,288,151,0,bot0_3,Zephyr,0,SPLITPUSHER,magical,8,0,12,20,10723,5375,3705,548,18.7,1.9,444,458,33,35,11,118,3643,760,288,0,1,1.7,1.45,"special_lifesteal;basic_power;basic_power;basic_hp;basic_power;special_lifesteal;basic_mr;basic_hp;basic_mr;basic_haste;basic_hp"
66,0,288,151,0,bot1_3,Pyromancer,1,SLAYER,magical,0,7,0,0,6428,1852,6389,76,9.2,0.4,251,472,17,12,8,63,1838,383,202,86,0.702,0,0.29,"special_lifesteal;basic_power;basic_hp;basic_armor;basic_haste;basic_mr"
66,0,288,151,0,bot0_4,Fusilier,0,SLAYER,physical,12,0,17,29,22024,13914,1777,682,48.4,2.4,444,808,43,13,11,269,4144,864,288,0,1,2.5,7.83,"special_lifesteal;basic_power;basic_power;basic_power;basic_as;basic_as;basic_power;basic_as;basic_hp;basic_power;basic_hp;basic_mr;basic_haste"
66,0,288,151,0,bot1_4,Cleric,1,SUPPORT,magical,0,8,0,0,4610,2404,10111,1407,11.9,7,278,338,22,18,8,233,1833,382,202,86,0.701,0,0.24,"basic_hp;basic_hp;basic_hp;basic_armor;basic_armor;basic_power"
67,0,475,150,141,bot0_1,Jailer,0,TANK,magical,4,4,12,4,18154,10032,10111,0,24.3,0,420,685,46,32,12,18,3868,488,412,63,0.867,0.5,0.99,"basic_hp;basic_hp;basic_mr;basic_hp;basic_mr;basic_power;basic_armor;basic_haste;basic_as;basic_armor;basic_power;basic_hp;basic_mr;basic_mr"
67,0,475,150,141,bot1_1,Summoner,1,MAGE,magical,5,4,16,5.25,11026,5335,6397,696,12.8,1.7,168,242,56,28,12,93,4193,529,416,59,0.875,0.6,0.83,"special_lifesteal;special_lifesteal;basic_hp;basic_power;basic_hp;basic_mr;basic_haste;basic_power;basic_mr;basic_hp;basic_hp;basic_power;basic_armor"
67,0,475,150,141,bot0_2,Volstrov,0,MAGE,magical,5,6,10,2.5,18539,8390,9959,358,21.9,0.9,339,818,15,25,12,129,3929,496,383,93,0.805,0.6,0.84,"basic_hp;basic_hp;special_lifesteal;basic_mr;basic_mr;basic_power;basic_haste;basic_power;basic_hp;basic_armor;basic_haste;basic_hp;basic_mr"
67,0,475,150,141,bot1_2,Reaper,1,SPLITPUSHER,magical,5,4,12,4.25,17335,9145,6681,770,22.1,1.9,536,948,61,36,12,263,4038,509,414,61,0.871,0.6,1.37,"special_lifesteal;special_lifesteal;basic_power;basic_hp;basic_mr;basic_power;basic_haste;basic_hp;basic_mr;basic_armor;basic_power;basic_hp"
67,0,475,150,141,bot0_3,Eggchanter,0,SUPPORT,magical,4,5,12,3.2,8254,3805,9428,5965,9.5,14.9,130,210,35,20,12,9,3834,484,399,76,0.84,0.5,0.4,"special_heal_power;special_heal_power;basic_hp;basic_mr;basic_haste;basic_hp;basic_hp;basic_mr;basic_armor;basic_power;basic_hp;basic_mr"
67,0,475,150,141,bot1_3,Mage,1,MAGE,magical,5,5,17,4.4,19143,11780,7382,478,25.5,1,582,743,59,25,12,189,4264,538,462,14,0.971,0.6,1.6,"special_gw;special_lifesteal;basic_hp;basic_power;basic_power;basic_hp;basic_mr;basic_haste;basic_mr;basic_hp;basic_haste;basic_power;basic_hp"
67,0,475,150,141,bot0_4,Goliath,0,TANK,physical,3,7,13,2.29,12961,6377,15973,1896,17.4,5.2,428,552,43,27,11,140,3665,462,366,109,0.77,0.4,0.4,"basic_hp;basic_hp;special_gw;basic_mr;basic_hp;basic_power;basic_mr;basic_power;basic_as;basic_armor;basic_hp;basic_mr"
67,0,475,150,141,bot1_4,Ironclad,1,TANK,physical,7,3,15,7.33,18260,10950,11320,0,25.2,0,428,678,42,29,13,227,4527,571,435,41,0.914,0.9,0.97,"special_gw;special_gw;basic_hp;basic_hp;basic_power;basic_hp;basic_mr;basic_hp;basic_mr;basic_hp;basic_armor;basic_mr;basic_hp"
68,0,399,152,67,bot0_1,Bruiser,0,FIGHTER,physical,9,4,17,6.5,18146,10123,7029,579,29.1,1.7,517,763,57,41,13,91,4816,724,348,52,0.871,1.4,1.44,"special_lifesteal;basic_power;basic_hp;basic_power;basic_power;basic_as;basic_hp;basic_as;basic_mr;basic_hp;basic_as;basic_armor;basic_power;basic_mr;basic_power;basic_armor"
68,0,399,152,67,bot1_1,Eggchanter,1,SUPPORT,magical,1,6,10,1.83,6554,3913,13312,5782,12,17.7,131,185,40,19,10,264,2939,442,326,73,0.818,0.2,0.29,"basic_hp;basic_hp;basic_hp;basic_mr;basic_armor;basic_haste;basic_power;basic_hp;basic_as;basic_mr"
68,0,399,152,67,bot0_2,Goliath,0,TANK,physical,9,1,19,28,22324,12438,8373,3228,32.1,8.3,431,564,44,30,13,139,4914,739,387,12,0.971,1.4,1.49,"special_gw;basic_hp;basic_hp;basic_hp;basic_mr;basic_power;basic_hp;basic_mr;basic_power;basic_mr;basic_hp;basic_armor;basic_as;basic_armor;basic_mr;basic_power"
68,0,399,152,67,bot1_2,Wanderer,1,SLAYER,physical,5,6,6,1.83,19558,12386,10618,0,39.9,0,725,1189,26,19,11,96,3396,510,311,89,0.778,0.8,1.17,"basic_hp;basic_hp;basic_hp;basic_hp;basic_mr;basic_armor;basic_power;basic_as;basic_hp;basic_haste;basic_armor;basic_mr"
68,0,399,152,67,bot0_3,Hana,0,TANK,magical,3,3,25,9.33,18023,10742,10603,0,29.7,0,516,696,23,46,13,40,4290,645,361,38,0.905,0.5,1.01,"basic_hp;basic_hp;basic_hp;basic_mr;basic_armor;basic_power;basic_hp;basic_mr;basic_mr;basic_haste;basic_hp;basic_armor;basic_power;basic_mr;basic_armor"
68,0,399,152,67,bot1_3,Cleric,1,SUPPORT,magical,1,9,9,1.11,7099,4711,12056,5008,15,16,312,372,41,36,10,190,2840,427,313,86,0.785,0.2,0.39,"special_gw;basic_hp;basic_hp;basic_mr;basic_armor;basic_power;basic_hp;basic_armor;basic_mr"
68,0,399,152,67,bot0_4,Mage,0,MAGE,magical,8,3,16,8,23149,10980,4944,554,31.2,1.6,585,836,63,27,13,97,4522,680,351,48,0.88,1.2,2.22,"special_lifesteal;basic_power;basic_power;basic_hp;basic_mr;basic_hp;basic_haste;basic_haste;basic_power;basic_armor;basic_hp;basic_mr;basic_armor;basic_power;basic_power"
68,0,399,152,67,bot1_4,Summoner,1,MAGE,magical,4,8,6,1.25,7516,2806,10606,225,8.9,0.7,158,225,44,22,10,184,3059,460,315,84,0.79,0.6,0.26,"special_lifesteal;basic_power;basic_hp;basic_power;basic_haste;basic_mr;basic_hp;basic_haste;basic_armor;basic_armor"
69,0,354,151,51,bot0_1,Eggchanter,0,SUPPORT,magical,1,3,16,5.67,7613,3610,8095,7423,11.3,23.3,146,216,33,20,11,167,3117,528,319,35,0.901,0.2,0.45,"special_heal_power;basic_hp;basic_hp;basic_hp;basic_power;basic_mr;basic_hp;basic_power;basic_armor;basic_haste"
69,0,354,151,51,bot1_1,Tamer,1,MAGE,magical,6,5,5,2.2,17286,10817,7831,4117,38.9,14.8,299,564,36,17,11,255,3455,585,278,76,0.785,1,1.38,"special_lifesteal;basic_power;basic_hp;basic_haste;basic_mr;basic_armor;basic_power;basic_hp;basic_hp;basic_haste;basic_power"
69,0,354,151,51,bot0_2,Vanguard,0,FIGHTER,physical,8,3,12,6.67,17488,9528,7903,0,30.4,0,391,638,45,31,11,69,3844,651,313,41,0.884,1.4,1.21,"special_gw;basic_hp;basic_hp;basic_hp;basic_power;basic_power;basic_armor;basic_mr;basic_hp;basic_as;basic_armor;basic_mr;basic_as"
69,0,354,151,51,bot1_2,Kratoma,1,SLAYER,physical,3,5,8,2.2,14309,8610,7095,304,30.4,1.1,319,767,21,18,10,35,3035,514,284,70,0.801,0.5,1.21,"special_lifesteal;basic_power;basic_power;basic_power;basic_as;basic_as;basic_hp;basic_power;basic_as;basic_mr"
69,0,354,151,51,bot0_3,Hana,0,TANK,magical,8,2,12,10,18792,9409,8038,0,28.8,0,302,611,20,30,11,79,3829,649,327,27,0.923,1.4,1.17,"basic_hp;basic_hp;basic_hp;basic_armor;basic_mr;basic_hp;special_gw;basic_mr;basic_armor;basic_hp;basic_hp;basic_armor"
69,0,354,151,51,bot1_3,Fusilier,1,SLAYER,physical,0,6,9,1.5,8344,4313,6561,0,15.7,0,369,417,31,13,9,172,2547,432,275,79,0.777,0,0.66,"basic_hp;basic_hp;basic_hp;basic_mr;basic_armor;basic_mr;basic_armor;basic_power;basic_as"
69,0,354,151,51,bot0_4,Ironclad,0,TANK,physical,4,3,16,6.67,7728,5207,11259,0,16.6,0,254,331,33,20,11,74,3474,589,314,40,0.887,0.7,0.46,"basic_hp;basic_hp;basic_hp;basic_armor;basic_hp;basic_armor;basic_mr;basic_hp;basic_power;basic_as;basic_haste;basic_hp"
69,0,354,151,51,bot1_4,Jailer,1,TANK,magical,2,5,9,2.2,13171,7042,8984,0,25.2,0,471,584,28,24,11,235,3010,510,279,75,0.788,0.3,0.78,"basic_hp;basic_hp;basic_hp;basic_mr;basic_hp;basic_armor;basic_haste;basic_mr;basic_power;basic_hp"
70,0,288,152,12,bot0_1,Lynx,0,SLAYER,physical,14,1,8,22,19341,9088,4764,638,32.8,2.3,696,1334,60,35,11,102,4152,866,277,11,0.963,2.9,1.91,"special_lifesteal;basic_power;basic_as;basic_power;basic_hp;basic_power;basic_as;basic_power;basic_hp;basic_as;basic_power;basic_as;basic_as"
70,0,288,152,12,bot1_1,Tamer,1,MAGE,magical,0,7,5,0.71,6790,3526,7450,1559,17.9,7.9,210,367,16,7,8,268,2093,436,197,91,0.685,0,0.47,"special_lifesteal;basic_hp;basic_power;basic_hp;basic_power;basic_mr"
70,0,288,152,12,bot0_2,Mage,0,MAGE,magical,5,2,19,12,13646,7328,3395,448,26.7,1.6,675,716,54,22,11,236,3511,732,274,14,0.952,1,2.16,"special_lifesteal;basic_power;basic_power;basic_hp;basic_hp;basic_armor;basic_haste;basic_hp;basic_power;basic_armor;basic_hp"
70,0,288,152,12,bot1_2,Ironclad,1,TANK,physical,1,6,3,0.67,4032,1712,10857,0,8.1,0,202,234,20,12,8,165,2015,420,211,77,0.733,0.2,0.16,"basic_hp;basic_hp;basic_hp;basic_mr;basic_mr;basic_armor;basic_power"
70,0,288,152,12,bot0_3,Hana,0,TANK,magical,8,0,21,29,18695,11498,3617,0,40,0,608,842,14,40,11,107,3932,820,288,0,1,1.7,3.18,"basic_hp;basic_hp;basic_hp;basic_armor;basic_hp;basic_armor;basic_mr;basic_mr;basic_haste;basic_haste;basic_armor;basic_power;basic_as;basic_mr"
70,0,288,152,12,bot1_3,Doctor,1,SUPPORT,physical,1,8,5,0.75,5596,4017,10174,2111,21.3,11.2,248,380,24,11,8,237,2112,440,188,99,0.654,0.2,0.39,"basic_hp;basic_hp;basic_mr;basic_power;basic_mr;basic_power;basic_hp"
70,0,288,152,12,bot0_4,Jailer,0,TANK,magical,2,3,19,7,11998,7215,4229,0,28.9,0,347,691,23,18,10,311,3011,628,250,38,0.868,0.4,1.71,"special_gw;basic_hp;basic_power;basic_hp;basic_hp;basic_armor;basic_power;basic_hp;basic_mr"
70,0,288,152,12,bot1_4,Fusilier,1,SLAYER,physical,4,8,2,0.75,7638,4070,7875,178,22.3,1,273,475,23,9,9,126,2476,516,182,105,0.634,0.8,0.52,"special_lifesteal;basic_power;basic_hp;basic_as;basic_power;basic_hp;basic_mr;basic_as"
71,0,376,151,57,bot0_1,Reaper,0,SPLITPUSHER,magical,13,4,16,7.25,20494,15005,6421,738,46.7,2.3,1117,1367,45,21,13,124,4949,790,321,55,0.855,2.1,2.34,"special_lifesteal;basic_power;basic_hp;basic_power;basic_power;basic_haste;basic_hp;basic_power;basic_power;basic_hp;basic_haste;basic_armor;basic_haste;basic_mr;basic_armor;basic_power"
71,0,376,151,57,bot1_1,Lynx,1,SLAYER,physical,7,8,8,1.88,14689,9025,11179,487,31.2,1.7,473,721,48,40,10,49,3549,567,289,87,0.769,1.1,0.81,"special_lifesteal;basic_power;basic_power;basic_hp;basic_power;basic_as;basic_hp;basic_hp;basic_mr;basic_armor;basic_as;basic_as"
71,0,376,151,57,bot0_2,Wanderer,0,SLAYER,physical,1,4,20,5.25,13135,7090,5822,365,22.1,1.1,522,750,20,16,10,276,3226,515,320,56,0.852,0.2,1.22,"special_lifesteal;basic_power;basic_hp;basic_power;basic_hp;basic_as;basic_armor;basic_power;basic_as;basic_hp"
71,0,376,151,57,bot1_2,Jirina,1,FIGHTER,magical,3,7,11,2,11003,5670,14678,4377,20.3,15.7,404,517,36,19,10,105,3055,488,279,97,0.742,0.5,0.39,"basic_hp;basic_hp;basic_hp;basic_power;basic_power;basic_mr;basic_armor;basic_haste;basic_hp;basic_as;basic_mr"
71,0,376,151,57,bot0_3,Vanguard,0,FIGHTER,physical,7,3,17,8,16662,9953,8184,538,29.5,1.6,361,659,51,34,11,195,3970,634,338,38,0.899,1.1,1.22,"special_lifesteal;basic_power;basic_power;basic_hp;basic_as;basic_hp;basic_power;basic_armor;basic_mr;basic_as;basic_hp;basic_armor;basic_as"
71,0,376,151,57,bot1_3,Fusilier,1,SLAYER,physical,4,9,10,1.56,11077,6085,9791,295,23.7,1.1,314,544,38,11,10,32,3207,512,257,119,0.684,0.6,0.62,"special_lifesteal;basic_power;basic_power;basic_hp;basic_as;basic_mr;basic_hp;basic_power;basic_armor;basic_as;basic_mr"
71,0,376,151,57,bot0_4,Tamer,0,MAGE,magical,11,4,18,7.25,19325,12811,5781,5497,40.8,17.5,432,680,42,17,13,243,4693,749,314,61,0.836,1.8,2.22,"special_lifesteal;basic_power;basic_power;basic_power;basic_hp;basic_hp;basic_haste;basic_armor;basic_mr;basic_haste;basic_power;basic_hp;basic_power;basic_haste;basic_armor"
71,0,376,151,57,bot1_4,Doctor,1,SUPPORT,physical,1,8,13,1.75,5066,3337,11496,2815,12.1,10.2,139,276,22,15,10,242,2867,458,276,100,0.734,0.2,0.29,"basic_hp;basic_hp;basic_mr;basic_armor;basic_hp;basic_mr;basic_power;basic_as;basic_haste;basic_armor"
72,0,376,150,50,bot0_1,Bruiser,0,FIGHTER,physical,9,1,16,25,20806,13748,6604,0,37.8,0,395,623,71,39,11,101,4251,679,364,12,0.969,1.4,2.08,"special_gw;basic_hp;basic_hp;basic_power;basic_hp;basic_hp;basic_armor;basic_mr;basic_power;basic_mr;basic_hp;basic_armor;basic_power;basic_as"
72,0,376,150,50,bot1_1,Mage,1,MAGE,magical,3,6,5,1.33,18444,8673,9283,0,30.1,0,692,755,57,23,10,156,2956,472,288,88,0.766,0.5,0.93,"basic_hp;basic_hp;basic_hp;basic_mr;basic_hp;basic_armor;basic_armor;basic_hp;basic_haste;basic_mr"
72,0,376,150,50,bot0_2,Healer,0,SUPPORT,magical,3,2,22,12.5,11379,8611,9719,11234,24.3,31.7,148,206,66,24,11,139,3614,577,354,21,0.943,0.5,0.89,"basic_hp;basic_hp;basic_hp;basic_mr;basic_hp;basic_mr;basic_hp;basic_armor;basic_armor;basic_power;basic_hp;basic_mr"
72,0,376,150,50,bot1_2,Goliath,1,TANK,physical,1,7,5,0.86,8176,4541,12386,1140,15.7,4,595,646,36,17,9,46,2471,395,289,87,0.768,0.2,0.37,"basic_hp;basic_hp;basic_hp;basic_armor;basic_hp;basic_mr;basic_armor;basic_power;basic_as"
72,0,376,150,50,bot0_3,Oracle,0,MAGE,physical,9,2,13,11,15429,9983,5789,423,28.5,1.2,470,607,28,28,11,39,4139,661,350,25,0.933,1.4,1.72,"special_lifesteal;basic_power;basic_power;basic_hp;basic_power;basic_as;basic_hp;basic_as;basic_as;basic_mr;basic_mr;basic_hp;basic_armor;basic_power"
72,0,376,150,50,bot1_3,Ironclad,1,TANK,physical,2,7,4,0.86,9210,5573,14163,0,19.5,0,534,700,29,18,10,17,2717,434,286,90,0.761,0.3,0.39,"basic_hp;basic_hp;basic_hp;basic_mr;basic_armor;basic_power;basic_armor;basic_mr;basic_as;basic_hp"
72,0,376,150,50,bot0_4,Summoner,0,MAGE,magical,5,3,20,8.33,10290,7878,6333,269,23.1,0.8,203,270,59,29,11,185,3860,616,342,34,0.909,0.8,1.24,"special_lifesteal;basic_power;basic_hp;basic_hp;basic_power;basic_hp;basic_hp;basic_haste;basic_mr;basic_power;basic_power;basic_hp"
72,0,376,150,50,bot1_4,Hana,1,TANK,magical,2,6,4,1,13315,7297,13492,0,21.9,0,488,748,14,37,10,275,2700,431,334,42,0.888,0.3,0.54,"basic_hp;basic_hp;basic_hp;basic_armor;basic_mr;basic_hp;basic_haste;basic_armor;basic_power"
73,1,428,98,152,bot0_1,Eggchanter,0,SUPPORT,magical,0,6,6,1,7183,4013,9233,3791,11.8,11.1,109,167,37,20,10,238,2688,376,341,88,0.795,0,0.43,"special_gw;basic_hp;basic_hp;basic_hp;basic_mr;basic_mr;basic_hp;basic_armor"
73,1,428,98,152,bot1_1,Vanguard,1,FIGHTER,physical,9,2,17,13,21976,12586,10810,540,31.4,1.3,700,1030,70,41,13,271,4721,661,401,27,0.936,1.3,1.16,"special_lifesteal;basic_power;basic_power;basic_as;basic_as;basic_hp;basic_power;basic_power;basic_hp;basic_as;basic_hp;basic_mr;basic_power;basic_mr;basic_armor"
73,1,428,98,152,bot0_2,Zephyr,0,SPLITPUSHER,magical,4,6,4,1.33,11110,7463,8749,357,22,1.1,481,561,38,34,10,86,3061,429,339,90,0.791,0.6,0.85,"special_lifesteal;basic_power;basic_power;basic_hp;basic_haste;basic_power;basic_power;basic_mr;basic_hp;basic_haste"
73,1,428,98,152,bot1_2,Hana,1,TANK,magical,9,2,17,13,13986,7519,7493,0,18.6,0,509,776,11,57,13,251,4776,669,403,25,0.941,1.3,1,"special_gw;basic_hp;basic_power;basic_hp;basic_mr;basic_hp;basic_haste;basic_hp;basic_mr;basic_hp;basic_mr;basic_armor;basic_power;basic_hp;basic_haste"
73,1,428,98,152,bot0_3,Pyromancer,0,SLAYER,magical,3,7,5,1.14,10976,7895,10137,205,23.7,0.6,331,514,28,18,10,51,2976,417,333,96,0.777,0.4,0.78,"special_lifesteal;special_gw;basic_power;basic_hp;basic_mr;basic_power;basic_hp;basic_hp;basic_mr"
73,1,428,98,152,bot1_3,Jirina,1,FIGHTER,magical,5,2,22,13.5,19014,9312,7710,4488,22.4,10.8,428,532,61,20,13,56,4506,631,415,14,0.968,0.7,1.21,"basic_hp;basic_hp;special_lifesteal;basic_mr;basic_hp;basic_power;basic_hp;basic_mr;basic_armor;basic_haste;special_lifesteal;basic_mr;basic_hp;basic_power"
73,1,428,98,152,bot0_4,Quiller,0,SLAYER,physical,1,9,6,0.78,11764,7367,9097,341,21.7,1,233,421,45,28,10,155,2780,389,340,89,0.793,0.1,0.81,"special_lifesteal;basic_hp;basic_as;basic_hp;basic_power;basic_mr;basic_hp;basic_armor;basic_power"
73,1,428,98,152,bot1_4,Cleric,1,SUPPORT,magical,5,2,19,12,10734,5255,5028,7991,13,19.8,386,449,56,50,13,309,4309,603,403,25,0.941,0.7,1.05,"basic_hp;basic_hp;basic_hp;basic_mr;basic_hp;basic_mr;basic_mr;basic_armor;basic_armor;basic_power;basic_mr;basic_armor;basic_hp;basic_power"
74,0,440,150,73,bot0_1,Jailer,0,TANK,magical,8,3,17,8.33,22519,13266,10295,0,33.4,0,580,814,42,37,12,202,4452,607,397,43,0.902,1.1,1.29,"basic_hp;basic_hp;basic_hp;basic_hp;basic_mr;basic_armor;basic_power;basic_haste;basic_as;basic_hp;basic_hp;basic_mr;basic_mr;basic_armor;basic_power"
74,0,440,150,73,bot1_1,Mage,1,MAGE,magical,4,7,10,2,16991,9553,11194,384,28.1,1.1,646,725,70,25,11,110,3585,489,340,101,0.772,0.5,0.85,"special_lifesteal;basic_power;basic_power;basic_hp;basic_hp;basic_mr;basic_haste;basic_hp;basic_mr;basic_power;basic_armor;basic_haste"
74,0,440,150,73,bot0_2,Wanderer,0,SLAYER,physical,8,4,16,6,17148,11288,9992,395,29.6,1,566,1102,22,21,12,103,4353,593,382,59,0.867,1.1,1.13,"basic_hp;basic_hp;special_lifesteal;basic_hp;basic_as;basic_mr;basic_power;basic_as;basic_armor;basic_as;basic_hp;basic_hp;basic_power;basic_hp"
74,0,440,150,73,bot1_2,Lynx,1,SLAYER,physical,3,7,9,1.71,11572,7896,11366,0,23.2,0,428,703,45,45,11,333,3283,447,341,99,0.774,0.4,0.69,"special_gw;basic_hp;basic_power;basic_mr;basic_as;basic_hp;basic_hp;basic_power;basic_armor;basic_hp"
74,0,440,150,73,bot0_3,Cleric,0,SUPPORT,magical,5,4,23,7,10834,7976,9456,10026,21.1,26.5,424,498,55,45,12,166,4341,592,379,61,0.86,0.7,0.84,"special_gw;basic_hp;basic_hp;basic_power;basic_hp;basic_power;basic_hp;basic_hp;basic_mr;basic_power;basic_haste;basic_mr;basic_armor;basic_mr"
74,0,440,150,73,bot1_3,Volstrov,1,MAGE,magical,5,7,6,1.57,18257,11476,10544,472,31.6,1.3,294,560,22,23,11,73,3598,490,363,77,0.825,0.7,1.09,"special_lifesteal;basic_power;basic_power;basic_power;basic_hp;basic_hp;basic_hp;basic_mr;basic_haste;basic_armor;basic_power;basic_mr"
74,0,440,150,73,bot0_4,Zephyr,0,SPLITPUSHER,magical,10,3,18,9.33,24761,14425,8118,587,36.8,1.5,702,1157,50,56,13,119,4844,660,392,48,0.891,1.4,1.78,"special_lifesteal;basic_power;basic_power;basic_hp;basic_power;basic_hp;basic_mr;basic_haste;basic_hp;basic_armor;basic_hp;basic_haste;basic_mr;basic_power;basic_haste;basic_mr"
74,0,440,150,73,bot1_4,Doctor,1,SUPPORT,physical,2,10,11,1.3,7001,6038,15673,8082,17.4,23.3,180,272,28,20,10,275,3200,436,346,94,0.786,0.3,0.39,"basic_hp;basic_hp;basic_mr;basic_power;basic_mr;basic_armor;basic_as;basic_haste;basic_hp;basic_power;basic_mr"
75,1,317,39,150,bot0_1,Quiller,0,SLAYER,physical,0,6,2,0.33,10331,3271,7140,319,13.5,1.3,264,510,30,19,8,213,2013,381,242,75,0.763,0,0.46,"special_lifesteal;basic_hp;basic_power;basic_as;basic_hp;basic_mr"
75,1,317,39,150,bot1_1,Tamer,1,MAGE,magical,6,2,14,10,13303,7971,4632,2600,27.5,9,302,506,38,11,11,36,3511,664,290,27,0.914,1.1,1.72,"basic_hp;basic_hp;basic_hp;basic_power;basic_mr;basic_power;basic_mr;basic_mr;basic_hp;basic_hp;basic_haste;basic_hp"
75,1,317,39,150,bot0_2,Mage,0,MAGE,magical,2,7,0,0.29,9342,4038,9396,170,17.1,0.7,403,520,32,13,8,120,2195,415,236,80,0.746,0.4,0.43,"special_lifesteal;basic_power;basic_hp;basic_power;basic_mr;basic_hp;basic_haste"
75,1,317,39,150,bot1_2,Bruiser,1,FIGHTER,physical,7,1,15,22,15834,8174,4010,0,26.9,0,259,501,49,29,10,163,3613,684,304,13,0.96,1.3,2.04,"basic_hp;basic_hp;basic_hp;basic_hp;basic_mr;basic_power;basic_mr;basic_hp;basic_armor;basic_as;basic_mr;basic_hp"
75,1,317,39,150,bot0_3,Pyromancer,0,SLAYER,magical,0,7,2,0.29,8860,2951,6481,106,11.6,0.4,284,414,21,16,8,188,2013,381,255,62,0.804,0,0.46,"special_lifesteal;basic_power;basic_hp;basic_mr;basic_power;basic_hp"
75,1,317,39,150,bot1_3,Cleric,1,SUPPORT,magical,5,2,20,12.5,7320,5396,5635,8253,17.6,26.9,318,376,47,37,11,109,3584,678,307,10,0.969,0.9,0.96,"basic_hp;basic_hp;basic_mr;basic_mr;basic_hp;basic_hp;basic_armor;basic_hp;basic_mr;basic_haste;basic_hp;basic_armor"
75,1,317,39,150,bot0_4,Volstrov,0,MAGE,magical,3,8,2,0.63,8952,6017,10120,0,27.8,0,223,388,17,16,9,248,2523,477,216,101,0.682,0.6,0.59,"basic_hp;basic_hp;basic_hp;basic_mr;basic_mr;basic_hp;basic_haste;basic_hp"
75,1,317,39,150,bot1_4,Reaper,1,SPLITPUSHER,magical,10,0,13,23,15467,9347,5117,566,29.5,1.8,430,663,50,27,11,37,3987,755,317,0,1,1.9,1.83,"basic_hp;basic_hp;special_lifesteal;basic_mr;basic_power;basic_mr;basic_hp;basic_haste;basic_mr;basic_power;basic_hp;basic_mr;basic_hp"
76,0,267,150,2,bot0_1,Zephyr,0,SPLITPUSHER,magical,8,0,16,24,18100,10867,2882,529,40.7,2,385,601,36,30,11,314,3639,818,267,0,1,1.8,3.77,"special_lifesteal;basic_power;basic_hp;basic_power;basic_hp;basic_haste;basic_mr;basic_haste;basic_power;basic_power;basic_power"
76,0,267,150,2,bot1_1,Cleric,1,SUPPORT,magical,0,6,2,0.33,3691,2145,8471,2576,11.2,13.4,222,282,24,14,8,245,1820,409,192,75,0.719,0,0.25,"basic_hp;basic_hp;basic_hp;basic_mr;basic_armor;basic_power"
76,0,267,150,2,bot0_2,Vanguard,0,FIGHTER,physical,9,0,13,22,19941,11531,3763,574,43.2,2.2,683,929,45,30,11,248,3773,848,267,0,1,2,3.06,"special_lifesteal;basic_power;basic_as;basic_hp;basic_power;basic_power;basic_mr;basic_as;basic_armor;basic_power;basic_hp;basic_as"
76,0,267,150,2,bot1_2,Summoner,1,MAGE,magical,1,6,1,0.33,6058,2710,6488,153,12.6,0.7,167,232,30,17,8,155,1980,445,214,53,0.803,0.2,0.42,"special_lifesteal;basic_power;basic_power;basic_hp;basic_haste;basic_hp"
76,0,267,150,2,bot0_3,Quiller,0,SLAYER,physical,7,0,13,20,14866,6890,3498,573,25.8,2.1,275,536,41,25,10,231,3431,771,267,0,1,1.6,1.97,"special_lifesteal;basic_power;basic_hp;basic_as;basic_power;basic_mr;basic_hp;basic_armor;basic_power;basic_as;basic_hp"
76,0,267,150,2,bot1_3,Bruiser,1,FIGHTER,physical,0,6,1,0.17,4635,2102,7747,0,10.8,0,228,356,28,23,7,235,1760,396,194,73,0.726,0,0.27,"special_gw;basic_hp;basic_power;basic_armor;basic_mr"
76,0,267,150,2,bot0_4,Eggchanter,0,SUPPORT,magical,0,2,22,11,5337,3610,5993,5729,14.8,23.5,150,264,22,12,10,163,2813,632,243,23,0.912,0,0.6,"special_gw;basic_hp;basic_hp;basic_mr;basic_armor;basic_power;basic_hp;basic_mr;basic_armor"
76,0,267,150,2,bot1_4,Ironclad,1,TANK,physical,1,6,1,0.33,8726,4635,11884,0,24.4,0,239,435,20,13,8,69,1944,437,190,77,0.712,0.2,0.39,"basic_hp;basic_hp;basic_hp;basic_armor;basic_armor;basic_mr;basic_mr"
77,1,335,15,152,bot0_1,Eggchanter,0,SUPPORT,magical,0,7,2,0.29,4227,2474,11164,2237,10,9,126,202,24,11,8,222,2072,371,248,87,0.74,0,0.22,"basic_hp;basic_hp;basic_hp;basic_mr;basic_armor;basic_power;basic_mr"
77,1,335,15,152,bot1_1,Volstrov,1,MAGE,magical,6,2,15,10.5,8271,4449,3055,170,13.9,0.5,300,535,6,6,11,387,3687,661,319,16,0.953,1.1,1.46,"special_lifesteal;basic_hp;basic_hp;basic_hp;basic_power;basic_power;basic_mr;basic_hp;basic_armor;basic_haste;basic_hp"
77,1,335,15,152,bot0_2,Oracle,0,MAGE,physical,1,6,2,0.5,8315,3815,7774,167,14.9,0.7,363,487,16,16,9,168,2268,407,257,78,0.767,0.2,0.49,"special_lifesteal;basic_power;basic_as;basic_hp;basic_power;basic_power;basic_mr"
77,1,335,15,152,bot1_2,Zephyr,1,SPLITPUSHER,magical,7,1,16,23,11482,7469,5521,106,23.6,0.3,527,624,35,36,12,297,3872,694,317,18,0.947,1.3,1.35,"basic_hp;basic_hp;basic_hp;basic_mr;basic_hp;basic_armor;basic_mr;basic_armor;special_lifesteal;basic_power;basic_haste;basic_hp"
77,1,335,15,152,bot0_3,Mage,0,MAGE,magical,0,6,3,0.5,14147,4384,6511,194,17.1,0.8,541,747,51,19,9,114,2164,388,257,78,0.767,0,0.67,"special_lifesteal;basic_power;basic_hp;basic_power;basic_mr;basic_haste;basic_armor"
77,1,335,15,152,bot1_3,Wanderer,1,SLAYER,physical,9,0,16,25,29135,16028,5051,602,47.9,1.8,745,1485,29,22,12,270,4095,734,335,0,1,1.6,3.17,"special_lifesteal;basic_hp;basic_power;basic_hp;basic_as;basic_hp;basic_mr;basic_hp;basic_as;basic_power;basic_as;basic_power;basic_armor"
77,1,335,15,152,bot0_4,Bruiser,0,FIGHTER,physical,2,6,1,0.5,5774,3213,8705,167,12.5,0.6,293,425,34,28,8,205,2255,404,258,77,0.77,0.4,0.37,"special_lifesteal;basic_power;basic_as;basic_hp;basic_mr;basic_armor;basic_power"
77,1,335,15,152,bot1_4,Cleric,1,SUPPORT,magical,3,0,17,20,9570,5163,2035,6106,15.4,18.2,282,342,61,45,11,141,3391,608,335,0,1,0.5,2.54,"special_gw;basic_hp;basic_power;basic_haste;basic_mr;basic_hp;basic_hp;basic_armor;basic_power;basic_power;basic_hp"
78,0,264,151,16,bot0_1,Summoner,0,MAGE,magical,5,1,12,17,6053,4012,1758,240,16.1,1,207,293,34,17,10,48,3098,704,249,15,0.945,1.1,2.28,"special_lifesteal;basic_power;basic_power;basic_power;basic_hp;basic_hp;basic_haste;basic_mr;basic_power;basic_power"
78,0,264,151,16,bot1_1,Pyromancer,1,SLAYER,magical,1,5,3,0.8,10439,2735,6299,0,13.7,0,560,656,20,14,9,292,2142,487,200,64,0.756,0.2,0.43,"basic_hp;basic_hp;basic_hp;basic_mr;basic_haste;basic_mr;basic_power"
78,0,264,151,16,bot0_2,Tamer,0,MAGE,magical,11,1,8,19,13934,7476,2951,2289,30.1,9.2,362,566,32,8,11,24,3874,880,248,16,0.941,2.5,2.53,"special_lifesteal;basic_power;basic_hp;basic_hp;basic_power;basic_hp;basic_power;basic_hp;basic_mr;basic_mr;basic_mr;basic_haste;basic_haste"
78,0,264,151,16,bot1_2,Quiller,1,SLAYER,physical,3,6,1,0.67,9012,3470,5583,291,17.9,1.5,268,460,23,16,8,329,2204,501,194,70,0.734,0.7,0.62,"special_lifesteal;basic_power;basic_as;basic_power;basic_power;basic_as"
78,0,264,151,16,bot0_3,Zephyr,0,SPLITPUSHER,magical,6,1,13,19,9240,4686,4408,359,18.8,1.4,535,659,27,29,10,176,3226,733,250,15,0.945,1.4,1.06,"special_lifesteal;basic_power;basic_power;basic_power;basic_power;basic_power;basic_hp;basic_haste;basic_mr;basic_hp"
78,0,264,151,16,bot1_3,Volstrov,1,MAGE,magical,0,7,3,0.43,6424,3167,7771,137,16.3,0.7,240,390,13,11,8,322,1897,431,195,69,0.738,0,0.41,"special_lifesteal;basic_power;basic_hp;basic_hp;basic_power"
78,0,264,151,16,bot0_4,Jailer,0,TANK,magical,2,1,18,20,10806,7341,3765,0,29.5,0,434,624,23,23,10,198,2948,670,249,16,0.941,0.5,1.95,"basic_hp;basic_hp;basic_hp;basic_mr;basic_mr;basic_mr;basic_armor;basic_armor;basic_haste;basic_hp"
78,0,264,151,16,bot1_4,Eggchanter,1,SUPPORT,magical,0,6,4,0.67,5592,1599,9710,4372,8.2,22.3,111,177,23,12,8,78,1953,444,196,68,0.741,0,0.16,"basic_hp;basic_hp;basic_mr;basic_haste;basic_mr;basic_haste;basic_hp"
79,0,467,150,94,bot0_1,Cleric,0,SUPPORT,magical,5,5,19,4.8,10518,7763,9623,10042,19.9,25.7,335,395,56,46,12,249,4199,539,390,77,0.835,0.6,0.81,"basic_hp;basic_hp;basic_hp;basic_hp;basic_armor;basic_mr;basic_power;basic_mr;basic_hp;basic_armor;basic_haste;basic_as;basic_hp;basic_power"
79,0,467,150,94,bot1_1,Vanguard,1,FIGHTER,physical,3,6,14,2.83,19725,11690,14286,0,29.8,0,509,621,55,38,11,44,3644,468,392,75,0.84,0.4,0.82,"special_gw;basic_hp;basic_mr;basic_power;basic_hp;basic_armor;basic_hp;basic_as;basic_hp;basic_mr;basic_mr;basic_hp"
79,0,467,150,94,bot0_2,Hana,0,TANK,magical,3,5,21,4.8,19152,11835,14979,0,28.2,0,429,702,18,57,12,84,4059,521,420,47,0.9,0.4,0.79,"basic_hp;basic_hp;basic_hp;basic_hp;basic_mr;basic_armor;basic_hp;basic_power;basic_mr;basic_mr;basic_hp;basic_armor;basic_haste;basic_as"
79,0,467,150,94,bot1_2,Volstrov,1,MAGE,magical,1,9,15,1.78,15392,8877,12207,0,22.5,0,254,460,22,22,11,175,3475,446,394,73,0.843,0.1,0.73,"basic_hp;basic_hp;basic_mr;basic_mr;basic_armor;basic_haste;basic_power;basic_as;basic_hp;basic_hp;basic_mr;basic_mr"
79,0,467,150,94,bot0_3,Kratoma,0,SLAYER,physical,8,3,16,8,23028,13709,8061,501,32.4,1.2,436,684,36,40,12,45,4470,574,423,44,0.906,1,1.7,"special_lifesteal;basic_power;basic_power;basic_hp;basic_power;basic_as;basic_hp;basic_hp;basic_as;basic_mr;basic_armor;basic_armor;basic_as;basic_power;basic_hp"
79,0,467,150,94,bot1_3,Quiller,1,SLAYER,physical,7,5,10,3.4,19990,11768,10376,717,29.5,1.8,283,553,56,34,12,426,4201,540,399,68,0.854,0.9,1.13,"special_lifesteal;basic_power;basic_hp;basic_power;basic_as;basic_mr;basic_hp;basic_hp;basic_as;basic_mr;basic_power;basic_armor;basic_as"
79,0,467,150,94,bot0_4,Pyromancer,0,SLAYER,magical,11,4,13,6,18226,12484,9397,0,31,0,468,750,44,33,12,72,4722,607,403,64,0.862,1.4,1.33,"basic_hp;basic_hp;basic_hp;basic_hp;basic_power;basic_hp;basic_hp;basic_hp;basic_armor;basic_mr;basic_haste;basic_armor;basic_as;basic_mr;basic_power;basic_armor"
79,0,467,150,94,bot1_4,Healer,1,SUPPORT,magical,6,7,11,2.43,11292,6598,13199,9851,17.3,25.8,163,227,60,25,12,220,4170,536,382,85,0.818,0.8,0.5,"special_gw;basic_hp;basic_power;basic_hp;basic_hp;basic_hp;basic_mr;basic_power;basic_haste;basic_armor;basic_mr;basic_hp;basic_hp"
80,0,481,150,87,bot0_1,Mage,0,MAGE,magical,7,5,20,5.4,22024,12160,8423,1105,29.9,2.7,662,862,74,33,13,81,4856,605,407,74,0.846,0.9,1.44,"special_lifesteal;special_lifesteal;basic_power;basic_power;basic_hp;basic_power;basic_hp;basic_haste;basic_mr;basic_armor;basic_hp;basic_power;basic_haste;basic_hp;basic_power"
80,0,481,150,87,bot1_1,Goliath,1,TANK,physical,6,7,13,2.71,19419,11753,14807,2661,30.2,6.8,489,737,54,32,12,251,4176,520,389,92,0.808,0.7,0.79,"basic_hp;basic_hp;basic_hp;basic_mr;basic_mr;basic_armor;basic_power;basic_as;basic_mr;basic_haste;basic_hp;basic_hp;basic_armor;basic_mr"
80,0,481,150,87,bot0_2,Ironclad,0,TANK,physical,9,3,20,9.67,19500,13461,12485,0,30.8,0,580,845,45,33,13,232,5057,630,438,44,0.909,1.1,1.08,"special_gw;basic_hp;basic_mr;basic_hp;basic_hp;basic_armor;basic_mr;basic_hp;basic_power;basic_as;basic_armor;basic_mr;basic_armor;basic_hp;basic_armor;basic_mr"
80,0,481,150,87,bot1_2,Fusilier,1,SLAYER,physical,5,8,11,2,16843,10429,10682,408,27.8,1.1,442,584,56,19,12,127,3927,489,376,106,0.781,0.6,0.98,"special_lifesteal;basic_hp;basic_power;basic_as;basic_hp;basic_hp;basic_hp;basic_mr;basic_armor;basic_power;basic_as;basic_mr;basic_as"
80,0,481,150,87,bot0_3,Pyromancer,0,SLAYER,magical,7,6,19,4.33,18417,10024,8698,232,25.7,0.6,597,811,37,33,13,127,4652,580,390,92,0.81,0.9,1.15,"basic_hp;basic_hp;special_lifesteal;basic_power;basic_mr;basic_hp;basic_power;basic_haste;basic_mr;basic_hp;basic_armor;basic_hp;basic_armor;basic_mr;basic_hp"
80,0,481,150,87,bot1_3,Hana,1,TANK,magical,4,6,13,2.83,12861,9341,15523,0,23.7,0,590,960,19,52,11,123,3698,461,395,87,0.82,0.5,0.6,"basic_hp;basic_hp;basic_hp;basic_mr;basic_hp;basic_armor;basic_power;basic_mr;basic_haste;basic_hp;basic_armor;basic_as;basic_power"
80,0,481,150,87,bot0_4,Vanguard,0,FIGHTER,physical,7,5,19,5.2,24998,13460,11102,0,33,0,496,896,67,43,13,212,4637,578,407,74,0.846,0.9,1.21,"special_gw;basic_hp;basic_power;basic_hp;basic_hp;basic_mr;basic_power;basic_armor;basic_hp;basic_hp;basic_as;basic_armor;basic_mr;basic_as;basic_mr"
80,0,481,150,87,bot1_4,Summoner,1,MAGE,magical,4,9,12,1.78,8954,4732,11127,278,13.2,0.8,183,239,42,21,12,12,3862,481,357,124,0.742,0.5,0.43,"special_lifesteal;basic_power;basic_hp;basic_power;basic_hp;basic_hp;basic_mr;basic_haste;basic_armor;basic_power;basic_mr;basic_hp;basic_power"
81,0,428,150,78,bot0_1,Summoner,0,MAGE,magical,11,6,14,4.17,8892,5382,9133,225,15.6,0.7,192,272,48,26,12,256,4706,659,346,83,0.806,1.5,0.59,"special_lifesteal;basic_power;basic_power;basic_power;basic_hp;basic_haste;basic_hp;basic_armor;basic_power;basic_haste;basic_hp;basic_haste;basic_mr;basic_mr;basic_power"
81,0,428,150,78,bot1_1,Vanguard,1,FIGHTER,physical,3,7,14,2.43,20925,9148,10030,551,28.1,1.7,1037,1398,45,31,11,122,3622,507,326,102,0.761,0.4,0.91,"special_lifesteal;basic_power;basic_power;basic_power;basic_as;basic_hp;basic_hp;basic_mr;basic_as;basic_armor;basic_as;basic_hp"
81,0,428,150,78,bot0_2,Cleric,0,SUPPORT,magical,6,6,18,4,10342,5901,11673,10110,16.7,28.5,280,348,53,47,12,320,4195,587,354,74,0.827,0.8,0.51,"basic_hp;basic_hp;basic_mr;basic_armor;basic_power;basic_haste;basic_as;basic_mr;basic_hp;basic_hp;basic_armor;basic_mr;basic_power;basic_hp"
81,0,428,150,78,bot1_2,Reaper,1,SPLITPUSHER,magical,9,5,11,4,15823,8120,8252,538,23.4,1.6,512,892,42,23,12,35,4385,614,347,82,0.809,1.3,0.98,"special_lifesteal;basic_power;basic_hp;basic_power;basic_mr;basic_hp;basic_mr;basic_hp;basic_power;basic_haste;basic_mr;basic_armor;basic_haste;basic_armor;basic_haste"
81,0,428,150,78,bot0_3,Zephyr,0,SPLITPUSHER,magical,3,5,21,4.8,18452,9858,11069,550,25.6,1.4,464,615,53,40,11,286,3811,534,386,43,0.9,0.4,0.89,"special_lifesteal;basic_power;basic_hp;basic_haste;basic_power;basic_hp;basic_hp;basic_power;basic_mr;basic_armor;basic_haste;basic_hp"
81,0,428,150,78,bot1_3,Mage,1,MAGE,magical,4,7,12,2.29,18396,9574,9091,425,26.6,1.2,880,921,56,25,12,76,3826,536,360,68,0.841,0.6,1.05,"special_lifesteal;basic_power;basic_hp;basic_mr;basic_power;basic_hp;basic_hp;basic_mr;basic_haste;basic_armor;basic_haste;basic_power;basic_armor"
81,0,428,150,78,bot0_4,Oracle,0,MAGE,physical,6,3,15,7,13945,7814,10541,431,20,1.1,325,448,26,28,12,268,4043,566,392,37,0.914,0.8,0.74,"special_lifesteal;basic_power;basic_hp;basic_hp;basic_as;basic_power;basic_hp;basic_mr;basic_as;basic_armor;basic_power;basic_armor;basic_as"
81,0,428,150,78,bot1_4,Kratoma,1,SLAYER,physical,4,7,14,2.57,20069,12001,10385,497,37.9,1.6,317,728,24,24,12,59,3809,533,316,112,0.738,0.6,1.16,"special_lifesteal;basic_power;basic_power;basic_as;basic_as;basic_hp;basic_hp;basic_mr;basic_armor;basic_mr;basic_power;basic_as;basic_armor"
82,0,370,152,10,bot0_1,Mage,0,MAGE,magical,4,1,21,25,12060,6362,3315,377,18,1.1,555,789,65,18,12,189,3939,639,353,17,0.955,0.6,1.92,"special_lifesteal;basic_power;basic_power;basic_hp;basic_power;basic_haste;basic_hp;basic_hp;basic_armor;basic_haste;basic_mr;basic_mr;basic_armor"
82,0,370,152,10,bot1_1,Fusilier,1,SLAYER,physical,1,9,5,0.67,8668,3700,9713,180,15,0.7,276,444,29,9,10,311,2661,432,246,124,0.665,0.2,0.38,"special_lifesteal;basic_hp;basic_hp;basic_power;basic_as;basic_mr;basic_armor;basic_hp"
82,0,370,152,10,bot0_2,Lynx,0,SLAYER,physical,15,1,19,34,33179,18145,4473,0,49.1,0,576,1128,74,43,13,109,5009,813,370,0,1,2.4,4.06,"basic_hp;basic_hp;basic_hp;basic_power;basic_power;basic_mr;basic_armor;basic_hp;basic_as;basic_hp;basic_mr;basic_armor;basic_haste;basic_hp;basic_as;basic_hp;basic_haste"
82,0,370,152,10,bot1_2,Wanderer,1,SLAYER,physical,5,8,2,0.88,15888,7915,10700,0,30.7,0,569,984,15,11,10,247,2972,482,258,112,0.697,0.8,0.74,"basic_hp;basic_hp;basic_hp;basic_hp;basic_mr;basic_mr;basic_power;basic_as;basic_armor;basic_mr"
82,0,370,152,10,bot0_3,Reaper,0,SPLITPUSHER,magical,11,1,13,24,14712,8647,5598,0,24.2,0,534,1074,42,22,12,224,4599,746,357,13,0.966,1.8,1.54,"basic_hp;basic_hp;basic_power;basic_hp;basic_power;basic_haste;basic_hp;basic_mr;basic_hp;basic_armor;basic_as;basic_hp;basic_mr;basic_hp;basic_power"
82,0,370,152,10,bot1_3,Eggchanter,1,SUPPORT,magical,1,8,5,0.75,5048,2895,12442,3803,10.9,14.3,128,186,27,12,9,135,2535,411,265,104,0.718,0.2,0.23,"basic_hp;basic_hp;basic_hp;basic_mr;basic_power;basic_armor;basic_mr;basic_haste;basic_mr"
82,0,370,152,10,bot0_4,Tamer,0,MAGE,magical,4,4,18,5.5,13963,6905,5621,1800,21.8,5.7,417,659,37,9,12,170,3770,612,317,53,0.858,0.6,1.23,"basic_hp;basic_hp;basic_mr;basic_armor;basic_haste;basic_hp;basic_power;basic_as;basic_hp;basic_mr;basic_armor;basic_mr;basic_hp"
82,0,370,152,10,bot1_4,Pyromancer,1,SLAYER,magical,0,9,5,0.56,6509,1940,8194,64,7.7,0.3,225,289,19,14,10,135,2485,403,251,119,0.678,0,0.24,"special_lifesteal;basic_power;basic_power;basic_power;basic_hp;basic_haste;basic_mr;basic_armor"
83,1,370,56,150,bot0_1,Mage,0,MAGE,magical,2,6,8,1.67,14896,7519,10470,0,26.3,0,562,633,62,23,10,173,2898,470,286,84,0.773,0.3,0.72,"basic_hp;basic_hp;basic_hp;basic_armor;basic_mr;basic_armor;basic_hp;basic_haste;basic_armor;basic_power"
83,1,370,56,150,bot1_1,Healer,1,SUPPORT,magical,5,3,15,6.67,11620,6808,7065,4465,19,12.5,168,238,59,18,12,326,3776,613,358,12,0.968,0.8,0.96,"basic_hp;basic_hp;basic_hp;basic_mr;basic_hp;basic_mr;basic_power;basic_armor;basic_mr;basic_hp;basic_hp;basic_haste"
83,1,370,56,150,bot0_2,Kratoma,0,SLAYER,physical,3,8,5,1,7967,5124,9452,248,19.5,0.9,229,449,19,18,9,202,2802,455,263,107,0.71,0.5,0.54,"special_lifesteal;basic_power;basic_hp;basic_power;basic_as;basic_armor;basic_hp;basic_mr;basic_as"
83,1,370,56,150,bot1_2,Fusilier,1,SLAYER,physical,9,2,14,11.5,18040,9813,5331,563,29.2,1.7,464,838,46,17,12,249,4349,706,337,33,0.91,1.5,1.84,"special_lifesteal;basic_power;basic_hp;basic_as;basic_power;basic_hp;basic_as;basic_power;basic_hp;basic_power;basic_mr;basic_as;basic_armor;basic_mr"
83,1,370,56,150,bot0_3,Eggchanter,0,SUPPORT,magical,1,7,9,1.43,6103,4059,12069,6349,13.6,21.3,133,186,32,15,10,83,2708,439,298,72,0.804,0.2,0.34,"basic_hp;basic_hp;basic_hp;basic_armor;basic_mr;basic_power;basic_armor;basic_haste;basic_as;basic_mr"
83,1,370,56,150,bot1_3,Jailer,1,TANK,magical,3,3,18,7,18681,10090,6709,0,31.1,0,422,725,30,30,12,202,3752,609,324,46,0.876,0.5,1.5,"basic_hp;basic_hp;basic_hp;basic_mr;basic_armor;basic_mr;basic_armor;basic_haste;basic_hp;basic_haste;basic_power;basic_power;basic_mr"
83,1,370,56,150,bot0_4,Volstrov,0,MAGE,magical,5,6,4,1.5,11387,5695,8069,364,18.3,1.2,288,624,13,17,10,144,3169,514,311,59,0.842,0.8,0.71,"special_lifesteal;basic_power;basic_power;basic_power;basic_hp;basic_haste;basic_power;basic_armor;basic_mr;basic_power"
83,1,370,56,150,bot1_4,Quiller,1,SLAYER,physical,10,3,14,8,21778,11601,6399,690,33.8,2,420,614,44,30,12,15,4490,728,343,27,0.928,1.6,1.81,"special_lifesteal;basic_power;basic_power;basic_hp;basic_as;basic_hp;basic_power;basic_as;basic_hp;basic_as;basic_mr;basic_power;basic_as;basic_mr;basic_mr"
84,0,382,150,62,bot0_1,Bruiser,0,FIGHTER,physical,12,2,11,11.5,25351,18849,9709,846,53.1,2.4,561,1013,71,43,12,75,4475,704,355,26,0.931,1.9,1.94,"special_lifesteal;basic_power;basic_hp;basic_power;basic_power;basic_hp;basic_as;basic_as;basic_hp;basic_mr;basic_as;basic_mr;basic_power;basic_mr;basic_armor"
84,0,382,150,62,bot1_1,Ironclad,1,TANK,physical,4,5,5,1.8,7434,4692,14470,0,15.1,0,329,418,30,18,10,110,3010,473,310,71,0.813,0.6,0.32,"basic_hp;basic_hp;basic_hp;basic_mr;basic_armor;basic_hp;basic_armor;basic_hp;basic_hp;basic_power"
84,0,382,150,62,bot0_2,Tamer,0,MAGE,magical,4,4,15,4.75,16303,9664,7285,3818,29.1,11.5,351,603,43,12,11,288,3488,548,332,50,0.87,0.6,1.33,"special_lifesteal;basic_power;basic_hp;basic_mr;basic_haste;basic_armor;basic_power;basic_hp;basic_mr;basic_hp;basic_power"
84,0,382,150,62,bot1_2,Vanguard,1,FIGHTER,physical,2,6,9,1.83,20502,11226,14101,0,34.9,0,516,800,50,37,10,170,2945,463,322,60,0.844,0.3,0.8,"basic_hp;basic_hp;basic_armor;basic_armor;basic_hp;basic_mr;basic_hp;basic_hp;basic_power;basic_as"
84,0,382,150,62,bot0_3,Oracle,0,MAGE,physical,5,2,21,13,16004,10886,6770,427,30.8,1.2,463,593,28,29,12,123,3998,629,353,28,0.926,0.8,1.61,"special_lifesteal;basic_hp;basic_hp;basic_hp;basic_hp;basic_as;basic_mr;basic_power;basic_as;basic_armor;basic_as;basic_mr;basic_hp"
84,0,382,150,62,bot1_3,Volstrov,1,MAGE,magical,3,8,6,1.13,14750,7691,8908,290,27.9,1.1,320,673,17,18,10,118,3018,474,276,105,0.724,0.5,0.86,"special_lifesteal;basic_power;basic_hp;basic_power;basic_haste;basic_power;basic_hp;basic_mr;basic_armor;basic_haste"
84,0,382,150,62,bot0_4,Cleric,0,SUPPORT,magical,5,3,20,8.33,10164,8664,9978,7576,25.7,22.4,360,420,51,47,11,236,3836,603,338,44,0.885,0.8,0.87,"special_gw;basic_hp;basic_mr;basic_hp;basic_hp;basic_mr;basic_mr;basic_armor;basic_power;basic_haste;basic_hp;basic_hp"
84,0,382,150,62,bot1_4,Hana,1,TANK,magical,2,7,8,1.43,10090,7308,12958,0,22.1,0,268,575,12,36,9,110,2785,438,331,51,0.867,0.3,0.56,"basic_hp;basic_hp;basic_hp;basic_hp;basic_armor;basic_mr;special_gw;basic_power;basic_haste"
85,0,428,150,68,bot0_1,Zephyr,0,SPLITPUSHER,magical,2,7,13,2.14,12008,5179,9090,371,15.6,1.1,284,416,45,42,11,388,3288,460,333,96,0.777,0.3,0.57,"special_lifesteal;basic_power;basic_hp;basic_mr;basic_power;basic_hp;basic_mr;basic_haste;basic_power;basic_armor"
85,0,428,150,68,bot1_1,Bruiser,1,FIGHTER,physical,8,6,10,3,30509,17601,13296,0,52.7,0,594,896,50,40,13,170,4345,608,334,95,0.779,1.1,1.32,"basic_hp;basic_hp;basic_hp;basic_mr;basic_power;basic_as;basic_mr;basic_haste;basic_armor;basic_hp;basic_mr;basic_power;basic_hp;basic_as;basic_as"
85,0,428,150,68,bot0_2,Eggchanter,0,SUPPORT,magical,0,3,22,7.33,7717,4620,9218,9553,11.8,24.5,130,213,45,24,12,336,3561,499,390,38,0.911,0,0.5,"special_gw;basic_hp;basic_power;basic_hp;basic_mr;basic_haste;basic_armor;basic_hp;basic_hp;basic_mr;basic_power"
85,0,428,150,68,bot1_2,Healer,1,SUPPORT,magical,1,4,15,4,10967,4548,9822,6531,12.4,17.8,184,222,60,27,12,301,3501,490,367,61,0.857,0.1,0.46,"special_gw;basic_hp;basic_mr;basic_hp;basic_mr;basic_power;basic_mr;basic_power;basic_haste;basic_hp;basic_as"
85,0,428,150,68,bot0_3,Tamer,0,MAGE,magical,11,6,9,3.33,16317,11528,10265,4966,33.8,14.6,275,518,41,18,12,145,4545,636,341,87,0.796,1.5,1.12,"basic_hp;basic_hp;basic_hp;basic_mr;basic_mr;basic_haste;basic_hp;basic_hp;basic_mr;basic_armor;basic_hp;basic_mr;basic_power;basic_haste;basic_mr"
85,0,428,150,68,bot1_3,Pyromancer,1,SLAYER,magical,4,7,13,2.43,15441,5733,9344,161,17.6,0.5,317,432,33,26,12,262,3787,530,326,102,0.761,0.6,0.61,"special_lifesteal;basic_hp;basic_hp;basic_mr;basic_power;basic_mr;basic_haste;basic_power;basic_hp;basic_as;basic_mr;basic_hp"
85,0,428,150,68,bot0_4,Jirina,0,FIGHTER,magical,10,3,12,7.33,27763,17600,9422,3265,45.3,8.4,495,813,48,14,12,110,4510,631,389,40,0.907,1.4,1.87,"special_lifesteal;basic_power;basic_power;basic_hp;basic_power;basic_mr;basic_hp;basic_haste;basic_armor;basic_mr;basic_hp;basic_mr;basic_power;basic_haste;basic_haste"
85,0,428,150,68,bot1_4,Summoner,1,MAGE,magical,6,6,9,2.5,12429,4617,9030,399,13.7,1.2,192,268,57,23,12,224,3999,560,337,92,0.786,0.8,0.51,"special_lifesteal;basic_power;basic_power;basic_hp;basic_mr;basic_haste;basic_armor;basic_hp;basic_power;basic_hp;basic_mr;basic_mr;basic_haste"
86,0,282,150,16,bot0_1,Doctor,0,SUPPORT,physical,6,0,15,21,5776,4130,7369,10108,14.7,35.9,171,251,14,20,10,11,3436,732,282,0,1,1.3,0.56,"basic_hp;basic_hp;basic_hp;basic_mr;basic_mr;basic_hp;basic_hp;basic_armor;basic_mr;basic_power;basic_armor;basic_mr"
86,0,282,150,16,bot1_1,Zephyr,1,SPLITPUSHER,magical,0,5,1,0.2,10430,5072,7816,0,23,0,309,466,23,29,7,109,1784,380,220,62,0.782,0,0.65,"basic_hp;basic_hp;basic_hp;basic_mr;basic_mr;basic_hp"
86,0,282,150,16,bot0_2,Reaper,0,SPLITPUSHER,magical,6,1,17,23,20951,13914,3811,507,51.3,1.9,558,1025,38,19,10,219,3494,744,271,11,0.962,1.3,3.65,"special_lifesteal;basic_power;basic_power;basic_hp;basic_hp;basic_power;basic_power;basic_haste;basic_haste;basic_hp;basic_mr"
86,0,282,150,16,bot1_2,Healer,1,SUPPORT,magical,1,7,0,0.14,3796,1929,7937,2707,9.3,13,131,179,21,11,7,18,1893,403,207,74,0.736,0.2,0.24,"special_gw;special_heal_power;basic_hp;basic_hp;basic_hp"
86,0,282,150,16,bot0_3,Jirina,0,FIGHTER,magical,8,0,16,24,11120,7381,2425,423,26.2,1.5,429,547,34,2,11,58,3733,795,282,0,1,1.7,3.04,"special_lifesteal;basic_power;basic_power;basic_hp;basic_power;basic_hp;basic_power;basic_hp;basic_haste;basic_haste;basic_power;basic_haste"
86,0,282,150,16,bot1_3,Kratoma,1,SLAYER,physical,0,7,1,0.14,7223,3944,9200,0,19.3,0,184,332,14,14,7,202,1802,384,205,77,0.727,0,0.43,"basic_hp;basic_hp;basic_hp;basic_mr;basic_power;basic_mr"
86,0,282,150,16,bot0_4,Hana,0,TANK,magical,6,0,16,22,11724,7397,2985,0,26.3,0,394,742,6,28,11,161,3486,742,282,0,1,1.3,2.48,"special_gw;basic_hp;basic_hp;basic_hp;basic_mr;basic_power;basic_hp;basic_mr;basic_power;basic_hp;basic_armor"
86,0,282,150,16,bot1_4,Jailer,1,TANK,magical,0,7,1,0.14,4240,2977,9351,0,14.9,0,601,653,14,12,7,229,1779,379,200,82,0.709,0,0.32,"special_gw;basic_hp;basic_mr;basic_hp;basic_armor"
87,0,282,151,26,bot0_1,Kratoma,0,SLAYER,physical,7,0,10,17,8868,5853,4045,0,20.7,0,298,511,22,22,10,208,3258,692,282,0,1,1.5,1.45,"basic_hp;basic_hp;basic_hp;basic_hp;basic_power;basic_power;basic_mr;basic_armor;basic_as;basic_armor;basic_hp"
87,0,282,151,26,bot1_1,Fusilier,1,SLAYER,physical,2,6,0,0.33,11259,7621,5885,299,37.5,1.5,350,545,28,12,8,38,2138,454,203,79,0.72,0.4,1.29,"special_lifesteal;basic_power;basic_power;basic_hp;basic_power;basic_as;basic_mr"
87,0,282,151,26,bot0_2,Mage,0,MAGE,magical,7,0,9,16,15161,8339,2837,386,29.5,1.4,578,825,56,21,10,160,3235,687,282,0,1,1.5,2.94,"special_lifesteal;basic_power;basic_power;basic_hp;basic_power;basic_hp;basic_hp;basic_haste;basic_hp;basic_power"
87,0,282,151,26,bot1_2,Bruiser,1,FIGHTER,physical,0,4,2,0.5,5372,2541,7158,0,11.1,0,157,364,30,25,8,62,1887,401,230,53,0.813,0,0.35,"basic_hp;basic_hp;basic_mr;basic_hp;basic_armor;basic_power;basic_as"
87,0,282,151,26,bot0_3,Doctor,0,SUPPORT,physical,3,2,13,8,7037,4422,9596,9016,17.1,35,255,392,15,21,9,99,2799,595,258,24,0.914,0.6,0.46,"special_heal_power;basic_hp;basic_power;basic_hp;basic_hp;basic_power;basic_armor;basic_hp;basic_mr"
87,0,282,151,26,bot1_3,Zephyr,1,SPLITPUSHER,magical,0,2,1,0.5,6393,2506,4856,163,9.3,0.6,355,409,27,20,8,270,1870,397,269,14,0.951,0,0.52,"special_lifesteal;basic_power;basic_power;basic_hp;basic_power"
87,0,282,151,26,bot0_4,Eggchanter,0,SUPPORT,magical,1,0,17,18,6065,4458,4630,5573,15.8,19.7,155,240,34,15,9,170,2720,578,282,0,1,0.2,0.96,"basic_hp;basic_hp;basic_hp;basic_hp;basic_hp;basic_armor;basic_mr;basic_armor;basic_mr"
87,0,282,151,26,bot1_4,Reaper,1,SPLITPUSHER,magical,0,6,1,0.17,9214,6022,7061,0,29.3,0,377,556,24,12,8,59,1909,406,205,77,0.727,0,0.85,"special_gw;basic_hp;basic_hp;basic_power;basic_hp;basic_mr"
88,1,258,4,152,bot0_1,Goliath,0,TANK,physical,1,6,2,0.5,3075,2189,8503,522,11.8,2.8,252,311,23,9,7,237,1812,421,186,72,0.72,0.2,0.26,"basic_hp;basic_hp;basic_hp;basic_armor;basic_mr;basic_power"
88,1,258,4,152,bot1_1,Hana,1,TANK,magical,7,0,14,21,11978,8382,2003,0,32.5,0,403,665,6,34,10,240,3440,799,258,0,1,1.6,4.18,"special_gw;basic_hp;basic_mr;basic_hp;basic_armor;basic_mr;basic_power;basic_haste;basic_armor;basic_hp;basic_mr"
88,1,258,4,152,bot0_2,Zephyr,0,SPLITPUSHER,magical,0,5,2,0.4,2659,1072,7050,0,4.8,0,159,165,24,15,7,95,1695,394,221,37,0.857,0,0.15,"basic_hp;basic_hp;basic_hp;basic_armor;basic_armor;basic_power"
88,1,258,4,152,bot1_2,Lynx,1,SLAYER,physical,5,1,12,17,9613,6871,3463,298,27.8,1.2,361,748,39,31,9,71,2971,690,248,11,0.959,1.2,1.98,"special_lifesteal;basic_power;basic_power;basic_hp;basic_as;basic_mr;basic_hp;basic_armor;basic_as;basic_power"
88,1,258,4,152,bot0_3,Bruiser,0,FIGHTER,physical,0,5,4,0.8,7306,3780,6755,0,19,0,319,654,27,23,7,132,1807,420,199,60,0.769,0,0.56,"basic_hp;basic_hp;basic_hp;basic_armor;basic_hp;basic_armor"
88,1,258,4,152,bot1_3,Wanderer,1,SLAYER,physical,8,1,8,16,15385,7222,2411,446,29.3,1.8,406,611,17,17,10,288,3238,752,247,12,0.955,1.9,3,"special_lifesteal;basic_power;basic_power;basic_as;basic_hp;basic_power;basic_as;basic_hp;basic_as;basic_mr"
88,1,258,4,152,bot0_4,Cleric,0,SUPPORT,magical,3,6,1,0.67,3796,2299,7375,1462,12.5,8,198,258,24,19,8,254,2104,489,183,75,0.71,0.7,0.31,"special_gw;basic_hp;basic_hp;basic_hp;basic_armor;basic_power"
88,1,258,4,152,bot1_4,Quiller,1,SLAYER,physical,2,2,17,9.5,7138,6141,2839,281,26.6,1.2,280,464,29,17,9,81,2756,640,231,27,0.894,0.5,2.16,"special_lifesteal;basic_power;basic_power;basic_hp;basic_power;basic_as;basic_mr;basic_hp;basic_hp"
89,0,247,152,0,bot0_1,Volstrov,0,MAGE,magical,3,0,14,17,8718,4477,1625,232,18.2,0.9,203,380,6,6,10,215,2815,685,247,0,1,0.7,2.76,"special_lifesteal;basic_power;basic_power;basic_hp;basic_hp;basic_mr;basic_mr;basic_haste;basic_armor"
89,0,247,152,0,bot1_1,Mage,1,MAGE,magical,0,7,0,0,9897,2422,6920,194,14.6,1.2,585,620,29,13,8,155,1705,415,166,81,0.672,0,0.35,"special_lifesteal;basic_hp;basic_power;basic_power;basic_mr"
89,0,247,152,0,bot0_2,Tamer,0,MAGE,magical,6,0,12,18,11392,6560,2472,3570,26.6,14.5,288,420,29,11,9,134,3059,744,247,0,1,1.5,2.65,"special_lifesteal;basic_power;basic_hp;basic_power;basic_mr;basic_hp;basic_haste;basic_mr;basic_hp;basic_haste"
89,0,247,152,0,bot1_2,Bruiser,1,FIGHTER,physical,0,5,0,0,2748,452,6425,0,2.4,0,188,188,21,21,6,227,1552,378,191,56,0.774,0,0.07,"basic_hp;basic_hp;basic_hp;basic_mr;basic_armor"
89,0,247,152,0,bot0_3,Wanderer,0,SLAYER,physical,10,0,17,27,20840,14647,3270,562,59.4,2.3,579,1144,19,17,10,49,3549,864,247,0,1,2.4,4.48,"special_lifesteal;basic_power;basic_hp;basic_as;basic_power;basic_mr;basic_power;basic_armor;basic_as;basic_hp;basic_mr;basic_power"
89,0,247,152,0,bot1_3,Hana,1,TANK,magical,0,8,0,0,4828,3048,10095,0,18.4,0,307,439,8,24,7,117,1642,400,165,81,0.67,0,0.3,"basic_hp;basic_hp;basic_mr;basic_armor;basic_haste;basic_power"
89,0,247,152,0,bot0_4,Doctor,0,SUPPORT,physical,8,0,15,23,8491,4767,1934,4495,19.3,18.2,207,324,21,18,10,116,3441,837,247,0,1,1.9,2.46,"basic_hp;basic_hp;basic_mr;basic_armor;basic_mr;basic_power;basic_as;basic_hp;basic_hp;basic_armor;basic_mr;basic_mr"
89,0,247,152,0,bot1_4,Jirina,1,FIGHTER,magical,0,7,0,0,3367,1485,8141,882,8.9,5.3,227,278,12,5,7,72,1597,389,167,79,0.679,0,0.18,"special_lifesteal;basic_power;basic_hp;basic_haste;basic_mr"
90,0,276,150,25,bot0_1,Kratoma,0,SLAYER,physical,11,1,9,20,12716,7736,4447,413,29.1,1.6,306,499,24,24,10,135,3785,823,266,10,0.965,2.4,1.74,"special_lifesteal;basic_power;basic_power;basic_hp;basic_power;basic_hp;basic_as;basic_hp;basic_as;basic_as;basic_power;basic_as"
90,0,276,150,25,bot1_1,Zephyr,1,SPLITPUSHER,magical,0,4,0,0,7023,1280,6700,0,5.7,0,254,300,23,24,7,66,1716,373,226,50,0.82,0,0.19,"basic_hp;basic_hp;basic_hp;basic_hp;basic_mr;basic_power"
90,0,276,150,25,bot0_2,Healer,0,SUPPORT,magical,4,1,12,16,7371,4153,3535,4250,15.6,16,144,202,46,10,9,215,2915,634,266,10,0.965,0.9,1.17,"basic_hp;basic_hp;basic_mr;basic_armor;basic_power;basic_hp;basic_haste;basic_mr;basic_armor;basic_hp"
90,0,276,150,25,bot1_2,Goliath,1,TANK,physical,0,6,2,0.33,7386,2781,9179,760,13,3.5,294,584,21,15,7,269,1819,396,214,62,0.776,0,0.3,"special_gw;basic_hp;basic_hp;basic_mr;basic_armor"
90,0,276,150,25,bot0_3,Summoner,0,MAGE,magical,1,1,18,19,8039,5031,3171,240,18.9,0.9,188,260,43,21,9,46,2696,586,266,10,0.965,0.2,1.59,"special_lifesteal;basic_hp;basic_hp;basic_power;basic_haste;basic_mr;basic_power;basic_haste;basic_hp"
90,0,276,150,25,bot1_3,Cleric,1,SUPPORT,magical,1,4,3,1,6391,3975,10231,2271,18,10.3,284,323,27,22,9,105,2130,463,221,55,0.802,0.2,0.39,"basic_hp;basic_hp;basic_hp;basic_hp;basic_mr;basic_mr;basic_hp"
90,0,276,150,25,bot0_4,Hana,0,TANK,magical,4,1,15,19,13814,8645,3707,0,32.5,0,272,605,9,30,10,19,3044,662,266,10,0.965,0.9,2.33,"special_gw;basic_hp;basic_mr;basic_hp;basic_hp;basic_hp;basic_armor;basic_armor;basic_mr;basic_mr"
90,0,276,150,25,bot1_4,Doctor,1,SUPPORT,physical,3,6,1,0.67,8745,4547,8256,2988,20.6,13.5,174,386,28,12,8,109,2284,497,221,55,0.802,0.7,0.55,"special_gw;basic_hp;basic_hp;basic_mr;basic_power;basic_hp;basic_hp"
91,0,273,151,6,bot0_1,Fusilier,0,SLAYER,physical,7,2,13,10,12462,6105,3315,404,25,1.7,393,651,34,9,10,149,3424,753,245,28,0.896,1.5,1.84,"special_lifesteal;basic_power;basic_power;basic_power;basic_as;basic_hp;basic_as;basic_power;basic_mr;basic_as;basic_hp"
91,0,273,151,6,bot1_1,Ironclad,1,TANK,physical,1,6,3,0.67,3979,2223,10496,0,11.2,0,308,398,19,11,7,129,1979,435,198,75,0.726,0.2,0.21,"special_gw;basic_hp;basic_hp;basic_armor;basic_hp;basic_mr"
91,0,273,151,6,bot0_2,Goliath,0,TANK,physical,3,1,19,22,6715,4015,3894,1192,15.4,4.6,394,497,26,15,11,228,3228,710,260,13,0.954,0.7,1.03,"basic_hp;basic_hp;basic_hp;basic_mr;basic_mr;basic_mr;basic_armor;basic_hp;basic_power;basic_armor;basic_as"
91,0,273,151,6,bot1_2,Lynx,1,SLAYER,physical,1,8,4,0.63,8096,4485,9022,0,24.9,0,400,548,25,23,8,132,2032,447,180,93,0.659,0.2,0.5,"basic_hp;basic_hp;basic_hp;basic_armor;basic_hp;basic_power;basic_as"
91,0,273,151,6,bot0_3,Wanderer,0,SLAYER,physical,10,0,18,28,27550,16543,4693,675,60.6,2.5,955,1649,19,15,11,235,3785,832,273,0,1,2.2,3.53,"special_lifesteal;basic_power;basic_power;basic_as;basic_power;basic_hp;basic_mr;basic_as;basic_hp;basic_power;basic_mr;basic_as"
91,0,273,151,6,bot1_3,Reaper,1,SPLITPUSHER,magical,2,7,4,0.86,7012,4046,8187,0,22.2,0,341,595,22,11,8,144,2194,482,182,91,0.667,0.4,0.49,"special_gw;basic_hp;basic_power;basic_armor;basic_haste;basic_hp;basic_mr"
91,0,273,151,6,bot0_4,Tamer,0,MAGE,magical,9,3,17,8.67,11258,7404,3804,1825,28.6,7,393,647,27,6,11,124,3974,874,259,14,0.95,2,1.95,"special_lifesteal;basic_power;basic_hp;basic_power;basic_mr;basic_hp;basic_haste;basic_armor;basic_hp;basic_power;basic_hp;basic_power;basic_mr"
91,0,273,151,6,bot1_4,Summoner,1,MAGE,magical,2,8,3,0.63,4431,1957,7339,82,11.1,0.5,156,203,19,12,8,54,2129,468,176,97,0.646,0.4,0.27,"special_lifesteal;basic_hp;basic_power;basic_armor;basic_power;basic_hp;basic_haste"
92,0,417,151,74,bot0_1,Bruiser,0,FIGHTER,physical,14,2,11,12.5,27287,14618,9072,0,37.3,0,604,1038,64,47,13,192,5192,747,391,25,0.939,2,1.61,"basic_hp;basic_hp;basic_hp;basic_hp;basic_mr;basic_mr;basic_power;basic_power;basic_as;basic_mr;basic_as;basic_mr;basic_power;basic_armor;basic_armor;basic_haste;basic_as;basic_haste"
92,0,417,151,74,bot1_1,Summoner,1,MAGE,magical,0,8,12,1.5,6766,3211,9033,180,10.3,0.6,183,255,44,22,11,61,3011,433,311,106,0.746,0,0.36,"special_lifesteal;basic_power;basic_hp;basic_haste;basic_power;basic_hp;basic_haste;basic_power;basic_armor;basic_hp"
92,0,417,151,74,bot0_2,Cleric,0,SUPPORT,magical,4,3,17,7,10075,5066,9688,8810,13.4,23.3,259,308,53,46,12,93,3893,560,379,38,0.909,0.6,0.52,"basic_hp;basic_hp;basic_hp;basic_mr;basic_power;basic_haste;basic_armor;basic_mr;basic_power;basic_as;basic_hp;basic_mr;basic_haste;basic_armor"
92,0,417,151,74,bot1_2,Quiller,1,SLAYER,physical,5,7,9,2,13358,8440,9554,446,26.5,1.4,250,481,41,27,11,32,3482,501,318,98,0.764,0.7,0.88,"special_lifesteal;basic_hp;basic_power;basic_as;basic_hp;basic_armor;basic_hp;basic_mr;basic_power;basic_as;basic_armor;basic_mr"
92,0,417,151,74,bot0_3,Oracle,0,MAGE,physical,4,5,15,3.8,14360,5782,9295,362,16.5,1,538,602,24,22,12,64,3839,553,350,66,0.841,0.6,0.62,"special_lifesteal;basic_power;basic_hp;basic_as;basic_mr;basic_hp;basic_armor;basic_power;basic_as;basic_hp;basic_power;basic_mr;basic_as"
92,0,417,151,74,bot1_3,Mage,1,MAGE,magical,5,5,8,2.6,19933,7456,9220,463,22.3,1.4,541,617,65,28,11,136,3636,523,335,82,0.804,0.7,0.81,"basic_hp;basic_hp;special_lifesteal;basic_power;basic_mr;basic_hp;basic_power;basic_armor;basic_hp;basic_armor;basic_haste;basic_mr"
92,0,417,151,74,bot0_4,Hana,0,TANK,magical,4,4,21,6.25,22904,12815,10411,0,34.9,0,482,879,13,42,12,13,4063,585,367,50,0.881,0.6,1.23,"basic_hp;basic_hp;basic_hp;basic_hp;basic_mr;basic_power;basic_mr;basic_hp;basic_haste;basic_power;basic_mr;basic_hp;basic_haste;basic_power"
92,0,417,151,74,bot1_4,Jailer,1,TANK,magical,4,6,10,2.33,18190,11845,12088,0,36.4,0,484,677,34,32,11,346,3571,514,325,92,0.78,0.6,0.98,"basic_hp;basic_hp;basic_mr;basic_armor;basic_haste;basic_hp;basic_power;basic_mr;basic_as;basic_armor;basic_haste;basic_hp"
93,0,270,152,1,bot0_1,Kratoma,0,SLAYER,physical,6,0,15,21,11498,5366,2761,390,19.9,1.4,364,534,22,20,10,147,3372,749,270,0,1,1.3,1.94,"special_lifesteal;basic_power;basic_power;basic_power;basic_hp;basic_as;basic_hp;basic_as;basic_mr;basic_hp;basic_mr"
93,0,270,152,1,bot1_1,Reaper,1,SPLITPUSHER,magical,0,6,1,0.17,7148,2690,7380,0,13.2,0,294,535,22,12,8,222,1797,399,203,67,0.753,0,0.36,"basic_hp;basic_hp;basic_hp;basic_armor;basic_haste;basic_mr"
93,0,270,152,1,bot0_2,Jailer,0,TANK,magical,7,0,15,22,9080,6047,2119,0,22.4,0,433,767,24,16,10,40,3465,770,270,0,1,1.6,2.85,"basic_hp;basic_hp;basic_mr;basic_hp;basic_mr;basic_haste;basic_hp;basic_haste;basic_mr;basic_mr;basic_power;basic_hp"
93,0,270,152,1,bot1_2,Cleric,1,SUPPORT,magical,1,8,0,0.13,4064,2536,8185,1010,13.9,5.5,266,324,23,16,7,273,1823,405,183,87,0.676,0.2,0.31,"special_heal_power;basic_hp;basic_hp;basic_power;basic_armor"
93,0,270,152,1,bot0_3,Wanderer,0,SLAYER,physical,10,0,17,27,20400,11444,2216,679,42.4,2.5,502,835,18,17,11,141,3941,876,270,0,1,2.2,5.16,"special_lifesteal;basic_power;basic_power;basic_hp;basic_hp;basic_as;basic_mr;basic_power;basic_hp;basic_as;basic_mr;basic_haste;basic_power"
93,0,270,152,1,bot1_3,Pyromancer,1,SLAYER,magical,0,8,1,0.13,5552,1743,7120,51,10,0.3,255,313,14,11,8,240,1815,403,175,95,0.648,0,0.24,"special_lifesteal;basic_power;basic_hp;basic_hp;basic_power"
93,0,270,152,1,bot0_4,Bruiser,0,FIGHTER,physical,6,1,15,21,6881,4823,4155,0,18.7,0,250,469,34,26,10,230,3330,740,257,13,0.953,1.3,1.16,"basic_hp;basic_hp;basic_hp;basic_mr;basic_mr;basic_power;basic_hp;basic_mr;basic_power;basic_as;basic_hp"
93,0,270,152,1,bot1_4,Mage,1,MAGE,magical,0,7,1,0.14,5546,2469,7595,107,13,0.6,309,381,32,8,8,203,1803,401,189,81,0.701,0,0.33,"special_lifesteal;basic_hp;basic_hp;basic_hp;basic_armor"
94,1,340,53,152,bot0_1,Jirina,0,FIGHTER,magical,4,4,8,3,12521,6781,9648,3913,23.6,13.6,259,376,38,20,10,120,2945,519,287,54,0.842,0.7,0.7,"basic_hp;basic_hp;basic_hp;basic_mr;basic_hp;basic_mr;basic_mr;basic_armor;basic_hp;basic_haste"
94,1,340,53,152,bot1_1,Fusilier,1,SLAYER,physical,8,4,10,4.5,13196,5219,5651,399,18.7,1.4,569,687,42,11,12,347,3872,682,279,61,0.82,1.4,0.92,"special_lifesteal;basic_power;basic_power;basic_as;basic_power;basic_power;basic_hp;basic_armor;basic_mr;basic_as;basic_hp;basic_as"
94,1,340,53,152,bot0_2,Kratoma,0,SLAYER,physical,2,6,9,1.83,9602,5260,6927,272,20.3,1,258,518,18,19,10,125,2775,489,259,81,0.762,0.4,0.76,"special_lifesteal;basic_power;basic_hp;basic_as;basic_power;basic_as;basic_power;basic_hp;basic_mr"
94,1,340,53,152,bot1_2,Hana,1,TANK,magical,4,3,14,6,16744,9555,6508,0,30.9,0,430,966,10,35,11,195,3445,607,309,31,0.908,0.7,1.47,"basic_hp;basic_hp;basic_hp;basic_hp;basic_armor;basic_mr;basic_power;basic_armor;basic_haste;basic_mr;basic_as;basic_armor"
94,1,340,53,152,bot0_3,Quiller,0,SLAYER,physical,5,7,7,1.71,5496,3981,7750,227,15.9,0.9,266,403,31,20,9,96,2996,528,250,91,0.734,0.9,0.51,"special_lifesteal;basic_power;basic_hp;basic_power;basic_as;basic_hp;basic_mr;basic_as;basic_armor;basic_power"
94,1,340,53,152,bot1_3,Volstrov,1,MAGE,magical,4,4,16,5,12615,6033,5106,424,19.9,1.4,310,495,14,15,11,62,3587,632,304,37,0.892,0.7,1.18,"special_lifesteal;basic_power;basic_hp;basic_power;basic_haste;basic_hp;basic_armor;basic_mr;basic_hp;basic_power;basic_haste;basic_hp"
94,1,340,53,152,bot0_4,Summoner,0,MAGE,magical,2,6,8,1.67,6817,2430,8739,221,9.3,0.8,179,227,34,19,9,27,2702,476,260,80,0.765,0.4,0.28,"special_lifesteal;basic_power;basic_hp;basic_haste;basic_mr;basic_power;basic_power;basic_armor;basic_power"
94,1,340,53,152,bot1_4,Zephyr,1,SPLITPUSHER,magical,7,2,14,10.5,14377,9475,5922,430,30.4,1.4,278,528,42,31,11,340,3865,681,311,29,0.914,1.2,1.6,"special_lifesteal;basic_power;basic_power;basic_hp;basic_haste;basic_armor;basic_hp;basic_power;basic_mr;basic_haste;basic_hp;basic_hp"
95,0,241,151,3,bot0_1,Summoner,0,MAGE,magical,2,1,14,16,5818,3762,1869,124,16.6,0.5,179,251,39,19,9,32,2657,662,226,15,0.939,0.5,2.01,"special_lifesteal;basic_power;basic_power;basic_hp;basic_mr;basic_haste;basic_armor;basic_hp;basic_hp"
95,0,241,151,3,bot1_1,Eggchanter,1,SUPPORT,magical,1,5,2,0.6,3590,989,8662,2160,5.5,11.9,84,117,17,9,8,225,1875,467,181,59,0.753,0.2,0.11,"basic_hp;basic_hp;basic_mr;basic_hp;basic_hp;basic_armor"
95,0,241,151,3,bot0_2,Kratoma,0,SLAYER,physical,11,0,9,20,19451,8858,2177,0,36.8,0,296,545,21,21,11,20,3595,896,241,0,1,2.7,4.07,"basic_hp;basic_hp;basic_hp;basic_mr;basic_power;basic_mr;basic_as;basic_hp;basic_mr;basic_mr;basic_armor;basic_power;basic_haste"
95,0,241,151,3,bot1_2,Volstrov,1,MAGE,magical,0,5,1,0.2,5637,1345,5876,0,7.1,0,147,246,12,11,8,187,1762,439,190,50,0.792,0,0.23,"basic_hp;basic_hp;basic_hp;basic_mr;basic_haste;basic_power"
95,0,241,151,3,bot0_3,Jailer,0,TANK,magical,6,1,11,17,7238,5394,3567,0,22.4,0,313,392,19,17,10,119,3119,778,241,0,1,1.5,1.51,"basic_hp;basic_hp;basic_hp;basic_mr;basic_hp;basic_power;basic_mr;basic_armor;basic_armor;basic_mr;basic_haste"
95,0,241,151,3,bot1_3,Lynx,1,SLAYER,physical,2,5,1,0.6,9165,2887,7474,0,16,0,297,471,33,23,8,104,1954,487,180,61,0.748,0.5,0.39,"basic_hp;basic_hp;basic_hp;basic_mr;basic_mr;basic_power;basic_armor"
95,0,241,151,3,bot0_4,Jirina,0,FIGHTER,magical,1,1,13,14,7596,2973,3748,2683,13.2,11.9,246,340,31,10,9,321,2421,603,226,15,0.939,0.2,0.79,"basic_hp;basic_hp;basic_hp;basic_mr;basic_armor;basic_mr;basic_haste;basic_power"
95,0,241,151,3,bot1_4,Tamer,1,MAGE,magical,0,5,3,0.6,6116,3331,4774,2156,18.3,11.8,197,331,21,11,7,244,1769,441,182,59,0.757,0,0.7,"special_lifesteal;basic_power;basic_hp;basic_mr;basic_haste"
96,1,388,25,150,bot0_1,Jirina,0,FIGHTER,magical,2,5,5,1.4,9543,4766,10213,2977,15,9.4,408,549,38,16,9,220,2645,409,317,70,0.819,0.3,0.47,"basic_hp;basic_hp;basic_hp;basic_mr;basic_armor;basic_hp;basic_haste;basic_power;basic_armor"
96,1,388,25,150,bot1_1,Cleric,1,SUPPORT,magical,8,1,13,21,10358,5695,5064,4622,15.2,12.4,348,412,61,52,11,76,4001,619,374,14,0.965,1.2,1.12,"basic_hp;basic_hp;basic_hp;basic_mr;basic_mr;basic_mr;basic_hp;basic_hp;basic_hp;basic_mr;basic_hp;basic_power;basic_armor"
96,1,388,25,150,bot0_2,Kratoma,0,SLAYER,physical,1,8,6,0.88,10360,6390,8967,198,19.1,0.6,201,467,24,20,9,298,2623,406,334,54,0.861,0.2,0.71,"special_lifesteal;basic_power;basic_as;basic_hp;basic_mr;basic_armor;basic_power;basic_as"
96,1,388,25,150,bot1_2,Ironclad,1,TANK,physical,8,1,21,29,17617,10530,4883,0,28.1,0,373,532,46,24,12,20,4395,680,374,14,0.965,1.2,2.16,"basic_hp;basic_hp;special_gw;basic_mr;basic_mr;basic_hp;basic_armor;basic_armor;basic_power;basic_hp;basic_as;basic_power;basic_mr;basic_armor;basic_as"
96,1,388,25,150,bot0_3,Tamer,0,MAGE,magical,2,9,5,0.78,14717,7587,8976,2557,25.1,8.5,230,443,35,11,10,203,2803,434,302,86,0.778,0.3,0.85,"special_lifesteal;basic_hp;basic_power;basic_hp;basic_power;basic_haste;basic_haste;basic_mr;basic_armor"
96,1,388,25,150,bot1_3,Vanguard,1,FIGHTER,physical,10,3,16,8.67,15131,9927,9581,411,29,1.2,407,900,58,34,12,20,4445,688,342,46,0.882,1.5,1.04,"basic_hp;basic_hp;special_lifesteal;basic_hp;basic_hp;basic_mr;basic_power;basic_as;basic_mr;basic_power;basic_as;basic_armor;basic_as;basic_hp;basic_armor"
96,1,388,25,150,bot0_4,Pyromancer,0,SLAYER,magical,2,7,4,0.86,11541,4851,8581,156,14.6,0.5,478,655,24,19,9,286,2661,412,333,55,0.859,0.3,0.57,"special_lifesteal;basic_power;basic_power;basic_hp;basic_haste;basic_power;basic_mr;basic_hp"
96,1,388,25,150,bot1_4,Healer,1,SUPPORT,magical,3,2,24,13.5,10908,7107,7791,5493,19.5,15,154,216,68,17,11,111,3786,586,365,22,0.942,0.5,0.91,"basic_hp;basic_hp;basic_hp;basic_mr;basic_mr;basic_armor;basic_mr;basic_armor;basic_haste;basic_armor;basic_hp;basic_haste;basic_hp"
97,0,305,150,20,bot0_1,Wanderer,0,SLAYER,physical,5,2,11,8,13059,7045,4245,0,25.5,0,589,897,21,18,10,189,3164,622,276,29,0.904,1,1.66,"basic_hp;basic_hp;basic_hp;basic_mr;basic_power;basic_as;basic_armor;basic_haste;basic_mr;basic_mr;basic_hp"
97,0,305,150,20,bot1_1,Mage,1,MAGE,magical,5,6,2,1.17,12196,5307,6867,309,22.5,1.3,327,484,48,17,10,130,2855,561,236,69,0.774,1,0.77,"special_lifesteal;basic_hp;basic_power;basic_mr;basic_hp;basic_power;basic_hp;basic_hp;basic_mr"
97,0,305,150,20,bot0_2,Volstrov,0,MAGE,magical,3,2,12,7.5,7681,4045,5179,233,14.3,0.8,186,374,6,12,9,112,2862,562,284,21,0.93,0.6,0.78,"basic_hp;basic_hp;special_lifesteal;basic_hp;basic_mr;basic_power;basic_mr;basic_hp;basic_mr"
97,0,305,150,20,bot1_2,Pyromancer,1,SLAYER,magical,1,4,6,1.75,7759,4777,4846,94,18.6,0.4,477,633,17,14,8,118,2243,441,257,49,0.84,0.2,0.99,"special_lifesteal;basic_power;basic_hp;basic_power;basic_power;basic_mr;basic_hp"
97,0,305,150,20,bot0_3,Jailer,0,TANK,magical,7,3,12,6.33,9012,6586,6920,0,25.1,0,385,614,26,22,10,199,3474,683,262,43,0.86,1.4,0.95,"special_gw;basic_hp;basic_hp;basic_mr;basic_hp;basic_armor;basic_mr;basic_mr;basic_power;basic_power;basic_hp"
97,0,305,150,20,bot1_3,Tamer,1,MAGE,magical,1,8,7,1,10233,7035,6289,1327,34.5,6.5,249,506,24,8,9,279,2329,458,204,101,0.668,0.2,1.12,"special_lifesteal;basic_power;basic_power;basic_hp;basic_haste;basic_mr;basic_armor"
97,0,305,150,20,bot0_4,Healer,0,SUPPORT,magical,8,1,15,23,7871,7032,7459,10273,24.2,35.3,164,233,48,22,10,124,3699,727,291,15,0.952,1.6,0.94,"special_heal_power;basic_hp;basic_hp;basic_power;basic_mr;basic_hp;basic_power;basic_mr;basic_hp;basic_haste;basic_mr;basic_power"
97,0,305,150,20,bot1_4,Vanguard,1,FIGHTER,physical,1,5,6,1.4,9284,5615,8785,0,21,0,302,436,42,27,9,9,2359,464,268,38,0.877,0.2,0.64,"special_gw;basic_hp;basic_power;basic_hp;basic_mr;basic_mr;basic_power;basic_as"
98,1,417,30,150,bot0_1,Doctor,0,SUPPORT,physical,3,7,6,1.29,5469,4125,12183,6672,12.6,20.3,216,265,23,20,10,243,3018,434,328,88,0.788,0.4,0.34,"special_gw;basic_hp;basic_mr;basic_hp;basic_armor;basic_hp;basic_hp;basic_power;basic_hp"
98,1,417,30,150,bot1_1,Ironclad,1,TANK,physical,9,1,15,24,14499,10945,11884,0,27.3,0,461,539,47,38,12,203,4378,630,401,16,0.963,1.3,0.92,"basic_hp;basic_hp;basic_hp;basic_hp;basic_mr;basic_hp;basic_hp;basic_armor;basic_mr;basic_armor;basic_mr;basic_hp;basic_armor;basic_as"
98,1,417,30,150,bot0_2,Jailer,0,TANK,magical,1,5,8,1.8,12976,9472,11635,0,27.3,0,552,778,30,27,10,104,2779,400,348,69,0.834,0.1,0.81,"basic_hp;basic_hp;basic_hp;basic_hp;basic_mr;basic_armor;basic_power;basic_mr;basic_haste;basic_as"
98,1,417,30,150,bot1_2,Quiller,1,SLAYER,physical,5,4,12,4.25,16094,9029,6019,501,25.1,1.4,282,561,54,34,11,39,3539,509,359,58,0.862,0.7,1.5,"special_lifesteal;basic_power;basic_hp;basic_as;basic_power;basic_mr;basic_hp;basic_power;basic_hp;basic_as;basic_armor;basic_as"
98,1,417,30,150,bot0_3,Volstrov,0,MAGE,magical,3,8,4,0.88,13599,9318,9511,310,29.7,1,290,472,21,20,10,161,2936,423,313,103,0.752,0.4,0.98,"special_lifesteal;basic_power;basic_hp;basic_power;basic_haste;basic_power;basic_power;basic_power;basic_mr"
98,1,417,30,150,bot1_3,Cleric,1,SUPPORT,magical,4,2,20,12,11216,9440,7351,7271,24.3,18.7,339,405,64,51,11,36,3836,552,388,28,0.932,0.6,1.28,"special_gw;basic_hp;basic_hp;basic_hp;basic_mr;basic_armor;basic_power;basic_haste;basic_hp;basic_hp;basic_hp;basic_hp"
98,1,417,30,150,bot0_4,Bruiser,0,FIGHTER,physical,2,4,7,2.25,14257,9619,11402,369,26.6,1,369,515,51,43,10,186,2886,415,362,55,0.869,0.3,0.84,"special_lifesteal;basic_power;basic_hp;basic_power;basic_as;basic_hp;basic_hp;basic_power;basic_as"
98,1,417,30,150,bot1_4,Jirina,1,FIGHTER,magical,6,2,17,11.5,18147,13836,9944,6269,35.6,16.1,483,570,55,22,11,233,3983,573,388,28,0.932,0.9,1.39,"basic_hp;basic_hp;basic_hp;basic_hp;basic_power;basic_hp;basic_power;basic_mr;basic_hp;basic_armor;basic_mr;basic_mr;basic_armor"
99,0,299,150,18,bot0_1,Bruiser,0,FIGHTER,physical,4,3,12,5.33,8022,4100,5728,0,15.1,0,261,479,39,30,10,276,3026,606,272,27,0.909,0.8,0.72,"basic_hp;basic_hp;basic_hp;basic_armor;basic_power;basic_armor;basic_power;basic_hp;basic_as;basic_armor"
99,0,299,150,18,bot1_1,Goliath,1,TANK,physical,2,3,7,3,9326,3495,9059,1858,13.5,7.2,252,349,26,21,9,249,2499,501,259,40,0.866,0.4,0.39,"basic_hp;basic_hp;basic_hp;basic_mr;basic_armor;basic_hp;basic_hp;basic_power"
99,0,299,150,18,bot0_2,Jailer,0,TANK,magical,5,2,14,9.5,8271,5180,4386,0,19,0,306,664,23,14,10,248,3273,656,272,27,0.909,1,1.18,"basic_hp;basic_hp;special_gw;basic_armor;basic_armor;basic_hp;basic_armor;basic_mr;basic_mr;basic_hp"
99,0,299,150,18,bot1_2,Wanderer,1,SLAYER,physical,4,6,5,1.5,13421,6123,5928,223,28.1,1,645,1464,14,13,10,117,2817,564,218,82,0.727,0.8,1.03,"special_lifesteal;basic_power;basic_hp;basic_power;basic_power;basic_as;basic_hp;basic_as;basic_as"
99,0,299,150,18,bot0_3,Kratoma,0,SLAYER,physical,7,2,10,8.5,15640,7307,3942,465,25.7,1.6,382,772,22,22,10,122,3397,681,284,16,0.948,1.4,1.85,"special_lifesteal;basic_power;basic_power;basic_power;basic_as;basic_as;basic_power;basic_hp;basic_as;basic_armor;basic_hp"
99,0,299,150,18,bot1_3,Tamer,1,MAGE,magical,3,6,6,1.5,9637,4284,7125,1314,19.4,5.9,260,430,24,9,10,28,2703,542,221,78,0.739,0.6,0.6,"basic_hp;basic_hp;basic_mr;basic_haste;basic_armor;basic_hp;basic_armor;basic_hp;basic_power;basic_as"
99,0,299,150,18,bot0_4,Volstrov,0,MAGE,magical,5,2,13,9,8430,6381,4386,0,23.5,0,232,441,9,14,10,273,3248,651,272,27,0.909,1,1.45,"basic_hp;basic_hp;basic_armor;basic_hp;basic_mr;basic_armor;basic_haste;basic_hp;basic_haste;basic_power;basic_power"
99,0,299,150,18,bot1_4,Fusilier,1,SLAYER,physical,0,6,8,1.33,7139,3070,5202,199,13.7,0.9,301,444,29,9,9,173,2273,455,223,76,0.746,0,0.59,"special_lifesteal;basic_power;basic_as;basic_power;basic_hp;basic_armor;basic_power"