gameIndex,winner,gameDuration,score0,score1,id,className,team,role,dmgType,kills,deaths,assists,kda,dmgDealtTotal,dmgDealtToHeroes,dmgTaken,hpHealed,dpsToHeroes,hpsHealed,maxBurst1s,maxBurst3s,spellCastsQ,spellCastsE,level,gold,totalGold,goldPerMin,timeAlive,timeDead,survivalRate,killsPerMin,dmgEfficiency,items
0,0,247,151,5,bot0_1,Eggchanter,0,SUPPORT,magical,1,1,15,16,3390,1956,2132,3129,8.3,13.3,141,183,19,10,9,328,2453,597,236,11,0.957,0.2,0.92,"special_gw;basic_hp;basic_mr;basic_hp;basic_mr;basic_power;basic_hp"
0,0,247,151,5,bot1_1,Jirina,1,FIGHTER,magical,1,4,3,1,7406,2743,5805,1693,12.4,7.6,278,356,24,10,8,137,1937,471,222,24,0.901,0.2,0.47,"special_lifesteal;special_gw;basic_power;basic_hp;basic_armor"
0,0,247,151,5,bot0_2,Ironclad,0,TANK,physical,1,1,16,17,6072,4786,5906,0,20.2,0,257,405,24,17,9,76,2551,621,237,10,0.96,0.2,0.81,"basic_hp;basic_hp;basic_mr;basic_power;basic_as;basic_hp;basic_mr;basic_hp;basic_mr"
0,0,247,151,5,bot1_2,Summoner,1,MAGE,magical,3,6,2,0.83,4626,3167,5974,98,17.5,0.5,173,235,24,13,8,87,2187,532,181,66,0.733,0.7,0.53,"special_lifesteal;basic_power;basic_power;basic_hp;basic_haste;basic_power;basic_armor"
0,0,247,151,5,bot0_3,Wanderer,0,SLAYER,physical,8,1,7,15,14779,7505,3470,396,32.2,1.7,573,751,20,15,10,36,3211,782,233,14,0.944,1.9,2.16,"special_lifesteal;basic_power;basic_power;basic_power;basic_hp;basic_as;basic_mr;basic_hp;basic_as;basic_mr;basic_haste"
0,0,247,151,5,bot1_3,Hana,1,TANK,magical,1,5,4,1,6305,3449,7249,0,17.8,0,283,672,5,24,8,183,2008,489,194,53,0.786,0.2,0.48,"basic_hp;basic_hp;basic_hp;basic_armor;basic_mr;basic_haste;basic_power"
0,0,247,151,5,bot0_4,Lynx,0,SLAYER,physical,9,2,7,8,11639,8265,3690,381,37.7,1.7,538,1068,39,25,10,178,3278,798,219,27,0.889,2.2,2.24,"special_lifesteal;basic_power;basic_as;basic_power;basic_power;basic_power;basic_as;basic_as;basic_power;basic_hp"
0,0,247,151,5,bot1_4,Zephyr,1,SPLITPUSHER,magical,0,4,5,1.25,5806,2157,5241,132,11.1,0.7,285,431,21,19,8,144,1944,473,194,53,0.786,0,0.41,"special_lifesteal;basic_power;basic_hp;basic_power;basic_armor;basic_haste"
1,1,303,0,151,bot0_1,Ironclad,0,TANK,physical,0,5,0,0,5507,3367,9213,0,13.9,0,384,522,22,15,7,120,1770,350,242,61,0.797,0,0.37,"basic_hp;basic_hp;basic_hp;basic_mr;basic_armor;basic_hp"
1,1,303,0,151,bot1_1,Kratoma,1,SLAYER,physical,4,0,15,19,10198,6722,3115,262,22.2,0.9,278,533,22,25,10,183,3108,615,303,0,1,0.8,2.16,"special_lifesteal;special_gw;basic_power;basic_power;basic_hp;basic_hp;basic_as;basic_hp;basic_as"
1,1,303,0,151,bot0_2,Goliath,0,TANK,physical,0,5,0,0,5562,3397,9418,821,13.9,3.4,383,468,31,13,7,114,1764,349,244,60,0.804,0,0.36,"basic_hp;basic_hp;basic_hp;basic_mr;basic_hp;basic_armor"
1,1,303,0,151,bot1_2,Jirina,1,FIGHTER,magical,5,0,16,21,13189,9274,3979,3663,30.6,12.1,435,597,48,10,10,46,3296,652,303,0,1,1,2.33,"special_lifesteal;basic_power;basic_hp;basic_power;basic_armor;basic_haste;basic_hp;basic_hp;basic_armor;basic_power;basic_armor"
1,1,303,0,151,bot0_3,Doctor,0,SUPPORT,physical,0,6,0,0,3262,2457,7610,918,10.5,3.9,128,200,15,11,7,120,1770,350,235,68,0.775,0,0.32,"basic_hp;basic_hp;basic_hp;basic_mr;basic_hp;basic_armor"
1,1,303,0,151,bot1_3,Cleric,1,SUPPORT,magical,2,0,17,19,7250,4468,2173,3780,14.7,12.5,282,342,43,38,9,165,2890,572,303,0,1,0.4,2.06,"basic_hp;basic_hp;basic_hp;basic_armor;basic_armor;basic_armor;basic_mr;basic_mr;basic_mr;basic_haste"
1,1,303,0,151,bot0_4,Reaper,0,SPLITPUSHER,magical,0,5,0,0,8960,3980,6003,202,16.3,0.8,454,630,23,12,8,48,1848,366,244,59,0.804,0,0.66,"special_lifesteal;basic_power;basic_hp;basic_power;basic_mr;basic_haste"
1,1,303,0,151,bot1_4,Hana,1,TANK,magical,10,0,10,20,11147,8982,5117,0,29.6,0,447,731,9,35,10,40,3740,740,303,0,1,2,1.76,"basic_hp;basic_hp;basic_hp;basic_hp;basic_armor;basic_mr;basic_power;basic_armor;basic_hp;basic_hp;basic_armor;basic_haste;basic_as"
2,1,364,37,150,bot0_1,Quiller,0,SLAYER,physical,6,7,4,1.43,17991,9360,8713,460,35.5,1.7,261,522,41,26,11,122,3297,543,263,100,0.724,1,1.07,"special_lifesteal;basic_power;basic_hp;basic_as;basic_armor;basic_mr;basic_power;basic_hp;basic_power;basic_as;basic_armor"
2,1,364,37,150,bot1_1,Bruiser,1,FIGHTER,physical,9,2,15,12,14651,7738,6256,537,22.9,1.6,319,687,50,42,12,228,4378,722,339,25,0.93,1.5,1.24,"special_lifesteal;basic_power;basic_as;basic_power;basic_power;basic_as;basic_hp;basic_power;basic_as;basic_power;basic_armor;basic_hp;special_gw"
2,1,364,37,150,bot0_2,Bruiser,0,FIGHTER,physical,1,8,7,1,7330,3982,9408,201,15.5,0.8,273,399,31,30,9,237,2587,426,258,106,0.708,0.2,0.42,"special_lifesteal;basic_power;basic_hp;basic_as;basic_armor;basic_power;basic_hp;basic_as"
2,1,364,37,150,bot1_2,Kratoma,1,SLAYER,physical,12,3,15,9,18848,11307,7074,536,34.9,1.7,314,863,28,26,13,41,4816,794,324,40,0.89,2,1.6,"special_lifesteal;basic_power;basic_power;basic_hp;basic_as;basic_armor;basic_mr;basic_hp;basic_hp;basic_power;basic_as;basic_power;basic_as;basic_power;basic_armor;basic_as"
2,1,364,37,150,bot0_3,Reaper,0,SPLITPUSHER,magical,3,8,6,1.13,12401,8999,9372,293,33.5,1.1,468,618,31,17,10,143,2843,469,269,95,0.739,0.5,0.96,"special_lifesteal;basic_power;basic_power;basic_hp;basic_power;basic_hp;basic_haste;basic_armor;basic_power"
2,1,364,37,150,bot1_3,Jailer,1,TANK,magical,5,3,20,8.33,16450,9884,8989,0,31.2,0,444,641,29,30,12,269,4069,671,317,47,0.871,0.8,1.1,"basic_hp;basic_hp;basic_armor;basic_mr;basic_hp;basic_power;basic_haste;basic_hp;basic_hp;basic_as;basic_armor;basic_hp;basic_hp"
2,1,364,37,150,bot0_4,Eggchanter,0,SUPPORT,magical,0,6,9,1.5,7302,3042,10146,5145,10.9,18.4,144,221,29,17,10,204,2704,446,279,85,0.767,0,0.3,"basic_hp;basic_hp;basic_hp;basic_armor;basic_mr;basic_power;basic_haste;basic_hp;basic_hp"
2,1,364,37,150,bot1_4,Healer,1,SUPPORT,magical,3,2,21,12,9978,5221,5635,6500,15.5,19.3,166,238,50,15,12,20,3720,613,337,27,0.925,0.5,0.93,"basic_hp;basic_hp;basic_mr;basic_armor;basic_hp;basic_hp;basic_armor;basic_power;basic_mr;basic_power;basic_haste;basic_hp;basic_hp"
3,1,303,2,151,bot0_1,Tamer,0,MAGE,magical,1,9,1,0.22,11212,4195,7725,2265,22.3,12,291,516,25,12,9,142,2192,434,188,114,0.623,0.2,0.54,"special_lifesteal;basic_power;basic_hp;basic_haste;basic_power;basic_armor;basic_mr"
3,1,303,2,151,bot1_1,Jailer,1,TANK,magical,15,0,11,26,12977,8777,5095,0,29,0,396,586,31,27,11,195,4370,866,303,0,1,3,1.72,"basic_hp;basic_hp;basic_hp;basic_mr;basic_mr;basic_hp;basic_hp;basic_mr;basic_armor;basic_hp;basic_mr;basic_power;basic_hp;basic_haste"
3,1,303,2,151,bot0_2,Bruiser,0,FIGHTER,physical,0,7,2,0.29,7661,4526,8762,0,20.6,0,271,389,31,25,7,55,1880,373,220,83,0.727,0,0.52,"basic_hp;basic_hp;basic_armor;basic_power;basic_as;basic_mr;basic_hp"
3,1,303,2,151,bot1_2,Doctor,1,SUPPORT,physical,3,0,15,18,7259,4851,4982,8305,16,27.4,221,325,18,23,10,156,2981,591,303,0,1,0.6,0.97,"basic_hp;basic_hp;basic_hp;basic_mr;basic_hp;basic_mr;basic_armor;basic_mr;basic_hp;basic_power"
3,1,303,2,151,bot0_3,Cleric,0,SUPPORT,magical,0,6,1,0.17,5042,3406,6865,1348,14.8,5.8,273,333,26,20,7,254,1854,367,231,72,0.762,0,0.5,"special_heal_power;basic_hp;basic_hp;basic_armor;basic_hp"
3,1,303,2,151,bot1_3,Wanderer,1,SLAYER,physical,6,0,18,24,20678,12414,4155,526,41,1.7,766,1502,23,19,11,93,3593,712,303,0,1,1.2,2.99,"special_lifesteal;basic_power;basic_power;basic_hp;basic_hp;basic_power;basic_as;basic_mr;basic_as;basic_hp;basic_as;basic_armor"
3,1,303,2,151,bot0_4,Hana,0,TANK,magical,1,7,1,0.29,7048,4892,10924,0,22.5,0,262,632,9,26,7,38,1938,384,218,85,0.72,0.2,0.45,"basic_hp;basic_hp;basic_hp;basic_armor;basic_hp;basic_mr;basic_haste"
3,1,303,2,151,bot1_4,Vanguard,1,FIGHTER,physical,5,2,18,11.5,9729,5475,5596,0,19.7,0,317,418,38,27,10,96,3371,668,277,25,0.916,1,0.98,"special_gw;basic_hp;basic_hp;basic_mr;basic_hp;basic_hp;basic_mr;basic_mr;basic_power;basic_as;basic_power"
4,0,377,151,63,bot0_1,Eggchanter,0,SUPPORT,magical,2,4,17,4.75,6492,4814,9233,6598,14.7,20.1,141,209,39,21,10,225,3250,517,328,50,0.868,0.3,0.52,"special_heal_power;basic_hp;basic_mr;basic_armor;basic_haste;basic_power;basic_hp;basic_hp;basic_hp;basic_hp"
4,0,377,151,63,bot1_1,Jailer,1,TANK,magical,7,5,9,3.2,14404,8281,11350,0,26.6,0,563,629,29,29,12,180,3830,609,312,66,0.826,1.1,0.73,"basic_hp;basic_hp;basic_hp;basic_hp;basic_hp;basic_armor;basic_mr;basic_mr;basic_armor;basic_armor;basic_mr;basic_power;basic_haste"
4,0,377,151,63,bot0_2,Quiller,0,SLAYER,physical,11,2,8,9.5,23503,14731,6475,758,41.8,2.2,258,640,58,35,12,196,4246,675,352,25,0.933,1.7,2.28,"special_lifesteal;basic_power;special_gw;basic_hp;basic_power;basic_as;basic_power;basic_hp;basic_as;basic_armor;basic_hp;basic_as;basic_armor"
4,0,377,151,63,bot1_2,Goliath,1,TANK,physical,1,4,8,2.25,9887,4607,10809,2114,14.1,6.5,324,488,36,22,10,88,2838,451,327,50,0.866,0.2,0.43,"basic_hp;basic_hp;basic_hp;basic_armor;basic_hp;basic_mr;basic_hp;basic_power;basic_as;basic_haste"
4,0,377,151,63,bot0_3,Wanderer,0,SLAYER,physical,3,5,13,3.2,15403,9599,6313,357,30.2,1.1,461,864,21,16,10,226,3251,517,318,59,0.842,0.5,1.52,"special_lifesteal;basic_power;basic_as;basic_power;basic_as;basic_hp;basic_hp;basic_power;basic_power;basic_as"
4,0,377,151,63,bot1_3,Lynx,1,SLAYER,physical,8,7,10,2.57,15305,9660,9989,447,32.4,1.5,568,844,50,37,12,199,4024,640,298,79,0.791,1.3,0.97,"special_lifesteal;basic_power;basic_hp;basic_power;basic_power;basic_as;basic_hp;basic_hp;basic_as;basic_as;basic_armor;basic_mr;basic_power"
4,0,377,151,63,bot0_4,Zephyr,0,SPLITPUSHER,magical,5,7,13,2.57,11999,8193,8938,349,28.5,1.2,477,628,31,39,10,203,3453,549,288,90,0.762,0.8,0.92,"special_lifesteal;basic_power;basic_power;basic_hp;basic_haste;basic_hp;basic_hp;basic_power;basic_hp;basic_mr;basic_armor"
4,0,377,151,63,bot1_4,Cleric,1,SUPPORT,magical,2,5,13,3,9219,6199,8236,3865,20.3,12.7,364,432,43,34,11,64,3289,523,305,72,0.809,0.3,0.75,"special_heal_power;basic_hp;basic_hp;basic_hp;basic_armor;basic_mr;basic_haste;basic_power;basic_armor;basic_mr;basic_hp"
5,1,399,17,152,bot0_1,Goliath,0,TANK,physical,3,6,2,0.83,8714,4606,10742,1138,14.8,3.7,326,489,31,18,10,222,2872,432,311,88,0.78,0.5,0.43,"basic_hp;basic_hp;basic_armor;basic_hp;basic_mr;basic_armor;basic_power;basic_as;basic_armor;basic_haste"
5,1,399,17,152,bot1_1,Lynx,1,SLAYER,physical,8,2,17,12.5,22962,12502,6214,662,33.7,1.8,524,825,76,51,13,266,4466,671,371,28,0.929,1.2,2.01,"special_lifesteal;basic_power;basic_power;basic_as;basic_power;basic_as;basic_hp;basic_power;basic_hp;basic_mr;basic_as;basic_as;basic_armor;basic_power"
5,1,399,17,152,bot0_2,Pyromancer,0,SLAYER,magical,1,8,4,0.63,10847,6131,8645,125,19.6,0.4,475,567,23,17,9,207,2582,388,312,87,0.782,0.2,0.71,"special_lifesteal;basic_power;basic_power;basic_hp;basic_power;basic_haste;basic_hp;basic_armor"
5,1,399,17,152,bot1_2,Hana,1,TANK,magical,7,1,20,27,12526,8340,7485,0,21.6,0,539,1109,19,42,12,106,4406,662,386,14,0.966,1.1,1.11,"basic_hp;basic_hp;basic_hp;basic_hp;basic_armor;basic_mr;basic_hp;basic_hp;basic_mr;basic_armor;basic_armor;basic_mr;basic_haste;basic_haste;basic_power"
5,1,399,17,152,bot0_3,Eggchanter,0,SUPPORT,magical,0,6,4,0.67,5264,3052,8575,2946,9.7,9.3,110,175,23,14,9,61,2386,359,315,84,0.79,0,0.36,"special_heal_power;basic_hp;basic_hp;basic_armor;basic_mr;basic_haste;basic_power;basic_armor"
5,1,399,17,152,bot1_3,Bruiser,1,FIGHTER,physical,9,2,13,11,12621,8063,6897,478,21.6,1.3,300,567,49,42,12,67,4267,641,373,26,0.934,1.4,1.17,"special_lifesteal;basic_power;basic_as;basic_power;basic_as;basic_power;basic_hp;basic_hp;basic_power;basic_as;basic_armor;basic_mr;basic_as;basic_power"
5,1,399,17,152,bot0_4,Wanderer,0,SLAYER,physical,1,9,3,0.44,13636,9098,8690,224,31.7,0.8,842,1320,14,14,9,155,2505,376,287,112,0.719,0.2,1.05,"special_lifesteal;basic_power;basic_power;basic_power;basic_as;basic_hp;basic_armor;basic_mr"
5,1,399,17,152,bot1_4,Jirina,1,FIGHTER,magical,5,0,15,20,12579,6041,5169,7884,15.1,19.8,410,526,44,21,11,269,3794,570,399,0,1,0.8,1.17,"special_gw;special_lifesteal;basic_hp;basic_power;basic_hp;basic_power;basic_armor;basic_hp;basic_mr;basic_power;basic_hp"
6,1,364,67,151,bot0_1,Pyromancer,0,SLAYER,magical,1,6,5,1,11670,5293,6327,209,17.1,0.7,477,668,20,16,9,182,2557,421,309,56,0.847,0.2,0.84,"special_lifesteal;special_lifesteal;basic_power;basic_hp;basic_mr;basic_power;basic_haste"
6,1,364,67,151,bot1_1,Doctor,1,SUPPORT,physical,4,2,16,10,6928,5115,7275,9275,14.5,26.2,239,328,14,22,10,107,3407,561,354,11,0.971,0.7,0.7,"special_heal_power;basic_hp;basic_mr;basic_armor;basic_hp;basic_power;basic_hp;basic_as;basic_mr;basic_hp;basic_hp"
6,1,364,67,151,bot0_2,Jirina,0,FIGHTER,magical,2,5,4,1.2,14641,6319,8722,1734,21.7,6,514,616,31,10,10,241,2666,439,291,73,0.799,0.3,0.72,"basic_hp;basic_hp;basic_hp;basic_power;basic_hp;basic_mr;basic_armor;basic_mr;basic_haste"
6,1,364,67,151,bot1_2,Summoner,1,MAGE,magical,5,1,16,21,10885,5723,4195,314,16.2,0.9,200,282,67,30,11,306,3581,590,354,11,0.971,0.8,1.36,"special_lifesteal;basic_power;basic_hp;basic_haste;basic_power;basic_mr;basic_power;basic_hp;basic_power;basic_haste;basic_hp"
6,1,364,67,151,bot0_3,Vanguard,0,FIGHTER,physical,3,4,2,1.25,12412,4801,8600,273,15.7,0.9,426,598,47,31,10,113,2713,447,306,58,0.84,0.5,0.56,"special_lifesteal;special_gw;basic_hp;basic_power;basic_as;basic_mr;basic_hp;basic_power"
6,1,364,67,151,bot1_3,Ironclad,1,TANK,physical,3,2,18,10.5,7944,6061,8252,0,17.9,0,301,397,35,23,10,133,3333,549,338,26,0.928,0.5,0.73,"basic_hp;basic_hp;special_gw;basic_mr;basic_hp;basic_armor;basic_mr;basic_armor;basic_power;basic_mr;basic_as"
6,1,364,67,151,bot0_4,Hana,0,TANK,magical,3,6,4,1.17,13652,7209,11858,0,26.1,0,561,716,11,34,10,135,2810,463,276,89,0.757,0.5,0.61,"basic_hp;basic_hp;basic_hp;basic_hp;basic_mr;basic_armor;basic_mr;basic_haste;basic_power;basic_as"
6,1,364,67,151,bot1_4,Tamer,1,MAGE,magical,9,4,11,5,17716,11159,6266,4156,34.5,12.8,382,562,37,15,11,72,3947,650,324,41,0.888,1.5,1.78,"special_lifesteal;basic_power;basic_hp;basic_power;basic_power;basic_hp;basic_mr;basic_mr;basic_hp;basic_hp;basic_haste;basic_power;basic_haste"
7,0,335,150,26,bot0_1,Goliath,0,TANK,physical,4,0,16,20,7694,6934,8361,2619,20.7,7.8,247,343,39,24,10,62,3237,580,335,0,1,0.7,0.83,"basic_hp;basic_hp;basic_hp;basic_armor;basic_hp;basic_armor;basic_mr;basic_armor;basic_mr;basic_armor;basic_hp"
7,0,335,150,26,bot1_1,Ironclad,1,TANK,physical,2,4,1,0.75,7002,3962,11602,0,14,0,386,649,27,18,8,307,2207,396,284,51,0.848,0.4,0.34,"basic_hp;basic_hp;basic_armor;basic_hp;basic_mr;basic_power;basic_hp"
7,0,335,150,26,bot0_2,Lynx,0,SLAYER,physical,6,2,14,10,14676,9931,4778,487,32.4,1.6,394,776,68,40,10,244,3494,626,306,28,0.915,1.1,2.08,"special_lifesteal;basic_power;basic_hp;basic_as;basic_armor;basic_power;basic_hp;basic_hp;basic_power;basic_as;basic_as"
7,0,335,150,26,bot1_2,Fusilier,1,SLAYER,physical,1,7,2,0.43,12880,9408,7230,316,38.3,1.3,334,634,33,15,8,95,2195,394,246,89,0.735,0.2,1.3,"special_lifesteal;basic_power;basic_hp;basic_power;basic_as;basic_armor;basic_power"
7,0,335,150,26,bot0_3,Doctor,0,SUPPORT,physical,2,2,16,9,5792,5451,7076,9740,17.4,31,131,280,23,24,10,211,2961,531,314,20,0.939,0.4,0.77,"special_heal_power;basic_hp;basic_armor;basic_hp;basic_mr;basic_hp;basic_armor;basic_armor;basic_hp"
7,0,335,150,26,bot1_3,Vanguard,1,FIGHTER,physical,0,4,4,1,9909,5744,10209,0,20,0,331,425,43,26,8,14,2114,379,287,48,0.856,0,0.56,"basic_hp;basic_hp;basic_armor;basic_hp;basic_armor;basic_mr;basic_power;basic_as"
7,0,335,150,26,bot0_4,Jirina,0,FIGHTER,magical,9,0,11,20,16518,11801,5590,3712,35.3,11.1,436,608,56,16,11,213,3788,679,335,0,1,1.6,2.11,"basic_hp;basic_hp;special_lifesteal;basic_power;basic_power;basic_armor;basic_hp;basic_power;basic_armor;basic_hp;basic_haste;basic_armor"
7,0,335,150,26,bot1_4,Cleric,1,SUPPORT,magical,1,6,3,0.67,6359,4282,7511,2500,16.7,9.8,304,366,29,26,8,148,2223,399,256,79,0.764,0.2,0.57,"special_gw;basic_hp;basic_hp;basic_armor;basic_power;basic_mr;basic_armor"
8,1,312,16,150,bot0_1,Reaper,0,SPLITPUSHER,magical,0,7,1,0.14,6702,4167,8558,220,17.5,0.9,309,525,24,12,8,355,1905,366,238,74,0.762,0,0.49,"special_lifesteal;basic_power;basic_hp;basic_haste;basic_power"
8,1,312,16,150,bot1_1,Quiller,1,SLAYER,physical,16,0,13,29,21769,15303,2918,578,49,1.9,373,658,46,30,11,64,4489,863,312,0,1,3.1,5.24,"special_lifesteal;basic_power;basic_power;basic_power;basic_as;basic_hp;basic_mr;basic_as;basic_as;basic_hp;basic_armor;basic_power;basic_mr;basic_hp;basic_as"
8,1,312,16,150,bot0_2,Goliath,0,TANK,physical,0,7,1,0.14,5018,2251,11599,928,9,3.7,282,334,31,15,7,56,1881,362,251,61,0.806,0,0.19,"basic_hp;basic_hp;basic_hp;basic_mr;basic_armor;basic_power;basic_as"
8,1,312,16,150,bot1_2,Cleric,1,SUPPORT,magical,3,0,26,29,7824,6496,2035,4813,20.8,15.4,352,380,45,41,11,20,3570,686,312,0,1,0.6,3.19,"basic_hp;basic_hp;basic_hp;basic_mr;basic_hp;basic_mr;basic_mr;basic_armor;basic_haste;basic_power;basic_armor;basic_haste;basic_power"
8,1,312,16,150,bot0_3,Healer,0,SUPPORT,magical,1,7,0,0.14,6466,3804,9981,3969,14.9,15.6,136,192,34,18,8,128,1978,380,255,57,0.818,0.2,0.38,"special_gw;basic_hp;basic_mr;basic_hp;basic_hp;basic_armor"
8,1,312,16,150,bot1_3,Mage,1,MAGE,magical,5,0,22,27,17153,12322,2793,351,39.5,1.1,578,626,84,25,11,131,3656,703,312,0,1,1,4.41,"special_lifesteal;basic_power;basic_hp;basic_power;basic_hp;basic_power;basic_haste;basic_power;basic_haste;basic_mr;basic_armor;basic_hp"
8,1,312,16,150,bot0_4,Ironclad,0,TANK,physical,0,8,0,0,5816,2693,14314,0,10.8,0,281,375,22,15,7,9,1834,353,249,63,0.799,0,0.19,"basic_hp;basic_hp;basic_hp;basic_mr;basic_armor;basic_power;basic_as"
8,1,312,16,150,bot1_4,Hana,1,TANK,magical,5,1,21,26,10688,8332,6527,0,27.7,0,294,360,16,36,11,68,3618,696,301,11,0.966,1,1.28,"basic_hp;basic_hp;basic_hp;basic_mr;basic_mr;basic_hp;basic_armor;basic_armor;basic_power;basic_haste;basic_as;basic_mr;basic_armor"
9,1,487,123,150,bot0_1,Mage,0,MAGE,magical,10,6,11,3.5,27993,15867,11817,643,40.8,1.7,654,855,89,33,12,308,4658,574,389,98,0.798,1.2,1.34,"special_lifesteal;basic_power;special_gw;basic_power;basic_hp;basic_armor;basic_hp;basic_armor;basic_hp;basic_haste;basic_power;basic_haste;basic_armor;basic_haste"
9,1,487,123,150,bot1_1,Wanderer,1,SLAYER,physical,14,6,10,4,37421,26689,13486,758,61.8,1.8,905,1502,40,28,12,265,5090,627,432,56,0.886,1.7,1.98,"special_lifesteal;basic_power;basic_power;basic_hp;basic_power;basic_as;basic_hp;basic_as;basic_hp;basic_mr;basic_as;basic_power;basic_as;basic_power;basic_armor;basic_hp"
9,1,487,123,150,bot0_2,Ironclad,0,TANK,physical,3,5,16,3.8,11833,9556,19370,0,23.6,0,445,591,41,30,11,290,3690,454,405,82,0.832,0.4,0.49,"basic_hp;basic_hp;basic_hp;basic_armor;basic_armor;basic_hp;basic_armor;basic_hp;basic_mr;basic_armor;basic_as;basic_power"
9,1,487,123,150,bot1_2,Doctor,1,SUPPORT,physical,5,5,21,5.2,9519,7216,11941,14861,16.1,33.2,270,353,32,31,12,206,4381,539,447,40,0.918,0.6,0.6,"special_gw;basic_hp;basic_mr;basic_armor;basic_hp;basic_power;basic_as;basic_hp;basic_hp;basic_mr;basic_mr;basic_hp;basic_armor;basic_armor"
9,1,487,123,150,bot0_3,Doctor,0,SUPPORT,physical,4,7,15,2.71,10156,8849,16054,11111,23,28.9,243,360,29,24,11,185,3835,472,384,103,0.788,0.5,0.55,"special_heal_power;basic_hp;basic_hp;basic_armor;basic_hp;basic_hp;basic_armor;basic_armor;basic_mr;basic_mr;basic_armor;basic_mr"
9,1,487,123,150,bot1_3,Volstrov,1,MAGE,magical,2,7,17,2.71,17209,11097,9528,384,28.3,1,324,644,17,18,12,300,3775,465,393,95,0.806,0.2,1.16,"special_lifesteal;basic_power;basic_hp;basic_power;basic_mr;basic_haste;basic_hp;basic_hp;basic_mr;basic_armor;basic_power;basic_haste"
9,1,487,123,150,bot0_4,Zephyr,0,SPLITPUSHER,magical,4,8,11,1.88,16542,10235,10850,417,27.5,1.1,519,800,47,43,11,174,3649,449,372,115,0.763,0.5,0.94,"special_lifesteal;basic_power;basic_hp;basic_armor;basic_power;basic_hp;basic_power;basic_haste;basic_mr;basic_armor;basic_haste;basic_hp"
9,1,487,123,150,bot1_4,Goliath,1,TANK,physical,5,3,18,7.67,16487,10904,13643,4055,24.3,9,534,534,47,40,12,91,4216,519,449,38,0.922,0.6,0.8,"basic_hp;basic_hp;basic_hp;basic_mr;basic_armor;basic_as;basic_mr;basic_armor;basic_power;basic_as;basic_hp;basic_haste;basic_hp;basic_power;basic_haste"
10,1,434,65,151,bot0_1,Healer,0,SUPPORT,magical,3,9,8,1.22,7594,5811,16401,9867,15.8,26.9,160,201,47,26,10,233,3183,440,367,67,0.845,0.4,0.35,"special_gw;basic_hp;basic_hp;basic_mr;basic_hp;basic_armor;basic_hp;basic_power;basic_mr;basic_haste"
10,1,434,65,151,bot1_1,Zephyr,1,SPLITPUSHER,magical,6,2,18,12,17060,9814,9038,493,24.4,1.2,364,472,50,54,12,165,4240,586,402,32,0.926,0.8,1.09,"special_lifesteal;basic_power;basic_power;basic_hp;basic_haste;basic_hp;basic_power;basic_haste;basic_mr;basic_armor;basic_power;basic_hp;basic_mr;basic_armor"
10,1,434,65,151,bot0_2,Quiller,0,SLAYER,physical,3,8,7,1.25,13817,8142,9499,397,25.1,1.2,265,523,45,27,10,277,3177,439,324,110,0.746,0.4,0.86,"special_lifesteal;basic_power;basic_hp;basic_as;basic_mr;basic_power;basic_armor;basic_hp;basic_hp;basic_as"
10,1,434,65,151,bot1_2,Cleric,1,SUPPORT,magical,2,3,25,9,12325,8414,9287,9124,21.4,23.3,351,408,58,57,12,170,3945,545,392,42,0.903,0.3,0.91,"special_gw;basic_hp;basic_hp;basic_mr;basic_hp;basic_armor;basic_armor;basic_power;basic_haste;basic_mr;basic_hp;basic_power;basic_haste"
10,1,434,65,151,bot0_3,Volstrov,0,MAGE,magical,4,6,7,1.83,12335,6845,9980,403,19.4,1.1,230,456,17,19,11,86,3361,464,354,81,0.814,0.6,0.69,"special_lifesteal;basic_power;basic_power;basic_hp;basic_power;basic_mr;basic_hp;basic_mr;basic_power;basic_hp;basic_haste"
10,1,434,65,151,bot1_3,Pyromancer,1,SLAYER,magical,2,3,23,8.33,13498,7950,5888,231,18.9,0.6,350,488,35,27,12,65,3865,534,420,15,0.966,0.3,1.35,"special_lifesteal;basic_power;basic_hp;basic_power;basic_power;basic_hp;basic_haste;basic_mr;basic_armor;basic_hp;basic_haste;basic_mr;basic_hp"
10,1,434,65,151,bot0_4,Goliath,0,TANK,physical,1,7,10,1.57,10060,6977,16188,1715,17.9,4.4,281,477,51,25,10,32,2957,408,390,44,0.898,0.1,0.43,"basic_hp;basic_hp;basic_hp;basic_mr;basic_armor;basic_mr;basic_mr;basic_as;basic_power;basic_haste;basic_armor"
10,1,434,65,151,bot1_4,Fusilier,1,SLAYER,physical,20,3,10,10,35570,23965,6798,790,62.3,2.1,477,907,65,21,13,174,5674,784,385,50,0.886,2.8,3.53,"special_lifesteal;basic_power;basic_power;basic_as;basic_hp;basic_power;basic_as;basic_armor;basic_as;basic_mr;basic_power;basic_hp;basic_as;basic_hp;basic_mr;basic_power;basic_as;basic_power"
11,0,288,151,0,bot0_1,Healer,0,SUPPORT,magical,4,0,20,24,8998,6045,2778,6287,21,21.9,172,214,50,14,11,51,3351,699,288,0,1,0.8,2.18,"basic_hp;basic_hp;basic_mr;basic_mr;basic_power;basic_haste;basic_armor;basic_hp;basic_as;basic_mr;basic_hp;basic_mr"
11,0,288,151,0,bot1_1,Ironclad,1,TANK,physical,0,6,0,0,4403,2853,11732,0,13.1,0,296,387,23,11,7,126,1701,355,218,70,0.758,0,0.24,"basic_hp;basic_hp;basic_hp;basic_armor;basic_mr;basic_power"
11,0,288,151,0,bot0_2,Wanderer,0,SLAYER,physical,8,0,11,19,16281,8809,2836,466,30.6,1.6,748,1664,24,15,11,279,3554,741,288,0,1,1.7,3.11,"special_lifesteal;basic_power;basic_power;basic_as;basic_hp;basic_as;basic_power;basic_power;basic_as;basic_mr;basic_hp"
11,0,288,151,0,bot1_2,Jirina,1,FIGHTER,magical,0,6,0,0,7710,3809,8137,1680,15.9,7,369,532,27,11,7,150,1750,365,239,49,0.83,0,0.47,"special_lifesteal;basic_power;basic_power;basic_hp;basic_power"
11,0,288,151,0,bot0_3,Jailer,0,TANK,magical,1,0,21,22,15506,9978,4465,0,34.7,0,379,617,29,29,10,49,3024,631,288,0,1,0.2,2.23,"basic_hp;basic_hp;basic_hp;basic_mr;basic_mr;basic_power;basic_hp;basic_mr;basic_armor;basic_haste;basic_as"
11,0,288,151,0,bot1_3,Mage,1,MAGE,magical,0,5,0,0,7846,3121,5379,193,13.8,0.9,510,680,39,15,7,187,1737,362,226,61,0.786,0,0.58,"special_lifesteal;basic_power;basic_power;basic_hp;basic_haste"
11,0,288,151,0,bot0_4,Bruiser,0,FIGHTER,physical,12,0,9,21,11891,7946,4208,398,27.6,1.4,351,672,42,30,11,318,3793,791,288,0,1,2.5,1.89,"special_lifesteal;basic_power;basic_power;basic_hp;basic_as;basic_hp;basic_mr;basic_as;basic_hp;basic_power;basic_mr;basic_armor"
11,0,288,151,0,bot1_4,Eggchanter,1,SUPPORT,magical,0,8,0,0,4743,2546,9438,2028,11.8,9.4,123,180,20,11,7,187,1712,357,217,71,0.753,0,0.27,"basic_hp;basic_hp;basic_mr;basic_armor;basic_power;basic_haste"
12,0,323,152,9,bot0_1,Cleric,0,SUPPORT,magical,3,0,18,21,8526,4451,3900,7926,13.8,24.6,304,370,58,44,11,322,3372,627,323,0,1,0.6,1.14,"basic_hp;basic_hp;basic_hp;basic_armor;basic_hp;basic_mr;basic_haste;basic_armor;basic_hp;basic_power;basic_mr"
12,0,323,152,9,bot1_1,Eggchanter,1,SUPPORT,magical,0,6,0,0,5202,2822,8057,2226,11.5,9.1,121,214,25,14,8,134,1959,364,246,77,0.761,0,0.35,"special_heal_power;basic_hp;basic_mr;basic_hp;basic_haste;basic_mr"
12,0,323,152,9,bot0_2,Hana,0,TANK,magical,8,0,15,23,16557,10815,8844,0,33.5,0,563,656,19,44,12,338,4038,750,323,0,1,1.5,1.22,"basic_hp;basic_hp;basic_hp;basic_armor;basic_armor;basic_mr;basic_armor;basic_power;basic_haste;basic_hp;basic_hp;basic_as;basic_hp"
12,0,323,152,9,bot1_2,Fusilier,1,SLAYER,physical,0,6,0,0,13392,7277,6529,247,29.7,1,388,540,36,13,9,221,2021,375,245,78,0.758,0,1.11,"special_lifesteal;basic_power;basic_as;basic_power;basic_hp;basic_mr"
12,0,323,152,9,bot0_3,Jirina,0,FIGHTER,magical,8,0,13,21,14625,7002,4682,3943,21.7,12.2,317,485,51,14,11,228,3878,721,323,0,1,1.5,1.5,"basic_hp;basic_hp;basic_hp;basic_armor;basic_hp;basic_armor;basic_power;basic_power;basic_armor;basic_haste;basic_mr;basic_hp;basic_power"
12,0,323,152,9,bot1_3,Ironclad,1,TANK,physical,0,5,0,0,5697,3335,11177,0,12.7,0,301,403,22,18,7,317,1867,347,263,60,0.816,0,0.3,"basic_hp;basic_hp;basic_mr;basic_mr;basic_power;basic_as"
12,0,323,152,9,bot0_4,Volstrov,0,MAGE,magical,4,0,19,23,14371,7109,4677,434,22,1.3,512,951,8,11,11,326,3551,660,323,0,1,0.7,1.52,"special_lifesteal;basic_power;basic_power;basic_hp;basic_power;basic_power;basic_hp;basic_haste;basic_haste;basic_armor;basic_mr"
12,0,323,152,9,bot1_4,Quiller,1,SLAYER,physical,0,6,0,0,13944,5533,5747,394,22.6,1.6,244,466,35,20,9,318,2093,389,245,78,0.759,0,0.96,"special_lifesteal;basic_power;basic_as;basic_hp;basic_mr;basic_armor"
13,1,311,2,150,bot0_1,Summoner,0,MAGE,magical,0,6,2,0.33,5031,2651,5566,90,11.2,0.4,167,235,32,16,8,81,1931,372,236,75,0.759,0,0.48,"special_lifesteal;basic_power;basic_power;basic_power;basic_hp;basic_haste"
13,1,311,2,150,bot1_1,Doctor,1,SUPPORT,physical,3,1,9,12,6520,3753,4121,5339,12.5,17.7,191,316,18,19,9,211,2711,523,301,10,0.969,0.6,0.91,"basic_hp;basic_hp;basic_mr;basic_power;basic_mr;basic_hp;basic_hp;basic_mr;basic_power"
13,1,311,2,150,bot0_2,Healer,0,SUPPORT,magical,2,5,0,0.4,6197,3576,8615,2991,14.5,12.1,160,190,36,15,8,217,2092,403,247,64,0.793,0.4,0.42,"basic_hp;basic_hp;basic_hp;basic_armor;basic_haste;basic_armor;basic_haste"
13,1,311,2,150,bot1_2,Fusilier,1,SLAYER,physical,12,1,12,24,19005,10695,3074,655,35.7,2.2,488,755,44,15,11,325,3850,742,299,12,0.962,2.3,3.48,"special_lifesteal;basic_power;basic_power;basic_as;basic_hp;basic_power;basic_as;basic_hp;basic_mr;basic_power;basic_armor;basic_as"
13,1,311,2,150,bot0_3,Pyromancer,0,SLAYER,magical,0,7,1,0.14,6724,3034,6221,66,13.4,0.3,243,423,19,13,8,172,1947,375,226,85,0.727,0,0.49,"special_lifesteal;basic_power;basic_hp;basic_armor;basic_haste;basic_as"
13,1,311,2,150,bot1_3,Vanguard,1,FIGHTER,physical,4,0,17,21,12176,6111,5108,0,19.6,0,440,638,43,34,10,272,3297,636,311,0,1,0.8,1.2,"basic_hp;basic_hp;basic_hp;basic_mr;basic_mr;basic_as;basic_mr;basic_power;basic_hp;basic_as;basic_power"
13,1,311,2,150,bot0_4,Zephyr,0,SPLITPUSHER,magical,0,6,2,0.33,7004,4072,7729,173,17.3,0.7,367,455,23,22,7,98,1898,366,235,76,0.756,0,0.53,"special_lifesteal;basic_power;basic_hp;basic_power;basic_armor;basic_haste"
13,1,311,2,150,bot1_4,Ironclad,1,TANK,physical,5,0,16,21,7741,5818,5427,0,18.7,0,254,419,33,18,10,235,3385,653,311,0,1,1,1.07,"basic_hp;basic_hp;basic_mr;basic_hp;basic_power;basic_mr;basic_mr;basic_hp;basic_as;basic_hp;basic_mr"
14,1,413,52,150,bot0_1,Zephyr,0,SPLITPUSHER,magical,1,6,9,1.67,12625,6906,8081,259,21.2,0.8,533,618,37,36,10,279,2904,422,325,88,0.787,0.1,0.85,"special_lifesteal;basic_power;basic_hp;basic_armor;basic_power;basic_haste;basic_mr;basic_hp;basic_hp"
14,1,413,52,150,bot1_1,Goliath,1,TANK,physical,8,3,19,9,15919,10181,12170,2832,26.3,7.3,526,719,48,28,13,177,4602,668,387,27,0.936,1.2,0.84,"basic_hp;basic_hp;basic_hp;basic_mr;basic_mr;basic_armor;basic_power;basic_armor;basic_hp;basic_power;basic_hp;basic_as;basic_as;basic_haste;basic_mr;basic_haste"
14,1,413,52,150,bot0_2,Kratoma,0,SLAYER,physical,3,6,7,1.67,14619,8817,10060,358,27.1,1.1,290,535,26,23,10,169,3069,446,326,87,0.789,0.4,0.88,"special_lifesteal;basic_power;basic_power;basic_hp;basic_as;basic_hp;basic_as;basic_armor;basic_mr;basic_power"
14,1,413,52,150,bot1_2,Cleric,1,SUPPORT,magical,9,3,16,8.33,11866,6915,7666,8873,18.3,23.4,262,306,60,52,12,74,4574,664,379,34,0.917,1.3,0.9,"basic_hp;basic_hp;basic_mr;basic_mr;basic_hp;basic_armor;basic_armor;basic_hp;basic_haste;basic_hp;basic_hp;basic_mr;basic_hp;basic_armor;basic_mr"
14,1,413,52,150,bot0_3,Summoner,0,MAGE,magical,3,7,9,1.71,10454,5800,8989,252,18.1,0.8,209,289,46,24,10,171,3221,468,320,93,0.774,0.4,0.65,"special_lifesteal;basic_power;basic_power;basic_hp;basic_power;basic_power;basic_hp;basic_power;basic_haste;basic_armor"
14,1,413,52,150,bot1_3,Wanderer,1,SLAYER,physical,5,4,21,6.5,27881,15785,9282,660,44,1.8,1011,2081,30,24,12,139,4239,616,358,55,0.868,0.7,1.7,"special_lifesteal;basic_power;basic_power;basic_hp;basic_hp;basic_as;basic_as;basic_mr;basic_hp;basic_armor;basic_power;basic_as;basic_mr;basic_power"
14,1,413,52,150,bot0_4,Jailer,0,TANK,magical,6,9,7,1.44,16203,12045,16070,0,35.5,0,402,670,32,31,10,42,3467,504,339,74,0.82,0.9,0.75,"basic_hp;basic_hp;basic_hp;basic_armor;basic_armor;basic_mr;basic_hp;basic_mr;basic_armor;basic_armor;basic_haste;basic_hp"
14,1,413,52,150,bot1_4,Ironclad,1,TANK,physical,6,3,19,8.33,12221,7627,11468,0,20.4,0,407,609,43,29,12,129,4329,629,373,40,0.903,0.9,0.67,"basic_hp;basic_hp;basic_hp;basic_mr;basic_armor;basic_power;basic_as;basic_mr;basic_hp;basic_mr;basic_mr;basic_haste;basic_armor;basic_as;basic_hp"
15,1,364,7,152,bot0_1,Cleric,0,SUPPORT,magical,2,8,5,0.88,9220,6905,12124,3755,23.3,12.7,329,381,38,30,9,210,2610,430,297,67,0.815,0.3,0.57,"basic_hp;basic_hp;basic_hp;basic_armor;basic_hp;basic_mr;basic_haste;basic_power;basic_as"
15,1,364,7,152,bot1_1,Bruiser,1,FIGHTER,physical,5,3,20,8.33,15261,9744,11476,0,27.8,0,356,576,53,35,11,89,3789,625,350,14,0.962,0.8,0.85,"basic_hp;basic_hp;basic_hp;basic_power;basic_power;basic_hp;basic_armor;basic_hp;basic_hp;basic_mr;basic_as;basic_armor;basic_mr"
15,1,364,7,152,bot0_2,Summoner,0,MAGE,magical,3,7,3,0.86,8132,5168,8805,169,16.8,0.5,182,260,38,20,9,217,2642,435,308,56,0.847,0.5,0.59,"special_lifesteal;basic_power;basic_hp;basic_power;basic_hp;basic_armor;basic_hp;basic_power"
15,1,364,7,152,bot1_2,Doctor,1,SUPPORT,physical,5,2,14,9.5,9337,5930,10801,13686,16.3,37.6,224,387,22,28,11,230,3555,586,364,0,1,0.8,0.55,"special_heal_power;basic_hp;basic_armor;basic_hp;basic_hp;basic_mr;basic_mr;basic_armor;basic_power;basic_hp;basic_hp"
15,1,364,7,152,bot0_3,Fusilier,0,SLAYER,physical,2,7,5,1,15458,10381,7315,378,37.5,1.4,379,597,42,15,9,22,2622,432,277,87,0.761,0.3,1.42,"special_lifesteal;basic_power;basic_hp;basic_as;basic_armor;basic_power;basic_hp;basic_mr;basic_as"
15,1,364,7,152,bot1_3,Jirina,1,FIGHTER,magical,10,2,15,12.5,14548,9076,4666,3089,27,9.2,506,621,40,7,12,108,4333,714,336,28,0.922,1.6,1.95,"special_lifesteal;basic_power;basic_hp;basic_mr;basic_armor;basic_hp;basic_power;basic_armor;basic_hp;basic_power;basic_hp;basic_hp;basic_power;basic_mr"
15,1,364,7,152,bot0_4,Lynx,0,SLAYER,physical,0,7,7,1,15461,10146,9178,394,37.9,1.5,620,1214,36,35,9,77,2452,404,268,96,0.735,0,1.11,"special_lifesteal;basic_power;basic_as;basic_power;basic_power;basic_as;basic_hp;basic_armor"
15,1,364,7,152,bot1_4,Ironclad,1,TANK,physical,9,0,18,27,15746,11205,12282,0,30.8,0,342,495,41,33,12,52,4227,697,364,0,1,1.5,0.91,"basic_hp;basic_hp;basic_hp;basic_hp;basic_mr;basic_armor;basic_as;basic_armor;basic_hp;basic_mr;basic_power;basic_haste;basic_mr;basic_armor;basic_as"
16,1,311,15,151,bot0_1,Ironclad,0,TANK,physical,0,6,3,0.5,7041,5844,13484,0,24.8,0,331,557,22,17,7,243,1918,370,236,75,0.759,0,0.43,"basic_hp;basic_hp;basic_hp;basic_mr;basic_hp;basic_mr"
16,1,311,15,151,bot1_1,Healer,1,SUPPORT,magical,4,1,16,20,10202,7197,5553,7372,24,24.5,161,227,57,17,10,39,3239,625,300,11,0.965,0.8,1.3,"basic_hp;basic_hp;basic_hp;basic_armor;basic_armor;basic_armor;basic_power;basic_mr;basic_haste;basic_power;basic_mr;basic_as"
16,1,311,15,151,bot0_2,Zephyr,0,SPLITPUSHER,magical,0,6,3,0.5,6178,2154,6444,167,9.1,0.7,336,383,27,23,8,202,2002,386,237,75,0.76,0,0.33,"special_lifesteal;basic_power;basic_power;basic_hp;basic_haste;basic_mr"
16,1,311,15,151,bot1_2,Mage,1,MAGE,magical,7,1,15,22,17889,9742,2984,535,32.4,1.8,507,688,71,25,11,167,3642,702,300,11,0.965,1.3,3.26,"special_lifesteal;basic_power;basic_hp;basic_armor;basic_power;basic_power;basic_haste;basic_hp;basic_mr;basic_armor;basic_hp;basic_haste"
16,1,311,15,151,bot0_3,Bruiser,0,FIGHTER,physical,0,6,2,0.33,5178,4079,6729,166,17.3,0.7,218,403,33,26,7,103,1903,367,236,75,0.759,0,0.61,"special_lifesteal;basic_power;basic_as;basic_hp;basic_mr;basic_power"
16,1,311,15,151,bot1_3,Hana,1,TANK,magical,3,1,20,23,8211,5937,5607,0,19.9,0,367,554,10,33,10,199,3274,631,298,13,0.959,0.6,1.06,"basic_hp;basic_hp;basic_hp;basic_hp;basic_armor;basic_mr;basic_power;basic_haste;basic_armor;basic_armor;basic_hp"
16,1,311,15,151,bot0_4,Lynx,0,SLAYER,physical,3,6,0,0.5,8476,4867,5706,169,21.3,0.7,402,677,38,27,9,93,2418,466,228,83,0.733,0.6,0.85,"special_lifesteal;basic_power;basic_power;basic_hp;basic_as;basic_mr;basic_hp;basic_armor"
16,1,311,15,151,bot1_4,Vanguard,1,FIGHTER,physical,10,0,14,24,12630,8017,4771,376,25.8,1.2,424,554,46,32,11,162,3937,759,311,0,1,1.9,1.68,"basic_hp;basic_hp;special_lifesteal;basic_power;basic_power;basic_hp;basic_as;basic_as;basic_power;basic_armor;basic_as;basic_armor;basic_mr"
17,0,382,152,17,bot0_1,Vanguard,0,FIGHTER,physical,9,2,19,14,16107,9872,8521,0,27.9,0,715,836,51,35,12,25,4550,715,353,28,0.926,1.4,1.16,"basic_hp;basic_hp;basic_armor;basic_armor;basic_hp;basic_power;basic_power;basic_hp;basic_as;basic_mr;basic_hp;basic_armor;basic_power;basic_as;basic_armor;basic_mr"
17,0,382,152,17,bot1_1,Eggchanter,1,SUPPORT,magical,1,8,4,0.63,7545,4406,10624,2591,15.8,9.3,155,193,30,15,9,97,2447,385,278,104,0.729,0.2,0.41,"basic_hp;basic_hp;basic_armor;basic_mr;basic_haste;basic_power;basic_as;basic_armor;basic_hp"
17,0,382,152,17,bot0_2,Oracle,0,MAGE,physical,8,2,20,14,18651,12289,4521,430,35.1,1.2,510,640,27,25,12,127,4502,708,350,31,0.918,1.3,2.72,"special_lifesteal;basic_hp;basic_power;basic_hp;basic_power;basic_as;basic_as;basic_armor;basic_hp;basic_power;basic_armor;basic_mr;basic_as;basic_mr;basic_hp"
17,0,382,152,17,bot1_2,Goliath,1,TANK,physical,1,6,4,0.83,7872,5214,14848,1680,16.9,5.4,241,296,37,20,10,67,2567,404,309,73,0.809,0.2,0.35,"basic_hp;basic_hp;basic_hp;basic_armor;basic_hp;basic_armor;basic_armor;basic_mr;basic_mr"
17,0,382,152,17,bot0_3,Ironclad,0,TANK,physical,5,1,18,23,10977,6141,6703,0,16.8,0,322,403,43,34,12,153,3928,618,365,17,0.956,0.8,0.92,"basic_hp;basic_hp;basic_hp;basic_armor;basic_armor;basic_hp;basic_armor;basic_mr;basic_mr;basic_hp;basic_mr;basic_hp;basic_power"
17,0,382,152,17,bot1_3,Fusilier,1,SLAYER,physical,2,8,3,0.63,16682,9228,8124,279,32.8,1,374,573,38,15,10,245,2695,424,281,100,0.737,0.3,1.14,"special_lifesteal;basic_power;basic_power;basic_as;basic_as;basic_hp;basic_power;basic_power"
17,0,382,152,17,bot0_4,Hana,0,TANK,magical,9,0,21,30,20147,13639,7662,0,35.7,0,521,815,24,48,13,214,4589,722,382,0,1,1.4,1.78,"basic_hp;basic_hp;basic_armor;basic_mr;basic_power;basic_haste;basic_as;basic_hp;basic_hp;basic_armor;basic_armor;basic_hp;basic_hp;basic_armor;basic_armor"
17,0,382,152,17,bot1_4,Bruiser,1,FIGHTER,physical,1,9,3,0.44,6399,4637,9809,112,15.3,0.4,211,365,39,36,9,111,2436,383,304,78,0.796,0.2,0.47,"special_lifesteal;basic_power;basic_hp;basic_as;basic_armor;basic_mr;basic_power;basic_hp"
18,1,358,21,151,bot0_1,Jailer,0,TANK,magical,2,7,4,0.86,11708,5675,12698,0,21.7,0,486,590,27,27,9,221,2621,439,261,97,0.73,0.3,0.45,"basic_hp;basic_hp;basic_hp;basic_hp;basic_armor;basic_mr;basic_haste;basic_power;basic_as"
18,1,358,21,151,bot1_1,Mage,1,MAGE,magical,9,2,15,12,21713,12791,5020,561,36.9,1.6,531,698,71,26,12,72,4222,707,346,12,0.967,1.5,2.55,"special_lifesteal;basic_power;basic_power;basic_hp;basic_power;basic_mr;basic_hp;basic_hp;basic_mr;basic_mr;basic_hp;basic_power;basic_haste;basic_as"
18,1,358,21,151,bot0_2,Jirina,0,FIGHTER,magical,2,7,3,0.71,9714,5780,12767,2117,21.9,8,451,601,30,15,9,24,2449,410,264,94,0.738,0.3,0.45,"basic_hp;basic_hp;basic_hp;basic_hp;basic_armor;basic_power;basic_armor;basic_haste;basic_mr"
18,1,358,21,151,bot1_2,Bruiser,1,FIGHTER,physical,4,1,23,27,11827,8508,5943,445,24.6,1.3,356,646,55,40,12,194,3944,661,346,12,0.967,0.7,1.43,"special_lifesteal;special_gw;basic_power;basic_hp;basic_power;basic_hp;basic_as;basic_mr;basic_hp;basic_mr;basic_as;basic_power"
18,1,358,21,151,bot0_3,Pyromancer,0,SLAYER,magical,1,7,4,0.71,9579,3905,6826,96,14.3,0.4,621,803,23,17,9,52,2402,402,274,84,0.765,0.2,0.57,"special_lifesteal;basic_power;basic_power;basic_hp;basic_power;basic_haste;basic_armor;basic_mr"
18,1,358,21,151,bot1_3,Oracle,1,MAGE,physical,8,1,18,26,16634,9967,4296,546,28.8,1.6,463,634,24,23,12,130,4280,717,346,12,0.967,1.3,2.32,"special_lifesteal;basic_power;basic_as;basic_hp;basic_power;basic_as;basic_power;basic_mr;basic_hp;basic_armor;basic_as;basic_mr;basic_power;basic_power"
18,1,358,21,151,bot0_4,Eggchanter,0,SUPPORT,magical,1,7,4,0.71,5189,3152,11555,3231,12,12.3,126,206,23,12,9,235,2385,400,262,96,0.733,0.2,0.27,"basic_hp;basic_hp;basic_hp;basic_armor;basic_power;basic_mr;basic_armor;basic_armor"
18,1,358,21,151,bot1_4,Lynx,1,SLAYER,physical,7,2,17,12,16059,9861,4829,500,29.8,1.5,439,769,54,42,12,263,4088,685,331,27,0.924,1.2,2.04,"special_lifesteal;basic_power;basic_power;basic_power;basic_as;basic_power;basic_hp;basic_as;basic_mr;basic_hp;basic_as;basic_armor;basic_hp"
19,0,317,152,27,bot0_1,Fusilier,0,SLAYER,physical,7,2,12,9.5,21227,9888,4943,570,34.1,2,409,753,48,19,11,62,3587,679,290,27,0.914,1.3,2,"special_lifesteal;basic_power;basic_power;basic_hp;basic_power;basic_as;basic_as;basic_hp;basic_hp;basic_mr;basic_as;basic_mr"
19,0,317,152,27,bot1_1,Healer,1,SUPPORT,magical,1,7,5,0.86,5617,4282,10702,5495,18,23.1,164,202,37,18,8,177,2252,426,238,79,0.749,0.2,0.4,"basic_hp;basic_hp;basic_mr;basic_armor;basic_haste;basic_hp;basic_power;basic_as"
19,0,317,152,27,bot0_2,Doctor,0,SUPPORT,physical,3,1,18,21,7359,5858,6922,8978,19.2,29.5,173,292,14,24,10,29,3179,602,304,13,0.96,0.6,0.85,"basic_hp;basic_hp;basic_hp;basic_mr;basic_hp;basic_mr;basic_mr;basic_hp;basic_armor;basic_armor;basic_armor"
19,0,317,152,27,bot1_2,Pyromancer,1,SLAYER,magical,0,6,6,1,7015,3471,7513,84,14.4,0.3,271,442,20,14,8,134,2209,418,240,77,0.758,0,0.46,"special_lifesteal;basic_power;basic_power;basic_hp;basic_haste;basic_hp;basic_mr"
19,0,317,152,27,bot0_3,Mage,0,MAGE,magical,7,2,13,10,12500,9417,2897,239,32.3,0.8,487,692,65,15,10,261,3536,669,292,25,0.92,1.3,3.25,"special_lifesteal;basic_power;basic_power;basic_power;basic_hp;basic_haste;basic_hp;basic_mr;basic_hp;basic_power;basic_mr"
19,0,317,152,27,bot1_3,Jailer,1,TANK,magical,2,5,4,1.2,8826,6506,9989,0,25.8,0,466,642,22,21,8,216,2316,438,253,64,0.797,0.4,0.65,"special_gw;basic_hp;basic_hp;basic_hp;basic_mr;basic_armor;basic_power"
19,0,317,152,27,bot0_4,Hana,0,TANK,magical,4,1,16,20,11003,8926,7355,0,29.2,0,277,657,13,34,10,170,3245,614,305,12,0.963,0.8,1.21,"basic_hp;basic_hp;basic_mr;basic_mr;basic_power;basic_armor;basic_hp;basic_haste;basic_hp;basic_hp;basic_mr"
19,0,317,152,27,bot1_4,Vanguard,1,FIGHTER,physical,3,3,3,2,8313,5435,7543,0,19.5,0,395,443,41,25,9,40,2465,466,278,39,0.877,0.6,0.72,"basic_hp;basic_hp;basic_hp;basic_hp;basic_power;basic_power;basic_armor;basic_mr;basic_as"
20,1,305,13,151,bot0_1,Bruiser,0,FIGHTER,physical,1,5,5,1.2,7533,2717,6389,174,11.4,0.7,306,442,32,26,9,181,2306,453,238,67,0.779,0.2,0.43,"special_lifesteal;basic_power;basic_power;basic_power;basic_as;basic_as;basic_hp"
20,1,305,13,151,bot1_1,Wanderer,1,SLAYER,physical,5,2,14,9.5,15138,10558,3833,365,37.9,1.3,583,869,20,17,10,222,3222,633,279,26,0.914,1,2.75,"special_lifesteal;basic_power;basic_as;basic_power;basic_as;basic_power;basic_hp;basic_armor;basic_power;basic_as"
20,1,305,13,151,bot0_2,Doctor,0,SUPPORT,physical,1,5,5,1.2,3466,2614,6941,1949,10.6,7.9,299,385,13,10,8,82,2182,429,246,59,0.807,0.2,0.38,"special_heal_power;basic_hp;basic_hp;basic_armor;basic_hp;basic_mr;basic_power"
20,1,305,13,151,bot1_2,Lynx,1,SLAYER,physical,9,3,7,5.33,11050,6342,4057,325,21.8,1.1,648,1194,49,34,10,287,3487,685,292,14,0.955,1.8,1.56,"special_lifesteal;basic_power;basic_hp;basic_power;basic_hp;basic_as;basic_armor;basic_mr;basic_hp;basic_power;basic_as"
20,1,305,13,151,bot0_3,Reaper,0,SPLITPUSHER,magical,2,5,4,1.2,7944,4439,6754,231,17.9,0.9,373,564,27,15,8,231,2306,453,247,58,0.811,0.4,0.66,"special_lifesteal;basic_power;basic_power;basic_hp;basic_hp;basic_haste;basic_mr"
20,1,305,13,151,bot1_3,Hana,1,TANK,magical,5,0,15,20,8315,5263,4820,0,17.2,0,455,692,21,30,10,93,3343,657,305,0,1,1,1.09,"basic_hp;basic_hp;basic_hp;basic_armor;basic_hp;basic_mr;basic_haste;basic_armor;basic_power;basic_mr;basic_armor;basic_as"
20,1,305,13,151,bot0_4,Ironclad,0,TANK,physical,3,6,3,1,6606,3483,12601,0,15.2,0,310,403,23,19,8,231,2406,473,230,75,0.753,0.6,0.28,"basic_hp;basic_hp;basic_hp;basic_mr;basic_armor;basic_mr;basic_power;basic_hp"
20,1,305,13,151,bot1_4,Volstrov,1,MAGE,magical,2,2,15,8.5,10027,7997,2802,294,28.6,1.1,272,467,7,10,10,163,2913,573,280,25,0.917,0.4,2.85,"special_lifesteal;basic_power;basic_power;basic_hp;basic_power;basic_hp;basic_hp;basic_armor;basic_power"
21,1,323,29,150,bot0_1,Eggchanter,0,SUPPORT,magical,0,6,2,0.33,5262,2081,7550,1408,8.4,5.7,133,187,21,12,8,153,1953,363,247,76,0.764,0,0.28,"special_heal_power;basic_hp;basic_hp;basic_mr;basic_haste;basic_armor"
21,1,323,29,150,bot1_1,Healer,1,SUPPORT,magical,2,0,19,21,7230,4971,3542,5448,15.4,16.9,153,217,47,12,10,252,3202,595,323,0,1,0.4,1.4,"special_gw;basic_hp;basic_armor;basic_hp;basic_mr;basic_power;basic_hp;basic_hp;basic_armor;basic_haste"
21,1,323,29,150,bot0_2,Hana,0,TANK,magical,1,6,1,0.33,7158,3702,10577,0,14.6,0,370,550,8,32,8,208,2058,382,254,69,0.787,0.2,0.35,"basic_hp;basic_hp;basic_mr;basic_hp;basic_power;basic_mr;basic_armor"
21,1,323,29,150,bot1_2,Tamer,1,MAGE,magical,5,2,15,10,15609,10704,3018,3051,34.6,9.9,319,548,41,10,11,220,3445,640,309,14,0.958,0.9,3.55,"special_lifesteal;basic_power;basic_power;basic_hp;basic_power;basic_haste;basic_armor;basic_mr;basic_power;basic_hp;basic_haste"
21,1,323,29,150,bot0_3,Bruiser,0,FIGHTER,physical,1,6,1,0.33,5688,3604,7354,127,14.5,0.5,365,579,36,29,7,160,2010,373,248,75,0.767,0.2,0.49,"special_lifesteal;basic_power;basic_power;basic_power;basic_as;basic_hp"
21,1,323,29,150,bot1_3,Ironclad,1,TANK,physical,5,0,18,23,8076,5995,5066,0,18.6,0,231,326,37,24,11,231,3581,665,323,0,1,0.9,1.18,"basic_hp;basic_hp;basic_hp;basic_mr;basic_armor;basic_power;basic_hp;basic_armor;basic_mr;basic_armor;basic_hp;basic_as"
21,1,323,29,150,bot0_4,Goliath,0,TANK,physical,0,5,2,0.4,7570,3903,9488,1109,15.2,4.3,463,515,27,16,8,151,1976,367,257,65,0.797,0,0.41,"basic_hp;basic_hp;basic_mr;basic_hp;basic_power;basic_armor;basic_as"
21,1,323,29,150,bot1_4,Zephyr,1,SPLITPUSHER,magical,11,0,12,23,15684,10900,4325,491,33.8,1.5,434,544,39,48,11,211,4011,745,323,0,1,2,2.52,"special_lifesteal;basic_power;basic_hp;basic_power;basic_hp;basic_hp;basic_haste;basic_power;basic_haste;basic_armor;basic_mr;basic_armor;basic_hp"
22,1,233,1,150,bot0_1,Healer,0,SUPPORT,magical,1,4,0,0.25,3923,1451,5091,1690,7.5,8.7,139,199,26,12,7,210,1760,454,194,39,0.832,0.3,0.29,"basic_hp;basic_hp;special_heal_power;basic_armor;basic_mr"
22,1,233,1,150,bot1_1,Zephyr,1,SPLITPUSHER,magical,6,0,7,13,9062,6605,3309,310,28.4,1.3,534,534,26,32,9,86,2761,712,233,0,1,1.5,2,"special_lifesteal;basic_power;basic_power;basic_hp;basic_power;basic_mr;basic_haste;basic_hp;basic_hp"
22,1,233,1,150,bot0_2,Vanguard,0,FIGHTER,physical,0,3,1,0.33,4575,1328,5083,55,6.8,0.3,204,300,30,12,7,98,1648,425,195,38,0.837,0,0.26,"basic_hp;basic_hp;special_lifesteal;basic_power;basic_as"
22,1,233,1,150,bot1_2,Wanderer,1,SLAYER,physical,4,1,8,12,9452,5983,2826,400,25.7,1.7,768,1193,17,15,8,70,2495,643,233,0,1,1,2.12,"special_lifesteal;special_lifesteal;basic_power;basic_as;basic_power;basic_hp;basic_power"
22,1,233,1,150,bot0_3,Pyromancer,0,SLAYER,magical,0,5,1,0.2,4257,1779,4587,39,10.1,0.2,282,419,12,10,7,105,1630,420,177,56,0.76,0,0.39,"special_lifesteal;basic_power;basic_hp;basic_haste;basic_armor"
22,1,233,1,150,bot1_3,Kratoma,1,SLAYER,physical,3,0,10,13,7974,5539,1503,193,23.8,0.8,286,541,16,17,8,227,2427,626,233,0,1,0.8,3.69,"special_lifesteal;basic_power;basic_power;basic_power;basic_as;basic_power;basic_as"
22,1,233,1,150,bot0_4,Ironclad,0,TANK,physical,0,2,1,0.5,5957,2278,7945,0,10.9,0,339,450,16,15,7,115,1690,436,208,24,0.895,0,0.29,"basic_hp;basic_hp;basic_hp;basic_armor;basic_mr;basic_power"
22,1,233,1,150,bot1_4,Eggchanter,1,SUPPORT,magical,1,0,10,11,2757,2055,535,1876,8.8,8.1,133,205,23,10,8,220,2145,553,233,0,1,0.3,3.84,"special_gw;basic_hp;basic_hp;basic_hp;basic_mr;basic_hp"
23,1,305,3,150,bot0_1,Jirina,0,FIGHTER,magical,0,4,2,0.5,8754,5474,8063,2093,19.4,7.4,419,566,29,12,7,202,1852,364,282,23,0.923,0,0.68,"basic_hp;basic_hp;basic_hp;basic_power;basic_mr;basic_hp"
23,1,305,3,150,bot1_1,Jirina,1,FIGHTER,magical,8,0,9,17,16987,10154,4576,1382,33.3,4.5,528,658,54,8,10,213,3463,681,305,0,1,1.6,2.22,"special_lifesteal;basic_power;basic_power;basic_power;basic_power;basic_hp;basic_hp;basic_haste;basic_mr;basic_armor;basic_hp"
23,1,305,3,150,bot0_2,Hana,0,TANK,magical,0,6,2,0.33,4993,4414,9369,0,18.9,0,591,860,4,30,7,13,1838,361,234,71,0.767,0,0.47,"basic_hp;basic_hp;basic_hp;basic_mr;basic_armor;basic_power;basic_haste"
23,1,305,3,150,bot1_2,Reaper,1,SPLITPUSHER,magical,7,2,15,11,11643,9104,4329,0,33,0,359,598,33,16,10,17,3592,706,276,29,0.904,1.4,2.1,"special_gw;basic_hp;basic_power;basic_hp;basic_mr;basic_hp;basic_power;basic_hp;basic_mr;basic_haste;basic_hp;basic_armor"
23,1,305,3,150,bot0_3,Kratoma,0,SLAYER,physical,0,7,2,0.29,8162,5575,7010,100,25.1,0.4,247,393,14,12,7,89,1889,371,222,83,0.728,0,0.8,"special_lifesteal;basic_power;basic_power;basic_as;basic_hp;basic_mr"
23,1,305,3,150,bot1_3,Doctor,1,SUPPORT,physical,6,1,13,19,7427,6495,6795,9411,21.9,31.7,203,376,17,22,10,242,3342,657,296,9,0.971,1.2,0.96,"special_gw;basic_hp;basic_mr;basic_power;basic_hp;basic_hp;basic_mr;basic_hp;basic_hp;basic_mr"
23,1,305,3,150,bot0_4,Cleric,0,SUPPORT,magical,3,6,0,0.5,6142,4599,9817,2531,18.2,10,309,366,32,22,8,65,2215,435,253,53,0.828,0.6,0.47,"basic_hp;basic_hp;basic_hp;basic_hp;basic_mr;basic_armor;basic_haste;basic_power"
23,1,305,3,150,bot1_4,Ironclad,1,TANK,physical,2,0,18,20,8141,6540,7028,0,21.4,0,421,694,34,25,10,325,3025,594,305,0,1,0.4,0.93,"basic_hp;basic_hp;basic_hp;basic_mr;basic_mr;basic_hp;basic_armor;basic_armor;basic_power;basic_as"
24,0,288,151,24,bot0_1,Healer,0,SUPPORT,magical,1,2,21,11,5732,4821,3930,2491,18,9.3,187,219,35,9,10,157,2907,606,267,20,0.929,0.2,1.23,"basic_hp;basic_mr;basic_hp;basic_mr;basic_hp;basic_mr;basic_power;basic_power;basic_mr;basic_haste"
24,0,288,151,24,bot1_1,Jailer,1,TANK,magical,0,7,2,0.29,5769,1885,11261,0,9.2,0,313,396,18,15,8,221,1896,395,205,83,0.712,0,0.17,"basic_hp;basic_hp;basic_hp;basic_hp;basic_armor;basic_armor"
24,0,288,151,24,bot0_2,Summoner,0,MAGE,magical,3,2,20,11.5,6173,3802,3071,143,13.7,0.5,209,298,35,18,10,163,3238,675,277,11,0.963,0.6,1.24,"special_lifesteal;basic_power;basic_power;basic_power;basic_power;basic_hp;basic_hp;basic_haste;basic_power;basic_haste"
24,0,288,151,24,bot1_2,Cleric,1,SUPPORT,magical,1,6,3,0.67,4584,2268,7456,1637,10.5,7.6,231,292,28,23,8,207,2057,429,216,72,0.75,0.2,0.3,"special_heal_power;basic_hp;basic_hp;basic_hp;basic_armor;basic_mr"
24,0,288,151,24,bot0_3,Fusilier,0,SLAYER,physical,14,1,12,26,21846,14588,3824,692,52.7,2.5,888,1382,47,12,12,224,4424,923,277,11,0.963,2.9,3.81,"special_lifesteal;basic_power;basic_as;basic_power;basic_power;basic_power;basic_as;basic_as;basic_power;basic_power;basic_power;basic_as;basic_hp"
24,0,288,151,24,bot1_3,Mage,1,MAGE,magical,2,7,3,0.71,9159,4156,7125,174,18.2,0.8,395,459,42,16,9,189,2314,483,229,59,0.795,0.4,0.58,"special_lifesteal;basic_power;basic_power;basic_power;basic_hp;basic_haste;basic_hp"
24,0,288,151,24,bot0_4,Kratoma,0,SLAYER,physical,9,1,14,23,13871,6648,4584,517,24.3,1.9,278,538,20,23,11,22,3847,802,274,14,0.953,1.9,1.45,"special_lifesteal;basic_power;basic_power;basic_power;basic_as;basic_as;basic_hp;basic_as;basic_hp;basic_mr;basic_hp;basic_power;basic_armor"
24,0,288,151,24,bot1_4,Volstrov,1,MAGE,magical,3,7,3,0.86,11186,5288,8976,286,26.6,1.4,375,530,13,14,10,253,2578,538,199,89,0.691,0.6,0.59,"special_lifesteal;basic_power;basic_power;basic_hp;basic_haste;basic_mr;basic_hp;basic_armor"
25,0,581,150,144,bot0_1,Jirina,0,FIGHTER,magical,4,7,18,3.14,30158,13927,16935,7365,28.5,15.1,435,670,78,27,14,241,4791,495,489,92,0.841,0.4,0.82,"special_lifesteal;basic_power;basic_power;basic_power;basic_hp;basic_hp;basic_haste;basic_mr;basic_armor;basic_power;basic_hp;basic_haste;basic_haste;basic_power;basic_power"
25,0,581,150,144,bot1_1,Tamer,1,MAGE,magical,7,7,15,3.14,30495,19033,12853,7491,39.9,15.7,364,884,75,25,14,290,4990,515,477,105,0.82,0.7,1.48,"special_lifesteal;basic_power;basic_hp;basic_power;basic_hp;basic_mr;basic_power;basic_haste;basic_armor;basic_hp;basic_mr;basic_haste;basic_mr;basic_hp;basic_power;basic_armor"
25,0,581,150,144,bot0_2,Cleric,0,SUPPORT,magical,3,5,20,4.6,16835,7692,11480,13604,15.2,26.9,352,383,87,67,14,248,4798,495,506,75,0.871,0.3,0.67,"basic_hp;basic_hp;special_heal_power;basic_hp;basic_armor;basic_mr;basic_armor;basic_haste;basic_power;basic_hp;basic_mr;basic_mr;basic_hp;basic_hp;basic_armor"
25,0,581,150,144,bot1_2,Eggchanter,1,SUPPORT,magical,2,5,21,4.6,12606,6132,11309,8972,12.2,17.9,120,216,55,33,13,12,4412,455,502,79,0.864,0.2,0.54,"special_gw;basic_hp;basic_hp;basic_hp;basic_mr;basic_hp;basic_mr;basic_power;basic_haste;basic_armor;basic_mr;basic_mr;basic_power;basic_armor;basic_haste"
25,0,581,150,144,bot0_3,Ironclad,0,TANK,physical,6,5,17,4.6,21154,10661,22099,0,21,0,406,499,51,45,14,303,5178,535,508,73,0.874,0.6,0.48,"basic_hp;basic_hp;basic_hp;basic_mr;basic_armor;basic_hp;basic_armor;basic_hp;basic_as;basic_mr;basic_hp;basic_power;basic_haste;basic_armor;basic_mr;basic_as;basic_mr"
25,0,581,150,144,bot1_3,Quiller,1,SLAYER,physical,8,6,15,3.83,31719,21408,9930,739,44.3,1.5,388,679,69,46,13,262,4962,512,484,98,0.832,0.8,2.16,"special_lifesteal;basic_power;basic_power;basic_hp;basic_power;basic_as;basic_mr;basic_hp;basic_as;basic_hp;basic_as;basic_power;basic_armor;basic_mr;basic_as;basic_armor"
25,0,581,150,144,bot0_4,Mage,0,MAGE,magical,11,6,12,3.83,34855,15367,12933,1069,31.8,2.2,527,645,123,41,15,66,5691,587,484,98,0.832,1.1,1.19,"special_lifesteal;basic_power;basic_hp;basic_power;basic_haste;basic_power;basic_armor;basic_hp;basic_hp;basic_mr;basic_power;special_lifesteal;basic_power;basic_haste;basic_haste;basic_hp;basic_mr;basic_armor"
25,0,581,150,144,bot1_4,Vanguard,1,FIGHTER,physical,6,6,17,3.83,24656,13863,17882,0,28.7,0,883,991,74,52,13,205,4705,486,484,97,0.832,0.6,0.78,"basic_hp;basic_hp;basic_hp;basic_mr;basic_armor;basic_as;basic_mr;basic_power;basic_hp;basic_mr;basic_armor;basic_hp;basic_haste;basic_mr;basic_armor;basic_as"
26,1,452,90,151,bot0_1,Hana,0,TANK,magical,1,8,11,1.5,13681,9839,15606,0,29.1,0,284,765,20,41,10,170,3120,414,338,114,0.747,0.1,0.63,"basic_hp;basic_hp;basic_hp;basic_armor;basic_mr;basic_armor;basic_mr;basic_power;basic_power;basic_armor;basic_haste"
26,1,452,90,151,bot1_1,Healer,1,SUPPORT,magical,3,4,25,7,10709,5875,8758,5342,14.9,13.6,169,225,61,20,13,95,4345,577,393,59,0.871,0.4,0.67,"basic_hp;basic_hp;basic_hp;basic_armor;basic_hp;basic_armor;basic_mr;basic_hp;basic_mr;basic_armor;basic_power;basic_mr;basic_haste;basic_armor;basic_power"
26,1,452,90,151,bot0_2,Eggchanter,0,SUPPORT,magical,0,7,12,1.71,7248,4495,9548,4697,12.6,13.2,188,279,38,20,10,158,3058,406,357,95,0.79,0,0.47,"special_gw;basic_hp;basic_armor;basic_power;basic_haste;basic_hp;basic_armor;basic_mr;basic_hp;basic_power"
26,1,452,90,151,bot1_2,Bruiser,1,FIGHTER,physical,5,4,19,6,14100,9198,11032,0,21.8,0,304,445,64,46,12,45,4220,560,422,30,0.933,0.7,0.83,"special_gw;basic_hp;basic_hp;basic_hp;basic_hp;basic_power;basic_hp;basic_armor;basic_power;basic_armor;basic_mr;basic_as;basic_power;basic_armor"
26,1,452,90,151,bot0_3,Lynx,0,SLAYER,physical,5,7,6,1.57,14441,9901,7830,345,27.3,1,459,739,58,45,11,196,3496,464,362,90,0.801,0.7,1.26,"special_lifesteal;basic_power;basic_as;basic_hp;basic_armor;basic_mr;basic_power;basic_as;basic_power;basic_power;basic_power"
26,1,452,90,151,bot1_3,Kratoma,1,SLAYER,physical,17,2,11,14,27075,16680,8857,758,39.9,1.8,389,768,36,35,14,248,5598,743,418,34,0.925,2.3,1.88,"special_lifesteal;basic_power;basic_power;basic_as;basic_as;basic_power;basic_power;basic_hp;basic_armor;basic_as;basic_hp;basic_mr;basic_as;basic_armor;basic_power;basic_hp;basic_mr;basic_armor"
26,1,452,90,151,bot0_4,Bruiser,0,FIGHTER,physical,6,8,6,1.5,15052,11156,9840,459,33.1,1.4,359,517,50,34,11,56,3581,475,337,115,0.745,0.8,1.13,"special_lifesteal;basic_power;basic_power;basic_as;basic_power;basic_as;basic_hp;basic_armor;basic_power;basic_as;basic_mr;basic_hp"
26,1,452,90,151,bot1_4,Goliath,1,TANK,physical,5,2,20,12.5,17212,8015,10766,4232,19,10,288,476,50,38,13,38,4538,602,423,29,0.935,0.7,0.74,"basic_hp;basic_hp;basic_hp;basic_armor;basic_mr;basic_power;basic_as;basic_haste;basic_mr;basic_armor;basic_hp;basic_hp;basic_armor;basic_mr;basic_as;basic_armor"
27,1,323,34,150,bot0_1,Eggchanter,0,SUPPORT,magical,1,7,5,0.86,5638,2972,9293,1936,12.2,7.9,135,220,25,13,9,244,2319,431,244,79,0.755,0.2,0.32,"basic_hp;basic_hp;basic_armor;basic_haste;basic_power;basic_hp;basic_mr;basic_as"
27,1,323,34,150,bot1_1,Ironclad,1,TANK,physical,1,1,20,21,7612,3541,7883,0,11.4,0,205,305,30,25,11,142,3142,584,310,13,0.961,0.2,0.45,"basic_hp;basic_hp;basic_hp;basic_hp;basic_armor;basic_armor;basic_armor;basic_mr;basic_mr;basic_power;basic_as"
27,1,323,34,150,bot0_2,Hana,0,TANK,magical,2,5,5,1.4,7760,4226,10928,0,16.3,0,310,474,11,28,9,184,2409,448,260,63,0.804,0.4,0.39,"basic_hp;basic_hp;basic_hp;basic_armor;basic_armor;basic_armor;basic_haste;basic_hp"
27,1,323,34,150,bot1_2,Bruiser,1,FIGHTER,physical,7,2,14,10.5,13684,8413,6909,457,27.2,1.5,333,684,43,32,11,35,3835,713,309,14,0.958,1.3,1.22,"special_lifesteal;basic_power;basic_as;basic_power;basic_hp;basic_power;basic_as;basic_power;basic_as;basic_power;basic_power;basic_as"
27,1,323,34,150,bot0_3,Oracle,0,MAGE,physical,2,7,5,1,9296,4626,8304,160,19.8,0.7,319,452,14,14,9,159,2534,471,233,90,0.722,0.4,0.56,"special_lifesteal;basic_power;basic_power;basic_power;basic_as;basic_hp;basic_as;basic_armor"
27,1,323,34,150,bot1_3,Fusilier,1,SLAYER,physical,8,3,16,8,21976,13329,5103,701,48.1,2.5,346,781,45,21,12,191,3941,732,277,46,0.858,1.5,2.61,"special_lifesteal;basic_power;basic_power;basic_hp;basic_power;basic_as;basic_as;basic_hp;basic_armor;basic_armor;basic_mr;basic_mr;basic_hp"
27,1,323,34,150,bot0_4,Wanderer,0,SLAYER,physical,2,7,5,1,14296,8921,9137,275,37.7,1.2,690,1170,17,13,9,137,2462,457,237,86,0.734,0.4,0.98,"special_lifesteal;basic_power;basic_power;basic_hp;basic_hp;basic_as;basic_armor;basic_mr"
27,1,323,34,150,bot1_4,Oracle,1,MAGE,physical,10,1,14,24,19658,9342,3535,607,30.2,2,654,929,26,23,12,95,4195,780,309,14,0.958,1.9,2.64,"special_lifesteal;basic_power;basic_hp;basic_power;basic_hp;basic_as;basic_armor;basic_mr;basic_as;basic_hp;basic_power;basic_as;basic_power;basic_armor"
28,1,388,35,150,bot0_1,Cleric,0,SUPPORT,magical,0,7,8,1.14,8109,6247,10744,4473,20.5,14.7,343,405,36,31,9,168,2493,385,305,83,0.786,0,0.58,"special_heal_power;basic_hp;basic_hp;basic_armor;basic_mr;basic_haste;basic_power;basic_armor"
28,1,388,35,150,bot1_1,Doctor,1,SUPPORT,physical,3,1,20,23,9364,7258,9108,15599,19.2,41.2,236,405,30,29,11,13,3613,559,378,10,0.975,0.5,0.8,"basic_hp;basic_hp;basic_hp;basic_hp;basic_mr;basic_armor;basic_mr;basic_mr;basic_power;basic_armor;basic_mr;basic_as;basic_power"
28,1,388,35,150,bot0_2,Ironclad,0,TANK,physical,2,5,3,1,8351,6032,12130,0,19.2,0,411,556,32,18,9,210,2635,407,315,73,0.811,0.3,0.5,"basic_hp;basic_hp;basic_hp;basic_armor;basic_mr;basic_hp;basic_as;basic_power;basic_armor"
28,1,388,35,150,bot1_2,Jailer,1,TANK,magical,2,1,20,22,18972,15005,10227,0,39.8,0,676,770,41,37,11,233,3508,542,377,11,0.972,0.3,1.47,"basic_hp;basic_hp;basic_hp;basic_mr;basic_armor;basic_mr;basic_hp;basic_mr;basic_armor;basic_power;basic_power;basic_haste"
28,1,388,35,150,bot0_3,Jirina,0,FIGHTER,magical,2,5,5,1.4,10719,7103,11060,2756,22.6,8.8,421,562,31,15,10,117,2792,432,315,73,0.811,0.3,0.64,"basic_hp;basic_hp;basic_hp;basic_armor;basic_power;basic_haste;basic_armor;basic_mr;basic_as;basic_hp"
28,1,388,35,150,bot1_3,Lynx,1,SLAYER,physical,13,3,9,7.33,21496,14902,6955,651,42.5,1.9,572,907,62,45,11,180,4505,697,351,37,0.904,2,2.14,"special_lifesteal;basic_power;basic_power;basic_power;basic_as;basic_as;basic_hp;basic_power;basic_power;basic_hp;basic_as;basic_as;basic_power;basic_mr"
28,1,388,35,150,bot0_4,Hana,0,TANK,magical,4,7,4,1.14,14189,10809,13308,0,37.7,0,548,822,16,34,9,159,2884,446,287,101,0.739,0.6,0.81,"basic_hp;basic_hp;basic_hp;basic_armor;basic_armor;basic_armor;basic_hp;basic_mr;basic_power;basic_haste"
28,1,388,35,150,bot1_4,Vanguard,1,FIGHTER,physical,6,3,11,5.67,13612,8023,7076,0,23.2,0,619,729,51,36,10,302,3552,549,346,42,0.892,0.9,1.13,"special_gw;basic_hp;basic_hp;basic_mr;basic_power;basic_as;basic_mr;basic_hp;basic_hp;basic_armor;basic_mr"
29,0,411,152,54,bot0_1,Wanderer,0,SLAYER,physical,8,4,17,6.25,29687,18862,8429,722,54.3,2.1,861,1821,29,24,13,54,4554,665,348,63,0.846,1.2,2.24,"special_lifesteal;basic_power;basic_power;basic_as;basic_as;basic_hp;basic_power;basic_power;basic_armor;basic_mr;basic_as;basic_hp;basic_as;basic_power;basic_hp"
29,0,411,152,54,bot1_1,Eggchanter,1,SUPPORT,magical,1,8,8,1.13,6331,3683,12143,3689,12.1,12.2,141,203,33,15,10,120,2820,412,304,107,0.739,0.1,0.3,"special_gw;basic_hp;basic_armor;basic_hp;basic_hp;basic_hp;basic_mr;basic_armor;basic_power"
29,0,411,152,54,bot0_2,Cleric,0,SUPPORT,magical,3,1,23,26,13329,7475,5094,7858,18.9,19.8,339,402,75,55,12,69,4044,591,396,15,0.964,0.4,1.47,"basic_hp;basic_hp;basic_hp;basic_armor;basic_mr;basic_hp;basic_haste;basic_armor;basic_power;basic_as;basic_hp;basic_mr;basic_hp;basic_armor"
29,0,411,152,54,bot1_2,Ironclad,1,TANK,physical,2,6,7,1.5,7560,5597,16687,0,17.3,0,267,315,32,21,10,172,2872,419,323,88,0.786,0.3,0.34,"basic_hp;basic_hp;basic_hp;basic_armor;basic_hp;basic_mr;basic_power;basic_armor;basic_mr;basic_as"
29,0,411,152,54,bot0_3,Hana,0,TANK,magical,6,2,21,13.5,17035,11195,9823,0,28.2,0,535,819,25,52,13,7,4457,651,397,14,0.967,0.9,1.14,"basic_hp;basic_hp;basic_mr;basic_armor;basic_power;basic_hp;basic_haste;basic_as;basic_armor;basic_mr;basic_hp;basic_armor;basic_power;basic_mr;basic_hp;basic_haste"
29,0,411,152,54,bot1_3,Jirina,1,FIGHTER,magical,2,7,7,1.29,12298,7125,13448,2708,21.7,8.2,367,473,39,12,10,9,2959,432,329,82,0.8,0.3,0.53,"basic_hp;basic_hp;basic_hp;basic_power;basic_armor;basic_hp;basic_mr;basic_haste;basic_as;basic_armor;basic_power"
29,0,411,152,54,bot0_4,Quiller,0,SLAYER,physical,13,2,15,14,25429,15787,4691,627,39.8,1.6,327,756,64,35,13,32,5132,749,396,15,0.964,1.9,3.37,"special_lifesteal;basic_power;basic_power;basic_power;basic_hp;basic_as;basic_hp;basic_as;basic_armor;basic_hp;basic_mr;basic_power;basic_as;basic_as;basic_armor;basic_hp;basic_power"
29,0,411,152,54,bot1_4,Kratoma,1,SLAYER,physical,4,9,5,1,13498,7196,11834,300,25,1,276,546,20,20,10,290,3190,466,288,123,0.701,0.6,0.61,"special_lifesteal;basic_power;basic_hp;basic_as;basic_power;basic_hp;basic_armor;basic_as;basic_mr;basic_hp"
30,1,288,16,152,bot0_1,Eggchanter,0,SUPPORT,magical,1,5,3,0.8,4328,1164,8101,3746,4.7,15.3,104,152,22,12,8,187,2062,430,246,42,0.854,0.2,0.14,"special_gw;special_gw;basic_hp;basic_mr;basic_hp"
30,1,288,16,152,bot1_1,Tamer,1,MAGE,magical,10,1,12,22,17507,10514,2905,3050,38.2,11.1,347,572,37,12,12,200,4000,834,275,13,0.956,2.1,3.62,"special_lifesteal;basic_power;basic_hp;basic_power;basic_hp;basic_mr;basic_mr;basic_power;basic_haste;basic_as;basic_hp;basic_power;basic_haste"
30,1,288,16,152,bot0_2,Summoner,0,MAGE,magical,2,5,2,0.8,6890,1760,6159,213,7.9,1,188,270,32,14,8,73,2198,458,223,64,0.776,0.4,0.29,"special_lifesteal;basic_power;basic_hp;basic_power;basic_power;basic_hp;basic_haste"
30,1,288,16,152,bot1_2,Goliath,1,TANK,physical,1,1,18,19,8838,4069,5640,1833,14.1,6.4,331,370,37,19,10,251,2976,621,288,0,1,0.2,0.72,"basic_hp;basic_hp;basic_mr;basic_power;basic_mr;basic_as;basic_hp;basic_haste;basic_mr;basic_hp"
30,1,288,16,152,bot0_3,Cleric,0,SUPPORT,magical,0,6,4,0.67,5512,2573,9411,2895,11.5,13,265,327,33,22,8,192,1992,416,223,65,0.775,0,0.27,"basic_hp;basic_hp;basic_mr;basic_armor;basic_mr;basic_haste;basic_power"
30,1,288,16,152,bot1_3,Quiller,1,SLAYER,physical,7,1,15,22,18278,9390,2717,539,34.3,2,291,585,42,25,11,265,3765,785,274,14,0.952,1.5,3.46,"special_lifesteal;basic_power;basic_power;basic_power;basic_as;basic_hp;basic_mr;basic_as;basic_hp;basic_hp;basic_as;basic_haste"
30,1,288,16,152,bot0_4,Reaper,0,SPLITPUSHER,magical,1,8,3,0.5,8213,4236,9791,265,19.8,1.2,351,579,24,13,8,201,2026,423,214,74,0.744,0.2,0.43,"special_lifesteal;basic_power;basic_hp;basic_power;basic_hp;basic_haste"
30,1,288,16,152,bot1_4,Mage,1,MAGE,magical,6,1,15,21,14709,7372,2338,385,26.9,1.4,421,684,53,20,11,30,3605,752,274,14,0.953,1.3,3.15,"special_lifesteal;basic_power;basic_power;basic_power;basic_power;basic_power;basic_hp;basic_power;basic_haste;basic_power;basic_haste"
31,0,540,152,98,bot0_1,Goliath,0,TANK,physical,8,3,19,9,18397,11253,15544,3832,22.7,7.7,318,495,62,39,14,272,5372,597,496,44,0.919,0.9,0.72,"basic_hp;basic_hp;basic_hp;basic_hp;basic_armor;basic_mr;basic_mr;basic_power;basic_as;basic_haste;basic_armor;basic_mr;basic_power;basic_as;basic_haste;basic_hp;basic_armor;basic_hp"
31,0,540,152,98,bot1_1,Bruiser,1,FIGHTER,physical,5,7,7,1.71,19584,12580,13379,607,29.2,1.4,486,723,65,53,11,274,3799,422,431,109,0.798,0.6,0.94,"special_lifesteal;basic_power;basic_as;basic_hp;basic_power;basic_armor;basic_as;basic_power;basic_power;basic_hp;basic_as;basic_mr"
31,0,540,152,98,bot0_2,Cleric,0,SUPPORT,magical,5,5,22,5.4,15682,8855,10031,8238,18.7,17.4,379,420,73,60,14,143,4918,546,475,65,0.879,0.6,0.88,"special_heal_power;basic_hp;basic_hp;basic_hp;basic_armor;basic_mr;basic_haste;basic_armor;basic_mr;basic_hp;basic_haste;basic_power;basic_mr;basic_hp;basic_armor;basic_mr"
31,0,540,152,98,bot1_2,Eggchanter,1,SUPPORT,magical,2,6,14,2.67,9688,6192,13609,8265,13.9,18.6,145,204,50,23,11,169,3669,408,444,96,0.823,0.2,0.45,"special_gw;basic_hp;basic_hp;basic_hp;basic_armor;basic_armor;basic_power;basic_mr;basic_power;basic_haste;basic_hp;basic_mr"
31,0,540,152,98,bot0_3,Vanguard,0,FIGHTER,physical,7,2,17,12,25130,11408,12911,0,22.3,0,406,652,80,49,14,129,5054,562,513,27,0.949,0.8,0.88,"basic_hp;basic_hp;basic_hp;basic_power;basic_hp;basic_hp;basic_hp;basic_armor;basic_mr;basic_mr;basic_as;basic_armor;basic_power;basic_as;basic_hp;basic_armor;basic_haste"
31,0,540,152,98,bot1_3,Kratoma,1,SLAYER,physical,5,8,10,1.88,19188,13747,12356,443,33.1,1.1,309,625,32,29,12,194,3994,444,415,125,0.769,0.6,1.11,"special_lifesteal;basic_power;basic_power;basic_power;basic_as;basic_power;basic_hp;basic_armor;basic_as;basic_hp;basic_mr;basic_as;basic_armor"
31,0,540,152,98,bot0_4,Oracle,0,MAGE,physical,9,6,20,4.83,30414,15529,12614,557,34.9,1.3,496,703,33,33,15,189,5514,613,445,96,0.823,1,1.23,"special_lifesteal;basic_power;basic_hp;basic_as;basic_armor;basic_mr;basic_power;basic_hp;basic_hp;basic_as;basic_power;basic_as;basic_power;basic_armor;basic_as;basic_mr;basic_hp;basic_armor"
31,0,540,152,98,bot1_4,Summoner,1,MAGE,magical,4,8,11,1.88,11693,6989,11387,348,16.6,0.8,176,248,60,31,12,156,3906,434,421,119,0.78,0.4,0.61,"special_lifesteal;basic_power;basic_power;basic_hp;basic_armor;basic_hp;basic_hp;basic_haste;basic_power;basic_mr;basic_armor;basic_haste;basic_mr"
32,0,387,150,27,bot0_1,Eggchanter,0,SUPPORT,magical,5,1,14,19,7983,6143,8062,9318,16.4,24.9,152,220,46,22,11,51,3651,565,374,14,0.965,0.8,0.76,"special_gw;basic_hp;basic_hp;basic_armor;basic_hp;basic_power;basic_haste;basic_armor;basic_armor;basic_hp;basic_hp;basic_mr"
32,0,387,150,27,bot1_1,Bruiser,1,FIGHTER,physical,1,4,10,2.75,10244,5293,9491,0,15.8,0,230,327,45,37,10,265,2915,451,335,53,0.864,0.2,0.56,"special_gw;basic_hp;basic_hp;basic_power;basic_mr;basic_power;basic_armor;basic_hp;basic_mr"
32,0,387,150,27,bot0_2,Jirina,0,FIGHTER,magical,3,4,15,4.5,9076,6430,8245,1470,19.6,4.5,457,571,31,8,10,272,3297,511,329,59,0.849,0.5,0.78,"basic_hp;basic_hp;basic_armor;basic_armor;basic_hp;basic_power;basic_haste;basic_armor;basic_power;basic_haste;basic_hp"
32,0,387,150,27,bot1_2,Healer,1,SUPPORT,magical,2,5,9,2.2,7890,5128,9069,8395,16.1,26.3,150,214,47,25,11,200,3150,488,319,68,0.824,0.3,0.57,"special_gw;basic_hp;basic_hp;basic_hp;basic_mr;basic_mr;basic_armor;basic_power;basic_haste;basic_hp"
32,0,387,150,27,bot0_3,Quiller,0,SLAYER,physical,5,2,11,8,22549,10869,5396,754,30.3,2.1,308,671,56,34,11,116,3641,564,358,29,0.925,0.8,2.01,"special_lifesteal;basic_power;basic_power;basic_as;basic_power;basic_hp;basic_as;basic_armor;basic_mr;basic_as;basic_power;basic_hp"
32,0,387,150,27,bot1_3,Fusilier,1,SLAYER,physical,6,7,6,1.71,23262,14106,8350,573,49,2,404,650,43,19,11,71,3596,557,288,100,0.743,0.9,1.69,"special_lifesteal;basic_power;basic_power;basic_as;basic_hp;basic_mr;basic_power;basic_armor;basic_as;basic_power;basic_as;basic_hp"
32,0,387,150,27,bot0_4,Reaper,0,SPLITPUSHER,magical,7,5,11,3.6,13520,11338,8987,450,35.7,1.4,421,715,42,21,11,163,3688,571,317,70,0.819,1.1,1.26,"special_lifesteal;basic_power;basic_hp;basic_power;basic_armor;basic_hp;basic_haste;basic_hp;basic_mr;basic_power;basic_hp;basic_armor"
32,0,387,150,27,bot1_4,Goliath,1,TANK,physical,3,4,8,2.75,8576,4528,10800,1472,13.5,4.4,292,491,38,18,11,169,3169,491,336,51,0.868,0.5,0.42,"basic_hp;basic_hp;basic_hp;basic_mr;basic_hp;basic_mr;basic_armor;basic_as;basic_mr;basic_power;basic_armor"
33,0,252,150,4,bot0_1,Wanderer,0,SLAYER,physical,3,1,8,11,12039,5491,3944,338,22.6,1.4,448,708,18,14,8,50,2425,576,243,10,0.961,0.7,1.39,"special_lifesteal;basic_power;basic_power;basic_hp;basic_power;basic_as;basic_mr;basic_hp"
33,0,252,150,4,bot1_1,Jirina,1,FIGHTER,magical,2,4,2,1,9798,2957,8159,1594,14.6,7.9,329,426,25,10,8,195,2120,504,203,50,0.804,0.5,0.36,"basic_hp;basic_hp;basic_hp;basic_power;basic_power;basic_armor;basic_hp"
33,0,252,150,4,bot0_2,Summoner,0,MAGE,magical,2,1,17,19,6713,4356,2999,223,18.2,0.9,175,251,37,19,9,114,2789,663,239,14,0.946,0.5,1.45,"special_lifesteal;basic_power;basic_hp;basic_power;basic_hp;basic_haste;basic_armor;basic_hp;basic_power"
33,0,252,150,4,bot1_2,Fusilier,1,SLAYER,physical,1,7,3,0.57,11168,5242,6065,228,30.3,1.3,286,525,21,9,9,96,2146,510,173,79,0.686,0.2,0.86,"special_lifesteal;basic_power;basic_as;basic_power;basic_hp;basic_armor;basic_mr"
33,0,252,150,4,bot0_3,Kratoma,0,SLAYER,physical,7,2,12,9.5,12014,9583,4810,396,38,1.6,328,684,18,16,10,216,3216,764,252,0,1,1.7,1.99,"special_lifesteal;basic_power;basic_power;basic_hp;basic_power;basic_hp;basic_as;basic_as;basic_hp;basic_as"
33,0,252,150,4,bot1_3,Goliath,1,TANK,physical,0,4,3,0.75,5357,1737,7699,835,8.6,4.1,421,532,21,14,8,277,1927,458,202,51,0.799,0,0.23,"basic_hp;basic_hp;basic_hp;basic_armor;basic_hp;basic_mr"
33,0,252,150,4,bot0_4,Eggchanter,0,SUPPORT,magical,7,0,11,18,4645,3582,2489,6399,14.2,25.4,111,162,30,15,9,122,3172,754,252,0,1,1.7,1.44,"basic_hp;basic_hp;basic_hp;basic_hp;basic_armor;basic_hp;basic_mr;basic_armor;basic_hp;basic_hp"
33,0,252,150,4,bot1_4,Healer,1,SUPPORT,magical,1,4,3,1,4735,2703,7193,2873,13.5,14.3,144,204,28,15,8,81,1981,471,201,52,0.795,0.2,0.38,"basic_hp;basic_hp;basic_hp;basic_armor;basic_mr;basic_hp;basic_power"
34,1,364,59,150,bot0_1,Oracle,0,MAGE,physical,3,4,7,2.5,19269,8170,7288,519,26.6,1.7,371,524,23,22,11,200,3100,511,307,57,0.844,0.5,1.12,"special_lifesteal;basic_power;basic_power;basic_hp;basic_as;basic_mr;basic_armor;basic_hp;basic_as;basic_hp"
34,1,364,59,150,bot1_1,Wanderer,1,SLAYER,physical,7,4,13,5,22590,12165,5313,368,39.9,1.2,820,1582,23,19,12,1,3926,647,305,59,0.837,1.2,2.29,"special_lifesteal;basic_power;basic_power;basic_power;basic_as;basic_power;basic_hp;basic_mr;basic_armor;basic_as;basic_as;basic_as;basic_power"
34,1,364,59,150,bot0_2,Goliath,0,TANK,physical,4,7,7,1.57,9167,5415,15635,1850,19.3,6.6,308,415,34,22,11,239,3264,538,281,83,0.772,0.7,0.35,"basic_hp;basic_hp;basic_hp;basic_mr;basic_hp;basic_armor;basic_power;basic_mr;basic_as;basic_hp;basic_haste"
34,1,364,59,150,bot1_2,Summoner,1,MAGE,magical,6,2,18,12,12691,7689,5609,440,23,1.3,212,284,56,28,12,52,4052,668,335,29,0.92,1,1.37,"special_lifesteal;basic_power;basic_power;basic_hp;basic_power;basic_hp;basic_haste;basic_power;basic_hp;basic_armor;basic_power;basic_power;basic_haste"
34,1,364,59,150,bot0_3,Jirina,0,FIGHTER,magical,3,7,7,1.43,8496,4398,10723,2039,16.3,7.6,424,521,25,9,10,244,2869,473,269,95,0.74,0.5,0.41,"special_gw;basic_hp;basic_hp;basic_mr;basic_mr;basic_power;basic_hp;basic_armor;basic_haste"
34,1,364,59,150,bot1_3,Healer,1,SUPPORT,magical,4,2,20,12,9661,7136,6953,5953,21.1,17.6,157,217,67,17,11,160,3735,616,338,26,0.928,0.7,1.03,"special_heal_power;basic_hp;basic_hp;basic_armor;basic_mr;basic_hp;basic_haste;basic_armor;basic_power;basic_hp;basic_hp;basic_mr"
34,1,364,59,150,bot0_4,Mage,0,MAGE,magical,1,7,10,1.57,14005,6077,8344,366,22.6,1.4,549,618,53,21,10,181,2806,462,269,95,0.74,0.2,0.73,"special_lifesteal;basic_power;basic_hp;basic_haste;basic_mr;basic_power;basic_armor;basic_power;basic_hp"
34,1,364,59,150,bot1_4,Hana,1,TANK,magical,8,3,16,8,9309,6885,7819,0,21.4,0,319,430,17,43,11,107,4007,660,321,43,0.882,1.3,0.88,"basic_hp;basic_hp;basic_hp;basic_hp;basic_mr;basic_armor;basic_hp;basic_power;basic_armor;basic_mr;basic_haste;basic_power;basic_haste;basic_mr"
35,1,358,26,150,bot0_1,Goliath,0,TANK,physical,1,7,6,1,7544,5363,12581,973,18.6,3.4,367,477,38,18,9,269,2444,409,289,69,0.806,0.2,0.43,"basic_hp;basic_hp;basic_hp;basic_armor;basic_armor;basic_mr;basic_armor;basic_mr"
35,1,358,26,150,bot1_1,Lynx,1,SLAYER,physical,11,3,9,6.67,18226,12041,6913,0,38.1,0,426,751,52,44,12,73,4223,708,316,42,0.883,1.8,1.74,"special_gw;basic_hp;basic_power;basic_armor;basic_hp;basic_mr;basic_as;basic_hp;basic_power;basic_hp;basic_armor;basic_hp;basic_power;basic_as"
35,1,358,26,150,bot0_2,Jailer,0,TANK,magical,5,7,3,1.14,11097,6632,11396,0,22.5,0,538,661,26,23,10,34,2984,500,294,64,0.822,0.8,0.58,"basic_hp;basic_hp;basic_hp;basic_armor;basic_mr;basic_power;basic_armor;basic_haste;basic_as;basic_hp;basic_mr"
35,1,358,26,150,bot1_2,Bruiser,1,FIGHTER,physical,4,1,18,22,13754,8429,7281,0,24.4,0,317,455,58,36,11,28,3628,608,345,13,0.965,0.7,1.16,"basic_hp;basic_hp;basic_power;basic_hp;basic_armor;basic_power;basic_hp;basic_armor;basic_hp;basic_mr;basic_mr;basic_as;basic_as"
35,1,358,26,150,bot0_3,Eggchanter,0,SUPPORT,magical,1,6,7,1.33,7354,4664,15470,7155,16.6,25.5,118,203,30,14,9,26,2476,415,280,78,0.783,0.2,0.3,"basic_hp;basic_hp;basic_hp;basic_hp;basic_armor;basic_mr;basic_armor;basic_haste;basic_mr"
35,1,358,26,150,bot1_3,Cleric,1,SUPPORT,magical,2,1,21,23,13308,8961,5893,7892,25.9,22.8,338,390,54,50,12,118,3693,619,346,12,0.967,0.3,1.52,"special_heal_power;basic_hp;basic_hp;basic_hp;basic_mr;basic_hp;basic_armor;basic_armor;basic_mr;basic_haste;basic_mr;basic_armor"
35,1,358,26,150,bot0_4,Wanderer,0,SLAYER,physical,1,6,7,1.33,13328,5798,6423,248,21.4,0.9,457,796,17,15,9,216,2566,430,271,87,0.758,0.2,0.9,"special_lifesteal;basic_power;basic_power;basic_as;basic_power;basic_hp;basic_armor;basic_mr"
35,1,358,26,150,bot1_4,Fusilier,1,SLAYER,physical,9,3,14,7.67,21607,14863,4950,605,46.3,1.9,369,704,53,18,12,138,4238,710,321,37,0.897,1.5,3,"special_lifesteal;basic_power;basic_hp;basic_power;basic_as;basic_hp;basic_power;basic_as;basic_armor;basic_power;basic_mr;basic_as;basic_armor;basic_hp"
36,1,399,44,151,bot0_1,Oracle,0,MAGE,physical,3,9,5,0.89,11486,7007,11705,199,25.4,0.7,444,640,18,18,11,250,3150,473,276,123,0.692,0.5,0.6,"special_lifesteal;basic_power;basic_power;basic_hp;basic_as;basic_armor;basic_mr;basic_hp;basic_power;basic_as"
36,1,399,44,151,bot1_1,Quiller,1,SLAYER,physical,16,0,15,31,33246,19447,4809,1170,48.7,2.9,363,963,69,38,14,189,5389,810,399,0,1,2.4,4.04,"special_lifesteal;basic_power;basic_power;basic_as;basic_hp;basic_as;basic_armor;basic_power;basic_power;basic_as;basic_power;basic_as;basic_mr;basic_as;basic_hp;basic_armor;basic_power"
36,1,399,44,151,bot0_2,Goliath,0,TANK,physical,2,9,6,0.89,8197,4599,15225,1190,16.7,4.3,360,419,36,16,10,280,2905,437,275,124,0.69,0.3,0.3,"basic_hp;basic_hp;basic_hp;basic_armor;basic_mr;basic_armor;basic_power;basic_as;basic_haste;basic_mr"
36,1,399,44,151,bot1_2,Tamer,1,MAGE,magical,4,3,21,8.33,16104,9790,5171,4166,27.8,11.8,328,512,46,14,12,329,4129,621,352,47,0.883,0.6,1.89,"special_lifesteal;basic_power;basic_hp;basic_power;basic_power;basic_hp;basic_haste;basic_hp;basic_haste;basic_mr;basic_armor;basic_power;basic_mr"
36,1,399,44,151,bot0_3,Eggchanter,0,SUPPORT,magical,1,8,7,1,9417,4552,14695,5892,13.7,17.8,180,269,39,17,11,299,2924,439,332,67,0.831,0.2,0.31,"basic_hp;basic_hp;basic_armor;basic_mr;basic_power;basic_haste;basic_as;basic_armor;basic_power;basic_hp"
36,1,399,44,151,bot1_3,Kratoma,1,SLAYER,physical,7,3,25,10.67,18933,10791,5426,529,30.7,1.5,340,656,26,27,13,133,4833,726,351,48,0.88,1.1,1.99,"special_lifesteal;basic_power;basic_power;basic_as;basic_hp;basic_armor;basic_power;basic_mr;basic_as;basic_power;basic_hp;basic_as;basic_armor;basic_mr;basic_as;basic_hp"
36,1,399,44,151,bot0_4,Jirina,0,FIGHTER,magical,2,8,6,1,12659,5091,14170,2418,15.6,7.4,431,474,33,13,10,123,2873,432,327,72,0.819,0.3,0.36,"basic_hp;basic_hp;basic_power;basic_hp;basic_armor;basic_mr;basic_hp;basic_haste;basic_as;basic_hp"
36,1,399,44,151,bot1_4,Jailer,1,TANK,magical,7,2,22,14.5,22643,12789,8590,0,35.1,0,576,864,38,45,13,160,4710,708,364,35,0.912,1.1,1.49,"basic_hp;basic_hp;basic_armor;basic_hp;basic_hp;basic_mr;basic_mr;basic_power;basic_haste;basic_armor;basic_hp;basic_as;basic_armor;basic_hp;basic_mr;basic_power"
37,1,393,50,150,bot0_1,Hana,0,TANK,magical,3,5,5,1.6,8963,4166,10969,0,13,0,283,486,12,39,9,194,2844,434,320,73,0.814,0.5,0.38,"basic_hp;basic_hp;basic_hp;basic_armor;basic_armor;basic_hp;basic_mr;basic_hp;basic_hp"
37,1,393,50,150,bot1_1,Cleric,1,SUPPORT,magical,4,2,17,10.5,9827,8294,7396,5616,22.5,15.2,355,417,57,49,11,143,3668,559,369,24,0.938,0.6,1.12,"special_heal_power;basic_hp;basic_mr;basic_hp;basic_mr;basic_armor;basic_hp;basic_armor;basic_mr;basic_hp;basic_haste;basic_power"
37,1,393,50,150,bot0_2,Healer,0,SUPPORT,magical,0,7,8,1.14,8793,5023,12522,5690,16.6,18.8,141,203,47,22,9,117,2542,388,302,91,0.768,0,0.4,"basic_hp;basic_hp;basic_hp;basic_armor;basic_mr;basic_armor;basic_power;basic_hp;basic_haste"
37,1,393,50,150,bot1_2,Fusilier,1,SLAYER,physical,6,2,16,11,20558,13057,3649,500,35.4,1.4,333,582,61,18,11,164,3939,601,369,24,0.938,0.9,3.58,"special_lifesteal;basic_power;basic_hp;basic_power;basic_as;basic_mr;basic_hp;basic_power;basic_as;basic_hp;basic_mr;basic_as;basic_armor"
37,1,393,50,150,bot0_3,Jirina,0,FIGHTER,magical,1,5,7,1.6,10574,6708,10294,2819,20.8,8.8,494,601,30,12,9,201,2651,404,322,71,0.819,0.2,0.65,"basic_hp;basic_hp;basic_hp;basic_power;basic_armor;basic_power;basic_mr;basic_hp;basic_armor"
37,1,393,50,150,bot1_3,Reaper,1,SPLITPUSHER,magical,6,2,13,9.5,13394,9398,7542,413,25.7,1.1,482,684,45,24,11,258,3733,569,365,28,0.928,0.9,1.25,"special_lifesteal;special_gw;basic_power;basic_hp;basic_mr;basic_power;basic_hp;basic_hp;basic_haste;basic_mr;basic_power"
37,1,393,50,150,bot0_4,Bruiser,0,FIGHTER,physical,4,5,4,1.6,9318,7170,9598,242,22.5,0.8,317,584,49,36,10,81,2981,455,318,75,0.809,0.6,0.75,"special_lifesteal;basic_power;basic_hp;basic_power;basic_as;basic_hp;basic_hp;basic_armor;basic_mr;basic_as"
37,1,393,50,150,bot1_4,Oracle,1,MAGE,physical,6,2,16,11,17121,9715,6059,0,26.4,0,430,552,30,29,12,109,4034,615,368,25,0.936,0.9,1.6,"special_gw;basic_hp;basic_hp;basic_power;basic_mr;basic_as;basic_hp;basic_hp;basic_mr;basic_power;basic_mr;basic_power;basic_hp"
38,0,417,150,74,bot0_1,Goliath,0,TANK,physical,8,2,15,11.5,16977,11905,12223,4395,31,11.4,403,517,49,37,13,55,4555,656,385,32,0.923,1.2,0.97,"basic_hp;basic_hp;basic_hp;basic_mr;basic_mr;basic_mr;basic_hp;basic_armor;basic_power;basic_armor;basic_armor;basic_as;basic_hp;basic_mr;basic_haste;basic_power"
38,0,417,150,74,bot1_1,Eggchanter,1,SUPPORT,magical,5,7,11,2.29,9431,5029,14097,8172,15.5,25.1,129,207,42,19,11,124,3699,532,326,91,0.781,0.7,0.36,"special_heal_power;basic_hp;basic_hp;basic_mr;basic_armor;basic_mr;basic_hp;basic_hp;basic_armor;basic_mr;basic_haste;basic_armor"
38,0,417,150,74,bot0_2,Mage,0,MAGE,magical,6,6,15,3.5,25276,12013,8012,633,37.3,2,703,870,65,32,12,120,4220,607,322,94,0.773,0.9,1.5,"special_lifesteal;basic_power;basic_hp;basic_power;basic_hp;basic_hp;basic_mr;basic_power;basic_haste;basic_armor;basic_mr;basic_hp;basic_haste;basic_mr"
38,0,417,150,74,bot1_2,Pyromancer,1,SLAYER,magical,3,6,11,2.33,13872,7677,9235,187,22.8,0.6,499,599,33,24,11,47,3297,475,337,80,0.808,0.4,0.83,"special_lifesteal;basic_power;basic_hp;basic_power;basic_haste;basic_mr;basic_armor;basic_power;basic_hp;basic_power;basic_hp"
38,0,417,150,74,bot0_3,Kratoma,0,SLAYER,physical,10,4,11,5.25,22022,13860,7223,677,39.2,1.9,259,672,29,28,13,170,4595,661,353,63,0.848,1.4,1.92,"special_lifesteal;basic_power;basic_as;basic_power;basic_hp;basic_as;basic_mr;basic_armor;basic_power;basic_power;basic_hp;basic_as;basic_mr;basic_armor;basic_power"
38,0,417,150,74,bot1_3,Vanguard,1,FIGHTER,physical,5,5,10,3,14563,8772,13262,0,25.5,0,544,601,57,31,11,18,3643,524,344,73,0.824,0.7,0.66,"basic_hp;basic_hp;basic_hp;basic_power;basic_power;basic_mr;basic_armor;basic_hp;basic_mr;basic_armor;basic_as;basic_hp;basic_armor"
38,0,417,150,74,bot0_4,Zephyr,0,SPLITPUSHER,magical,1,4,19,5,12321,8570,7509,367,24,1,427,571,48,46,11,143,3593,517,358,59,0.858,0.1,1.14,"special_lifesteal;basic_power;basic_hp;basic_haste;basic_power;basic_mr;basic_armor;basic_hp;basic_haste;basic_mr;basic_armor;basic_power"
38,0,417,150,74,bot1_4,Jirina,1,FIGHTER,magical,3,7,12,2.14,17319,10540,13884,5724,29.4,16,451,499,45,22,11,139,3539,509,359,58,0.861,0.4,0.76,"basic_hp;basic_hp;basic_hp;basic_power;basic_mr;basic_hp;basic_armor;basic_hp;basic_haste;basic_as;basic_hp;basic_mr"
39,1,522,105,150,bot0_1,Kratoma,0,SLAYER,physical,6,9,17,2.56,18926,11710,12030,541,29.9,1.4,293,625,34,29,12,65,4490,516,392,131,0.75,0.7,0.97,"special_lifesteal;basic_power;basic_power;basic_hp;basic_power;basic_as;basic_hp;basic_as;basic_hp;basic_armor;basic_mr;basic_armor;basic_as;basic_power;basic_hp"
39,1,522,105,150,bot1_1,Mage,1,MAGE,magical,10,9,16,2.89,23762,16006,11595,526,37,1.2,543,743,90,32,13,116,5166,593,433,90,0.828,1.1,1.38,"special_lifesteal;basic_power;basic_hp;basic_power;basic_power;basic_hp;basic_haste;basic_power;basic_haste;basic_armor;basic_mr;basic_power;basic_armor;basic_hp;basic_mr;basic_haste;basic_hp"
39,1,522,105,150,bot0_2,Hana,0,TANK,magical,8,7,18,3.71,17405,13499,19658,0,32.1,0,422,604,25,57,13,110,4810,552,420,102,0.804,0.9,0.69,"basic_hp;basic_hp;basic_hp;basic_hp;basic_armor;basic_armor;basic_mr;basic_hp;basic_armor;basic_armor;basic_hp;basic_mr;basic_haste;basic_mr;basic_armor;basic_power"
39,1,522,105,150,bot1_2,Wanderer,1,SLAYER,physical,4,7,22,3.71,27040,13700,9803,593,28.2,1.2,770,1271,30,25,13,242,4617,530,485,37,0.929,0.5,1.4,"special_lifesteal;basic_power;basic_power;basic_power;basic_power;basic_as;basic_hp;basic_armor;basic_mr;basic_as;basic_as;basic_hp;basic_hp;basic_armor;basic_mr"
39,1,522,105,150,bot0_3,Oracle,0,MAGE,physical,5,7,21,3.71,23008,10504,10228,623,25.1,1.5,414,550,31,29,13,120,4570,525,418,104,0.8,0.6,1.03,"special_lifesteal;basic_power;basic_power;basic_power;basic_as;basic_hp;basic_armor;basic_mr;basic_as;basic_power;basic_as;basic_hp;basic_power;basic_hp;basic_armor"
39,1,522,105,150,bot1_3,Vanguard,1,FIGHTER,physical,7,6,21,4.67,19712,10390,12731,0,21.8,0,472,651,61,50,13,257,5032,578,478,45,0.914,0.8,0.82,"basic_hp;basic_hp;basic_hp;basic_armor;basic_armor;basic_armor;basic_power;basic_hp;basic_hp;basic_armor;basic_power;basic_mr;basic_as;basic_power;basic_haste;basic_as;basic_mr"
39,1,522,105,150,bot0_4,Bruiser,0,FIGHTER,physical,8,7,15,3.29,17507,9877,10892,547,23.5,1.3,365,626,63,46,12,235,4660,535,421,102,0.806,0.9,0.91,"special_lifesteal;basic_power;basic_power;basic_as;basic_power;basic_as;basic_hp;basic_power;basic_armor;basic_as;basic_hp;basic_armor;basic_as;basic_hp;basic_mr"
39,1,522,105,150,bot1_4,Goliath,1,TANK,physical,9,5,17,5.2,13795,9272,16248,3700,21.3,8.5,299,611,50,32,13,251,5101,586,435,88,0.832,1,0.57,"basic_hp;basic_hp;basic_hp;basic_armor;basic_armor;basic_hp;basic_armor;basic_mr;basic_hp;basic_power;basic_mr;basic_as;basic_haste;basic_power;basic_armor;basic_hp;basic_as"
40,0,308,150,3,bot0_1,Quiller,0,SLAYER,physical,9,2,12,10.5,16128,10542,3926,463,36.5,1.6,345,702,45,24,11,196,3771,734,289,20,0.937,1.8,2.69,"special_lifesteal;basic_power;basic_power;basic_hp;basic_power;basic_hp;basic_as;basic_as;basic_mr;basic_as;basic_hp;basic_power"
40,0,308,150,3,bot1_1,Doctor,1,SUPPORT,physical,1,7,1,0.29,4231,3807,9037,2960,16.6,12.9,192,264,23,15,7,175,1975,384,230,78,0.746,0.2,0.42,"special_heal_power;basic_hp;basic_hp;basic_armor;basic_mr;basic_power"
40,0,308,150,3,bot0_2,Cleric,0,SUPPORT,magical,1,0,20,21,7528,4752,3629,5685,15.4,18.4,322,381,46,38,10,165,2990,582,308,0,1,0.2,1.31,"basic_hp;basic_hp;basic_mr;basic_armor;basic_hp;basic_mr;basic_hp;basic_armor;basic_mr;basic_mr"
40,0,308,150,3,bot1_2,Pyromancer,1,SLAYER,magical,0,7,2,0.29,7046,3553,7183,84,16.1,0.4,430,595,19,15,7,58,1908,371,221,88,0.716,0,0.49,"special_lifesteal;basic_power;basic_hp;basic_power;basic_power;basic_haste"
40,0,308,150,3,bot0_3,Jailer,0,TANK,magical,7,1,15,22,10983,7069,3859,0,23.9,0,415,625,29,23,11,105,3630,706,296,13,0.959,1.4,1.83,"basic_hp;basic_hp;special_gw;basic_mr;basic_armor;basic_power;basic_hp;basic_mr;basic_haste;basic_mr;basic_hp;basic_armor"
40,0,308,150,3,bot1_3,Volstrov,1,MAGE,magical,1,7,2,0.43,8080,3195,7543,176,14.4,0.8,191,335,18,15,8,92,2142,417,222,86,0.721,0.2,0.42,"special_lifesteal;basic_power;basic_hp;basic_armor;basic_haste;basic_mr;basic_power"
40,0,308,150,3,bot0_4,Lynx,0,SLAYER,physical,10,0,12,22,17087,10559,4093,614,34.3,2,561,1038,59,37,11,71,3896,758,308,0,1,1.9,2.58,"special_lifesteal;basic_power;basic_power;basic_hp;basic_power;basic_hp;basic_as;basic_as;basic_hp;basic_mr;special_lifesteal;basic_as"
40,0,308,150,3,bot1_4,Goliath,1,TANK,physical,1,6,0,0.17,4222,3112,10681,688,12.8,2.8,291,354,28,11,7,32,1907,371,243,66,0.787,0.2,0.29,"basic_hp;basic_hp;basic_hp;basic_armor;basic_armor;basic_mr;basic_mr"
41,1,329,50,150,bot0_1,Pyromancer,0,SLAYER,magical,4,4,6,2.5,11566,6466,6195,147,23.5,0.5,354,550,27,20,10,164,2889,527,275,54,0.837,0.7,1.04,"special_lifesteal;basic_power;basic_hp;basic_haste;basic_power;basic_power;basic_hp;basic_power;basic_haste"
41,1,329,50,150,bot1_1,Eggchanter,1,SUPPORT,magical,1,2,14,7.5,6172,4150,6235,5385,13.9,18,128,182,31,15,9,55,2755,503,298,30,0.908,0.2,0.67,"special_gw;basic_hp;basic_mr;basic_hp;basic_hp;basic_hp;basic_armor;basic_mr;basic_power"
41,1,329,50,150,bot0_2,Ironclad,0,TANK,physical,3,3,8,3.67,10232,6402,10828,0,20.5,0,359,487,32,25,10,140,2890,527,312,17,0.95,0.5,0.59,"basic_hp;basic_hp;special_gw;basic_hp;basic_mr;basic_hp;basic_mr;basic_armor;basic_mr"
41,1,329,50,150,bot1_2,Lynx,1,SLAYER,physical,10,4,3,3.25,15262,10820,4657,396,38,1.4,554,918,48,41,10,95,3570,652,285,44,0.866,1.8,2.32,"special_lifesteal;basic_power;basic_power;basic_power;basic_as;basic_as;basic_power;basic_as;basic_hp;basic_power;basic_power"
41,1,329,50,150,bot0_3,Cleric,0,SUPPORT,magical,1,4,10,2.75,8667,5321,6952,6243,19.3,22.7,317,375,39,33,10,42,2717,496,275,53,0.837,0.2,0.77,"special_gw;basic_hp;basic_mr;basic_power;basic_hp;basic_hp;basic_armor;basic_haste;basic_hp"
41,1,329,50,150,bot1_3,Jirina,1,FIGHTER,magical,2,3,13,5,12982,8273,7922,1820,27.5,6.1,507,634,39,8,10,133,2858,522,300,28,0.914,0.4,1.04,"basic_hp;basic_hp;basic_hp;basic_hp;basic_power;basic_mr;basic_armor;basic_mr;basic_power;basic_armor"
41,1,329,50,150,bot0_4,Goliath,0,TANK,physical,3,5,8,2.2,9916,6991,10712,1764,24.2,6.1,461,521,37,23,10,108,2908,531,289,40,0.878,0.5,0.65,"basic_hp;basic_hp;basic_hp;basic_mr;basic_mr;basic_armor;basic_hp;basic_power;basic_mr;basic_mr"
41,1,329,50,150,bot1_4,Hana,1,TANK,magical,3,2,12,7.5,12743,9317,8794,0,30.9,0,483,781,19,35,10,284,3034,554,301,27,0.917,0.5,1.06,"basic_hp;basic_hp;basic_hp;basic_mr;basic_mr;basic_hp;basic_mr;basic_armor;basic_power;basic_armor"
42,0,387,150,42,bot0_1,Jailer,0,TANK,magical,7,3,11,6,16837,8054,9135,0,23,0,445,577,31,35,11,69,3819,591,350,37,0.904,1.1,0.88,"basic_hp;basic_hp;basic_hp;basic_mr;basic_mr;basic_armor;basic_armor;basic_power;basic_power;basic_hp;basic_mr;basic_hp;basic_hp"
42,0,387,150,42,bot1_1,Mage,1,MAGE,magical,2,5,6,1.6,15715,7315,5830,270,23.3,0.9,528,704,66,21,10,266,2891,448,314,73,0.812,0.3,1.25,"special_lifesteal;basic_power;basic_hp;basic_power;basic_haste;basic_power;basic_mr;basic_armor;basic_hp"
42,0,387,150,42,bot0_2,Ironclad,0,TANK,physical,1,2,19,10,8001,5127,10324,0,14.2,0,336,482,37,21,11,84,3334,516,361,26,0.932,0.2,0.5,"basic_hp;basic_hp;basic_hp;basic_mr;basic_mr;basic_armor;basic_hp;basic_mr;basic_armor;basic_as;basic_power;basic_haste"
42,0,387,150,42,bot1_2,Healer,1,SUPPORT,magical,0,6,8,1.33,7045,4824,10817,7184,15.8,23.6,147,205,46,22,10,247,2622,406,305,83,0.787,0,0.45,"special_gw;basic_hp;basic_armor;basic_mr;basic_hp;basic_hp;basic_power;basic_mr"
42,0,387,150,42,bot0_3,Oracle,0,MAGE,physical,7,3,13,6.67,18301,9089,7535,511,26.3,1.5,503,655,26,24,12,265,4040,626,345,42,0.892,1.1,1.21,"special_lifesteal;basic_power;basic_power;basic_hp;basic_power;basic_as;basic_hp;basic_mr;basic_as;basic_armor;basic_as;basic_hp;basic_mr"
42,0,387,150,42,bot1_3,Quiller,1,SLAYER,physical,7,5,2,1.8,20631,13386,8080,528,42.7,1.7,276,593,45,25,10,59,3309,512,313,74,0.809,1.1,1.66,"special_lifesteal;basic_power;basic_power;basic_power;basic_hp;basic_as;basic_hp;basic_as;basic_hp;basic_as;basic_mr"
42,0,387,150,42,bot0_4,Jirina,0,FIGHTER,magical,6,1,14,20,13241,7558,9870,7160,20.2,19.1,562,694,40,24,11,92,3717,576,375,13,0.967,0.9,0.77,"special_lifesteal;basic_power;basic_hp;basic_power;basic_power;basic_power;basic_hp;basic_haste;basic_hp;basic_mr;basic_power;basic_haste"
42,0,387,150,42,bot1_4,Summoner,1,MAGE,magical,0,5,9,1.8,9403,5043,7177,233,16,0.7,184,260,52,25,10,119,2744,425,314,73,0.811,0,0.7,"special_lifesteal;basic_power;basic_hp;basic_power;basic_haste;basic_armor;basic_power;basic_hp;basic_mr"
43,0,276,150,8,bot0_1,Goliath,0,TANK,physical,5,0,15,20,8947,6409,6630,2144,23.2,7.8,301,352,31,24,10,202,3177,691,276,0,1,1.1,0.97,"basic_hp;basic_hp;basic_hp;basic_armor;basic_hp;basic_mr;basic_armor;basic_power;basic_armor;basic_as;basic_haste"
43,0,276,150,8,bot1_1,Bruiser,1,FIGHTER,physical,0,6,0,0,6012,2686,7536,0,13.2,0,316,513,31,23,7,165,1715,373,203,73,0.735,0,0.36,"special_gw;basic_hp;basic_armor;basic_hp;basic_power"
43,0,276,150,8,bot0_2,Kratoma,0,SLAYER,physical,6,1,13,19,11036,8673,4685,329,32.7,1.2,240,530,21,21,10,247,3222,701,265,11,0.961,1.3,1.85,"special_lifesteal;basic_power;basic_power;basic_as;basic_as;basic_hp;basic_hp;basic_armor;basic_power;basic_power"
43,0,276,150,8,bot1_2,Healer,1,SUPPORT,magical,2,5,0,0.4,6309,5001,10515,3903,23.4,18.3,155,192,31,20,7,277,1927,419,214,62,0.774,0.4,0.48,"basic_hp;basic_hp;basic_armor;basic_hp;basic_armor;basic_armor"
43,0,276,150,8,bot0_3,Fusilier,0,SLAYER,physical,7,0,10,17,11758,7863,1479,394,28.5,1.4,299,455,49,10,10,286,3236,704,276,0,1,1.5,5.32,"special_lifesteal;basic_power;basic_hp;basic_power;basic_hp;basic_as;basic_armor;basic_power;basic_as;basic_hp"
43,0,276,150,8,bot1_3,Wanderer,1,SLAYER,physical,0,6,1,0.17,11705,7219,7400,209,34.9,1,476,1015,17,12,7,19,1794,390,207,69,0.75,0,0.98,"special_lifesteal;basic_power;basic_hp;basic_as;basic_armor;basic_mr"
43,0,276,150,8,bot0_4,Doctor,0,SUPPORT,physical,3,1,16,19,6541,5990,7990,10479,22.5,39.4,165,247,20,21,10,48,2948,641,266,10,0.965,0.7,0.75,"special_gw;basic_hp;basic_hp;basic_hp;basic_armor;basic_armor;basic_power;basic_mr;basic_as;basic_power"
43,0,276,150,8,bot1_4,Vanguard,1,FIGHTER,physical,0,4,2,0.5,6857,3802,6918,0,16.8,0,357,411,37,15,7,233,1808,393,226,50,0.82,0,0.55,"basic_hp;basic_hp;basic_hp;basic_armor;basic_power;basic_as"
44,1,458,69,150,bot0_1,Wanderer,0,SLAYER,physical,3,7,10,1.86,19368,9861,10318,449,27.8,1.3,662,1406,25,22,11,66,3541,464,355,103,0.775,0.4,0.96,"special_lifesteal;basic_power;basic_hp;basic_as;basic_mr;basic_armor;basic_power;basic_hp;basic_as;basic_mr;basic_power;basic_hp"
44,1,458,69,150,bot1_1,Jailer,1,TANK,magical,6,4,21,6.75,17248,8280,8865,0,21.1,0,425,762,42,37,13,268,4743,621,393,65,0.857,0.8,0.93,"basic_hp;basic_hp;basic_hp;basic_armor;basic_mr;basic_haste;basic_power;basic_as;basic_armor;basic_armor;basic_mr;basic_hp;basic_haste;basic_armor;basic_mr;basic_mr"
44,1,458,69,150,bot0_2,Quiller,0,SLAYER,physical,5,9,9,1.56,15659,9951,9380,402,29,1.2,276,604,46,30,11,389,3589,470,343,115,0.749,0.7,1.06,"special_lifesteal;basic_power;basic_as;basic_hp;basic_power;basic_mr;basic_as;basic_power;basic_as;basic_hp;basic_haste"
44,1,458,69,150,bot1_2,Reaper,1,SPLITPUSHER,magical,12,3,18,10,21724,14602,9633,710,35.9,1.7,650,1034,55,31,14,164,5514,722,406,52,0.887,1.6,1.52,"special_lifesteal;basic_power;basic_power;basic_power;basic_hp;basic_hp;basic_haste;basic_armor;basic_power;basic_hp;basic_haste;basic_mr;basic_armor;basic_mr;basic_power;basic_armor;basic_haste;basic_hp"
44,1,458,69,150,bot0_3,Bruiser,0,FIGHTER,physical,4,8,9,1.63,12495,6015,10854,379,16.9,1.1,329,475,45,37,11,267,3542,464,356,102,0.776,0.5,0.55,"special_lifesteal;basic_power;basic_as;basic_power;basic_power;basic_hp;basic_as;basic_hp;basic_power;basic_mr;basic_as"
44,1,458,69,150,bot1_3,Zephyr,1,SPLITPUSHER,magical,6,3,19,8.33,13822,7240,8086,410,17.4,1,476,660,52,42,13,38,4613,604,417,41,0.911,0.8,0.9,"special_lifesteal;basic_power;basic_hp;basic_armor;basic_power;basic_hp;basic_haste;basic_power;basic_hp;basic_power;basic_armor;basic_mr;basic_hp;basic_power;basic_power"
44,1,458,69,150,bot0_4,Eggchanter,0,SUPPORT,magical,3,9,12,1.67,8497,5238,13092,5508,14,14.7,151,232,41,21,11,266,3566,467,374,84,0.817,0.4,0.4,"basic_hp;basic_hp;basic_mr;basic_power;basic_mr;basic_haste;basic_hp;basic_mr;basic_armor;basic_hp;basic_mr;basic_as"
44,1,458,69,150,bot1_4,Volstrov,1,MAGE,magical,9,5,20,5.8,21953,10263,6670,485,27,1.3,344,599,18,23,14,231,5281,692,380,78,0.83,1.2,1.54,"special_lifesteal;basic_power;basic_hp;basic_power;basic_power;basic_armor;basic_haste;basic_hp;basic_mr;basic_hp;basic_armor;basic_haste;basic_mr;basic_hp;basic_power;basic_armor;basic_hp"
45,1,341,60,150,bot0_1,Vanguard,0,FIGHTER,physical,2,5,4,1.2,11017,4213,10929,0,15.3,0,721,721,37,29,9,120,2520,443,276,65,0.808,0.4,0.39,"basic_hp;basic_hp;basic_hp;basic_mr;basic_power;basic_armor;basic_hp;basic_as;basic_haste"
45,1,341,60,150,bot1_1,Summoner,1,MAGE,magical,8,2,15,11.5,12618,8656,4984,319,28,1,244,322,57,26,12,102,4052,713,309,32,0.906,1.4,1.74,"special_lifesteal;basic_power;basic_power;basic_hp;basic_hp;basic_power;basic_power;basic_haste;basic_armor;basic_mr;basic_haste;basic_power;basic_power"
45,1,341,60,150,bot0_2,Goliath,0,TANK,physical,1,6,5,1,9751,4928,11715,1463,17.6,5.2,347,447,33,21,9,20,2420,426,280,61,0.82,0.2,0.42,"basic_hp;basic_hp;basic_hp;basic_mr;basic_armor;basic_power;basic_as;basic_mr;basic_mr"
45,1,341,60,150,bot1_2,Ironclad,1,TANK,physical,7,1,17,24,10152,6844,8089,0,21,0,303,402,33,29,11,6,3931,691,326,16,0.954,1.2,0.85,"basic_hp;basic_hp;basic_hp;basic_armor;basic_hp;basic_mr;basic_armor;basic_armor;basic_mr;basic_as;basic_power;basic_mr;basic_as;basic_hp"
45,1,341,60,150,bot0_3,Eggchanter,0,SUPPORT,magical,1,6,6,1.17,7608,3178,11154,6038,10.9,20.7,125,188,29,15,9,57,2507,441,291,50,0.854,0.2,0.28,"basic_hp;basic_hp;basic_mr;basic_armor;basic_mr;basic_hp;basic_haste;basic_hp;basic_armor"
45,1,341,60,150,bot1_3,Vanguard,1,FIGHTER,physical,5,2,18,11.5,14154,8045,6819,0,26,0,560,718,46,31,11,86,3711,653,309,32,0.905,0.9,1.18,"special_gw;basic_hp;basic_hp;basic_armor;basic_hp;basic_armor;basic_power;basic_as;basic_hp;basic_armor;basic_hp;basic_power"
45,1,341,60,150,bot0_4,Fusilier,0,SLAYER,physical,3,7,4,1,19292,10886,7632,507,39.2,1.8,385,631,39,17,10,77,2727,480,278,63,0.814,0.5,1.43,"special_lifesteal;basic_power;basic_power;basic_hp;basic_power;basic_hp;basic_as;basic_as;basic_mr"
45,1,341,60,150,bot1_4,Cleric,1,SUPPORT,magical,4,2,17,10.5,9986,6464,5552,7566,19.9,23.2,323,381,53,42,11,159,3559,626,326,16,0.954,0.7,1.16,"basic_hp;basic_hp;basic_hp;basic_armor;basic_hp;basic_armor;basic_hp;basic_mr;basic_haste;basic_power;basic_as;basic_hp"
46,1,352,21,151,bot0_1,Healer,0,SUPPORT,magical,1,7,8,1.29,7474,5246,12363,5576,20,21.3,143,201,43,20,9,162,2537,432,262,90,0.744,0.2,0.42,"special_heal_power;basic_hp;basic_hp;basic_hp;basic_armor;basic_mr;basic_haste;basic_armor"
46,1,352,21,151,bot1_1,Mage,1,MAGE,magical,9,2,17,13,12207,7774,3505,492,24,1.5,533,764,66,18,11,51,4226,720,324,28,0.92,1.5,2.22,"special_lifesteal;special_lifesteal;basic_power;basic_hp;basic_power;basic_power;basic_haste;basic_armor;basic_mr;basic_hp;basic_hp;basic_power;basic_power"
46,1,352,21,151,bot0_2,Bruiser,0,FIGHTER,physical,4,6,4,1.33,5746,2641,7844,187,9.8,0.7,295,405,37,28,9,123,2823,481,271,81,0.769,0.7,0.34,"special_lifesteal;basic_power;basic_power;basic_as;basic_power;basic_as;basic_power;basic_hp;basic_armor"
46,1,352,21,151,bot1_2,Quiller,1,SLAYER,physical,7,2,17,12,14209,9156,2823,466,28.4,1.4,303,551,44,25,11,91,3941,671,323,29,0.917,1.2,3.24,"special_lifesteal;basic_power;basic_power;basic_power;basic_as;basic_as;basic_hp;basic_armor;basic_power;basic_as;basic_hp;basic_mr;basic_as"
46,1,352,21,151,bot0_3,Wanderer,0,SLAYER,physical,3,7,4,1,9571,4783,7745,175,17.9,0.7,352,650,15,12,9,362,2712,462,267,85,0.758,0.5,0.62,"special_lifesteal;basic_power;basic_power;basic_power;basic_as;basic_hp;basic_armor;basic_mr"
46,1,352,21,151,bot1_3,Hana,1,TANK,magical,1,3,23,8,9338,7213,8272,0,22.6,0,264,405,23,37,11,243,3293,561,319,33,0.906,0.2,0.87,"basic_hp;basic_hp;basic_armor;basic_mr;basic_hp;basic_armor;basic_mr;basic_armor;basic_mr;basic_hp;basic_power"
46,1,352,21,151,bot0_4,Pyromancer,0,SLAYER,magical,1,8,7,1,9792,3840,10175,122,15.2,0.5,322,492,24,20,9,227,2552,435,253,99,0.719,0.2,0.38,"special_lifesteal;basic_power;basic_power;basic_hp;basic_haste;basic_armor;basic_mr;basic_hp"
46,1,352,21,151,bot1_4,Fusilier,1,SLAYER,physical,11,2,15,13,23791,12168,3319,721,37.7,2.2,417,818,54,18,12,37,4412,752,323,29,0.917,1.9,3.67,"special_lifesteal;basic_power;basic_as;basic_power;basic_hp;basic_armor;basic_mr;basic_power;basic_as;basic_as;basic_hp;basic_armor;basic_power;basic_hp;basic_mr"
47,0,399,151,128,bot0_1,Wanderer,0,SLAYER,physical,6,6,18,4,23159,11012,9281,588,34.5,1.8,549,1081,30,20,13,63,4438,667,319,80,0.799,0.9,1.19,"special_lifesteal;basic_power;basic_hp;basic_power;basic_as;basic_hp;basic_as;basic_mr;basic_mr;basic_power;basic_armor;basic_hp;basic_armor;basic_as;basic_power"
47,0,399,151,128,bot1_1,Pyromancer,1,SLAYER,magical,5,9,9,1.56,11493,5885,9848,168,19.1,0.5,269,469,25,19,11,187,3412,513,308,92,0.77,0.8,0.6,"special_lifesteal;basic_power;basic_hp;basic_haste;basic_power;basic_power;basic_power;basic_haste;basic_mr;basic_armor;basic_hp"
47,0,399,151,128,bot0_2,Summoner,0,MAGE,magical,6,5,12,3.6,7913,4298,5793,241,13.1,0.7,180,254,43,23,12,176,3976,598,329,70,0.824,0.9,0.74,"special_lifesteal;basic_power;basic_power;basic_hp;basic_mr;basic_haste;basic_hp;basic_power;basic_hp;basic_mr;basic_haste;basic_hp;basic_armor"
47,0,399,151,128,bot1_2,Eggchanter,1,SUPPORT,magical,6,7,10,2.29,7504,4016,14163,6949,13.2,22.9,134,195,36,18,11,250,3575,537,304,95,0.761,0.9,0.28,"basic_hp;basic_hp;basic_armor;basic_hp;basic_mr;basic_armor;basic_hp;basic_mr;basic_power;basic_hp;basic_haste;basic_power"
47,0,399,151,128,bot0_3,Fusilier,0,SLAYER,physical,12,3,16,9.33,29714,16062,7513,895,44.5,2.5,593,899,53,20,14,277,5052,759,361,38,0.904,1.8,2.14,"special_lifesteal;basic_power;basic_power;basic_hp;basic_power;basic_hp;basic_as;basic_as;basic_hp;basic_as;basic_power;basic_mr;basic_as;basic_mr;basic_armor;basic_power"
47,0,399,151,128,bot1_3,Summoner,1,MAGE,magical,4,8,12,2,7583,5155,10480,170,17.7,0.6,193,279,39,20,10,163,3363,505,291,108,0.729,0.6,0.49,"special_lifesteal;basic_power;basic_power;basic_hp;basic_haste;basic_hp;basic_haste;basic_mr;basic_hp;basic_power;basic_armor"
47,0,399,151,128,bot0_4,Reaper,0,SPLITPUSHER,magical,7,4,17,6,16555,8463,7182,493,24.3,1.4,444,741,39,21,13,285,4460,670,348,51,0.873,1.1,1.18,"special_lifesteal;basic_power;basic_power;basic_hp;basic_haste;basic_mr;basic_power;basic_armor;basic_hp;basic_power;basic_hp;basic_haste;basic_haste;basic_power"
47,0,399,151,128,bot1_4,Kratoma,1,SLAYER,physical,3,7,11,2,14985,6915,11750,413,22.6,1.3,362,736,24,21,11,95,3295,495,307,93,0.768,0.5,0.59,"special_lifesteal;basic_power;basic_power;basic_hp;basic_as;basic_hp;basic_hp;basic_power;basic_as;basic_armor;basic_mr"
48,0,276,150,6,bot0_1,Ironclad,0,TANK,physical,2,0,10,12,4911,3192,3022,0,11.6,0,216,312,26,17,8,29,2429,528,276,0,1,0.4,1.06,"basic_hp;basic_hp;basic_hp;basic_mr;basic_armor;basic_mr;basic_as;basic_mr;basic_power"
48,0,276,150,6,bot1_1,Healer,1,SUPPORT,magical,0,5,0,0,5942,3235,6388,2072,15.1,9.7,147,201,29,15,7,181,1731,376,214,61,0.777,0,0.51,"special_gw;basic_hp;basic_mr;basic_armor;basic_hp"
48,0,276,150,6,bot0_2,Jirina,0,FIGHTER,magical,4,0,11,15,11907,6978,4603,2455,25.3,8.9,359,477,47,10,9,100,2800,609,276,0,1,0.9,1.52,"special_lifesteal;basic_power;basic_power;basic_hp;basic_haste;basic_hp;basic_mr;basic_power;basic_power"
48,0,276,150,6,bot1_2,Hana,1,TANK,magical,0,4,0,0,7132,4220,9726,0,18.5,0,321,476,6,28,6,225,1625,353,228,48,0.827,0,0.43,"basic_hp;basic_hp;basic_hp;basic_hp;basic_mr"
48,0,276,150,6,bot0_3,Tamer,0,MAGE,magical,11,0,6,17,15541,12348,4572,3947,44.8,14.3,295,481,41,13,10,262,3537,769,276,0,1,2.4,2.7,"special_lifesteal;basic_power;basic_power;basic_power;basic_hp;basic_hp;basic_haste;basic_mr;basic_haste;basic_power;basic_hp"
48,0,276,150,6,bot1_3,Pyromancer,1,SLAYER,magical,0,4,0,0,10778,4144,5540,141,16.5,0.6,449,720,22,16,7,207,1757,382,252,24,0.912,0,0.75,"special_lifesteal;basic_power;basic_hp;basic_power;basic_mr"
48,0,276,150,6,bot0_4,Doctor,0,SUPPORT,physical,1,0,17,18,5620,4832,5093,6882,17.5,24.9,202,276,13,21,9,65,2615,569,276,0,1,0.2,0.95,"special_heal_power;basic_hp;basic_hp;basic_hp;basic_mr;basic_hp;basic_mr;basic_hp"
48,0,276,150,6,bot1_4,Goliath,1,TANK,physical,0,5,0,0,5243,3086,7538,520,13.9,2.3,460,725,26,11,7,65,1715,373,223,53,0.807,0,0.41,"basic_hp;basic_hp;basic_hp;basic_mr;basic_armor;basic_hp"
49,0,434,150,44,bot0_1,Hana,0,TANK,magical,6,2,24,15,19420,11173,11829,0,28,0,763,1307,18,51,13,118,4643,641,399,35,0.919,0.8,0.94,"basic_hp;basic_hp;basic_hp;basic_mr;basic_hp;basic_mr;basic_armor;basic_haste;basic_mr;basic_hp;basic_power;basic_armor;basic_haste;basic_power;basic_mr;basic_armor"
49,0,434,150,44,bot1_1,Summoner,1,MAGE,magical,1,9,6,0.78,7979,4399,11172,210,13.6,0.6,184,254,50,26,9,149,2774,383,324,110,0.746,0.1,0.39,"special_lifesteal;basic_power;basic_hp;basic_power;basic_hp;basic_haste;basic_haste;basic_mr;basic_mr"
49,0,434,150,44,bot0_2,Jirina,0,FIGHTER,magical,11,1,18,29,23342,9369,8292,9324,22.2,22.1,581,644,72,33,13,233,5083,702,423,12,0.973,1.5,1.13,"basic_hp;basic_hp;basic_hp;basic_mr;basic_power;basic_haste;basic_armor;basic_hp;basic_mr;basic_mr;basic_power;basic_hp;basic_armor;basic_mr;basic_haste;basic_as;basic_hp"
49,0,434,150,44,bot1_2,Oracle,1,MAGE,physical,3,9,6,1,13908,6537,11050,483,21.1,1.6,337,474,21,18,11,31,3206,443,309,125,0.712,0.4,0.59,"special_lifesteal;special_lifesteal;basic_power;basic_power;basic_as;basic_hp;basic_as;basic_mr;basic_armor;basic_hp"
49,0,434,150,44,bot0_3,Reaper,0,SPLITPUSHER,magical,10,3,22,10.67,23445,14933,8332,747,37.8,1.9,787,948,60,31,14,131,5131,709,395,39,0.91,1.4,1.79,"special_lifesteal;basic_power;basic_hp;basic_power;basic_hp;basic_mr;basic_hp;basic_power;basic_mr;basic_mr;basic_hp;basic_power;basic_haste;basic_haste;basic_armor;basic_armor;basic_haste"
49,0,434,150,44,bot1_3,Jirina,1,FIGHTER,magical,3,8,5,1,14272,7384,15518,4154,19.9,11.2,439,509,43,18,10,148,3123,431,371,63,0.855,0.4,0.48,"special_gw;basic_hp;basic_mr;basic_hp;basic_power;basic_mr;basic_hp;basic_armor;basic_hp;basic_power"
49,0,434,150,44,bot0_4,Kratoma,0,SLAYER,physical,9,3,20,9.67,20936,9477,5834,428,24.2,1.1,413,992,35,32,13,141,4841,669,391,43,0.901,1.2,1.62,"special_lifesteal;basic_power;basic_power;basic_power;basic_as;basic_hp;basic_power;basic_as;basic_as;basic_power;basic_power;basic_mr;basic_as;basic_armor;basic_power"
49,0,434,150,44,bot1_4,Tamer,1,MAGE,magical,2,10,7,0.9,13028,8362,10519,3115,27.6,10.3,331,465,29,13,10,110,3060,423,303,132,0.696,0.3,0.79,"special_lifesteal;basic_power;basic_power;basic_power;basic_hp;basic_haste;basic_hp;basic_mr;basic_power;basic_armor"
50,1,387,11,150,bot0_1,Eggchanter,0,SUPPORT,magical,1,7,1,0.29,5896,4005,11249,4237,13.4,14.2,130,230,33,16,9,31,2356,365,298,89,0.769,0.2,0.36,"special_gw;basic_hp;basic_hp;basic_mr;basic_power;basic_mr;basic_haste;basic_armor"
50,1,387,11,150,bot1_1,Pyromancer,1,SLAYER,magical,10,0,18,28,18900,10496,5097,322,27.1,0.8,554,815,44,32,13,310,4710,729,387,0,1,1.5,2.06,"special_lifesteal;basic_power;basic_hp;basic_mr;basic_power;basic_hp;basic_hp;basic_power;basic_power;basic_mr;basic_haste;basic_armor;basic_haste;basic_armor;basic_hp"
50,1,387,11,150,bot0_2,Goliath,0,TANK,physical,0,7,1,0.14,7187,4993,13472,1254,16.8,4.2,208,362,36,18,8,59,2209,342,297,90,0.767,0,0.37,"basic_hp;basic_hp;basic_hp;basic_mr;basic_power;basic_mr;basic_as;basic_mr"
50,1,387,11,150,bot1_2,Hana,1,TANK,magical,6,1,22,28,20217,11413,7803,0,30.6,0,583,859,15,50,13,253,4328,670,373,15,0.962,0.9,1.46,"basic_hp;basic_hp;basic_hp;basic_mr;basic_armor;basic_mr;basic_armor;basic_power;basic_haste;basic_as;basic_hp;basic_haste;basic_mr;basic_power;basic_as"
50,1,387,11,150,bot0_3,Tamer,0,MAGE,magical,1,10,1,0.2,10671,7164,9757,2847,27.8,11.1,273,467,30,14,9,18,2368,367,258,130,0.665,0.2,0.73,"special_lifesteal;basic_hp;basic_power;basic_mr;basic_hp;basic_hp;basic_haste;basic_as"
50,1,387,11,150,bot1_3,Cleric,1,SUPPORT,magical,8,1,23,31,13764,7754,5115,12011,20,31,422,492,67,58,13,102,4527,701,387,0,1,1.2,1.52,"special_gw;basic_hp;basic_hp;basic_mr;basic_power;basic_haste;basic_armor;basic_hp;basic_hp;basic_mr;basic_mr;basic_armor;basic_power;basic_hp;basic_haste"
50,1,387,11,150,bot0_4,Jirina,0,FIGHTER,magical,0,8,1,0.13,10830,5348,11871,2941,16.7,9.2,473,549,35,11,9,171,2246,348,320,67,0.826,0,0.45,"special_lifesteal;basic_power;basic_hp;basic_power;basic_mr;basic_hp;basic_haste"
50,1,387,11,150,bot1_4,Volstrov,1,MAGE,magical,8,0,23,31,25897,15051,6155,899,38.8,2.3,377,734,13,23,13,257,4432,686,387,0,1,1.2,2.45,"special_lifesteal;basic_power;basic_hp;basic_mr;basic_haste;basic_power;basic_armor;basic_power;basic_hp;basic_hp;basic_mr;basic_power;basic_power;basic_mr"
51,0,311,151,11,bot0_1,Oracle,0,MAGE,physical,7,1,13,20,14364,8358,3422,519,27.8,1.7,492,628,24,22,11,69,3569,688,300,11,0.965,1.3,2.44,"special_lifesteal;basic_power;basic_power;basic_hp;basic_hp;basic_as;basic_as;basic_power;basic_hp;basic_mr;basic_as;basic_armor"
51,0,311,151,11,bot1_1,Doctor,1,SUPPORT,physical,0,7,4,0.57,3021,2023,11303,888,9.1,4,129,204,14,10,8,212,2062,398,221,90,0.712,0,0.18,"basic_hp;basic_hp;basic_hp;basic_armor;basic_mr;basic_power;basic_armor"
51,0,311,151,11,bot0_2,Wanderer,0,SLAYER,physical,9,1,12,21,12180,8643,3272,296,29.2,1,478,900,18,15,11,94,3869,746,296,16,0.95,1.7,2.64,"special_lifesteal;basic_power;basic_power;basic_hp;basic_hp;basic_hp;basic_as;basic_mr;basic_power;basic_armor;basic_as;basic_as;basic_mr"
51,0,311,151,11,bot1_2,Jailer,1,TANK,magical,3,6,2,0.83,6965,3455,8867,0,15,0,262,417,20,15,9,23,2448,472,230,81,0.74,0.6,0.39,"basic_hp;basic_hp;basic_hp;basic_armor;basic_mr;basic_haste;basic_armor;basic_hp;basic_power"
51,0,311,151,11,bot0_3,Summoner,0,MAGE,magical,3,2,14,8.5,5223,3552,2718,170,12.6,0.6,183,243,33,19,10,93,2993,577,283,28,0.909,0.6,1.31,"special_lifesteal;basic_power;basic_power;basic_hp;basic_hp;basic_power;basic_mr;basic_mr;basic_haste;basic_armor"
51,0,311,151,11,bot1_3,Pyromancer,1,SLAYER,magical,1,6,3,0.67,8010,2274,6318,94,9.7,0.4,250,354,20,13,8,48,2123,409,234,77,0.752,0.2,0.36,"special_lifesteal;basic_power;basic_hp;basic_armor;basic_power;basic_hp;basic_haste"
51,0,311,151,11,bot0_4,Quiller,0,SLAYER,physical,6,1,14,20,18249,7748,2528,570,24.9,1.8,280,556,51,27,11,241,3491,673,311,0,1,1.2,3.06,"special_lifesteal;basic_power;basic_hp;basic_power;basic_power;basic_as;basic_mr;basic_hp;basic_as;basic_as;basic_hp"
51,0,311,151,11,bot1_4,Volstrov,1,MAGE,magical,1,6,4,0.83,10359,2783,6903,272,12,1.2,225,373,15,15,9,221,2346,452,232,79,0.746,0.2,0.4,"special_lifesteal;basic_power;basic_power;basic_power;basic_hp;basic_hp;basic_haste"
52,0,399,152,31,bot0_1,Doctor,0,SUPPORT,physical,9,1,20,29,9197,6947,8897,14826,17.4,37.1,234,392,32,29,13,119,4694,705,399,0,1,1.4,0.78,"special_heal_power;basic_hp;basic_hp;basic_hp;basic_mr;basic_mr;basic_power;basic_mr;basic_power;basic_hp;basic_mr;basic_hp;basic_as;basic_mr;basic_as"
52,0,399,152,31,bot1_1,Pyromancer,1,SLAYER,magical,2,9,2,0.44,14587,7557,9600,160,24,0.5,606,824,29,22,10,71,2696,405,315,84,0.79,0.3,0.79,"special_lifesteal;basic_power;basic_hp;basic_power;basic_power;basic_armor;basic_haste;basic_mr;basic_hp"
52,0,399,152,31,bot0_2,Vanguard,0,FIGHTER,physical,7,1,18,25,16297,9077,8201,0,23.5,0,497,716,62,39,12,116,4316,649,386,13,0.968,1.1,1.11,"basic_hp;basic_hp;basic_mr;basic_hp;basic_mr;basic_power;basic_mr;basic_as;basic_hp;basic_power;basic_mr;basic_power;basic_as;basic_as;basic_haste"
52,0,399,152,31,bot1_2,Jailer,1,TANK,magical,0,7,3,0.43,10324,6984,10310,0,23.1,0,539,703,28,22,9,105,2430,365,303,97,0.758,0,0.68,"basic_hp;basic_hp;basic_armor;basic_power;basic_haste;basic_mr;basic_as;basic_armor;basic_power"
52,0,399,152,31,bot0_3,Kratoma,0,SLAYER,physical,6,1,21,27,23499,12664,7126,694,33,1.8,310,611,32,31,13,355,4405,662,384,16,0.961,0.9,1.78,"special_lifesteal;basic_power;basic_power;basic_as;basic_power;basic_as;basic_hp;basic_hp;basic_mr;basic_armor;basic_as;basic_hp;basic_mr;basic_armor"
52,0,399,152,31,bot1_3,Eggchanter,1,SUPPORT,magical,1,7,3,0.57,8043,4267,9758,3795,14.1,12.5,262,358,34,18,10,96,2721,409,303,97,0.758,0.2,0.44,"basic_hp;basic_hp;basic_armor;basic_power;basic_armor;basic_haste;basic_hp;basic_power;basic_as;basic_mr"
52,0,399,152,31,bot0_4,Wanderer,0,SLAYER,physical,8,1,18,26,19038,10680,5173,487,27.7,1.3,713,1390,24,20,12,365,4415,664,385,14,0.966,1.2,2.06,"special_lifesteal;basic_power;special_gw;basic_hp;basic_power;basic_as;basic_mr;basic_hp;basic_hp;basic_power;basic_as;basic_mr;basic_mr"
52,0,399,152,31,bot1_4,Jirina,1,FIGHTER,magical,1,7,3,0.57,11972,7932,11609,2248,24,6.8,439,618,31,10,9,156,2556,384,330,69,0.826,0.2,0.68,"basic_hp;basic_hp;basic_hp;basic_armor;basic_power;basic_armor;basic_armor;basic_haste;basic_as"
53,0,311,151,21,bot0_1,Jailer,0,TANK,magical,5,0,11,16,10425,6036,3486,0,19.4,0,294,466,31,26,10,54,3104,599,311,0,1,1,1.73,"basic_hp;basic_hp;basic_hp;basic_hp;basic_mr;basic_hp;basic_mr;basic_hp;basic_armor;basic_hp"
53,0,311,151,21,bot1_1,Zephyr,1,SPLITPUSHER,magical,0,6,1,0.17,7098,1693,6692,179,7,0.7,161,261,26,24,8,159,1959,378,242,69,0.779,0,0.25,"special_lifesteal;basic_power;basic_power;basic_hp;basic_mr;basic_haste"
53,0,311,151,21,bot0_2,Summoner,0,MAGE,magical,5,2,12,8.5,7452,5440,2087,145,18.7,0.5,172,250,43,24,10,220,3220,621,292,20,0.937,1,2.61,"special_lifesteal;basic_power;basic_hp;basic_power;basic_mr;basic_hp;basic_haste;basic_hp;basic_power;basic_hp"
53,0,311,151,21,bot1_2,Doctor,1,SUPPORT,physical,1,4,1,0.5,3950,1631,6996,2068,6.3,8,100,195,23,11,8,214,2064,398,257,54,0.827,0.2,0.23,"basic_hp;basic_hp;basic_hp;basic_mr;basic_power;basic_mr;basic_as"
53,0,311,151,21,bot0_3,Jirina,0,FIGHTER,magical,4,0,9,13,9191,4615,2927,3045,14.8,9.8,291,403,36,10,9,157,2857,551,311,0,1,0.8,1.58,"special_lifesteal;basic_power;basic_hp;basic_power;basic_hp;basic_mr;basic_hp;basic_power;basic_mr"
53,0,311,151,21,bot1_3,Volstrov,1,MAGE,magical,1,6,2,0.5,10705,4745,7187,226,19.9,0.9,203,386,15,12,9,151,2201,424,239,73,0.767,0.2,0.66,"special_lifesteal;basic_power;basic_power;basic_hp;basic_mr;basic_haste;basic_armor"
53,0,311,151,21,bot0_4,Reaper,0,SPLITPUSHER,magical,7,1,11,18,15306,11615,4495,519,38.8,1.7,650,1125,39,20,10,32,3407,657,299,12,0.962,1.3,2.58,"special_lifesteal;basic_power;basic_hp;basic_haste;basic_power;basic_power;basic_power;basic_hp;basic_power;basic_hp;basic_haste"
53,0,311,151,21,bot1_4,Ironclad,1,TANK,physical,1,5,0,0.2,6443,2985,13912,0,12,0,267,371,23,16,8,143,1993,384,248,63,0.796,0.2,0.21,"basic_hp;basic_hp;basic_mr;basic_hp;basic_power;basic_as;basic_mr"
54,1,452,78,151,bot0_1,Wanderer,0,SLAYER,physical,5,9,10,1.67,17962,13129,12750,359,40.9,1.1,633,994,21,19,11,217,3717,493,321,131,0.711,0.7,1.03,"special_lifesteal;basic_power;basic_as;basic_hp;basic_armor;basic_power;basic_mr;basic_power;basic_as;basic_power;basic_hp;basic_armor"
54,1,452,78,151,bot1_1,Lynx,1,SLAYER,physical,13,5,15,5.6,24047,13481,8936,692,36.2,1.9,748,1052,73,51,14,350,5400,717,372,80,0.823,1.7,1.51,"special_lifesteal;basic_power;basic_hp;basic_power;basic_hp;basic_hp;basic_power;basic_as;basic_as;basic_armor;basic_mr;basic_power;basic_as;basic_hp;basic_as;basic_armor;basic_armor"
54,1,452,78,151,bot0_2,Kratoma,0,SLAYER,physical,4,8,11,1.88,14910,8039,10986,337,23.7,1,297,599,28,23,11,163,3663,486,339,113,0.75,0.5,0.73,"special_lifesteal;basic_power;basic_hp;basic_as;basic_power;basic_hp;basic_hp;basic_as;basic_power;basic_as;basic_armor;basic_mr"
54,1,452,78,151,bot1_2,Ironclad,1,TANK,physical,3,3,24,9,13380,7146,15147,0,17.7,0,273,375,48,36,14,67,4542,603,403,49,0.892,0.4,0.47,"basic_hp;basic_hp;basic_armor;basic_hp;basic_mr;basic_armor;basic_power;basic_mr;basic_as;basic_haste;basic_hp;basic_armor;basic_mr;basic_armor;basic_power;basic_mr"
54,1,452,78,151,bot0_3,Jirina,0,FIGHTER,magical,5,7,10,2.14,17433,11588,13503,4560,29.7,11.7,515,632,47,22,11,242,3742,497,390,62,0.862,0.7,0.86,"basic_hp;basic_hp;basic_hp;basic_armor;basic_armor;basic_power;basic_armor;basic_power;basic_haste;basic_power;basic_mr;basic_as;basic_haste"
54,1,452,78,151,bot1_3,Jailer,1,TANK,magical,3,3,18,7,18308,7572,8457,0,18.6,0,534,650,38,39,13,42,4192,556,406,46,0.899,0.4,0.9,"special_gw;basic_hp;basic_hp;basic_armor;basic_mr;basic_hp;basic_armor;basic_hp;basic_power;basic_hp;basic_mr;basic_armor;basic_power;basic_haste"
54,1,452,78,151,bot0_4,Eggchanter,0,SUPPORT,magical,1,7,13,2,7347,4489,12108,5984,11.5,15.3,141,192,38,19,10,217,3192,424,392,60,0.867,0.1,0.37,"basic_hp;basic_hp;basic_armor;basic_hp;basic_armor;basic_hp;basic_power;basic_mr;basic_haste;basic_mr;basic_power"
54,1,452,78,151,bot1_4,Quiller,1,SLAYER,physical,12,4,19,7.75,34012,19092,8644,1248,49.3,3.2,360,776,63,38,14,114,5439,722,388,64,0.858,1.6,2.21,"special_lifesteal;basic_power;basic_power;basic_hp;basic_as;basic_power;basic_as;basic_armor;basic_hp;basic_hp;basic_mr;basic_as;basic_power;basic_armor;basic_armor;basic_as;basic_hp;basic_mr"
55,0,255,150,10,bot0_1,Ironclad,0,TANK,physical,5,1,17,22,5878,4633,4803,0,19,0,234,286,24,18,10,129,3204,755,244,11,0.958,1.2,0.96,"basic_hp;basic_hp;basic_hp;basic_mr;basic_armor;basic_mr;basic_hp;basic_hp;basic_armor;basic_power;basic_power"
55,0,255,150,10,bot1_1,Summoner,1,MAGE,magical,1,6,2,0.5,3662,2011,5729,58,10.9,0.3,162,240,25,12,7,34,1834,432,184,71,0.722,0.2,0.35,"special_lifesteal;basic_power;basic_hp;basic_haste;basic_power;basic_mr"
55,0,255,150,10,bot0_2,Cleric,0,SUPPORT,magical,7,0,10,17,4574,3632,1923,3737,14.3,14.7,247,313,33,27,10,138,3163,745,255,0,1,1.6,1.89,"special_gw;basic_hp;basic_hp;basic_hp;basic_mr;basic_armor;basic_power;basic_hp;basic_hp;basic_haste"
55,0,255,150,10,bot1_2,Bruiser,1,FIGHTER,physical,0,5,3,0.6,6321,2302,6533,186,11.2,0.9,252,343,27,18,7,239,1764,416,205,50,0.804,0,0.35,"special_lifesteal;basic_power;basic_as;basic_hp;basic_armor"
55,0,255,150,10,bot0_3,Jirina,0,FIGHTER,magical,6,0,14,20,10048,6906,2880,2172,27.1,8.5,389,498,30,8,10,51,3251,766,255,0,1,1.4,2.4,"special_lifesteal;basic_power;basic_hp;basic_power;basic_hp;basic_mr;basic_hp;basic_armor;basic_haste;basic_mr;basic_power"
55,0,255,150,10,bot1_3,Healer,1,SUPPORT,magical,2,6,2,0.67,4393,2939,7963,1380,15.3,7.2,136,192,25,10,8,224,2024,477,192,62,0.755,0.5,0.37,"basic_hp;basic_hp;basic_mr;basic_armor;basic_armor;basic_haste;basic_power"
55,0,255,150,10,bot0_4,Wanderer,0,SLAYER,physical,4,3,12,5.33,16987,8196,4755,386,34.1,1.6,494,938,23,16,10,241,2941,693,240,15,0.943,0.9,1.72,"special_lifesteal;basic_power;basic_power;basic_as;basic_hp;basic_armor;basic_power;basic_as;basic_power"
55,0,255,150,10,bot1_4,Lynx,1,SLAYER,physical,1,5,2,0.6,7283,4513,5425,205,22.6,1,465,693,25,23,7,61,1861,438,200,55,0.785,0.2,0.83,"special_lifesteal;basic_power;basic_as;basic_power;basic_hp;basic_armor"
56,1,487,83,150,bot0_1,Healer,0,SUPPORT,magical,4,5,10,2.8,13327,8439,14079,9873,20.4,23.8,158,191,68,32,11,337,3737,460,414,73,0.85,0.5,0.6,"basic_hp;basic_hp;basic_hp;basic_armor;basic_hp;basic_mr;basic_mr;basic_hp;basic_haste;basic_armor;basic_armor;basic_mr"
56,1,487,83,150,bot1_1,Kratoma,1,SLAYER,physical,13,3,12,8.33,30117,18983,11452,936,42.5,2.1,356,1003,37,37,13,133,5158,635,446,41,0.916,1.6,1.66,"special_lifesteal;basic_power;basic_power;basic_hp;basic_hp;basic_as;basic_mr;basic_armor;basic_hp;basic_power;basic_as;basic_as;basic_power;basic_armor;basic_hp;basic_as;basic_mr"
56,1,487,83,150,bot0_2,Goliath,0,TANK,physical,2,7,12,2,15955,10913,18916,2706,26,6.4,389,725,55,29,11,274,3574,440,420,67,0.862,0.2,0.58,"basic_hp;basic_hp;basic_mr;basic_hp;basic_hp;basic_mr;basic_armor;basic_armor;basic_power;basic_hp;basic_as;basic_haste"
56,1,487,83,150,bot1_2,Cleric,1,SUPPORT,magical,7,5,19,5.2,15621,12864,11425,9814,28,21.3,312,362,75,67,13,321,4696,578,460,27,0.944,0.9,1.13,"basic_hp;basic_hp;basic_hp;basic_hp;basic_mr;basic_armor;basic_haste;basic_power;basic_mr;basic_as;basic_hp;basic_armor;basic_hp;basic_mr;basic_hp"
56,1,487,83,150,bot0_3,Jailer,0,TANK,magical,7,6,6,2.17,22060,13564,13453,0,34.3,0,519,683,41,44,11,83,3958,487,395,92,0.812,0.9,1.01,"basic_hp;basic_hp;basic_mr;basic_hp;basic_armor;basic_haste;basic_mr;basic_power;basic_hp;basic_as;basic_hp;basic_armor;basic_mr;basic_haste"
56,1,487,83,150,bot1_3,Ironclad,1,TANK,physical,2,2,22,12,13209,11677,13284,0,25.4,0,371,465,49,35,12,112,4087,503,460,27,0.944,0.2,0.88,"basic_hp;basic_hp;basic_hp;basic_mr;basic_armor;basic_power;basic_hp;basic_as;basic_armor;basic_hp;basic_hp;basic_mr;basic_armor;basic_haste"
56,1,487,83,150,bot0_4,Bruiser,0,FIGHTER,physical,1,8,10,1.38,11895,8375,11527,307,22.6,0.8,318,456,55,38,10,299,3174,391,370,117,0.76,0.1,0.73,"special_lifesteal;basic_power;basic_power;basic_as;basic_as;basic_hp;basic_mr;basic_armor;basic_hp;basic_armor"
56,1,487,83,150,bot1_4,Pyromancer,1,SLAYER,magical,4,4,21,6.25,18961,9796,7185,282,22.7,0.7,419,605,42,29,12,222,4297,529,432,56,0.886,0.5,1.36,"special_lifesteal;basic_power;basic_hp;basic_power;basic_power;basic_haste;basic_mr;basic_hp;basic_hp;basic_armor;basic_haste;basic_armor;basic_hp;basic_mr"
57,1,270,2,152,bot0_1,Quiller,0,SLAYER,physical,2,6,0,0.33,12334,4600,5653,308,22.6,1.5,245,385,26,17,8,45,2095,465,204,66,0.754,0.4,0.81,"special_lifesteal;basic_power;special_gw;basic_hp;basic_as;basic_mr"
57,1,270,2,152,bot1_1,Kratoma,1,SLAYER,physical,12,1,8,20,14352,10355,4838,474,40.5,1.9,411,612,22,20,10,122,3847,855,255,15,0.946,2.7,2.14,"special_lifesteal;basic_power;basic_as;basic_power;basic_as;basic_hp;basic_power;basic_power;basic_as;basic_power;basic_power;basic_armor"
57,1,270,2,152,bot0_2,Goliath,0,TANK,physical,0,7,2,0.29,5385,3508,9160,657,18.5,3.5,250,323,23,13,7,33,1808,402,190,80,0.704,0,0.38,"basic_hp;basic_hp;basic_mr;basic_armor;basic_power;basic_as;basic_haste"
57,1,270,2,152,bot1_2,Healer,1,SUPPORT,magical,4,0,16,20,5326,4800,3000,3389,17.8,12.6,156,216,41,9,10,266,3066,681,270,0,1,0.9,1.6,"basic_hp;basic_hp;basic_hp;basic_armor;basic_armor;basic_power;basic_hp;basic_mr;basic_armor;basic_armor"
57,1,270,2,152,bot0_3,Vanguard,0,FIGHTER,physical,0,6,2,0.33,5140,2284,7464,0,10.3,0,328,376,32,13,7,211,1811,402,221,49,0.819,0,0.31,"special_gw;basic_hp;basic_hp;basic_power;basic_hp"
57,1,270,2,152,bot1_3,Volstrov,1,MAGE,magical,4,0,13,17,7519,5314,1257,193,19.7,0.7,217,439,5,5,10,193,2943,654,270,0,1,0.9,4.23,"special_lifesteal;basic_power;basic_hp;basic_power;basic_hp;basic_hp;basic_power;basic_armor;basic_hp"
57,1,270,2,152,bot0_4,Zephyr,0,SPLITPUSHER,magical,0,4,2,0.5,4180,2138,5845,83,9.2,0.4,269,361,23,18,7,228,1778,395,232,38,0.859,0,0.37,"special_lifesteal;basic_power;basic_power;basic_hp;basic_mr"
57,1,270,2,152,bot1_4,Jirina,1,FIGHTER,magical,3,1,13,16,8298,4430,5179,4251,17.2,16.5,360,360,34,22,9,157,2732,607,257,13,0.953,0.7,0.86,"basic_hp;basic_hp;basic_hp;basic_armor;basic_hp;basic_armor;basic_hp;basic_armor;basic_power"
58,1,358,55,150,bot0_1,Jailer,0,TANK,magical,4,7,13,2.43,12434,7876,10934,0,30.2,0,541,706,25,23,11,51,3351,561,260,98,0.727,0.7,0.72,"basic_hp;basic_hp;basic_armor;basic_armor;basic_mr;basic_haste;basic_power;basic_as;basic_hp;basic_hp;basic_hp;basic_mr"
58,1,358,55,150,bot1_1,Fusilier,1,SLAYER,physical,11,5,10,4.2,17730,9275,6267,479,32.2,1.7,352,672,38,14,12,183,4258,713,288,70,0.804,1.8,1.48,"special_lifesteal;basic_power;basic_as;basic_hp;basic_power;basic_power;basic_as;basic_hp;basic_power;basic_armor;basic_mr;basic_mr;basic_armor;basic_as"
58,1,358,55,150,bot0_2,Summoner,0,MAGE,magical,2,6,13,2.5,8386,4634,6889,152,16.8,0.6,206,293,42,19,11,76,3126,524,275,83,0.768,0.3,0.67,"special_lifesteal;basic_power;basic_power;basic_hp;basic_hp;basic_power;basic_power;basic_power;basic_haste;basic_armor"
58,1,358,55,150,bot1_2,Ironclad,1,TANK,physical,5,3,18,7.67,10041,6033,11742,0,19.3,0,450,647,30,24,11,126,3776,633,313,45,0.875,0.8,0.51,"basic_hp;basic_hp;basic_armor;basic_hp;basic_hp;basic_mr;basic_as;basic_hp;basic_armor;basic_mr;basic_mr;basic_armor;basic_power"
58,1,358,55,150,bot0_3,Lynx,0,SLAYER,physical,3,6,10,2.17,10886,4583,6456,328,16.8,1.2,365,505,45,35,10,140,3040,509,273,85,0.763,0.5,0.71,"special_lifesteal;special_gw;basic_power;basic_hp;basic_as;basic_armor;basic_power;basic_hp;basic_hp"
58,1,358,55,150,bot1_3,Tamer,1,MAGE,magical,4,8,15,2.38,12253,7391,7315,2178,26.9,7.9,260,435,32,10,11,298,3498,586,275,83,0.768,0.7,1.01,"special_lifesteal;basic_power;basic_power;basic_hp;basic_haste;basic_hp;basic_haste;basic_mr;basic_power;basic_hp;basic_armor"
58,1,358,55,150,bot0_4,Quiller,0,SLAYER,physical,10,5,8,3.6,18658,11178,6167,518,38.7,1.8,297,566,37,24,11,241,4016,673,289,69,0.806,1.7,1.81,"special_lifesteal;basic_power;basic_power;basic_power;basic_as;basic_as;basic_hp;basic_as;basic_armor;basic_hp;basic_hp;basic_mr;basic_armor"
58,1,358,55,150,bot1_4,Vanguard,1,FIGHTER,physical,4,3,14,6,13114,5676,9680,0,17.7,0,364,468,48,30,10,113,3338,559,320,38,0.894,0.7,0.59,"basic_hp;basic_hp;basic_power;basic_armor;basic_hp;basic_mr;basic_power;basic_armor;basic_as;basic_haste;basic_hp;basic_mr"
59,0,366,150,33,bot0_1,Lynx,0,SLAYER,physical,7,5,11,3.6,17872,8515,7158,934,29,3.2,561,920,56,41,11,125,3700,607,293,72,0.802,1.1,1.19,"special_lifesteal;special_lifesteal;basic_power;basic_power;basic_power;basic_as;basic_as;basic_hp;basic_as;basic_armor;basic_power"
59,0,366,150,33,bot1_1,Hana,1,TANK,magical,3,5,5,1.6,8163,5645,9709,0,19.1,0,323,772,12,33,9,67,2767,454,295,70,0.808,0.5,0.58,"basic_hp;basic_hp;basic_hp;basic_hp;basic_mr;basic_armor;basic_power;basic_armor;basic_haste;basic_mr"
59,0,366,150,33,bot0_2,Goliath,0,TANK,physical,4,4,22,6.5,8952,7281,12017,2174,21.3,6.4,310,420,37,23,11,253,3778,620,341,24,0.933,0.7,0.61,"basic_hp;basic_hp;basic_hp;basic_armor;basic_mr;basic_armor;basic_hp;basic_mr;basic_power;basic_power;basic_as;basic_mr;basic_haste"
59,0,366,150,33,bot1_2,Wanderer,1,SLAYER,physical,2,8,9,1.38,15928,12765,8580,263,48.9,1,893,1699,15,11,9,170,2770,454,261,105,0.714,0.3,1.49,"special_lifesteal;basic_power;basic_hp;basic_as;basic_armor;basic_power;basic_hp;basic_as;basic_mr"
59,0,366,150,33,bot0_3,Jailer,0,TANK,magical,8,2,18,13,19059,12549,9071,0,36.9,0,524,674,38,36,12,282,4257,698,340,25,0.931,1.3,1.38,"basic_hp;basic_hp;basic_hp;basic_hp;basic_mr;basic_armor;basic_armor;basic_haste;basic_power;basic_hp;basic_mr;basic_armor;basic_hp;basic_as"
59,0,366,150,33,bot1_3,Cleric,1,SUPPORT,magical,0,9,10,1.11,9026,6822,10742,2895,23.7,10.1,305,357,35,33,10,259,2609,428,288,78,0.787,0,0.64,"special_heal_power;basic_hp;basic_mr;basic_armor;basic_hp;basic_hp;basic_haste;basic_power"
59,0,366,150,33,bot0_4,Healer,0,SUPPORT,magical,8,1,17,25,9442,7063,5786,8730,20.1,24.9,154,218,58,18,12,313,4188,687,351,15,0.96,1.3,1.22,"special_gw;basic_hp;basic_hp;basic_hp;basic_hp;basic_armor;basic_mr;basic_armor;basic_hp;basic_armor;basic_mr;basic_power;basic_haste"
59,0,366,150,33,bot1_4,Vanguard,1,FIGHTER,physical,7,5,5,2.4,10478,6660,7886,192,22.9,0.7,420,544,46,24,11,271,3446,565,291,75,0.795,1.1,0.84,"special_gw;special_lifesteal;basic_power;basic_hp;basic_hp;basic_power;basic_as;basic_armor;basic_as;basic_hp"
60,0,430,151,64,bot0_1,Jailer,0,TANK,magical,10,4,21,7.75,21483,13025,15739,0,34.8,0,601,803,41,39,13,302,4952,691,374,56,0.871,1.4,0.83,"basic_hp;basic_hp;basic_hp;basic_armor;basic_mr;basic_power;basic_haste;basic_as;basic_hp;basic_armor;basic_mr;basic_power;basic_armor;basic_hp;basic_hp;basic_hp"
60,0,430,151,64,bot1_1,Wanderer,1,SLAYER,physical,4,9,12,1.78,23492,13344,9705,455,45,1.5,708,1318,25,18,11,124,3649,509,296,134,0.689,0.6,1.37,"special_lifesteal;basic_power;basic_power;basic_power;basic_as;basic_as;basic_hp;basic_armor;basic_as;basic_hp;basic_power;basic_mr"
60,0,430,151,64,bot0_2,Doctor,0,SUPPORT,physical,6,4,25,7.75,9286,6009,14103,14738,16.1,39.5,193,274,29,25,13,291,4591,641,373,57,0.868,0.8,0.43,"basic_hp;basic_hp;basic_hp;basic_hp;basic_armor;basic_armor;basic_hp;basic_armor;basic_armor;basic_mr;basic_power;basic_hp;basic_as;basic_haste;basic_mr"
60,0,430,151,64,bot1_2,Bruiser,1,FIGHTER,physical,3,7,7,1.43,10863,5800,11399,299,17.6,0.9,318,432,49,36,10,23,3198,446,330,100,0.768,0.4,0.51,"special_lifesteal;basic_hp;basic_power;basic_hp;basic_armor;basic_as;basic_power;basic_mr;basic_as;basic_hp;basic_armor"
60,0,430,151,64,bot0_3,Oracle,0,MAGE,physical,10,3,16,8.67,23151,10197,9532,640,26.4,1.7,432,581,27,29,13,184,4859,678,386,44,0.898,1.4,1.07,"special_lifesteal;basic_power;basic_power;basic_hp;basic_power;basic_as;basic_as;basic_hp;basic_hp;basic_armor;basic_mr;basic_armor;basic_mr;basic_as;basic_armor;basic_hp"
60,0,430,151,64,bot1_3,Lynx,1,SLAYER,physical,5,10,8,1.3,15515,12362,12540,437,42.6,1.5,543,1053,44,36,11,199,3474,485,290,140,0.675,0.7,0.99,"special_lifesteal;basic_power;basic_power;basic_hp;basic_hp;basic_hp;basic_as;basic_power;basic_as;basic_armor;basic_power"
60,0,430,151,64,bot0_4,Quiller,0,SLAYER,physical,7,5,19,5.2,17351,9949,7669,327,27.8,0.9,289,653,50,32,12,275,4375,611,358,72,0.832,1,1.3,"special_lifesteal;basic_power;basic_power;basic_hp;basic_as;basic_armor;basic_hp;basic_power;basic_mr;basic_as;basic_hp;basic_armor;basic_as;basic_power"
60,0,430,151,64,bot1_4,Summoner,1,MAGE,magical,4,7,10,2,11862,7413,8371,289,22.4,0.9,200,272,52,28,11,54,3529,493,331,99,0.771,0.6,0.89,"special_lifesteal;basic_power;basic_hp;basic_power;basic_armor;basic_haste;basic_hp;basic_hp;basic_power;basic_mr;basic_armor;basic_haste"
61,0,336,151,11,bot0_1,Goliath,0,TANK,physical,4,1,17,21,12054,6486,9728,2273,20,7,279,464,42,28,11,271,3596,643,325,11,0.968,0.7,0.67,"basic_hp;basic_hp;basic_hp;basic_hp;basic_mr;basic_armor;basic_as;basic_power;basic_mr;basic_hp;basic_haste;basic_mr"
61,0,336,151,11,bot1_1,Eggchanter,1,SUPPORT,magical,1,6,3,0.67,5730,3038,9858,2597,12,10.2,116,177,25,13,9,142,2292,410,254,82,0.756,0.2,0.31,"basic_hp;basic_hp;basic_hp;basic_hp;basic_armor;basic_mr;basic_haste;basic_power"
61,0,336,151,11,bot0_2,Doctor,0,SUPPORT,physical,3,1,20,23,8584,5407,6066,9231,16.6,28.3,448,537,24,23,12,63,3638,650,326,10,0.971,0.5,0.89,"special_gw;basic_hp;basic_hp;basic_mr;basic_power;basic_armor;basic_hp;basic_mr;basic_as;basic_armor;basic_hp;basic_hp"
61,0,336,151,11,bot1_2,Jailer,1,TANK,magical,0,6,2,0.33,9043,5059,9817,0,19.8,0,602,721,23,18,9,190,2115,378,256,80,0.762,0,0.52,"basic_hp;basic_hp;basic_hp;basic_armor;basic_mr;basic_armor;basic_hp"
61,0,336,151,11,bot0_3,Jirina,0,FIGHTER,magical,5,1,18,23,16132,8067,4062,2535,24.9,7.8,472,544,44,8,12,61,3811,681,324,12,0.965,0.9,1.99,"special_lifesteal;basic_hp;basic_power;basic_mr;basic_hp;basic_haste;basic_power;basic_mr;basic_hp;basic_armor;basic_haste;basic_power;basic_armor"
61,0,336,151,11,bot1_3,Summoner,1,MAGE,magical,2,7,3,0.71,6512,3579,7463,171,14.8,0.7,171,253,32,17,9,71,2396,428,242,94,0.721,0.4,0.48,"special_lifesteal;basic_power;basic_power;basic_hp;basic_armor;basic_hp;basic_haste;basic_mr"
61,0,336,151,11,bot0_4,Kratoma,0,SLAYER,physical,13,2,10,11.5,23370,11330,6518,663,37,2.2,440,886,24,22,12,244,4494,804,306,29,0.913,2.3,1.74,"special_lifesteal;basic_power;basic_power;basic_power;basic_as;basic_as;basic_power;basic_as;basic_hp;basic_mr;basic_armor;basic_power;basic_hp;basic_power"
61,0,336,151,11,bot1_4,Fusilier,1,SLAYER,physical,2,6,2,0.67,12734,8193,6155,340,32.1,1.3,474,690,33,15,9,245,2370,424,256,80,0.762,0.4,1.33,"special_lifesteal;basic_power;basic_power;basic_hp;basic_power;basic_as;basic_as"
62,1,319,23,151,bot0_1,Doctor,0,SUPPORT,physical,1,5,1,0.4,2948,1042,5729,951,4.1,3.7,123,200,16,10,8,218,2068,389,256,63,0.801,0.2,0.18,"special_gw;basic_hp;basic_mr;basic_hp;basic_armor;basic_hp"
62,1,319,23,151,bot1_1,Fusilier,1,SLAYER,physical,6,1,10,16,11949,6802,1818,468,22.4,1.5,305,481,48,11,10,235,3235,608,304,16,0.951,1.1,3.74,"special_lifesteal;special_lifesteal;basic_power;basic_power;basic_power;basic_as;basic_hp;basic_as;basic_as"
62,1,319,23,151,bot0_2,Jailer,0,TANK,magical,0,7,1,0.14,7878,4046,9757,0,17.4,0,320,391,19,15,8,80,1905,358,233,87,0.728,0,0.41,"basic_hp;basic_hp;basic_hp;basic_mr;basic_armor;basic_power;basic_haste"
62,1,319,23,151,bot1_2,Cleric,1,SUPPORT,magical,4,0,15,19,7248,3832,2098,3437,12,10.8,267,300,47,40,10,281,3256,612,319,0,1,0.8,1.83,"basic_hp;basic_hp;basic_hp;basic_hp;basic_armor;basic_mr;basic_haste;basic_armor;basic_mr;basic_haste;basic_power"
62,1,319,23,151,bot0_3,Bruiser,0,FIGHTER,physical,0,4,2,0.5,5711,2648,7090,101,9.8,0.4,216,352,40,32,8,191,1991,374,270,49,0.846,0,0.37,"special_lifesteal;basic_power;basic_hp;basic_as;basic_armor;basic_power"
62,1,319,23,151,bot1_3,Ironclad,1,TANK,physical,5,1,15,20,8034,6633,6718,0,21.4,0,262,354,34,23,10,66,3391,637,310,10,0.97,0.9,0.99,"basic_hp;basic_hp;basic_hp;basic_armor;basic_armor;basic_mr;basic_power;basic_as;basic_mr;basic_hp;basic_armor;basic_armor"
62,1,319,23,151,bot0_4,Lynx,0,SLAYER,physical,1,5,0,0.2,9764,2309,6245,273,9.2,1.1,367,622,38,31,8,44,2119,398,252,67,0.789,0.2,0.37,"special_lifesteal;basic_power;basic_hp;basic_power;basic_as;basic_hp;basic_mr"
62,1,319,23,151,bot1_4,Summoner,1,MAGE,magical,6,0,15,21,8918,5903,1311,188,18.5,0.6,210,300,51,23,10,296,3496,657,319,0,1,1.1,4.5,"special_lifesteal;basic_power;basic_hp;basic_armor;basic_haste;basic_power;basic_hp;basic_armor;basic_mr;basic_power;basic_hp"
63,1,352,28,151,bot0_1,Doctor,0,SUPPORT,physical,0,5,7,1.4,6962,3739,9559,5271,13,18.4,207,310,37,19,10,7,2632,448,287,65,0.814,0,0.39,"basic_hp;basic_hp;basic_mr;basic_hp;basic_mr;basic_power;basic_as;basic_haste;basic_armor;basic_power"
63,1,352,28,151,bot1_1,Eggchanter,1,SUPPORT,magical,4,1,15,19,6764,4626,5630,9776,13.7,29,158,200,35,19,10,20,3345,570,337,16,0.956,0.7,0.82,"special_heal_power;basic_hp;basic_hp;basic_armor;basic_hp;basic_armor;basic_mr;basic_hp;basic_haste;basic_mr;basic_hp"
63,1,352,28,151,bot0_2,Quiller,0,SLAYER,physical,3,6,4,1.17,17423,7931,6025,436,27.8,1.5,272,532,37,22,10,25,2925,498,286,66,0.811,0.5,1.32,"special_lifesteal;basic_power;basic_power;basic_hp;basic_as;basic_as;basic_power;basic_hp;basic_mr;basic_haste"
63,1,352,28,151,bot1_2,Jailer,1,TANK,magical,6,2,11,8.5,12893,7733,8268,0,24.1,0,433,664,32,29,10,72,3397,579,321,31,0.911,1,0.94,"basic_hp;basic_hp;basic_hp;basic_armor;basic_hp;basic_mr;basic_armor;basic_power;basic_armor;basic_mr;basic_power;basic_mr"
63,1,352,28,151,bot0_3,Vanguard,0,FIGHTER,physical,0,4,7,1.75,14920,6100,10758,0,20,0,385,524,47,29,10,192,2667,454,305,48,0.865,0,0.57,"basic_hp;basic_hp;basic_hp;basic_mr;basic_mr;basic_hp;basic_power;basic_mr;basic_as"
63,1,352,28,151,bot1_3,Summoner,1,MAGE,magical,4,1,15,19,9773,6561,4221,275,19.5,0.8,202,287,59,25,10,179,3354,571,337,16,0.956,0.7,1.55,"special_lifesteal;basic_power;basic_power;basic_hp;special_gw;basic_hp;basic_armor;basic_haste;basic_armor;basic_power"
63,1,352,28,151,bot0_4,Volstrov,0,MAGE,magical,4,6,3,1.17,16353,7580,7587,490,27.4,1.8,288,489,22,20,11,252,3152,537,276,76,0.785,0.7,1,"special_lifesteal;basic_power;basic_hp;basic_mr;basic_power;basic_haste;basic_power;basic_as;basic_mr;basic_hp"
63,1,352,28,151,bot1_4,Hana,1,TANK,magical,7,3,10,5.67,9838,7423,9624,0,24.2,0,258,539,20,33,10,150,3500,596,306,46,0.87,1.2,0.77,"basic_hp;basic_hp;basic_armor;basic_hp;basic_armor;basic_mr;basic_haste;basic_mr;basic_hp;basic_hp;basic_armor;basic_power"
64,0,417,152,82,bot0_1,Jailer,0,TANK,magical,3,2,20,11.5,14974,9773,7666,0,25.1,0,751,918,40,36,11,13,3788,545,389,27,0.934,0.4,1.27,"basic_hp;basic_hp;basic_hp;basic_armor;basic_armor;basic_mr;basic_hp;basic_armor;basic_hp;basic_mr;basic_armor;basic_haste;basic_armor"
64,0,417,152,82,bot1_1,Ironclad,1,TANK,physical,3,5,9,2.4,9822,8017,17503,0,23.3,0,289,386,30,27,11,228,3278,472,344,73,0.825,0.4,0.46,"basic_hp;basic_hp;basic_hp;basic_hp;basic_mr;basic_mr;basic_armor;basic_power;basic_armor;basic_hp;basic_as"
64,0,417,152,82,bot0_2,Jirina,0,FIGHTER,magical,9,2,15,12,18450,13277,9314,5645,34.2,14.5,630,687,59,21,12,250,4425,637,388,28,0.932,1.3,1.43,"basic_hp;basic_hp;special_lifesteal;basic_power;basic_power;basic_armor;basic_hp;basic_power;basic_armor;basic_mr;basic_hp;basic_haste;basic_armor;basic_hp"
64,0,417,152,82,bot1_2,Vanguard,1,FIGHTER,physical,2,6,6,1.33,13102,6482,12581,0,19.4,0,559,856,49,32,10,338,2863,412,334,83,0.801,0.3,0.52,"basic_hp;basic_hp;basic_hp;basic_hp;basic_mr;basic_hp;basic_armor;basic_mr;basic_as"
64,0,417,152,82,bot0_3,Cleric,0,SUPPORT,magical,8,4,15,5.75,10219,8512,8534,8305,23.1,22.5,337,397,60,51,12,84,4234,609,369,48,0.885,1.2,1,"special_heal_power;basic_hp;basic_armor;basic_hp;basic_hp;basic_mr;basic_armor;basic_hp;basic_haste;basic_armor;basic_power;basic_mr;basic_armor;basic_mr"
64,0,417,152,82,bot1_3,Reaper,1,SPLITPUSHER,magical,6,6,6,2,15279,8719,8045,532,23.8,1.5,677,883,41,21,11,25,3550,511,367,50,0.88,0.9,1.08,"special_lifesteal;basic_power;basic_power;basic_power;basic_power;basic_hp;basic_haste;basic_hp;basic_mr;basic_haste;basic_armor;basic_hp"
64,0,417,152,82,bot0_4,Quiller,0,SLAYER,physical,5,5,17,4.4,14925,11449,7204,353,32.6,1,286,570,45,28,11,54,3829,551,351,65,0.843,0.7,1.59,"special_lifesteal;basic_power;basic_power;basic_hp;basic_as;basic_hp;basic_as;basic_power;basic_hp;basic_armor;basic_armor;basic_as;basic_mr"
64,0,417,152,82,bot1_4,Lynx,1,SLAYER,physical,2,8,7,1.13,15082,8162,8379,401,26,1.3,389,751,48,39,10,94,2994,431,314,102,0.754,0.3,0.97,"special_lifesteal;basic_power;basic_as;basic_power;basic_power;basic_hp;basic_as;basic_hp;basic_mr;basic_armor"
65,1,367,34,151,bot0_1,Cleric,0,SUPPORT,magical,1,4,9,2.5,8369,5485,8465,4835,17.2,15.2,351,411,37,32,10,37,2837,464,319,48,0.87,0.2,0.65,"basic_hp;basic_hp;basic_hp;basic_armor;basic_hp;basic_mr;basic_armor;basic_hp;basic_mr;basic_haste"
65,1,367,34,151,bot1_1,Pyromancer,1,SLAYER,magical,3,3,13,5.33,10350,7376,4833,303,22.8,0.9,457,512,29,22,10,198,3123,511,324,43,0.883,0.5,1.53,"special_lifesteal;special_lifesteal;basic_power;basic_hp;basic_power;basic_haste;basic_armor;basic_hp;basic_haste"
65,1,367,34,151,bot0_2,Hana,0,TANK,magical,2,4,8,2.5,9217,5886,9825,0,18.7,0,377,846,12,39,10,114,2914,477,314,53,0.856,0.3,0.6,"basic_hp;basic_hp;basic_hp;basic_hp;basic_armor;basic_mr;basic_armor;basic_haste;basic_mr;basic_hp"
65,1,367,34,151,bot1_2,Eggchanter,1,SUPPORT,magical,0,2,15,7.5,5565,4461,6325,6802,12.7,19.3,149,238,38,19,10,186,2886,472,352,15,0.96,0,0.71,"special_heal_power;basic_hp;basic_hp;basic_hp;basic_armor;basic_hp;basic_mr;basic_haste;basic_armor"
65,1,367,34,151,bot0_3,Lynx,0,SLAYER,physical,4,6,6,1.67,13481,7634,8363,374,24.9,1.2,596,899,45,44,11,132,3132,513,306,61,0.835,0.7,0.91,"special_lifesteal;basic_power;basic_power;basic_as;basic_power;basic_as;basic_hp;basic_as;basic_power;basic_mr"
65,1,367,34,151,bot1_3,Fusilier,1,SLAYER,physical,12,2,5,8.5,19551,15329,5944,579,45.6,1.7,364,662,56,16,11,81,4131,676,336,30,0.918,2,2.58,"special_lifesteal;basic_power;basic_hp;basic_power;basic_power;basic_hp;basic_as;basic_armor;basic_mr;basic_hp;basic_as;basic_as;basic_armor;basic_mr"
65,1,367,34,151,bot0_4,Ironclad,0,TANK,physical,3,3,7,3.33,11187,5593,11202,0,17.2,0,326,424,34,26,11,161,3061,501,326,41,0.888,0.5,0.5,"basic_hp;basic_hp;basic_hp;basic_armor;basic_mr;basic_as;basic_hp;basic_hp;basic_armor;basic_hp"
65,1,367,34,151,bot1_4,Goliath,1,TANK,physical,2,3,13,5,9508,7080,8973,2131,21.8,6.6,294,515,34,22,10,250,3000,491,325,42,0.886,0.3,0.79,"basic_hp;basic_hp;basic_hp;basic_mr;basic_armor;basic_mr;basic_power;basic_hp;basic_armor;basic_armor"
66,0,290,150,2,bot0_1,Doctor,0,SUPPORT,physical,1,0,22,23,6124,4987,6572,10404,17.2,35.8,247,331,28,21,10,232,3132,647,290,0,1,0.2,0.76,"special_gw;basic_hp;basic_mr;basic_hp;basic_armor;basic_power;basic_mr;basic_hp;basic_as;basic_armor"
66,0,290,150,2,bot1_1,Hana,1,TANK,magical,1,7,1,0.29,6462,4655,10828,0,21.6,0,262,477,9,30,7,30,1905,394,216,74,0.744,0.2,0.43,"basic_hp;basic_hp;basic_hp;basic_armor;basic_mr;basic_armor;basic_mr"
66,0,290,150,2,bot0_2,Vanguard,0,FIGHTER,physical,6,0,14,20,12844,6189,4847,0,21.3,0,438,656,44,32,10,206,3431,709,290,0,1,1.2,1.28,"special_gw;basic_hp;basic_hp;basic_power;basic_mr;basic_hp;basic_hp;basic_mr;basic_power;basic_as;basic_armor"
66,0,290,150,2,bot1_2,Eggchanter,1,SUPPORT,magical,0,6,2,0.33,5232,2609,9167,1826,12,8.4,109,171,20,12,8,245,1895,391,217,73,0.748,0,0.28,"basic_hp;basic_hp;basic_hp;basic_armor;basic_hp;basic_mr"
66,0,290,150,2,bot0_3,Volstrov,0,MAGE,magical,5,1,14,19,9758,5980,2900,360,21.5,1.3,239,448,4,6,10,308,3283,678,278,13,0.956,1,2.06,"special_lifesteal;basic_power;basic_hp;basic_power;basic_haste;basic_power;basic_hp;basic_mr;basic_haste;basic_power"
66,0,290,150,2,bot1_3,Fusilier,1,SLAYER,physical,1,8,1,0.25,12110,6012,7196,261,26.6,1.2,325,533,26,12,8,266,2091,432,226,64,0.778,0.2,0.84,"special_lifesteal;basic_power;basic_power;basic_hp;basic_as;basic_hp"
66,0,290,150,2,bot0_4,Kratoma,0,SLAYER,physical,14,1,12,26,19038,13012,4836,619,44.8,2.1,390,836,25,27,11,172,4172,862,290,0,1,2.9,2.69,"special_lifesteal;basic_power;basic_power;basic_as;basic_power;basic_as;basic_power;basic_as;basic_hp;basic_power;basic_hp;basic_power;basic_mr"
66,0,290,150,2,bot1_4,Pyromancer,1,SLAYER,magical,0,5,2,0.4,10839,3840,6526,148,16.1,0.6,338,546,24,19,8,166,1991,411,238,52,0.819,0,0.59,"special_lifesteal;basic_power;basic_hp;basic_power;basic_armor;basic_hp"
67,0,416,151,105,bot0_1,Healer,0,SUPPORT,magical,3,2,22,12.5,13049,8171,7887,7880,21.1,20.4,197,267,81,24,13,143,4118,594,387,29,0.93,0.4,1.04,"basic_hp;basic_hp;basic_hp;basic_armor;basic_mr;basic_haste;basic_power;basic_as;basic_hp;basic_armor;basic_armor;basic_hp;basic_hp;basic_mr"
67,0,416,151,105,bot1_1,Eggchanter,1,SUPPORT,magical,1,6,8,1.5,7363,3024,9242,5100,9.1,15.3,127,205,34,17,10,147,2797,403,333,83,0.801,0.1,0.33,"special_heal_power;basic_hp;basic_hp;basic_mr;basic_armor;basic_armor;basic_mr;basic_haste;basic_hp"
67,0,416,151,105,bot0_2,Goliath,0,TANK,physical,7,2,15,11,12646,7868,12195,2589,20.3,6.7,517,572,51,27,12,73,4198,605,387,29,0.93,1,0.65,"basic_hp;basic_hp;basic_hp;basic_armor;basic_mr;basic_armor;basic_mr;basic_armor;basic_hp;basic_hp;basic_as;basic_hp;basic_hp;basic_power"
67,0,416,151,105,bot1_2,Kratoma,1,SLAYER,physical,2,7,7,1.29,11352,9286,9858,345,29.1,1.1,294,546,23,21,9,192,2842,410,320,97,0.768,0.3,0.94,"special_lifesteal;basic_power;basic_hp;basic_power;basic_hp;basic_as;basic_power;basic_as;basic_armor"
67,0,416,151,105,bot0_3,Quiller,0,SLAYER,physical,6,4,16,5.5,19583,9768,5879,571,27.5,1.6,305,668,58,31,12,298,4073,587,356,60,0.855,0.9,1.66,"special_lifesteal;basic_power;basic_power;basic_as;basic_hp;basic_armor;basic_mr;basic_power;basic_as;basic_as;basic_hp;basic_hp;basic_armor"
67,0,416,151,105,bot1_3,Lynx,1,SLAYER,physical,2,6,7,1.5,14797,10056,9567,0,30.1,0,623,783,57,42,10,203,2878,415,334,82,0.803,0.3,1.05,"special_gw;basic_hp;basic_hp;basic_hp;basic_power;basic_mr;basic_power;basic_power;basic_armor"
67,0,416,151,105,bot0_4,Jirina,0,FIGHTER,magical,9,1,14,23,23059,11645,9659,6426,28.8,15.9,607,672,63,21,13,301,4551,656,404,12,0.972,1.3,1.21,"special_lifesteal;basic_power;basic_power;basic_hp;basic_power;basic_power;basic_hp;basic_hp;basic_power;basic_haste;special_lifesteal;basic_armor;basic_hp"
67,0,416,151,105,bot1_4,Vanguard,1,FIGHTER,physical,4,6,5,1.5,13911,8355,11934,0,25.2,0,365,693,48,31,10,178,3153,454,331,85,0.796,0.6,0.7,"special_gw;basic_hp;basic_power;basic_hp;basic_hp;basic_power;basic_hp;basic_mr;basic_armor;basic_mr"
68,1,341,59,150,bot0_1,Pyromancer,0,SLAYER,magical,1,7,9,1.43,7853,5806,7622,117,23.5,0.5,459,679,22,16,9,214,2589,455,248,94,0.725,0.2,0.76,"special_lifesteal;basic_power;basic_hp;basic_power;basic_haste;basic_hp;basic_armor;basic_power"
68,1,341,59,150,bot1_1,Doctor,1,SUPPORT,physical,2,3,16,6,4614,2661,6277,6350,8.7,20.9,139,207,16,19,10,174,3124,549,304,37,0.891,0.4,0.42,"special_heal_power;basic_hp;basic_mr;basic_hp;basic_hp;basic_hp;basic_mr;basic_armor;basic_power;basic_as"
68,1,341,59,150,bot0_2,Healer,0,SUPPORT,magical,2,7,8,1.43,6666,4059,10471,3336,15.8,13,150,213,41,15,9,179,2629,462,257,85,0.752,0.4,0.39,"special_gw;basic_hp;basic_hp;basic_armor;basic_hp;basic_armor;basic_hp;basic_mr"
68,1,341,59,150,bot1_2,Fusilier,1,SLAYER,physical,11,2,13,12,24461,17094,5778,718,53.3,2.2,389,777,58,17,12,180,4355,766,321,20,0.94,1.9,2.96,"special_lifesteal;basic_power;basic_power;basic_as;basic_power;basic_hp;basic_as;basic_hp;basic_mr;basic_power;basic_armor;basic_as;basic_hp;basic_power"
68,1,341,59,150,bot0_3,Wanderer,0,SLAYER,physical,6,7,4,1.43,14678,7681,9514,330,28.9,1.2,561,996,21,15,10,213,3138,552,266,75,0.78,1.1,0.81,"special_lifesteal;basic_power;basic_power;basic_power;basic_hp;basic_as;basic_as;basic_hp;basic_armor;basic_armor"
68,1,341,59,150,bot1_3,Bruiser,1,FIGHTER,physical,6,4,13,4.75,10253,6567,7824,344,20.9,1.1,321,458,50,37,11,16,3541,623,315,26,0.923,1.1,0.84,"special_lifesteal;basic_power;basic_hp;basic_hp;basic_power;basic_as;basic_hp;basic_as;basic_power;basic_as;basic_mr;basic_mr"
68,1,341,59,150,bot0_4,Zephyr,0,SPLITPUSHER,magical,1,4,9,2.5,8486,4438,8644,269,15.5,0.9,334,391,31,32,9,92,2517,443,286,56,0.837,0.2,0.51,"special_lifesteal;basic_power;basic_hp;basic_power;basic_hp;basic_power;basic_armor;basic_hp"
68,1,341,59,150,bot1_4,Volstrov,1,MAGE,magical,6,1,16,22,11110,7752,3488,294,23.4,0.9,320,637,8,9,11,224,3749,659,331,10,0.971,1.1,2.22,"special_lifesteal;basic_power;basic_hp;basic_power;basic_haste;basic_hp;basic_power;basic_hp;basic_mr;basic_armor;basic_power;basic_haste"
69,0,374,151,60,bot0_1,Eggchanter,0,SUPPORT,magical,3,2,14,8.5,7840,5565,7058,9828,15.8,27.9,141,227,45,23,10,49,3224,517,352,21,0.943,0.5,0.79,"basic_hp;basic_hp;basic_mr;basic_hp;basic_mr;basic_haste;basic_armor;basic_haste;basic_power;basic_armor;basic_power;basic_as"
69,0,374,151,60,bot1_1,Ironclad,1,TANK,physical,2,4,10,3,9121,5769,12882,0,18.1,0,358,463,31,22,11,226,3176,510,319,55,0.853,0.3,0.45,"basic_hp;basic_hp;basic_hp;basic_hp;basic_armor;basic_mr;basic_armor;basic_as;basic_power;special_gw"
69,0,374,151,60,bot0_2,Bruiser,0,FIGHTER,physical,2,6,13,2.5,10392,7416,8587,351,24.8,1.2,290,481,43,30,9,78,2978,478,299,75,0.8,0.3,0.86,"special_lifesteal;basic_power;basic_hp;basic_power;basic_as;basic_hp;basic_hp;basic_mr;basic_armor;basic_as"
69,0,374,151,60,bot1_2,Jirina,1,FIGHTER,magical,2,4,10,3,15990,7699,9353,4034,22.4,11.7,384,491,42,18,11,313,3263,524,343,30,0.919,0.3,0.82,"basic_hp;basic_hp;special_lifesteal;basic_power;basic_mr;basic_power;basic_armor;basic_haste;basic_hp;basic_hp"
69,0,374,151,60,bot0_3,Lynx,0,SLAYER,physical,6,5,9,3,14422,10660,6295,443,34.4,1.4,544,835,52,41,10,142,3367,540,310,63,0.83,1,1.69,"special_lifesteal;basic_power;basic_power;basic_power;basic_hp;basic_as;basic_hp;basic_hp;basic_as;special_gw"
69,0,374,151,60,bot1_3,Volstrov,1,MAGE,magical,6,6,7,2.17,15928,10129,8494,437,34.8,1.5,327,432,21,25,12,173,3698,594,291,83,0.778,1,1.19,"special_lifesteal;basic_power;basic_power;basic_hp;basic_hp;basic_haste;basic_power;basic_power;basic_hp;basic_armor;basic_mr;basic_haste"
69,0,374,151,60,bot0_4,Hana,0,TANK,magical,7,2,9,8,13982,11354,10300,0,32.9,0,618,1095,22,42,10,177,3502,562,345,28,0.924,1.1,1.1,"basic_hp;basic_hp;basic_hp;basic_mr;basic_mr;basic_armor;basic_hp;basic_mr;basic_power;basic_mr;basic_armor;basic_haste"
69,0,374,151,60,bot1_4,Zephyr,1,SPLITPUSHER,magical,5,4,7,3,12285,6242,7234,377,20.1,1.2,462,562,36,35,11,43,3368,541,310,63,0.83,0.8,0.86,"special_lifesteal;basic_power;basic_power;basic_power;basic_hp;basic_power;basic_power;basic_hp;basic_haste;basic_haste;basic_armor"
70,0,340,151,2,bot0_1,Goliath,0,TANK,physical,6,1,12,18,8752,5592,7614,2110,17.1,6.5,321,571,35,24,10,121,3346,590,327,14,0.96,1.1,0.73,"basic_hp;basic_hp;basic_hp;basic_hp;basic_hp;basic_mr;basic_armor;basic_armor;basic_hp;basic_mr;basic_armor"
70,0,340,151,2,bot1_1,Doctor,1,SUPPORT,physical,0,6,2,0.33,3816,2540,8634,2857,9.6,10.8,121,205,23,14,9,129,2179,384,264,76,0.777,0,0.29,"special_heal_power;basic_hp;basic_mr;basic_armor;basic_power;basic_hp;basic_as"
70,0,340,151,2,bot0_2,Volstrov,0,MAGE,magical,8,0,14,22,15867,10181,4437,615,29.9,1.8,484,696,9,25,11,23,3848,678,340,0,1,1.4,2.29,"special_lifesteal;basic_power;basic_power;basic_hp;basic_power;basic_hp;basic_haste;basic_power;basic_haste;basic_mr;basic_hp;basic_haste;basic_armor"
70,0,340,151,2,bot1_2,Hana,1,TANK,magical,0,5,2,0.4,9389,5091,11105,0,18,0,418,552,8,39,9,116,2191,386,283,57,0.831,0,0.46,"basic_hp;basic_hp;basic_hp;basic_mr;basic_armor;basic_haste;basic_power;basic_as"
70,0,340,151,2,bot0_3,Eggchanter,0,SUPPORT,magical,1,0,21,22,6594,5016,3748,7371,14.7,21.7,135,199,46,22,10,171,3121,550,340,0,1,0.2,1.34,"special_gw;basic_hp;basic_mr;basic_armor;basic_power;basic_hp;basic_armor;basic_haste;basic_hp;basic_hp"
70,0,340,151,2,bot1_3,Jirina,1,FIGHTER,magical,2,5,0,0.4,11645,4359,8028,2337,15.4,8.3,527,527,32,12,9,62,2412,425,282,58,0.83,0.4,0.54,"special_lifesteal;basic_power;basic_power;basic_hp;basic_haste;basic_mr;basic_armor;basic_power"
70,0,340,151,2,bot0_4,Oracle,0,MAGE,physical,7,1,15,22,16006,11499,4561,413,33.8,1.2,641,775,24,23,11,178,3753,661,340,0,1,1.2,2.52,"special_lifesteal;basic_power;basic_power;basic_hp;basic_power;basic_as;basic_hp;basic_as;basic_as;basic_armor;basic_hp;basic_power"
70,0,340,151,2,bot1_4,Lynx,1,SLAYER,physical,0,6,2,0.33,11002,5483,7133,299,20.9,1.1,585,861,35,30,9,94,2194,387,262,78,0.771,0,0.77,"special_lifesteal;basic_power;basic_power;basic_as;basic_power;basic_hp;basic_mr"
71,0,436,150,88,bot0_1,Doctor,0,SUPPORT,physical,4,2,22,13,11075,6472,12942,12950,15.9,31.9,197,279,32,31,14,163,4588,631,406,30,0.931,0.5,0.5,"basic_hp;basic_hp;basic_hp;basic_mr;basic_hp;basic_armor;basic_hp;basic_mr;basic_mr;basic_power;basic_armor;basic_as;basic_hp;basic_hp;basic_armor"
71,0,436,150,88,bot1_1,Eggchanter,1,SUPPORT,magical,2,6,12,2.33,6894,5298,14570,9285,15.4,26.9,125,196,42,20,11,175,3275,450,345,92,0.79,0.3,0.36,"special_heal_power;basic_hp;basic_hp;basic_hp;basic_hp;basic_armor;basic_armor;basic_armor;basic_mr;basic_hp"
71,0,436,150,88,bot0_2,Lynx,0,SLAYER,physical,18,4,12,7.5,34014,19896,10267,820,52,2.1,638,1230,74,52,14,15,5765,793,383,54,0.877,2.5,1.94,"special_lifesteal;basic_power;basic_power;basic_power;basic_power;basic_as;basic_as;basic_as;basic_power;basic_power;basic_as;basic_hp;basic_hp;basic_mr;basic_hp;basic_hp;basic_armor;basic_mr;basic_armor"
71,0,436,150,88,bot1_2,Jailer,1,TANK,magical,1,8,11,1.5,14449,8830,14065,0,26.2,0,577,683,34,32,10,192,3167,435,337,100,0.772,0.1,0.63,"basic_hp;basic_hp;basic_armor;basic_armor;basic_power;basic_mr;basic_haste;basic_mr;basic_hp;basic_hp;basic_power"
71,0,436,150,88,bot0_3,Quiller,0,SLAYER,physical,7,5,21,5.6,29862,14982,8483,743,40.6,2,288,606,55,36,14,182,4882,671,369,67,0.846,1,1.77,"special_lifesteal;basic_power;basic_power;basic_hp;basic_power;basic_as;basic_as;basic_mr;basic_armor;basic_hp;basic_mr;basic_as;basic_hp;basic_power;basic_armor;basic_hp"
71,0,436,150,88,bot1_3,Wanderer,1,SLAYER,physical,7,10,5,1.2,23127,13255,12036,559,39.9,1.7,617,1491,26,19,11,192,3717,511,333,104,0.762,1,1.1,"special_lifesteal;basic_power;basic_power;basic_power;basic_power;basic_as;basic_as;basic_hp;basic_armor;basic_mr;basic_hp;basic_as"
71,0,436,150,88,bot0_4,Jirina,0,FIGHTER,magical,3,3,16,6.33,17858,7023,10424,2455,18.1,6.3,475,533,44,10,13,135,4035,555,389,48,0.89,0.4,0.67,"basic_hp;basic_hp;basic_hp;basic_mr;basic_hp;basic_power;basic_mr;basic_power;basic_armor;basic_armor;basic_hp;basic_mr;basic_haste;basic_haste"
71,0,436,150,88,bot1_4,Summoner,1,MAGE,magical,4,8,9,1.63,10746,5768,9824,333,17.3,1,190,266,48,25,11,243,3443,473,334,102,0.765,0.5,0.59,"special_lifesteal;basic_power;basic_hp;basic_power;basic_power;basic_armor;basic_hp;basic_haste;basic_mr;basic_hp;basic_armor"
72,0,253,151,2,bot0_1,Zephyr,0,SPLITPUSHER,magical,3,1,8,11,9012,6158,4239,324,25.8,1.4,357,489,29,30,8,43,2418,573,239,15,0.942,0.7,1.45,"special_lifesteal;basic_power;basic_hp;basic_power;basic_power;basic_haste;basic_hp;basic_mr"
72,0,253,151,2,bot1_1,Pyromancer,1,SLAYER,magical,0,3,2,0.67,9232,4993,4842,157,23,0.7,357,477,20,18,8,123,1898,450,217,36,0.857,0,1.03,"special_lifesteal;basic_power;basic_hp;basic_mr;basic_haste;basic_armor"
72,0,253,151,2,bot0_2,Goliath,0,TANK,physical,0,1,11,11,6476,4565,5575,1920,19.1,8,220,349,26,19,8,178,2078,492,240,14,0.946,0,0.82,"basic_hp;basic_hp;basic_hp;basic_hp;basic_mr;basic_armor;basic_power"
72,0,253,151,2,bot1_2,Vanguard,1,FIGHTER,physical,2,3,0,0.67,8752,4738,7424,116,22,0.5,620,737,31,17,8,172,2047,485,215,38,0.85,0.5,0.64,"basic_hp;basic_hp;special_lifesteal;basic_power;basic_power;basic_hp"
72,0,253,151,2,bot0_3,Eggchanter,0,SUPPORT,magical,2,0,9,11,4365,3568,3799,4914,14.1,19.4,125,176,31,14,8,275,2275,539,253,0,1,0.5,0.94,"basic_hp;basic_hp;basic_hp;basic_hp;basic_mr;basic_hp;basic_armor"
72,0,253,151,2,bot1_3,Jailer,1,TANK,magical,0,3,2,0.67,7566,3805,6004,0,17.7,0,301,405,19,17,8,218,1793,425,215,38,0.85,0,0.63,"basic_hp;basic_hp;basic_mr;basic_hp;basic_armor;basic_power"
72,0,253,151,2,bot0_4,Jirina,0,FIGHTER,magical,7,0,3,10,9403,7145,5024,4992,28.2,19.7,492,550,33,19,8,387,2737,649,253,0,1,1.7,1.42,"basic_hp;basic_hp;special_lifesteal;basic_power;basic_power;basic_mr;basic_armor;basic_mr"
72,0,253,151,2,bot1_4,Doctor,1,SUPPORT,physical,0,3,2,0.67,4180,2635,5512,1491,12.1,6.9,110,235,22,10,7,122,1772,420,217,36,0.858,0,0.48,"basic_hp;basic_hp;basic_hp;basic_hp;basic_mr;basic_armor"
73,1,470,84,151,bot0_1,Zephyr,0,SPLITPUSHER,magical,3,6,11,2.33,12239,6590,9504,348,17.4,0.9,357,447,49,43,11,284,3484,445,379,91,0.807,0.4,0.69,"special_lifesteal;basic_power;basic_hp;basic_power;basic_power;basic_haste;basic_armor;basic_hp;basic_haste;basic_hp;basic_mr"
73,1,470,84,151,bot1_1,Bruiser,1,FIGHTER,physical,8,4,14,5.5,20026,13707,10365,741,33.1,1.8,491,653,66,44,12,340,4415,564,414,56,0.882,1,1.32,"special_lifesteal;basic_power;basic_hp;basic_as;basic_power;basic_mr;basic_hp;basic_hp;basic_power;basic_armor;basic_as;special_lifesteal;basic_as"
73,1,470,84,151,bot0_2,Doctor,0,SUPPORT,physical,3,6,14,2.83,6580,5598,14473,13297,14.8,35.3,233,347,18,20,11,106,3631,464,377,93,0.803,0.4,0.39,"special_gw;basic_hp;basic_hp;basic_hp;basic_armor;basic_armor;basic_mr;basic_mr;basic_power;basic_as;basic_hp;basic_armor"
73,1,470,84,151,bot1_2,Jailer,1,TANK,magical,4,5,16,4,19884,12364,11027,0,31.3,0,535,651,49,43,12,211,4036,516,394,75,0.84,0.5,1.12,"basic_hp;basic_hp;basic_mr;basic_hp;basic_armor;basic_mr;basic_haste;basic_armor;basic_power;basic_hp;basic_mr;basic_as;basic_armor;basic_haste"
73,1,470,84,151,bot0_3,Reaper,0,SPLITPUSHER,magical,8,6,9,2.83,21965,15528,13133,550,41.7,1.5,737,1165,49,27,12,88,4188,535,372,98,0.792,1,1.18,"special_lifesteal;basic_power;basic_hp;basic_power;basic_power;basic_haste;basic_hp;basic_armor;basic_power;basic_mr;basic_haste;basic_hp;basic_haste;basic_armor"
73,1,470,84,151,bot1_3,Quiller,1,SLAYER,physical,7,5,13,4,21572,17307,7884,520,42.9,1.3,304,625,65,38,11,220,4120,526,403,66,0.859,0.9,2.2,"special_lifesteal;basic_power;basic_power;basic_as;basic_power;basic_hp;basic_as;basic_hp;basic_as;basic_mr;basic_power;basic_hp;basic_as"
73,1,470,84,151,bot0_4,Goliath,0,TANK,physical,4,5,13,3.4,13290,9669,19060,2184,24.2,5.5,399,447,48,28,11,127,3727,476,399,70,0.851,0.5,0.51,"basic_hp;basic_hp;basic_hp;basic_armor;basic_armor;basic_hp;basic_mr;basic_as;basic_mr;basic_power;basic_armor;basic_hp;basic_haste"
73,1,470,84,151,bot1_4,Healer,1,SUPPORT,magical,4,4,18,5.5,13886,9892,10873,8865,23.8,21.4,185,230,78,24,12,254,4104,524,415,55,0.884,0.5,0.91,"special_gw;basic_hp;basic_mr;basic_armor;basic_hp;basic_power;basic_haste;basic_hp;basic_hp;basic_mr;basic_hp;basic_armor;basic_power"
74,0,352,152,27,bot0_1,Hana,0,TANK,magical,3,3,12,5,7234,5921,7960,0,19.1,0,284,581,9,39,10,209,3009,513,309,43,0.878,0.5,0.74,"basic_hp;basic_hp;basic_hp;basic_hp;basic_mr;basic_armor;basic_mr;basic_mr;basic_mr;basic_haste"
74,0,352,152,27,bot1_1,Volstrov,1,MAGE,magical,0,7,9,1.29,12005,7483,7224,255,28.8,1,320,588,16,16,10,229,2554,435,260,93,0.737,0,1.04,"special_lifesteal;basic_power;basic_hp;basic_mr;basic_power;basic_haste;basic_armor;basic_hp"
74,0,352,152,27,bot0_2,Cleric,0,SUPPORT,magical,7,1,12,19,9338,7618,6475,8247,22.5,24.4,322,378,58,48,11,16,3666,624,339,14,0.961,1.2,1.18,"basic_hp;basic_hp;basic_hp;basic_hp;basic_mr;basic_mr;basic_armor;basic_hp;basic_power;basic_haste;basic_mr;basic_armor;basic_armor"
74,0,352,152,27,bot1_2,Ironclad,1,TANK,physical,1,4,8,2.25,7929,5794,10616,0,19.5,0,318,434,27,20,9,154,2579,439,296,56,0.842,0.2,0.55,"basic_hp;basic_hp;basic_hp;basic_mr;basic_armor;basic_mr;basic_as;basic_hp;basic_power"
74,0,352,152,27,bot0_3,Oracle,0,MAGE,physical,2,2,16,9,12721,9074,5784,329,28,1,492,574,26,23,10,251,3151,537,324,28,0.92,0.3,1.57,"special_lifesteal;basic_power;basic_power;basic_as;basic_hp;basic_mr;basic_as;basic_hp;basic_armor;basic_power"
74,0,352,152,27,bot1_3,Vanguard,1,FIGHTER,physical,4,4,5,2.25,10071,5060,7873,0,17.1,0,365,664,47,25,10,215,2915,497,296,57,0.839,0.7,0.64,"special_gw;basic_hp;basic_hp;basic_hp;basic_hp;basic_mr;basic_power;basic_mr;basic_armor"
74,0,352,152,27,bot0_4,Jirina,0,FIGHTER,magical,7,3,8,5,11868,7095,7335,1824,20.8,5.4,499,691,40,9,10,29,3454,588,340,12,0.967,1.2,0.97,"basic_hp;basic_hp;basic_hp;basic_mr;basic_power;basic_armor;basic_mr;basic_hp;basic_power;basic_hp;basic_mr;basic_mr"
74,0,352,152,27,bot1_4,Reaper,1,SPLITPUSHER,magical,4,4,5,2.25,12476,7867,7115,284,25.2,0.9,615,912,35,18,9,192,2817,480,312,41,0.885,0.7,1.11,"special_gw;special_lifesteal;basic_power;basic_power;basic_hp;basic_hp;basic_mr;basic_mr"
75,0,382,150,61,bot0_1,Reaper,0,SPLITPUSHER,magical,8,3,17,8.33,18795,11098,5607,707,33.3,2.1,562,836,45,27,12,211,4361,686,334,48,0.875,1.3,1.98,"special_lifesteal;basic_power;basic_hp;basic_power;basic_haste;basic_mr;basic_armor;basic_hp;basic_power;basic_hp;basic_haste;basic_power;basic_mr;basic_power"
75,0,382,150,61,bot1_1,Eggchanter,1,SUPPORT,magical,1,8,9,1.25,5358,3356,12051,4820,12.1,17.4,140,201,29,16,9,67,2692,423,277,104,0.727,0.2,0.28,"basic_hp;basic_hp;basic_armor;basic_mr;basic_haste;basic_power;basic_hp;basic_armor;basic_as;basic_mr"
75,0,382,150,61,bot0_2,Lynx,0,SLAYER,physical,6,3,21,9,25341,15924,5701,742,43.4,2,793,1196,72,51,13,203,4328,680,367,15,0.962,0.9,2.79,"special_lifesteal;basic_power;basic_as;basic_power;basic_as;basic_power;basic_hp;basic_power;basic_hp;basic_mr;basic_mr;basic_as;basic_armor;basic_as"
75,0,382,150,61,bot1_2,Hana,1,TANK,magical,2,8,8,1.25,7314,5421,13200,0,19.8,0,399,532,8,38,9,121,2771,436,274,107,0.719,0.3,0.41,"basic_hp;basic_hp;basic_armor;basic_mr;basic_haste;basic_power;basic_armor;basic_as;basic_hp;basic_armor"
75,0,382,150,61,bot0_3,Fusilier,0,SLAYER,physical,11,2,17,14,19968,12567,4961,654,35.7,1.9,404,831,52,18,13,48,4723,743,352,29,0.923,1.7,2.53,"special_lifesteal;basic_power;basic_power;basic_hp;basic_power;basic_as;basic_mr;basic_armor;basic_hp;basic_as;basic_hp;basic_as;basic_mr;basic_armor;basic_power;basic_mr"
75,0,382,150,61,bot1_3,Jailer,1,TANK,magical,5,8,4,1.13,10114,5922,12844,0,21.7,0,640,746,25,23,9,279,3004,472,273,108,0.716,0.8,0.46,"basic_hp;basic_hp;basic_hp;basic_armor;basic_armor;basic_hp;basic_mr;basic_power;basic_haste;basic_armor"
75,0,382,150,61,bot0_4,Goliath,0,TANK,physical,4,2,22,13,12811,7576,6530,2683,21.4,7.6,592,647,39,31,12,223,4098,644,353,28,0.926,0.6,1.16,"basic_hp;basic_hp;basic_hp;basic_mr;basic_power;basic_mr;basic_armor;basic_hp;basic_as;basic_armor;basic_mr;basic_haste;basic_power;basic_hp"
75,0,382,150,61,bot1_4,Vanguard,1,FIGHTER,physical,2,5,8,2,9111,5259,10690,0,16.6,0,379,433,51,24,10,115,2840,447,316,65,0.829,0.3,0.49,"basic_hp;basic_hp;basic_armor;basic_mr;basic_hp;basic_power;basic_hp;basic_armor;basic_as;basic_armor"
76,0,335,152,31,bot0_1,Quiller,0,SLAYER,physical,7,0,18,25,21051,9850,3827,784,29.4,2.3,285,597,52,33,11,182,3957,709,335,0,1,1.3,2.57,"special_lifesteal;basic_power;basic_power;basic_hp;basic_as;basic_hp;basic_as;basic_power;basic_mr;basic_armor;basic_mr;basic_hp;basic_as"
76,0,335,152,31,bot1_1,Hana,1,TANK,magical,1,6,1,0.33,7981,5386,9324,0,20.7,0,517,787,8,32,8,195,2095,376,260,75,0.777,0.2,0.58,"basic_hp;basic_hp;basic_hp;basic_mr;basic_armor;basic_power;basic_hp"
76,0,335,152,31,bot0_2,Cleric,0,SUPPORT,magical,8,1,17,25,11184,7814,5598,8637,24.3,26.8,404,474,49,45,12,207,4082,732,322,13,0.962,1.4,1.4,"basic_hp;basic_hp;basic_hp;basic_mr;basic_hp;basic_armor;basic_mr;basic_armor;basic_hp;basic_haste;basic_power;basic_haste;basic_as;basic_mr"
76,0,335,152,31,bot1_2,Doctor,1,SUPPORT,physical,1,7,1,0.29,4727,3423,8118,1865,13.9,7.6,242,322,12,12,8,41,2091,375,246,88,0.736,0.2,0.42,"special_heal_power;basic_hp;basic_mr;basic_armor;basic_power;basic_as;basic_hp"
76,0,335,152,31,bot0_3,Volstrov,0,MAGE,magical,8,2,17,12.5,14812,8504,4513,449,27.2,1.4,302,627,9,10,12,164,4014,720,313,21,0.936,1.4,1.88,"special_lifesteal;basic_power;basic_hp;basic_mr;basic_power;basic_hp;basic_haste;basic_armor;basic_hp;basic_mr;basic_power;basic_power;basic_hp"
76,0,335,152,31,bot1_3,Summoner,1,MAGE,magical,1,7,2,0.43,7321,4287,7901,138,17.4,0.6,166,231,36,18,8,79,2204,395,247,88,0.738,0.2,0.54,"special_lifesteal;basic_power;basic_hp;basic_power;basic_haste;basic_hp;basic_power"
76,0,335,152,31,bot0_4,Ironclad,0,TANK,physical,3,0,21,24,9428,5861,7560,0,17.5,0,439,610,36,24,11,63,3588,643,335,0,1,0.5,0.78,"basic_hp;basic_hp;basic_hp;basic_mr;basic_armor;basic_power;basic_mr;basic_armor;basic_power;basic_hp;basic_as;basic_haste;basic_mr"
76,0,335,152,31,bot1_4,Zephyr,1,SPLITPUSHER,magical,0,6,2,0.33,8785,2880,9077,298,10,1,301,401,33,30,8,149,1999,358,289,46,0.862,0,0.32,"special_lifesteal;basic_power;basic_power;basic_power;basic_hp;basic_haste"
77,0,393,150,25,bot0_1,Vanguard,0,FIGHTER,physical,5,2,13,9,16308,10586,11910,0,29.2,0,457,732,53,39,11,128,3553,542,363,30,0.923,0.8,0.89,"basic_hp;basic_hp;basic_hp;basic_power;basic_hp;basic_armor;basic_power;basic_mr;basic_hp;basic_armor;basic_hp;basic_as"
77,0,393,150,25,bot1_1,Healer,1,SUPPORT,magical,2,4,5,1.75,7924,6157,11044,10343,18.1,30.4,170,228,47,25,10,167,2792,426,340,53,0.865,0.3,0.56,"special_gw;basic_hp;basic_armor;basic_power;basic_hp;basic_armor;basic_haste;basic_as;basic_armor"
77,0,393,150,25,bot0_2,Doctor,0,SUPPORT,physical,7,2,15,11,10255,9232,11898,18824,25,50.9,263,391,24,30,11,232,4007,611,370,23,0.941,1.1,0.78,"basic_hp;basic_hp;basic_armor;basic_hp;basic_armor;basic_mr;basic_hp;basic_mr;basic_hp;basic_armor;basic_mr;basic_power;basic_hp"
77,0,393,150,25,bot1_2,Bruiser,1,FIGHTER,physical,2,5,4,1.2,13881,9036,12132,382,27.5,1.2,350,600,48,36,10,113,2763,421,329,64,0.837,0.3,0.74,"special_lifesteal;basic_power;basic_hp;basic_armor;basic_power;basic_hp;basic_as;basic_hp;basic_armor"
77,0,393,150,25,bot0_3,Goliath,0,TANK,physical,7,0,12,19,11740,6778,9674,3038,17.2,7.7,369,582,48,30,11,10,3860,589,393,0,1,1.1,0.7,"basic_hp;basic_hp;basic_hp;basic_hp;basic_mr;basic_armor;basic_hp;basic_hp;basic_armor;basic_mr;basic_hp;basic_power;basic_power"
77,0,393,150,25,bot1_3,Fusilier,1,SLAYER,physical,2,7,4,0.86,14106,10164,8830,375,34.6,1.3,378,567,41,14,10,153,2778,424,294,99,0.747,0.3,1.15,"special_lifesteal;basic_power;basic_hp;basic_power;basic_power;basic_as;basic_armor;basic_mr;basic_hp"
77,0,393,150,25,bot0_4,Quiller,0,SLAYER,physical,3,3,18,7,19838,14509,5721,738,38.2,1.9,287,635,58,32,11,13,3513,536,380,14,0.965,0.5,2.54,"special_lifesteal;basic_power;basic_power;basic_power;basic_as;basic_hp;basic_power;basic_as;basic_armor;basic_hp;basic_mr;basic_armor"
77,0,393,150,25,bot1_4,Jirina,1,FIGHTER,magical,1,6,6,1.17,15110,10320,11230,4301,33,13.8,523,680,37,17,9,303,2653,405,312,81,0.795,0.2,0.92,"special_lifesteal;basic_power;basic_power;basic_hp;basic_armor;basic_haste;basic_mr;basic_power"
78,0,558,151,142,bot0_1,Quiller,0,SLAYER,physical,10,6,12,3.67,32782,15440,9598,882,33.2,1.9,318,688,72,43,14,371,5171,556,465,93,0.834,1.1,1.61,"special_lifesteal;basic_power;basic_as;basic_power;basic_power;basic_as;basic_power;basic_hp;basic_hp;basic_as;special_gw;basic_mr;basic_mr;basic_power;basic_power"
78,0,558,151,142,bot1_1,Summoner,1,MAGE,magical,7,6,15,3.67,17531,10857,12644,429,24,0.9,233,329,78,38,13,265,4715,507,453,104,0.813,0.8,0.86,"special_lifesteal;basic_power;basic_power;basic_power;basic_power;basic_hp;basic_hp;basic_haste;basic_armor;basic_mr;basic_haste;basic_hp;basic_armor;basic_power;basic_haste"
78,0,558,151,142,bot0_2,Doctor,0,SUPPORT,physical,4,7,18,3.14,14317,8978,18505,19302,17.6,37.8,381,469,36,40,13,182,4482,482,511,47,0.916,0.4,0.49,"basic_hp;basic_hp;basic_hp;basic_mr;basic_mr;basic_power;basic_as;basic_hp;basic_mr;basic_hp;basic_hp;basic_armor;basic_haste;basic_mr;basic_as"
78,0,558,151,142,bot1_2,Healer,1,SUPPORT,magical,4,4,16,5,13564,10782,14966,12011,22,24.5,153,212,89,36,12,279,4329,466,490,67,0.879,0.4,0.72,"basic_hp;basic_hp;basic_armor;basic_hp;basic_hp;basic_mr;basic_haste;basic_armor;basic_armor;basic_hp;basic_hp;basic_mr;basic_mr;basic_haste"
78,0,558,151,142,bot0_3,Ironclad,0,TANK,physical,4,4,20,6,20258,12105,21946,0,24,0,378,596,59,40,13,354,4654,501,504,54,0.904,0.4,0.55,"basic_hp;basic_hp;basic_hp;basic_mr;basic_power;basic_mr;basic_mr;basic_as;basic_as;basic_armor;basic_hp;basic_haste;basic_hp;basic_mr;basic_hp"
78,0,558,151,142,bot1_3,Volstrov,1,MAGE,magical,5,7,13,2.57,22960,14916,11534,470,33.8,1.1,381,723,24,27,12,219,4369,470,442,116,0.792,0.5,1.29,"special_lifesteal;basic_power;basic_power;basic_power;basic_hp;basic_hp;basic_haste;basic_armor;basic_power;basic_mr;basic_haste;basic_hp;basic_armor;basic_power"
78,0,558,151,142,bot0_4,Zephyr,0,SPLITPUSHER,magical,6,5,16,4.4,28233,12020,13049,729,24.5,1.5,530,796,64,78,13,209,4709,507,491,66,0.881,0.6,0.92,"special_lifesteal;basic_power;basic_hp;basic_mr;basic_haste;basic_power;basic_hp;basic_hp;basic_mr;basic_power;basic_mr;basic_hp;basic_mr;basic_armor;basic_hp"
78,0,558,151,142,bot1_4,Reaper,1,SPLITPUSHER,magical,6,7,9,2.14,23850,12753,12123,675,28.8,1.5,674,965,61,30,12,201,4351,468,444,114,0.795,0.6,1.05,"special_lifesteal;basic_power;basic_power;basic_hp;basic_power;basic_haste;basic_armor;basic_hp;basic_mr;basic_power;basic_hp;basic_armor;basic_power;basic_haste"
79,1,352,19,150,bot0_1,Pyromancer,0,SLAYER,magical,1,7,3,0.57,8180,5087,7996,107,19.6,0.4,620,784,19,13,9,261,2386,407,259,93,0.737,0.2,0.64,"special_lifesteal;basic_power;basic_hp;basic_power;basic_power;basic_hp;basic_haste"
79,1,352,19,150,bot1_1,Doctor,1,SUPPORT,physical,1,1,22,23,6984,5124,5549,8943,15,26.2,213,291,22,23,11,107,3282,560,341,11,0.969,0.2,0.92,"special_heal_power;basic_hp;basic_hp;basic_armor;basic_mr;basic_mr;basic_power;basic_armor;basic_as;basic_power;basic_hp"
79,1,352,19,150,bot0_2,Quiller,0,SLAYER,physical,1,7,5,0.86,13876,5571,5964,178,20.4,0.7,257,449,33,22,10,219,2569,438,274,78,0.778,0.2,0.93,"special_lifesteal;basic_power;basic_power;basic_as;basic_hp;basic_mr;basic_armor;basic_power"
79,1,352,19,150,bot1_2,Jailer,1,TANK,magical,9,2,15,12,14259,9104,6527,0,25.9,0,561,863,36,36,11,274,4074,695,352,0,1,1.5,1.39,"basic_hp;basic_hp;basic_hp;basic_armor;basic_mr;basic_armor;basic_haste;basic_hp;basic_mr;basic_haste;basic_power;basic_mr;basic_power;basic_as"
79,1,352,19,150,bot0_3,Reaper,0,SPLITPUSHER,magical,4,5,2,1.2,11416,7499,7641,587,26.3,2.1,776,1245,32,15,9,111,2761,471,286,66,0.811,0.7,0.98,"special_lifesteal;special_lifesteal;basic_power;basic_hp;basic_power;basic_haste;basic_armor;basic_hp"
79,1,352,19,150,bot1_3,Hana,1,TANK,magical,6,1,14,20,10079,6606,7934,0,19.4,0,335,801,17,40,10,42,3517,600,341,11,0.97,1,0.83,"basic_hp;basic_hp;basic_hp;basic_mr;basic_armor;basic_mr;basic_haste;basic_armor;basic_hp;basic_hp;basic_hp;basic_mr"
79,1,352,19,150,bot0_4,Goliath,0,TANK,physical,1,7,6,1,7049,5464,12467,1330,21.1,5.1,275,437,31,17,9,64,2514,429,259,93,0.737,0.2,0.44,"basic_hp;basic_hp;basic_hp;basic_armor;basic_mr;basic_power;basic_armor;basic_hp;basic_mr"
79,1,352,19,150,bot1_4,Lynx,1,SLAYER,physical,10,3,11,7,17461,11302,6597,951,36.9,3.1,452,692,58,40,11,233,4008,683,306,46,0.87,1.7,1.71,"special_lifesteal;special_lifesteal;basic_power;basic_power;basic_as;basic_hp;basic_hp;basic_mr;basic_as;basic_armor;basic_power;basic_as"
80,0,327,150,31,bot0_1,Tamer,0,MAGE,magical,11,1,9,20,13905,11096,4103,5505,35.4,17.6,295,476,44,19,11,133,3983,731,313,14,0.958,2,2.7,"special_lifesteal;basic_power;basic_power;basic_power;basic_power;basic_hp;basic_hp;basic_haste;basic_haste;basic_mr;basic_hp;basic_haste;basic_mr"
80,0,327,150,31,bot1_1,Hana,1,TANK,magical,0,4,4,1,6508,2708,8014,0,9.9,0,315,442,6,36,9,19,2194,403,274,53,0.839,0,0.34,"basic_hp;basic_hp;special_gw;basic_mr;basic_hp;basic_mr;basic_mr"
80,0,327,150,31,bot0_2,Eggchanter,0,SUPPORT,magical,3,2,14,8.5,5270,3484,6586,6254,11.6,20.9,128,186,31,16,10,261,3011,553,300,27,0.916,0.6,0.53,"basic_hp;basic_hp;basic_hp;basic_mr;basic_mr;basic_power;basic_armor;basic_power;basic_mr;basic_hp"
80,0,327,150,31,bot1_2,Mage,1,MAGE,magical,4,6,3,1.17,18279,6633,7565,387,24.8,1.4,516,657,56,22,11,43,2943,540,267,60,0.818,0.7,0.88,"special_lifesteal;basic_power;basic_power;basic_hp;basic_hp;basic_mr;basic_haste;basic_hp;basic_as;basic_mr"
80,0,327,150,31,bot0_3,Jirina,0,FIGHTER,magical,4,1,15,19,14068,8729,7943,7540,27.8,24,411,527,50,27,10,284,3209,589,314,13,0.961,0.7,1.1,"special_lifesteal;basic_power;basic_power;basic_hp;basic_haste;basic_mr;basic_power;basic_armor;basic_hp;basic_hp"
80,0,327,150,31,bot1_3,Oracle,1,MAGE,physical,0,5,7,1.4,16808,7404,8942,497,28.8,1.9,561,704,19,19,10,163,2488,457,257,69,0.788,0,0.83,"special_lifesteal;basic_power;basic_hp;basic_as;basic_mr;basic_power;basic_haste;basic_hp"
80,0,327,150,31,bot0_4,Zephyr,0,SPLITPUSHER,magical,3,3,16,6.33,9819,5738,8839,319,18.2,1,292,478,36,37,10,199,3099,569,315,12,0.964,0.6,0.65,"special_lifesteal;basic_power;basic_hp;basic_power;basic_mr;basic_haste;basic_hp;basic_hp;basic_armor;basic_mr"
80,0,327,150,31,bot1_4,Volstrov,1,MAGE,magical,3,6,4,1.17,14366,8155,7112,444,33,1.8,272,467,18,20,10,181,2806,515,247,79,0.757,0.6,1.15,"special_lifesteal;basic_power;basic_power;basic_hp;basic_power;basic_mr;basic_haste;basic_armor;basic_mr"
81,1,258,16,150,bot0_1,Fusilier,0,SLAYER,physical,3,5,2,1,12804,5798,6011,389,30.1,2,354,587,31,12,8,80,2205,512,193,65,0.747,0.7,0.96,"special_lifesteal;basic_power;basic_power;basic_hp;basic_as;basic_hp;basic_power"
81,1,258,16,150,bot1_1,Jirina,1,FIGHTER,magical,1,1,15,16,7924,4687,6390,4600,19,18.7,227,342,34,16,9,243,2518,585,246,12,0.954,0.2,0.73,"basic_hp;basic_hp;basic_hp;basic_power;basic_armor;basic_power;basic_hp;basic_hp"
81,1,258,16,150,bot0_2,Cleric,0,SUPPORT,magical,2,5,4,1.2,4462,3555,6904,1430,18.3,7.3,279,333,23,21,8,150,2075,482,195,63,0.754,0.5,0.51,"basic_hp;basic_hp;basic_armor;basic_hp;basic_hp;basic_armor;basic_mr"
81,1,258,16,150,bot1_2,Jailer,1,TANK,magical,6,2,8,7,6659,5298,4346,0,21.5,0,324,450,21,19,9,122,2897,673,247,12,0.955,1.4,1.22,"basic_hp;basic_hp;basic_hp;basic_armor;basic_mr;basic_hp;basic_haste;basic_power;basic_hp;basic_armor"
81,1,258,16,150,bot0_3,Kratoma,0,SLAYER,physical,1,5,4,1,6162,4091,5719,168,21,0.9,324,464,14,11,7,114,1939,451,195,63,0.755,0.2,0.72,"special_lifesteal;basic_power;basic_power;basic_hp;basic_as;basic_hp"
81,1,258,16,150,bot1_3,Wanderer,1,SLAYER,physical,6,2,11,8.5,15237,8314,4820,351,32.2,1.4,427,802,23,16,10,237,3137,729,258,0,1,1.4,1.72,"special_lifesteal;basic_power;basic_power;basic_hp;basic_power;basic_as;basic_armor;basic_mr;basic_hp;basic_as"
81,1,258,16,150,bot0_4,Hana,0,TANK,magical,1,5,6,1.4,4961,3683,8735,0,18.9,0,376,435,7,24,8,117,2042,474,195,63,0.755,0.2,0.42,"basic_hp;basic_hp;basic_hp;basic_armor;basic_hp;basic_armor;basic_mr"
81,1,258,16,150,bot1_4,Quiller,1,SLAYER,physical,7,2,11,9,10238,7563,3387,396,30.6,1.6,277,473,36,20,10,226,3226,750,247,11,0.958,1.6,2.23,"special_lifesteal;basic_power;basic_hp;basic_power;basic_power;basic_hp;basic_as;basic_as;basic_hp;basic_as"
82,0,465,151,53,bot0_1,Wanderer,0,SLAYER,physical,14,2,11,12.5,34075,25005,10237,854,57,1.9,771,1631,40,29,13,140,5140,664,438,26,0.943,1.8,2.44,"special_lifesteal;basic_power;basic_power;basic_hp;basic_as;basic_hp;basic_as;basic_power;basic_mr;basic_armor;basic_hp;basic_as;basic_mr;basic_mr;basic_power;basic_armor;basic_hp"
82,0,465,151,53,bot1_1,Healer,1,SUPPORT,magical,1,7,7,1.14,9683,7520,12656,8223,20.6,22.5,140,197,55,25,10,38,2963,383,365,100,0.785,0.1,0.59,"basic_hp;basic_hp;basic_hp;basic_mr;basic_armor;basic_mr;basic_armor;basic_haste;basic_armor;basic_power;basic_as"
82,0,465,151,53,bot0_2,Ironclad,0,TANK,physical,6,2,18,12,14406,11029,12323,0,25.4,0,339,445,47,39,12,171,4321,558,434,30,0.935,0.8,0.89,"basic_hp;basic_hp;basic_mr;basic_mr;basic_power;basic_as;basic_haste;basic_power;basic_armor;basic_hp;basic_as;basic_mr;basic_power;basic_hp;basic_mr"
82,0,465,151,53,bot1_2,Jirina,1,FIGHTER,magical,1,7,7,1.14,14568,9500,15872,5543,26.3,15.3,395,606,44,22,10,21,2971,384,361,103,0.778,0.1,0.6,"basic_hp;basic_hp;basic_power;basic_hp;basic_armor;basic_power;basic_mr;basic_haste;basic_hp;basic_mr;basic_as"
82,0,465,151,53,bot0_3,Cleric,0,SUPPORT,magical,4,1,21,25,11767,8723,7346,12567,19.3,27.9,325,382,72,60,12,87,4187,541,451,14,0.971,0.5,1.19,"special_gw;basic_hp;basic_hp;basic_mr;basic_hp;basic_mr;basic_power;basic_hp;basic_haste;basic_mr;basic_power;basic_haste;basic_armor;basic_power"
82,0,465,151,53,bot1_3,Pyromancer,1,SLAYER,magical,1,7,7,1.14,12277,8340,10858,141,23,0.4,581,741,26,23,10,218,2918,377,362,102,0.78,0.1,0.77,"special_lifesteal;basic_power;basic_power;basic_hp;basic_hp;basic_haste;basic_mr;basic_power;basic_power"
82,0,465,151,53,bot0_4,Volstrov,0,MAGE,magical,2,3,20,7.33,12876,7848,6298,784,18.5,1.9,222,447,12,11,12,288,3813,492,424,41,0.912,0.3,1.25,"special_lifesteal;special_lifesteal;basic_power;basic_mr;basic_hp;basic_power;basic_power;basic_haste;basic_armor;basic_hp;basic_power"
82,0,465,151,53,bot1_4,Hana,1,TANK,magical,5,5,3,1.6,14208,8570,16191,0,21.9,0,327,565,19,50,11,68,3368,435,392,73,0.843,0.6,0.53,"basic_hp;basic_hp;basic_mr;basic_armor;basic_hp;basic_mr;basic_hp;basic_power;special_gw;basic_hp;basic_haste"
83,0,270,150,12,bot0_1,Reaper,0,SPLITPUSHER,magical,6,0,13,19,10116,5775,2372,447,21.4,1.7,308,557,36,19,10,378,3328,740,270,0,1,1.3,2.43,"special_lifesteal;basic_power;basic_hp;basic_haste;basic_mr;basic_power;basic_power;basic_hp;basic_armor;basic_power"
83,0,270,150,12,bot1_1,Pyromancer,1,SLAYER,magical,0,7,3,0.43,5726,2135,6370,62,11.7,0.3,292,389,14,11,8,62,1887,419,182,88,0.675,0,0.34,"special_lifesteal;basic_power;basic_hp;basic_power;basic_haste;basic_hp"
83,0,270,150,12,bot0_2,Kratoma,0,SLAYER,physical,6,1,20,26,12419,7047,3358,429,27.6,1.7,266,564,20,22,11,168,3693,821,255,15,0.946,1.3,2.1,"special_lifesteal;basic_power;basic_power;basic_power;basic_as;basic_hp;basic_mr;basic_armor;basic_as;basic_power;basic_as;basic_hp"
83,0,270,150,12,bot1_2,Eggchanter,1,SUPPORT,magical,1,7,2,0.43,5446,2286,11442,4563,12.4,24.7,114,182,20,10,8,168,1993,443,185,85,0.685,0.2,0.2,"basic_hp;basic_hp;basic_hp;basic_armor;basic_mr;basic_haste;basic_power"
83,0,270,150,12,bot0_3,Quiller,0,SLAYER,physical,9,1,16,25,17034,10371,3114,724,40.6,2.8,305,650,35,22,11,113,3913,870,255,15,0.946,2,3.33,"special_lifesteal;basic_power;basic_power;basic_as;basic_power;basic_hp;basic_as;basic_mr;basic_armor;basic_as;basic_power;basic_hp;basic_armor"
83,0,270,150,12,bot1_3,Goliath,1,TANK,physical,0,7,2,0.29,6607,2249,12319,1085,10.5,5.1,254,314,25,16,8,74,1899,422,214,56,0.793,0,0.18,"basic_hp;basic_hp;basic_hp;basic_armor;basic_mr;basic_power;basic_as"
83,0,270,150,12,bot0_4,Summoner,0,MAGE,magical,6,1,19,25,10105,5792,2425,301,22.3,1.2,227,313,45,20,11,77,3702,823,260,10,0.964,1.3,2.39,"special_lifesteal;basic_power;basic_power;basic_hp;basic_hp;basic_power;basic_haste;basic_power;basic_haste;basic_mr;basic_hp;basic_power"
83,0,270,150,12,bot1_4,Fusilier,1,SLAYER,physical,2,6,1,0.5,13851,3059,5956,400,16.5,2.2,272,431,29,10,9,194,2269,504,185,85,0.686,0.4,0.51,"special_lifesteal;basic_power;basic_as;basic_hp;basic_power;basic_armor;basic_as"
84,1,305,3,151,bot0_1,Quiller,0,SLAYER,physical,0,6,3,0.5,10846,4860,6070,244,21.4,1.1,204,377,24,17,8,223,2023,398,227,78,0.744,0,0.8,"special_lifesteal;basic_power;basic_hp;basic_as;basic_power;basic_armor"
84,1,305,3,151,bot1_1,Jailer,1,TANK,magical,8,1,12,20,9215,6262,3957,0,20.5,0,445,508,28,25,11,141,3666,720,305,0,1,1.6,1.58,"special_gw;basic_hp;basic_hp;basic_hp;basic_armor;basic_hp;basic_mr;basic_power;basic_haste;basic_mr;basic_armor;basic_mr"
84,1,305,3,151,bot0_2,Pyromancer,0,SLAYER,magical,2,6,1,0.5,8122,4726,5724,91,18.8,0.4,384,494,19,16,8,138,2238,440,252,54,0.824,0.4,0.83,"special_lifesteal;basic_power;basic_hp;basic_power;basic_power;basic_haste;basic_mr"
84,1,305,3,151,bot1_2,Goliath,1,TANK,physical,4,1,15,19,8271,5260,6395,2113,18,7.2,299,408,31,20,10,185,3135,616,292,14,0.955,0.8,0.82,"basic_hp;basic_hp;special_gw;basic_armor;basic_mr;basic_hp;basic_mr;basic_power;basic_as;basic_hp"
84,1,305,3,151,bot0_3,Cleric,0,SUPPORT,magical,0,6,3,0.5,6561,3687,7216,1791,15.9,7.7,283,332,27,23,8,191,2041,401,232,73,0.761,0,0.51,"special_heal_power;basic_hp;basic_hp;basic_hp;basic_mr;basic_armor"
84,1,305,3,151,bot1_3,Healer,1,SUPPORT,magical,5,0,18,23,9101,5741,4672,6844,18.8,22.4,154,215,52,14,11,179,3504,689,305,0,1,1,1.23,"basic_hp;basic_hp;basic_hp;basic_mr;basic_armor;basic_hp;basic_armor;basic_mr;basic_hp;basic_haste;basic_haste;basic_power"
84,1,305,3,151,bot0_4,Bruiser,0,FIGHTER,physical,1,6,2,0.5,6116,4252,6946,158,18.6,0.7,280,530,33,25,8,223,2048,402,228,77,0.748,0.2,0.61,"special_lifesteal;basic_power;basic_power;basic_as;basic_hp;basic_as"
84,1,305,3,151,bot1_4,Bruiser,1,FIGHTER,physical,7,1,14,21,10961,7296,4654,412,24.9,1.4,350,529,47,32,10,81,3556,699,293,13,0.958,1.4,1.57,"special_lifesteal;basic_hp;basic_power;basic_as;basic_armor;basic_power;basic_hp;basic_hp;basic_mr;basic_power;basic_as;basic_armor"
85,1,310,10,150,bot0_1,Ironclad,0,TANK,physical,1,7,3,0.57,9724,8394,15477,0,33,0,367,461,23,22,8,201,2101,406,254,56,0.82,0.2,0.54,"basic_hp;basic_hp;basic_hp;basic_armor;basic_hp;basic_mr;basic_power"
85,1,310,10,150,bot1_1,Doctor,1,SUPPORT,physical,6,2,15,10.5,9337,8429,10327,10999,27.2,35.4,240,359,26,27,10,120,3445,666,310,0,1,1.2,0.82,"basic_hp;basic_hp;basic_hp;basic_armor;basic_armor;basic_mr;basic_hp;basic_power;basic_as;basic_hp;basic_armor;basic_haste"
85,1,310,10,150,bot0_2,Zephyr,0,SPLITPUSHER,magical,0,6,3,0.5,6452,4556,7334,142,19.4,0.6,580,678,24,17,8,133,1958,378,234,76,0.755,0,0.62,"special_lifesteal;basic_power;basic_hp;basic_armor;basic_power;basic_hp"
85,1,310,10,150,bot1_2,Quiller,1,SLAYER,physical,8,1,12,20,14001,10368,2042,371,34.8,1.2,266,524,46,23,10,41,3616,699,298,13,0.959,1.5,5.08,"special_lifesteal;basic_power;basic_power;basic_hp;basic_as;basic_hp;basic_power;basic_hp;basic_as;basic_as;basic_armor;basic_power"
85,1,310,10,150,bot0_3,Wanderer,0,SLAYER,physical,2,5,1,0.6,12341,6441,5404,253,26.1,1,752,852,15,14,8,145,2220,429,247,63,0.796,0.4,1.19,"special_lifesteal;basic_power;basic_hp;basic_as;basic_power;basic_hp;basic_armor"
85,1,310,10,150,bot1_3,Hana,1,TANK,magical,5,0,16,21,9538,8410,6128,0,27.1,0,392,632,9,37,10,67,3342,646,310,0,1,1,1.37,"basic_hp;basic_hp;basic_hp;basic_armor;basic_hp;basic_armor;basic_mr;basic_power;basic_mr;basic_power;basic_armor;basic_haste"
85,1,310,10,150,bot0_4,Vanguard,0,FIGHTER,physical,1,5,2,0.6,8864,4626,7001,0,18.7,0,463,596,38,23,8,242,2117,409,247,63,0.796,0.2,0.66,"special_gw;basic_hp;basic_armor;basic_hp;basic_hp;basic_armor"
85,1,310,10,150,bot1_4,Goliath,1,TANK,physical,4,1,15,19,7731,5892,6233,2080,19.9,7,263,322,35,20,10,133,3133,606,297,14,0.956,0.8,0.95,"basic_hp;basic_hp;basic_hp;basic_armor;basic_mr;basic_armor;basic_armor;basic_as;basic_hp;basic_mr;basic_power"
86,1,522,108,150,bot0_1,Vanguard,0,FIGHTER,physical,9,6,11,3.33,20839,12888,18820,0,29.8,0,688,745,74,41,12,195,4595,528,432,90,0.828,1,0.68,"basic_hp;basic_hp;basic_hp;basic_power;basic_hp;basic_power;basic_armor;basic_mr;basic_armor;basic_hp;basic_hp;basic_mr;basic_as;basic_armor;basic_hp"
86,1,522,108,150,bot1_1,Kratoma,1,SLAYER,physical,8,6,17,4.17,23937,14894,11206,503,31.1,1,352,659,40,35,13,259,5009,576,479,43,0.918,0.9,1.33,"special_lifesteal;basic_power;basic_power;basic_hp;basic_as;basic_armor;basic_mr;basic_hp;basic_as;basic_power;basic_hp;basic_as;basic_armor;basic_power;basic_hp;basic_as"
86,1,522,108,150,bot0_2,Ironclad,0,TANK,physical,3,6,17,3.33,12704,8576,20605,0,19.4,0,432,482,48,31,12,153,4028,463,441,81,0.845,0.3,0.42,"basic_hp;basic_hp;basic_hp;basic_mr;basic_hp;basic_armor;basic_power;basic_armor;basic_as;basic_mr;basic_hp;basic_haste;basic_armor;basic_power"
86,1,522,108,150,bot1_2,Volstrov,1,MAGE,magical,5,5,20,5,20005,11404,8151,550,25.2,1.2,342,594,18,21,14,104,4854,558,453,69,0.867,0.6,1.4,"special_lifesteal;basic_power;basic_hp;basic_power;basic_power;basic_armor;basic_haste;basic_mr;basic_hp;basic_armor;basic_haste;basic_hp;basic_power;basic_power;basic_armor;basic_haste"
86,1,522,108,150,bot0_3,Lynx,0,SLAYER,physical,6,9,13,2.11,21633,14426,11895,617,36.8,1.6,617,1121,65,55,12,209,4284,492,392,130,0.751,0.7,1.21,"special_lifesteal;basic_power;basic_as;basic_hp;basic_power;basic_as;basic_power;basic_armor;basic_power;basic_mr;basic_hp;basic_armor;basic_as;basic_mr"
86,1,522,108,150,bot1_3,Jirina,1,FIGHTER,magical,8,3,18,8.67,24104,16340,12549,10347,34.2,21.7,431,590,75,31,14,20,5170,594,477,45,0.914,0.9,1.3,"basic_hp;basic_hp;special_lifesteal;basic_power;basic_armor;basic_haste;basic_mr;basic_hp;basic_power;basic_armor;basic_hp;basic_power;basic_armor;basic_hp;basic_hp;basic_mr;basic_armor"
86,1,522,108,150,bot0_4,Eggchanter,0,SUPPORT,magical,3,6,18,3.5,11987,6526,11982,7228,15.4,17.1,157,222,51,24,12,83,4158,478,423,99,0.811,0.3,0.54,"basic_hp;basic_hp;basic_mr;basic_armor;basic_power;basic_armor;basic_hp;basic_mr;basic_power;basic_haste;basic_haste;basic_armor;basic_hp;basic_as;basic_as"
86,1,522,108,150,bot1_4,Bruiser,1,FIGHTER,physical,6,7,18,3.43,21652,15720,12671,651,32.9,1.4,507,835,76,59,14,192,4942,568,477,45,0.914,0.7,1.24,"special_lifesteal;basic_power;basic_power;basic_power;basic_as;basic_hp;basic_armor;basic_as;basic_power;basic_mr;basic_hp;basic_as;basic_power;basic_as;basic_armor;basic_mr"
87,1,311,4,151,bot0_1,Mage,0,MAGE,magical,0,7,4,0.57,6581,3742,6962,107,16.8,0.5,502,709,35,12,8,4,2054,396,222,89,0.714,0,0.54,"special_lifesteal;basic_power;basic_hp;basic_haste;basic_mr;basic_armor;basic_power"
87,1,311,4,151,bot1_1,Doctor,1,SUPPORT,physical,4,2,21,12.5,6749,6030,8817,9328,20.9,32.3,163,325,19,21,10,117,3467,669,289,22,0.928,0.8,0.68,"basic_hp;basic_hp;basic_mr;basic_mr;basic_armor;basic_hp;basic_hp;basic_hp;basic_power;basic_as;basic_mr;basic_armor"
87,1,311,4,151,bot0_2,Jirina,0,FIGHTER,magical,1,6,2,0.5,8166,5116,9957,1979,21.1,8.2,518,664,24,11,8,154,2029,391,242,69,0.778,0.2,0.51,"special_lifesteal;basic_power;basic_power;basic_hp;basic_hp;basic_power"
87,1,311,4,151,bot1_2,Hana,1,TANK,magical,5,1,16,21,9929,6843,6870,0,22.9,0,559,997,11,32,10,138,3388,653,299,12,0.962,1,1,"basic_hp;basic_hp;basic_hp;basic_mr;basic_armor;basic_power;basic_mr;basic_mr;basic_haste;basic_armor;basic_armor;basic_power"
87,1,311,4,151,bot0_3,Quiller,0,SLAYER,physical,2,7,2,0.57,9484,4891,6575,159,22.5,0.7,298,472,22,16,9,202,2302,444,218,94,0.699,0.4,0.74,"special_lifesteal;basic_power;basic_power;basic_power;basic_as;basic_hp;basic_mr"
87,1,311,4,151,bot1_3,Pyromancer,1,SLAYER,magical,5,0,17,22,10457,5914,2477,254,19,0.8,353,451,27,22,11,293,3468,669,311,0,1,1,2.39,"special_lifesteal;basic_power;basic_power;basic_hp;basic_hp;basic_haste;basic_mr;basic_mr;basic_power;basic_haste;basic_armor"
87,1,311,4,151,bot0_4,Cleric,0,SUPPORT,magical,1,7,2,0.43,5599,4637,8565,2357,20.8,10.6,291,321,29,23,8,227,2077,401,223,88,0.718,0.2,0.54,"special_gw;basic_hp;basic_mr;basic_hp;basic_armor;basic_hp"
87,1,311,4,151,bot1_4,Lynx,1,SLAYER,physical,13,1,9,22,22049,12458,5402,681,41.7,2.3,515,1022,66,42,11,191,4066,784,298,13,0.959,2.5,2.31,"special_lifesteal;basic_power;basic_power;basic_as;basic_power;basic_as;basic_as;basic_power;basic_hp;basic_hp;basic_mr;basic_power;basic_armor"
88,1,443,87,151,bot0_1,Kratoma,0,SLAYER,physical,6,7,11,2.43,24425,11568,12569,0,33.9,0,323,568,27,31,12,278,4028,545,342,101,0.771,0.8,0.92,"special_gw;basic_hp;basic_power;basic_mr;basic_hp;basic_hp;basic_as;basic_power;basic_armor;basic_mr;basic_as;basic_mr;basic_armor"
88,1,443,87,151,bot1_1,Jirina,1,FIGHTER,magical,10,3,12,7.33,18900,12599,11708,10437,31.3,26,431,528,62,36,12,116,4516,612,402,41,0.908,1.4,1.08,"basic_hp;basic_hp;basic_hp;basic_power;basic_hp;basic_power;basic_hp;basic_mr;basic_armor;basic_haste;basic_armor;basic_hp;basic_mr;basic_hp;basic_armor"
88,1,443,87,151,bot0_2,Healer,0,SUPPORT,magical,5,6,11,2.67,11607,5930,13916,8826,16.4,24.3,182,219,63,25,11,196,3771,511,362,81,0.818,0.7,0.43,"special_gw;basic_hp;basic_hp;basic_mr;basic_hp;basic_mr;basic_power;basic_armor;basic_mr;basic_hp;basic_mr;basic_haste"
88,1,443,87,151,bot1_2,Summoner,1,MAGE,magical,4,5,17,4.2,11373,7348,7947,288,19.5,0.8,221,264,65,33,11,266,3791,513,377,66,0.85,0.5,0.92,"special_lifesteal;basic_power;basic_power;basic_hp;basic_power;basic_hp;basic_haste;basic_mr;basic_armor;basic_haste;basic_hp;basic_hp"
88,1,443,87,151,bot0_3,Jailer,0,TANK,magical,5,6,10,2.5,18568,9711,14142,0,27.9,0,464,597,33,34,12,13,3888,526,348,95,0.786,0.7,0.69,"basic_hp;basic_hp;basic_hp;basic_mr;basic_armor;basic_haste;basic_power;basic_as;basic_mr;basic_mr;basic_hp;basic_hp;basic_armor;basic_haste"
88,1,443,87,151,bot1_3,Goliath,1,TANK,physical,2,5,20,4.4,12402,8566,12729,2071,22.9,5.5,460,517,48,30,11,126,3701,501,375,68,0.846,0.3,0.67,"basic_hp;basic_hp;basic_hp;basic_armor;basic_hp;basic_mr;basic_hp;basic_power;basic_as;basic_mr;basic_haste;basic_armor;basic_power"
88,1,443,87,151,bot0_4,Bruiser,0,FIGHTER,physical,2,6,12,2.33,16639,9015,13736,0,25.1,0,372,522,52,44,11,181,3406,461,359,84,0.811,0.3,0.66,"special_gw;basic_hp;basic_hp;basic_hp;basic_mr;basic_mr;basic_power;basic_hp;basic_armor;basic_as;basic_power"
88,1,443,87,151,bot1_4,Tamer,1,MAGE,magical,9,5,14,4.6,23454,15310,8763,5128,41,13.7,281,481,49,18,12,42,4517,612,374,69,0.844,1.2,1.75,"special_lifesteal;basic_power;basic_hp;basic_power;basic_hp;basic_hp;basic_power;basic_haste;basic_hp;basic_mr;basic_armor;basic_power;basic_hp;basic_haste;basic_mr"
89,0,229,151,2,bot0_1,Kratoma,0,SLAYER,physical,3,1,11,14,8683,5297,3270,276,24.6,1.3,276,565,16,19,8,127,2477,649,215,14,0.94,0.8,1.62,"special_lifesteal;basic_power;basic_power;basic_as;basic_hp;basic_mr;basic_power;basic_armor"
89,0,229,151,2,bot1_1,Doctor,1,SUPPORT,physical,1,3,1,0.67,1924,1540,4621,2071,7.5,10.1,278,318,22,7,7,129,1679,440,204,24,0.893,0.3,0.33,"special_gw;basic_hp;basic_armor;basic_hp;basic_mr"
89,0,229,151,2,bot0_2,Zephyr,0,SPLITPUSHER,magical,4,0,11,15,7971,6092,3168,284,26.6,1.2,421,513,25,30,9,28,2653,695,229,0,1,1,1.92,"special_lifesteal;basic_power;basic_hp;basic_mr;basic_power;basic_hp;basic_haste;basic_armor;basic_hp"
89,0,229,151,2,bot1_2,Jailer,1,TANK,magical,0,5,2,0.4,6361,4272,7656,0,24.9,0,413,605,15,12,7,272,1597,419,171,58,0.748,0,0.56,"basic_hp;basic_hp;basic_hp;basic_armor;basic_mr"
89,0,229,151,2,bot0_3,Jirina,0,FIGHTER,magical,6,0,8,14,6425,5133,3002,4416,22.4,19.3,321,404,28,13,9,202,2777,728,229,0,1,1.6,1.71,"basic_hp;basic_hp;basic_hp;basic_mr;basic_mr;basic_hp;basic_hp;basic_mr;basic_power"
89,0,229,151,2,bot1_3,Pyromancer,1,SLAYER,magical,1,4,1,0.5,7105,2938,5729,129,16.3,0.7,259,612,15,13,7,147,1697,445,180,49,0.787,0.3,0.51,"special_lifesteal;basic_power;basic_hp;basic_power;basic_haste"
89,0,229,151,2,bot0_4,Goliath,0,TANK,physical,4,1,12,16,6535,5844,4225,1459,25.5,6.4,221,413,29,19,9,249,2674,701,229,0,1,1,1.38,"basic_hp;basic_hp;basic_hp;basic_mr;basic_mr;basic_mr;basic_armor;basic_power;basic_armor"
89,0,229,151,2,bot1_4,Hana,1,TANK,magical,0,5,2,0.4,7041,3855,7858,0,21.6,0,529,723,9,20,6,236,1561,409,179,50,0.78,0,0.49,"basic_hp;basic_hp;basic_hp;basic_armor;basic_mr"
90,0,417,151,54,bot0_1,Hana,0,TANK,magical,8,2,20,14,17211,11309,9900,0,27.1,0,389,611,28,51,13,182,4707,678,417,0,1,1.2,1.14,"basic_hp;basic_hp;basic_hp;basic_hp;basic_mr;basic_mr;basic_armor;basic_armor;basic_hp;basic_power;basic_armor;basic_haste;basic_power;basic_as;basic_haste;basic_hp"
90,0,417,151,54,bot1_1,Ironclad,1,TANK,physical,4,7,8,1.71,10939,5688,15370,0,15.6,0,312,360,33,24,11,40,3390,488,364,53,0.873,0.6,0.37,"basic_hp;basic_hp;basic_mr;basic_armor;basic_hp;basic_power;basic_hp;basic_mr;basic_as;basic_mr;basic_armor;basic_hp"
90,0,417,151,54,bot0_2,Vanguard,0,FIGHTER,physical,7,4,20,6.75,19755,12610,10135,0,35.4,0,753,917,59,42,13,88,4538,653,356,60,0.855,1,1.24,"basic_hp;basic_hp;basic_armor;basic_mr;basic_hp;basic_mr;basic_hp;basic_as;basic_armor;basic_power;basic_haste;basic_as;basic_mr;basic_power;basic_hp;basic_armor"
90,0,417,151,54,bot1_2,Wanderer,1,SLAYER,physical,4,7,8,1.71,23403,13106,10034,523,41.4,1.7,676,1243,24,18,11,235,3435,494,316,100,0.759,0.6,1.31,"special_lifesteal;basic_power;basic_power;basic_hp;basic_as;basic_mr;basic_hp;basic_armor;basic_power;basic_as;basic_hp"
90,0,417,151,54,bot0_3,Summoner,0,MAGE,magical,7,3,20,9,12076,6846,7567,375,18.4,1,195,279,58,29,12,80,4480,645,373,44,0.895,1,0.9,"special_lifesteal;basic_power;basic_hp;basic_power;basic_hp;basic_haste;basic_power;basic_haste;basic_mr;basic_armor;basic_hp;basic_mr;basic_hp;basic_power;basic_armor"
90,0,417,151,54,bot1_3,Mage,1,MAGE,magical,2,9,9,1.22,15292,7567,10359,308,26.3,1.1,547,700,54,20,11,213,3163,455,288,129,0.69,0.3,0.73,"special_lifesteal;basic_power;basic_power;basic_power;basic_hp;basic_haste;basic_mr;basic_armor;basic_power;basic_hp"
90,0,417,151,54,bot0_4,Pyromancer,0,SLAYER,magical,7,3,20,9,14520,8945,4837,274,24.1,0.7,449,720,33,24,13,198,4623,665,371,46,0.89,1,1.85,"special_lifesteal;basic_power;basic_hp;basic_power;basic_haste;basic_hp;basic_power;basic_hp;basic_mr;basic_hp;basic_power;basic_armor;basic_haste;basic_armor;basic_haste"
90,0,417,151,54,bot1_4,Eggchanter,1,SUPPORT,magical,2,6,9,1.83,7362,3652,11978,5548,10.6,16.2,113,172,35,18,11,173,3198,460,343,74,0.823,0.3,0.3,"basic_hp;basic_hp;special_heal_power;basic_mr;basic_hp;basic_mr;basic_hp;basic_armor;basic_mr;basic_armor"
91,0,252,150,1,bot0_1,Hana,0,TANK,magical,3,0,12,15,7053,4705,3977,0,18.6,0,305,490,4,28,9,304,2729,649,252,0,1,0.7,1.18,"basic_hp;basic_hp;basic_mr;basic_armor;basic_hp;basic_hp;basic_power;special_gw"
91,0,252,150,1,bot1_1,Summoner,1,MAGE,magical,1,5,0,0.2,4654,2276,5559,139,12,0.7,165,241,27,13,8,314,1864,443,190,62,0.753,0.2,0.41,"special_lifesteal;basic_power;basic_hp;basic_power;basic_mr"
91,0,252,150,1,bot0_2,Jirina,0,FIGHTER,magical,5,0,11,16,9025,5802,3508,3189,23,12.6,413,470,27,13,9,140,2890,687,252,0,1,1.2,1.65,"basic_hp;basic_hp;basic_hp;basic_hp;basic_mr;basic_power;basic_power;basic_mr;basic_mr;basic_armor"
91,0,252,150,1,bot1_2,Volstrov,1,MAGE,magical,0,5,1,0.2,9949,3459,5879,311,18.3,1.6,145,263,13,11,8,311,1836,436,189,63,0.749,0,0.59,"special_lifesteal;basic_power;basic_hp;basic_haste;basic_mr"
91,0,252,150,1,bot0_3,Quiller,0,SLAYER,physical,10,1,8,18,18280,9177,3327,656,36.4,2.6,304,603,42,24,10,310,3535,840,252,0,1,2.4,2.76,"special_lifesteal;basic_power;basic_hp;basic_power;basic_as;basic_hp;basic_mr;basic_as;basic_mr;basic_power;basic_hp"
91,0,252,150,1,bot1_3,Bruiser,1,FIGHTER,physical,0,5,0,0,5540,2450,7398,0,12.8,0,208,270,26,20,7,94,1644,391,192,60,0.76,0,0.33,"special_gw;basic_hp;basic_hp;basic_power;basic_mr"
91,0,252,150,1,bot0_4,Eggchanter,0,SUPPORT,magical,0,0,18,18,4528,2713,2726,4756,10.8,18.8,139,247,26,14,9,347,2572,611,252,0,1,0,1,"basic_hp;basic_hp;basic_hp;basic_mr;basic_mr;basic_mr;basic_power;basic_hp"
91,0,252,150,1,bot1_4,Doctor,1,SUPPORT,physical,0,3,1,0.33,2480,1609,5092,2626,7.5,12.2,208,266,22,9,7,102,1677,399,214,38,0.849,0,0.32,"basic_hp;basic_hp;basic_hp;basic_mr;basic_armor;basic_power"
92,1,434,51,150,bot0_1,Fusilier,0,SLAYER,physical,4,9,8,1.33,22479,9319,10302,560,26.3,1.6,398,631,51,22,11,45,3495,483,355,79,0.817,0.6,0.9,"special_lifesteal;basic_power;basic_as;basic_power;basic_hp;basic_mr;basic_armor;basic_power;basic_as;basic_hp;basic_mr;basic_armor"
92,1,434,51,150,bot1_1,Summoner,1,MAGE,magical,11,2,19,15,14342,7511,5074,527,18.5,1.3,221,302,66,35,14,243,5243,724,405,29,0.933,1.5,1.48,"special_lifesteal;basic_power;basic_hp;basic_power;basic_haste;basic_armor;basic_hp;basic_hp;basic_mr;basic_power;basic_haste;basic_armor;basic_hp;basic_haste;basic_power;basic_mr;basic_armor"
92,1,434,51,150,bot0_2,Eggchanter,0,SUPPORT,magical,3,8,12,1.88,8777,3979,17141,7886,11,21.9,140,203,34,19,11,190,3490,482,360,74,0.829,0.4,0.23,"basic_hp;basic_hp;basic_mr;basic_hp;basic_hp;basic_hp;basic_armor;basic_mr;basic_haste;basic_power;basic_as;basic_armor"
92,1,434,51,150,bot1_2,Ironclad,1,TANK,physical,9,1,18,27,12873,7545,10129,0,17.9,0,412,566,42,35,13,226,4901,677,421,14,0.969,1.2,0.74,"basic_hp;basic_hp;basic_hp;basic_hp;basic_armor;basic_hp;basic_armor;basic_hp;basic_mr;basic_armor;basic_mr;basic_mr;basic_hp;basic_armor;basic_hp"
92,1,434,51,150,bot0_3,Quiller,0,SLAYER,physical,4,8,11,1.88,18237,10245,9608,489,31.3,1.5,272,536,45,26,11,83,3608,498,327,107,0.754,0.6,1.07,"special_lifesteal;basic_power;basic_power;basic_as;basic_hp;basic_power;basic_mr;basic_as;basic_hp;basic_armor;basic_power;basic_as"
92,1,434,51,150,bot1_3,Wanderer,1,SLAYER,physical,12,5,17,5.8,21943,14485,7695,472,41.4,1.4,692,1468,25,17,13,288,5288,730,349,85,0.805,1.7,1.88,"special_lifesteal;basic_power;special_gw;basic_power;basic_hp;basic_as;basic_hp;basic_as;basic_armor;basic_armor;basic_power;basic_hp;basic_as;basic_power;basic_armor;basic_as"
92,1,434,51,150,bot0_4,Zephyr,0,SPLITPUSHER,magical,4,11,11,1.36,15002,8238,13593,262,25,0.8,475,593,36,39,11,42,3567,493,329,105,0.757,0.6,0.61,"special_lifesteal;basic_power;basic_power;basic_hp;basic_power;basic_haste;basic_hp;basic_hp;basic_power;basic_haste;basic_mr;basic_armor"
92,1,434,51,150,bot1_4,Jailer,1,TANK,magical,4,7,26,4.29,14334,9267,10861,0,27.3,0,590,724,32,28,12,245,4395,607,339,95,0.782,0.6,0.85,"basic_hp;basic_hp;basic_armor;basic_mr;basic_hp;basic_armor;basic_mr;basic_power;basic_armor;basic_haste;basic_mr;basic_as;basic_power;basic_hp;basic_armor"
93,1,241,1,150,bot0_1,Jirina,0,FIGHTER,magical,1,5,0,0.2,6851,2563,7676,1606,12.5,7.9,349,458,20,11,7,143,1718,428,205,36,0.85,0.2,0.33,"special_lifesteal;basic_power;basic_hp;basic_power;basic_hp"
93,1,241,1,150,bot1_1,Tamer,1,MAGE,magical,3,0,16,19,11766,6265,2771,3145,26,13.1,263,450,31,9,10,260,2910,725,241,0,1,0.7,2.26,"special_lifesteal;basic_power;basic_hp;basic_power;basic_mr;basic_hp;basic_mr;basic_hp;basic_haste"
93,1,241,1,150,bot0_2,Pyromancer,0,SLAYER,magical,0,6,1,0.17,6282,1928,5448,80,10.9,0.5,293,417,13,9,7,68,1618,403,177,64,0.734,0,0.35,"special_lifesteal;basic_power;basic_hp;basic_power;basic_mr"
93,1,241,1,150,bot1_2,Jailer,1,TANK,magical,2,0,16,18,8128,5277,2608,0,21.9,0,423,485,21,22,10,18,2768,690,241,0,1,0.5,2.02,"basic_hp;basic_hp;basic_mr;basic_power;basic_hp;basic_mr;basic_mr;basic_power;basic_haste;basic_hp"
93,1,241,1,150,bot0_3,Hana,0,TANK,magical,0,6,1,0.17,6116,2502,8348,0,13.9,0,204,375,8,19,7,27,1627,406,180,60,0.749,0,0.3,"basic_hp;basic_hp;basic_hp;basic_mr;basic_armor;basic_mr"
93,1,241,1,150,bot1_3,Lynx,1,SLAYER,physical,12,1,9,21,15004,10182,3626,495,44.7,2.2,529,851,47,32,11,260,3785,944,228,13,0.947,3,2.81,"special_lifesteal;basic_power;basic_power;basic_hp;basic_hp;basic_as;basic_mr;basic_power;basic_as;basic_hp;basic_haste;basic_power"
93,1,241,1,150,bot0_4,Eggchanter,0,SUPPORT,magical,0,6,1,0.17,3216,1711,7041,1092,9.8,6.3,124,181,13,7,7,55,1630,406,174,67,0.723,0,0.24,"basic_hp;basic_hp;basic_hp;basic_mr;basic_armor;basic_haste"
93,1,241,1,150,bot1_4,Cleric,1,SUPPORT,magical,6,0,14,20,5344,4172,1367,4147,17.3,17.2,378,410,33,29,10,206,3231,805,241,0,1,1.5,3.05,"basic_hp;basic_hp;basic_hp;basic_mr;basic_mr;basic_haste;basic_hp;basic_mr;basic_power;basic_haste;basic_power"
94,0,458,151,61,bot0_1,Doctor,0,SUPPORT,physical,6,3,14,6.67,9772,5324,8938,11077,13,27,352,464,22,27,12,114,4039,529,410,48,0.896,0.8,0.6,"basic_hp;basic_hp;special_gw;basic_mr;basic_power;basic_mr;basic_hp;basic_as;basic_haste;basic_hp;basic_mr;basic_mr;basic_hp"
94,0,458,151,61,bot1_1,Jailer,1,TANK,magical,2,7,8,1.43,15300,12330,13134,0,30.7,0,552,886,37,32,10,226,3151,413,401,57,0.876,0.3,0.94,"basic_hp;basic_hp;basic_armor;basic_mr;basic_hp;basic_power;basic_haste;basic_armor;basic_as;basic_armor;basic_mr"
94,0,458,151,61,bot0_2,Bruiser,0,FIGHTER,physical,7,3,10,5.67,17651,7655,10291,437,17.3,1,490,679,75,50,11,203,3953,518,443,15,0.968,0.9,0.74,"special_gw;special_lifesteal;basic_power;basic_hp;basic_mr;basic_hp;basic_power;basic_as;basic_hp;basic_as;basic_mr;basic_power"
94,0,458,151,61,bot1_2,Healer,1,SUPPORT,magical,2,8,8,1.25,8621,6822,14037,8535,19.5,24.4,150,212,53,25,10,140,3140,411,350,108,0.763,0.3,0.49,"basic_hp;basic_hp;basic_hp;basic_armor;basic_mr;basic_armor;basic_armor;basic_power;basic_hp;basic_mr;basic_haste"
94,0,458,151,61,bot0_3,Ironclad,0,TANK,physical,3,2,23,13,16570,12571,13322,0,27.5,0,335,607,54,42,12,307,4057,532,458,0,1,0.4,0.94,"basic_hp;basic_hp;basic_hp;basic_mr;basic_power;basic_mr;basic_as;basic_haste;basic_power;basic_as;basic_armor;basic_haste;basic_armor;basic_mr"
94,0,458,151,61,bot1_3,Pyromancer,1,SLAYER,magical,2,8,8,1.25,13814,6738,8889,123,19.2,0.4,364,517,36,28,11,45,3295,432,351,107,0.766,0.3,0.76,"special_lifesteal;basic_power;basic_power;basic_hp;basic_hp;basic_power;basic_hp;basic_hp;basic_armor;basic_haste;basic_mr"
94,0,458,151,61,bot0_4,Reaper,0,SPLITPUSHER,magical,13,2,16,14.5,29288,22009,10592,953,51.8,2.2,722,1154,66,32,13,38,5113,670,425,33,0.928,1.7,2.08,"special_lifesteal;basic_power;basic_power;basic_power;basic_hp;basic_haste;basic_mr;basic_power;basic_armor;basic_hp;basic_power;basic_haste;basic_hp;basic_haste;basic_hp;basic_mr;basic_mr"
94,0,458,151,61,bot1_4,Jirina,1,FIGHTER,magical,4,6,6,1.67,14809,11683,13386,3772,30.9,10,628,773,47,19,10,233,3333,437,378,80,0.826,0.5,0.87,"basic_hp;basic_hp;basic_armor;basic_hp;basic_power;basic_haste;basic_hp;basic_armor;basic_hp;basic_power;basic_armor"
95,1,393,67,150,bot0_1,Cleric,0,SUPPORT,magical,1,6,10,1.83,8777,5605,9567,4514,17.9,14.4,265,323,41,33,10,180,2855,436,313,80,0.796,0.2,0.59,"basic_hp;basic_hp;basic_mr;basic_armor;basic_haste;basic_power;basic_hp;basic_as;basic_mr;basic_hp"
95,1,393,67,150,bot1_1,Jirina,1,FIGHTER,magical,7,3,15,7.33,16094,13523,8674,7425,38.5,21.1,503,636,51,22,11,80,3980,607,351,42,0.893,1.1,1.56,"special_gw;basic_hp;basic_hp;basic_hp;basic_power;basic_hp;basic_power;basic_armor;basic_hp;basic_mr;basic_armor;basic_mr;basic_mr"
95,1,393,67,150,bot0_2,Goliath,0,TANK,physical,0,6,11,1.83,10937,7501,14647,1811,22.5,5.4,461,656,42,23,10,56,2731,417,334,59,0.849,0,0.51,"basic_hp;basic_hp;basic_hp;basic_mr;basic_hp;basic_armor;basic_power;basic_as;basic_mr;basic_haste"
95,1,393,67,150,bot1_2,Volstrov,1,MAGE,magical,6,3,16,7.33,14977,11376,8138,530,32.4,1.5,312,563,10,24,11,70,3945,602,351,42,0.893,0.9,1.4,"special_lifesteal;basic_power;basic_power;basic_hp;basic_power;basic_hp;basic_hp;basic_power;basic_haste;basic_mr;basic_haste;basic_power;basic_armor"
95,1,393,67,150,bot0_3,Vanguard,0,FIGHTER,physical,4,5,7,2.2,14803,8699,11422,0,26.8,0,823,937,48,30,10,193,3143,479,325,68,0.827,0.6,0.76,"basic_hp;basic_hp;basic_hp;basic_hp;basic_power;basic_power;basic_mr;basic_armor;basic_mr;basic_as;basic_haste"
95,1,393,67,150,bot1_3,Ironclad,1,TANK,physical,2,2,21,11.5,10469,8092,11917,0,22.1,0,398,503,38,30,11,262,3562,543,366,27,0.931,0.3,0.68,"basic_hp;basic_hp;basic_mr;basic_hp;basic_armor;basic_power;basic_mr;basic_hp;basic_as;basic_haste;basic_armor;basic_hp"
95,1,393,67,150,bot0_4,Hana,0,TANK,magical,6,6,5,1.83,12660,10550,12372,0,34,0,508,895,16,37,10,109,3259,497,310,83,0.789,0.9,0.85,"basic_hp;basic_hp;basic_hp;basic_mr;basic_hp;basic_armor;basic_hp;basic_mr;basic_hp;basic_power;basic_haste"
95,1,393,67,150,bot1_4,Lynx,1,SLAYER,physical,8,3,12,6.67,19683,12074,5575,633,32,1.7,599,878,61,55,11,154,3929,599,378,16,0.96,1.2,2.17,"special_lifesteal;special_gw;basic_power;basic_hp;basic_power;basic_hp;basic_as;basic_armor;basic_power;basic_as;basic_hp;basic_as"
96,0,329,150,2,bot0_1,Volstrov,0,MAGE,magical,4,1,21,25,9107,8701,3295,310,27.4,1,233,466,3,8,10,186,3461,632,318,11,0.967,0.7,2.64,"special_lifesteal;basic_power;basic_hp;basic_power;basic_mr;basic_power;basic_hp;basic_hp;basic_power;basic_mr;basic_haste"
96,0,329,150,2,bot1_1,Jirina,1,FIGHTER,magical,1,5,1,0.4,6052,3591,8343,687,13.5,2.6,321,417,24,9,8,211,2061,376,265,63,0.807,0.2,0.43,"basic_hp;basic_hp;basic_hp;basic_armor;basic_armor;basic_power;basic_mr"
96,0,329,150,2,bot0_2,Quiller,0,SLAYER,physical,6,0,21,27,17584,10568,2257,529,32.1,1.6,313,618,56,28,11,247,3822,698,329,0,1,1.1,4.68,"special_lifesteal;basic_power;basic_power;basic_as;basic_power;basic_as;basic_hp;basic_hp;basic_as;basic_power;basic_mr;basic_hp"
96,0,329,150,2,bot1_2,Wanderer,1,SLAYER,physical,0,8,2,0.25,13176,6944,8807,212,29.2,0.9,826,1406,14,13,8,28,2078,379,238,91,0.723,0,0.79,"special_lifesteal;basic_power;basic_as;basic_hp;basic_power;basic_armor;basic_mr"
96,0,329,150,2,bot0_3,Doctor,0,SUPPORT,physical,2,0,20,22,5619,4276,6862,10795,13,32.8,130,218,21,22,10,117,3142,573,329,0,1,0.4,0.62,"special_gw;basic_hp;basic_hp;basic_mr;basic_armor;basic_mr;basic_hp;basic_hp;basic_armor;basic_mr"
96,0,329,150,2,bot1_3,Healer,1,SUPPORT,magical,1,8,1,0.25,6381,3172,10577,1899,13.4,8,131,186,30,12,9,93,2193,400,237,91,0.722,0.2,0.3,"basic_hp;basic_hp;basic_hp;basic_armor;basic_mr;basic_haste;basic_armor;basic_power"
96,0,329,150,2,bot0_4,Lynx,0,SLAYER,physical,17,1,10,27,17665,13292,6122,0,42.4,0,487,805,65,39,11,258,4458,814,313,16,0.953,3.1,2.17,"special_gw;basic_hp;basic_hp;basic_hp;basic_power;basic_power;basic_mr;basic_mr;basic_hp;basic_as;basic_mr;basic_hp;basic_power;basic_as"
96,0,329,150,2,bot1_4,Hana,1,TANK,magical,0,8,1,0.13,4596,3290,10698,0,14,0,208,556,7,28,7,71,1896,346,235,94,0.713,0,0.31,"basic_hp;basic_hp;basic_hp;basic_armor;basic_mr;basic_power;basic_haste"
97,0,417,150,76,bot0_1,Vanguard,0,FIGHTER,physical,3,5,21,4.8,15745,7865,10602,0,22.7,0,563,685,58,34,12,275,3875,558,347,70,0.833,0.4,0.74,"basic_hp;basic_hp;basic_hp;basic_mr;basic_power;basic_armor;basic_as;basic_haste;basic_power;basic_hp;basic_mr;basic_mr;basic_hp"
97,0,417,150,76,bot1_1,Cleric,1,SUPPORT,magical,3,7,11,2,11781,7825,12509,7901,23.3,23.6,370,431,48,40,11,116,3391,488,335,81,0.805,0.4,0.63,"basic_hp;basic_hp;basic_hp;basic_armor;basic_power;basic_armor;basic_haste;basic_power;basic_haste;basic_hp;basic_as;basic_armor"
97,0,417,150,76,bot0_2,Oracle,0,MAGE,physical,10,2,15,12.5,25106,14120,8485,761,36.7,2,446,644,30,27,13,37,4737,682,385,32,0.923,1.4,1.66,"special_lifesteal;basic_power;basic_power;basic_hp;basic_hp;basic_as;basic_hp;basic_mr;basic_armor;basic_as;basic_power;basic_as;basic_mr;basic_armor;basic_hp;basic_power"
97,0,417,150,76,bot1_2,Jailer,1,TANK,magical,3,8,10,1.63,13931,9724,14370,0,31,0,477,614,27,29,10,63,3263,470,314,103,0.753,0.4,0.68,"basic_hp;basic_hp;basic_armor;basic_power;basic_armor;basic_hp;basic_haste;basic_as;basic_mr;basic_power;basic_haste;basic_armor"
97,0,417,150,76,bot0_3,Kratoma,0,SLAYER,physical,14,3,9,7.67,23617,12714,9176,716,34.2,1.9,333,623,30,30,13,251,5026,723,372,45,0.892,2,1.39,"special_lifesteal;basic_power;basic_power;basic_power;basic_as;basic_hp;basic_as;basic_as;basic_hp;basic_mr;basic_armor;basic_power;basic_mr;basic_power;basic_hp;basic_as"
97,0,417,150,76,bot1_3,Summoner,1,MAGE,magical,2,6,12,2.33,12188,8128,9680,272,24.1,0.8,209,297,49,24,10,217,3192,459,338,79,0.81,0.3,0.84,"special_lifesteal;basic_power;basic_hp;basic_haste;basic_power;basic_power;basic_power;basic_hp;basic_haste;basic_armor"
97,0,417,150,76,bot0_4,Ironclad,0,TANK,physical,3,4,23,6.5,9908,6099,12013,0,17.2,0,348,537,34,25,12,95,3995,575,355,61,0.853,0.4,0.51,"basic_hp;basic_hp;basic_hp;basic_mr;basic_hp;basic_mr;basic_armor;basic_armor;basic_power;basic_as;basic_hp;basic_mr;basic_haste;basic_armor"
97,0,417,150,76,bot1_4,Quiller,1,SLAYER,physical,6,9,5,1.22,13840,7509,8304,275,24.7,0.9,272,465,33,26,10,156,3406,490,304,113,0.729,0.9,0.9,"special_lifesteal;basic_power;basic_power;basic_power;basic_as;basic_hp;basic_armor;basic_power;basic_as;basic_haste;basic_as"
98,1,311,22,151,bot0_1,Goliath,0,TANK,physical,1,7,5,0.86,6059,3321,11149,835,14.8,3.7,184,292,27,15,8,136,2261,436,224,87,0.721,0.2,0.3,"basic_hp;basic_hp;basic_armor;basic_mr;basic_armor;basic_mr;basic_hp;basic_as"
98,1,311,22,151,bot1_1,Kratoma,1,SLAYER,physical,8,1,14,22,14697,8448,4447,425,28.1,1.4,256,533,23,27,11,302,3777,728,300,11,0.965,1.5,1.9,"special_lifesteal;basic_power;basic_power;basic_hp;basic_power;basic_hp;basic_as;basic_as;basic_armor;basic_hp;basic_armor;basic_haste"
98,1,311,22,151,bot0_2,Bruiser,0,FIGHTER,physical,1,5,0,0.2,6937,1560,7755,245,6.1,1,159,326,30,24,7,120,1945,375,255,56,0.821,0.2,0.2,"special_lifesteal;special_gw;basic_power;basic_hp;basic_power"
98,1,311,22,151,bot1_2,Reaper,1,SPLITPUSHER,magical,6,3,16,7.33,12619,10327,6826,434,37.9,1.6,515,779,34,18,11,247,3572,689,272,39,0.875,1.2,1.51,"special_lifesteal;basic_power;basic_hp;basic_armor;basic_power;basic_hp;basic_hp;basic_power;basic_armor;basic_armor;basic_hp"
98,1,311,22,151,bot0_3,Quiller,0,SLAYER,physical,3,7,3,0.86,13304,8506,7376,322,39.6,1.5,254,505,26,19,9,87,2437,470,215,96,0.69,0.6,1.15,"special_lifesteal;basic_power;basic_as;basic_hp;basic_power;basic_as;basic_armor;basic_hp"
98,1,311,22,151,bot1_3,Cleric,1,SUPPORT,magical,5,1,13,18,8906,5728,4100,6133,19.1,20.4,312,371,46,41,10,47,3297,636,300,11,0.966,1,1.4,"basic_hp;basic_hp;basic_hp;basic_armor;basic_armor;basic_haste;basic_armor;basic_power;basic_mr;basic_hp;basic_haste;basic_as"
98,1,311,22,151,bot0_4,Ironclad,0,TANK,physical,1,5,3,0.8,5080,3570,9811,0,14.5,0,268,365,19,14,8,62,2137,412,246,65,0.79,0.2,0.36,"basic_hp;basic_hp;basic_hp;basic_armor;basic_mr;basic_power;basic_as;basic_haste"
98,1,311,22,151,bot1_4,Oracle,1,MAGE,physical,5,1,16,21,10321,7575,2737,163,24.3,0.5,353,450,23,22,11,203,3453,666,311,0,1,1,2.77,"special_lifesteal;basic_power;basic_hp;basic_as;basic_power;basic_hp;basic_hp;basic_armor;basic_as;basic_power;basic_as"
99,1,428,75,150,bot0_1,Cleric,0,SUPPORT,magical,2,8,14,2,10519,6996,13096,5296,22.3,16.9,325,387,46,40,11,218,3418,479,313,115,0.731,0.3,0.53,"basic_hp;basic_hp;basic_armor;basic_armor;basic_mr;basic_haste;basic_hp;basic_power;basic_armor;basic_mr;basic_haste;basic_as"
99,1,428,75,150,bot1_1,Bruiser,1,FIGHTER,physical,4,5,15,3.8,13102,7028,7414,0,18.2,0,240,422,56,43,11,126,3726,522,387,42,0.902,0.6,0.95,"special_gw;basic_hp;basic_hp;basic_mr;basic_mr;basic_hp;basic_mr;basic_power;basic_hp;basic_mr;basic_power;basic_as"
99,1,428,75,150,bot0_2,Jirina,0,FIGHTER,magical,4,6,7,1.83,16290,8807,14326,4422,25.4,12.8,408,517,49,21,10,46,3296,461,347,82,0.809,0.6,0.61,"basic_hp;basic_hp;basic_hp;basic_armor;basic_power;basic_armor;basic_hp;basic_haste;basic_mr;basic_armor;basic_power;basic_as"
99,1,428,75,150,bot1_2,Ironclad,1,TANK,physical,9,3,13,7.33,11941,9314,11856,0,24.3,0,411,531,34,29,12,220,4295,601,384,45,0.895,1.3,0.79,"basic_hp;basic_hp;basic_mr;basic_hp;basic_power;basic_mr;basic_mr;basic_as;basic_as;basic_power;basic_armor;basic_armor;basic_haste;basic_haste;basic_hp"
99,1,428,75,150,bot0_3,Mage,0,MAGE,magical,6,6,8,2.33,19697,11349,9540,420,33.2,1.2,714,908,75,26,12,345,3920,549,342,87,0.797,0.8,1.19,"special_lifesteal;basic_power;basic_power;basic_hp;basic_haste;basic_power;basic_power;basic_armor;basic_mr;basic_hp;basic_power;basic_haste"
99,1,428,75,150,bot1_3,Kratoma,1,SLAYER,physical,8,4,13,5.25,20604,10049,7622,685,26.8,1.8,307,593,30,27,12,358,4233,593,375,54,0.875,1.1,1.32,"special_lifesteal;basic_power;basic_power;basic_as;basic_hp;basic_power;basic_as;basic_mr;basic_armor;basic_power;basic_as;basic_power;basic_hp"
99,1,428,75,150,bot0_4,Tamer,0,MAGE,magical,4,8,11,1.88,13419,6508,7923,2464,21,7.9,336,566,41,14,11,161,3611,506,310,118,0.724,0.6,0.82,"special_lifesteal;basic_hp;basic_power;basic_haste;basic_hp;basic_power;basic_haste;basic_armor;basic_armor;basic_mr;basic_hp;basic_mr"
99,1,428,75,150,bot1_4,Reaper,1,SPLITPUSHER,magical,7,4,15,5.5,24672,14817,9158,902,39.7,2.4,808,1134,60,29,12,329,4204,589,373,56,0.87,1,1.62,"special_lifesteal;basic_power;basic_power;basic_power;basic_hp;basic_haste;basic_hp;basic_mr;basic_hp;basic_power;basic_haste;basic_armor;basic_power"
100,1,340,36,150,bot0_1,Healer,0,SUPPORT,magical,3,7,5,1.14,7752,4067,11490,5212,14.9,19.1,146,208,41,19,10,205,2755,485,273,67,0.802,0.5,0.35,"basic_hp;basic_hp;basic_hp;basic_mr;basic_hp;basic_mr;basic_armor;basic_hp;basic_armor"
100,1,340,36,150,bot1_1,Cleric,1,SUPPORT,magical,5,2,16,10.5,10155,7954,5879,6537,25.4,20.9,393,441,50,43,11,250,3575,630,313,27,0.92,0.9,1.35,"special_gw;basic_hp;basic_hp;basic_hp;basic_armor;basic_power;basic_hp;basic_mr;basic_armor;basic_power;basic_hp"
100,1,340,36,150,bot0_2,Goliath,0,TANK,physical,0,5,9,1.8,7286,3834,11222,1492,14.1,5.5,318,406,31,17,9,66,2466,435,272,68,0.799,0,0.34,"basic_hp;basic_hp;basic_hp;basic_mr;basic_hp;basic_armor;basic_power;basic_as;basic_haste"
100,1,340,36,150,bot1_2,Tamer,1,MAGE,magical,4,3,16,6.67,17262,14417,5559,3950,48.1,13.2,365,698,42,12,10,152,3327,586,299,41,0.88,0.7,2.59,"special_lifesteal;basic_power;basic_power;basic_hp;basic_haste;basic_armor;basic_power;basic_hp;basic_mr;basic_haste;basic_armor"
100,1,340,36,150,bot0_3,Vanguard,0,FIGHTER,physical,1,3,8,3,10517,5515,9716,0,18.4,0,434,485,52,28,9,361,2536,447,300,41,0.88,0.2,0.57,"basic_hp;basic_hp;basic_hp;basic_power;basic_hp;basic_power;basic_mr;basic_armor"
100,1,340,36,150,bot1_3,Lynx,1,SLAYER,physical,7,3,6,4.33,13894,8553,5419,494,28.7,1.7,333,706,56,41,10,141,3316,584,298,43,0.874,1.2,1.58,"special_lifesteal;special_gw;basic_power;basic_power;basic_hp;basic_hp;basic_as;basic_power;basic_as;basic_armor"
100,1,340,36,150,bot0_4,Quiller,0,SLAYER,physical,5,6,4,1.5,18541,7816,5587,322,26.2,1.1,293,485,42,24,11,169,3119,550,299,42,0.877,0.9,1.4,"special_lifesteal;basic_power;basic_power;basic_power;basic_as;basic_hp;basic_as;basic_mr;basic_power;basic_armor"
100,1,340,36,150,bot1_4,Ironclad,1,TANK,physical,5,1,9,14,7512,4864,6266,0,14.8,0,339,487,35,24,10,89,3189,562,329,12,0.966,0.9,0.78,"basic_hp;basic_hp;basic_hp;basic_armor;basic_armor;basic_mr;basic_hp;basic_armor;basic_as;basic_mr;basic_hp"
101,0,440,152,71,bot0_1,Quiller,0,SLAYER,physical,8,2,20,14,26501,12459,4063,769,29.9,1.8,301,685,63,41,13,165,4890,666,417,23,0.947,1.1,3.07,"special_lifesteal;basic_power;basic_as;basic_hp;basic_mr;basic_armor;basic_power;basic_power;basic_as;basic_hp;basic_mr;basic_armor;basic_power;basic_as;basic_power;basic_hp"
101,0,440,152,71,bot1_1,Eggchanter,1,SUPPORT,magical,4,7,4,1.14,6255,3628,11345,5300,10.7,15.6,124,200,36,18,10,225,3175,433,340,100,0.772,0.5,0.32,"special_gw;basic_hp;basic_hp;basic_hp;basic_hp;basic_mr;basic_armor;basic_power;basic_haste;basic_mr"
101,0,440,152,71,bot0_2,Hana,0,TANK,magical,2,1,22,24,17062,8693,9910,0,20.3,0,361,596,22,54,12,398,3973,541,428,12,0.973,0.3,0.88,"basic_hp;basic_hp;basic_hp;basic_mr;basic_power;basic_mr;basic_mr;basic_haste;basic_armor;basic_hp;basic_power;basic_as;basic_mr"
101,0,440,152,71,bot1_2,Pyromancer,1,SLAYER,magical,0,7,8,1.14,11533,5220,11005,181,15.5,0.5,302,397,30,21,10,155,2780,379,336,104,0.763,0,0.47,"special_lifesteal;basic_power;basic_power;basic_hp;basic_mr;basic_hp;basic_haste;basic_power;basic_armor"
101,0,440,152,71,bot0_3,Cleric,0,SUPPORT,magical,7,3,20,9,11628,5271,6368,7223,13.1,18,293,339,61,47,13,186,4686,639,401,39,0.911,1,0.83,"special_heal_power;basic_hp;basic_mr;basic_hp;basic_hp;basic_mr;basic_haste;basic_power;basic_hp;basic_as;basic_mr;basic_hp;basic_haste;basic_mr;basic_haste"
101,0,440,152,71,bot1_3,Jailer,1,TANK,magical,3,8,5,1,11367,6841,12352,0,21.2,0,467,519,27,24,10,95,3045,415,322,118,0.732,0.4,0.55,"special_gw;basic_hp;basic_hp;basic_hp;basic_mr;basic_armor;basic_power;basic_haste;basic_mr;basic_hp"
101,0,440,152,71,bot0_4,Mage,0,MAGE,magical,13,3,16,9.67,28416,14493,6165,515,36,1.3,621,995,98,33,14,256,5306,723,402,38,0.913,1.8,2.35,"special_lifesteal;basic_power;basic_power;basic_hp;basic_mr;basic_haste;basic_as;basic_hp;basic_power;basic_hp;basic_mr;basic_mr;basic_hp;basic_power;basic_mr;basic_haste;basic_haste"
101,0,440,152,71,bot1_4,Tamer,1,MAGE,magical,2,8,7,1.13,15261,8468,8651,3982,26.8,12.6,285,465,36,12,11,228,3128,426,316,124,0.719,0.3,0.98,"special_lifesteal;basic_power;basic_hp;basic_mr;basic_haste;basic_armor;basic_power;basic_hp;basic_hp;basic_mr"
102,0,294,151,3,bot0_1,Cleric,0,SUPPORT,magical,3,0,24,27,7063,4962,3093,6870,16.9,23.4,293,347,43,34,12,32,3657,747,294,0,1,0.6,1.6,"basic_hp;basic_hp;basic_hp;basic_hp;basic_hp;basic_armor;basic_armor;basic_mr;basic_armor;basic_haste;special_heal_power;basic_mr"
102,0,294,151,3,bot1_1,Eggchanter,1,SUPPORT,magical,1,7,2,0.43,5480,2169,8834,3052,9.4,13.2,121,209,20,12,8,20,2095,428,231,63,0.787,0.2,0.25,"special_heal_power;basic_hp;basic_hp;basic_mr;basic_mr;basic_armor;basic_haste"
102,0,294,151,3,bot0_2,Summoner,0,MAGE,magical,6,2,16,11,6699,4529,3798,147,17.1,0.6,200,274,39,21,11,155,3505,716,264,29,0.9,1.2,1.19,"special_lifesteal;basic_power;basic_hp;basic_power;basic_haste;basic_hp;basic_haste;basic_hp;basic_power;basic_power;basic_hp"
102,0,294,151,3,bot1_2,Kratoma,1,SLAYER,physical,1,7,2,0.43,8938,4153,7523,234,20.1,1.1,294,506,13,14,8,50,2100,429,207,87,0.704,0.2,0.55,"special_lifesteal;basic_power;basic_power;basic_as;basic_hp;basic_mr;basic_armor"
102,0,294,151,3,bot0_3,Fusilier,0,SLAYER,physical,13,0,14,27,22693,13594,3234,748,46.3,2.5,594,814,50,18,12,180,4355,890,294,0,1,2.7,4.2,"special_lifesteal;basic_power;basic_power;basic_power;basic_as;basic_hp;basic_as;basic_as;basic_armor;basic_hp;basic_power;basic_mr;basic_power;basic_hp"
102,0,294,151,3,bot1_3,Jailer,1,TANK,magical,1,7,2,0.43,9067,4878,10092,0,23,0,378,486,20,18,8,247,2097,429,212,82,0.722,0.2,0.48,"basic_hp;basic_hp;basic_mr;basic_armor;basic_mr;basic_haste;basic_hp"
102,0,294,151,3,bot0_4,Hana,0,TANK,magical,6,1,18,24,10715,5958,7174,0,20.3,0,282,627,19,37,11,280,3730,762,294,0,1,1.2,0.83,"basic_hp;basic_hp;basic_hp;basic_armor;basic_mr;basic_haste;basic_power;basic_armor;basic_hp;basic_armor;basic_hp;basic_hp"
102,0,294,151,3,bot1_4,Wanderer,1,SLAYER,physical,0,7,3,0.43,11003,3692,8233,218,17.1,1,397,579,13,11,8,254,2054,420,216,78,0.735,0,0.45,"special_lifesteal;basic_power;basic_hp;basic_power;basic_as;basic_mr"
103,1,340,47,151,bot0_1,Quiller,0,SLAYER,physical,3,6,6,1.5,13531,5782,5779,393,22.3,1.5,198,478,33,22,10,161,2836,500,259,81,0.762,0.5,1,"special_lifesteal;basic_power;basic_power;basic_power;basic_as;basic_power;basic_hp;basic_mr;basic_armor"
103,1,340,47,151,bot1_1,Vanguard,1,FIGHTER,physical,5,2,9,7,12474,5071,8410,0,16.1,0,584,649,47,34,10,213,3213,566,314,26,0.923,0.9,0.6,"basic_hp;basic_hp;basic_power;basic_hp;basic_armor;basic_hp;basic_armor;basic_mr;basic_power;basic_as;basic_armor"
103,1,340,47,151,bot0_2,Jailer,0,TANK,magical,4,6,4,1.33,8978,6660,10215,0,24.8,0,412,521,20,21,9,108,2758,486,269,72,0.789,0.7,0.65,"basic_hp;basic_hp;basic_hp;basic_armor;basic_mr;basic_armor;basic_hp;basic_hp;basic_hp"
103,1,340,47,151,bot1_2,Kratoma,1,SLAYER,physical,10,3,12,7.33,13227,8687,5366,351,28.1,1.1,253,517,25,24,12,288,4163,734,309,31,0.908,1.8,1.62,"special_lifesteal;basic_power;basic_as;basic_power;basic_hp;basic_armor;basic_power;basic_mr;basic_as;basic_power;basic_as;basic_hp;basic_power"
103,1,340,47,151,bot0_3,Jirina,0,FIGHTER,magical,1,6,8,1.5,7355,4513,7588,1197,17.2,4.6,340,400,20,6,9,244,2619,461,263,78,0.771,0.2,0.59,"special_lifesteal;basic_power;basic_hp;basic_power;basic_hp;basic_mr;basic_armor;basic_hp"
103,1,340,47,151,bot1_3,Healer,1,SUPPORT,magical,3,3,16,6.33,7226,5799,6498,4469,17.8,13.7,161,225,55,14,10,28,3228,569,326,15,0.957,0.5,0.89,"basic_hp;basic_hp;special_heal_power;basic_armor;basic_armor;basic_mr;basic_mr;basic_power;basic_hp;basic_haste;basic_armor"
103,1,340,47,151,bot0_4,Wanderer,0,SLAYER,physical,3,6,6,1.5,11715,5781,7125,257,22.3,1,613,1106,17,15,9,116,2741,483,260,81,0.762,0.5,0.81,"special_lifesteal;basic_power;basic_hp;basic_as;basic_power;basic_hp;basic_armor;basic_power;basic_mr"
103,1,340,47,151,bot1_4,Pyromancer,1,SLAYER,magical,6,3,17,7.67,10101,7071,5569,203,23.6,0.7,388,603,30,22,11,203,3728,657,300,41,0.88,1.1,1.27,"special_lifesteal;basic_power;basic_power;basic_hp;basic_power;basic_hp;basic_haste;basic_haste;basic_armor;basic_mr;basic_power;basic_hp"
104,0,485,150,128,bot0_1,Bruiser,0,FIGHTER,physical,10,3,17,9,21908,11973,11323,659,26.8,1.5,406,735,76,52,13,80,5105,632,447,38,0.921,1.2,1.06,"special_lifesteal;basic_power;basic_hp;basic_power;basic_hp;basic_as;basic_hp;basic_power;basic_mr;basic_armor;basic_as;basic_as;basic_mr;basic_power;basic_hp;basic_as;basic_armor"
104,0,485,150,128,bot1_1,Kratoma,1,SLAYER,physical,1,9,12,1.44,16119,10394,13284,416,28.9,1.2,262,577,29,29,11,123,3323,411,360,125,0.743,0.1,0.78,"special_lifesteal;basic_power;basic_hp;basic_power;basic_as;basic_hp;basic_armor;basic_power;basic_mr;basic_hp;basic_as"
104,0,485,150,128,bot0_2,Healer,0,SUPPORT,magical,5,4,26,7.75,11358,6287,8075,6870,14.5,15.9,161,221,67,25,13,7,4757,588,433,52,0.893,0.6,0.78,"special_heal_power;basic_hp;basic_hp;basic_hp;basic_hp;basic_mr;basic_armor;basic_mr;basic_armor;basic_haste;basic_mr;basic_armor;basic_mr;basic_haste;basic_power;basic_armor"
104,0,485,150,128,bot1_2,Tamer,1,MAGE,magical,6,7,7,1.86,24069,15157,9599,6808,40.9,18.4,298,506,51,20,12,159,3934,487,371,114,0.765,0.7,1.58,"special_lifesteal;basic_power;basic_power;basic_hp;basic_power;basic_haste;basic_armor;basic_mr;basic_hp;basic_power;basic_haste;basic_armor;basic_mr"
104,0,485,150,128,bot0_3,Goliath,0,TANK,physical,4,2,25,14.5,18097,8374,12568,4160,18.1,9,309,628,60,41,13,231,4656,576,464,21,0.956,0.5,0.67,"basic_hp;basic_hp;basic_hp;basic_mr;basic_armor;basic_mr;basic_hp;basic_power;basic_as;basic_armor;basic_mr;basic_power;basic_haste;basic_armor;basic_as;basic_mr"
104,0,485,150,128,bot1_3,Eggchanter,1,SUPPORT,magical,3,6,10,2.17,8505,4760,11923,7332,12.2,18.8,120,233,44,23,11,171,3471,429,389,96,0.803,0.4,0.4,"basic_hp;basic_hp;basic_hp;basic_hp;basic_armor;basic_mr;basic_armor;basic_haste;basic_armor;basic_power;basic_armor;basic_as"
104,0,485,150,128,bot0_4,Oracle,0,MAGE,physical,12,4,18,7.5,34235,15857,12207,923,36.4,2.1,582,587,35,31,14,204,5554,687,435,50,0.897,1.5,1.3,"special_lifesteal;basic_power;basic_hp;basic_as;basic_power;basic_hp;basic_hp;basic_as;basic_mr;basic_power;basic_armor;basic_mr;basic_as;basic_power;basic_armor;basic_as;basic_power;basic_mr"
104,0,485,150,128,bot1_4,Pyromancer,1,SLAYER,magical,3,9,10,1.44,16215,9333,10305,212,26.3,0.6,597,754,30,22,11,47,3547,439,355,130,0.732,0.4,0.91,"special_lifesteal;basic_power;basic_power;basic_hp;basic_haste;basic_power;basic_power;basic_hp;basic_haste;basic_armor;basic_armor;basic_mr"
105,0,346,152,14,bot0_1,Ironclad,0,TANK,physical,8,1,14,22,8367,6697,5390,0,20,0,327,471,36,26,11,191,3816,661,336,11,0.969,1.4,1.24,"basic_hp;basic_hp;special_gw;basic_armor;basic_armor;basic_hp;basic_hp;basic_mr;basic_power;basic_hp;basic_mr;basic_armor"
105,0,346,152,14,bot1_1,Quiller,1,SLAYER,physical,1,6,4,0.83,14439,6441,7132,276,24.4,1,272,454,35,21,9,86,2411,418,264,82,0.763,0.2,0.9,"special_lifesteal;basic_power;basic_power;basic_hp;basic_as;basic_hp;basic_armor;basic_mr"
105,0,346,152,14,bot0_2,Jirina,0,FIGHTER,magical,4,0,19,23,11234,7163,5558,4636,20.7,13.4,336,404,45,17,10,94,3419,592,346,0,1,0.7,1.29,"special_gw;basic_hp;basic_power;basic_armor;basic_hp;basic_hp;basic_power;basic_hp;basic_armor;basic_hp;basic_mr"
105,0,346,152,14,bot1_2,Doctor,1,SUPPORT,physical,0,5,5,1,4397,3557,7904,2821,12.7,10,188,271,20,13,8,79,2179,377,281,65,0.812,0,0.45,"special_heal_power;basic_hp;basic_hp;basic_mr;basic_armor;basic_hp;basic_power"
105,0,346,152,14,bot0_3,Healer,0,SUPPORT,magical,2,1,21,23,8251,7177,4987,5237,21.4,15.6,162,198,61,15,10,47,3272,567,336,11,0.969,0.3,1.44,"special_gw;basic_hp;basic_armor;basic_hp;basic_hp;basic_mr;basic_armor;basic_hp;basic_mr;basic_power;basic_haste"
105,0,346,152,14,bot1_3,Jailer,1,TANK,magical,2,7,3,0.71,8937,5534,10275,0,21.4,0,402,613,24,19,8,18,2368,410,258,88,0.746,0.3,0.54,"basic_hp;basic_hp;special_gw;basic_hp;basic_armor;basic_mr;basic_power;basic_haste"
105,0,346,152,14,bot0_4,Lynx,0,SLAYER,physical,10,3,14,8,15925,13304,7032,518,43.9,1.7,486,872,55,42,11,262,4087,708,303,43,0.876,1.7,1.89,"special_lifesteal;basic_power;basic_hp;basic_power;basic_power;basic_hp;basic_as;basic_hp;basic_armor;basic_as;basic_mr;basic_as;basic_power"
105,0,346,152,14,bot1_4,Hana,1,TANK,magical,2,6,3,0.83,8397,5902,10848,0,20.2,0,379,579,8,41,8,210,2385,413,292,55,0.843,0.3,0.54,"basic_hp;basic_hp;basic_hp;basic_hp;basic_mr;basic_armor;basic_armor;basic_haste"
106,1,428,63,150,bot0_1,Hana,0,TANK,magical,3,6,12,2.5,12445,6683,14828,0,19.6,0,459,824,12,44,10,35,3335,467,342,87,0.797,0.4,0.45,"basic_hp;basic_hp;basic_mr;basic_armor;basic_hp;basic_hp;basic_power;basic_mr;basic_haste;basic_armor;basic_as;basic_hp"
106,1,428,63,150,bot1_1,Healer,1,SUPPORT,magical,6,2,19,12.5,11682,6415,6593,5756,16,14.4,156,203,74,19,12,332,4207,589,400,28,0.934,0.8,0.97,"special_gw;basic_hp;basic_hp;basic_armor;basic_mr;basic_hp;basic_armor;basic_power;basic_haste;basic_hp;basic_mr;basic_hp;basic_armor"
106,1,428,63,150,bot0_2,Jirina,0,FIGHTER,magical,4,6,10,2.33,15185,6330,15101,3107,18.6,9.1,337,434,44,18,11,215,3465,485,341,88,0.795,0.6,0.42,"special_gw;basic_hp;basic_mr;basic_power;basic_hp;basic_hp;basic_haste;basic_mr;basic_armor;basic_hp;basic_mr"
106,1,428,63,150,bot1_2,Kratoma,1,SLAYER,physical,5,5,17,4.4,19681,13101,8960,524,32.7,1.3,351,767,35,31,12,30,3980,557,400,28,0.934,0.7,1.46,"special_lifesteal;basic_power;basic_as;basic_power;basic_hp;basic_power;basic_as;basic_armor;basic_power;basic_as;basic_power;basic_as;basic_hp"
106,1,428,63,150,bot0_3,Quiller,0,SLAYER,physical,4,5,12,3.2,18164,8937,8360,526,25,1.5,284,581,48,30,11,124,3599,504,357,71,0.834,0.6,1.07,"special_lifesteal;basic_power;basic_power;basic_hp;basic_as;basic_hp;basic_power;basic_as;basic_mr;basic_armor;basic_mr;basic_hp"
106,1,428,63,150,bot1_3,Tamer,1,MAGE,magical,7,6,15,3.67,21609,15867,8483,4456,45.3,12.7,425,569,51,18,12,23,4148,581,350,78,0.818,1,1.87,"special_lifesteal;basic_hp;basic_power;basic_hp;basic_power;basic_haste;basic_hp;basic_hp;basic_mr;basic_haste;basic_armor;basic_armor;basic_hp;basic_mr"
106,1,428,63,150,bot0_4,Doctor,0,SUPPORT,physical,5,9,7,1.33,7575,5284,14323,8590,15.2,24.6,248,307,31,22,11,135,3435,481,349,80,0.813,0.7,0.37,"special_gw;basic_hp;basic_hp;basic_hp;basic_hp;basic_mr;basic_mr;basic_armor;basic_power;basic_as;basic_hp"
106,1,428,63,150,bot1_4,Mage,1,MAGE,magical,8,3,16,8,19823,13735,6272,523,35.9,1.4,577,792,94,34,12,187,4362,611,383,46,0.893,1.1,2.19,"special_lifesteal;basic_power;basic_power;basic_power;basic_hp;basic_haste;basic_hp;basic_haste;basic_hp;basic_power;basic_power;basic_armor;basic_haste;basic_mr"
107,0,452,150,75,bot0_1,Goliath,0,TANK,physical,3,2,23,13,13986,8177,12549,3241,19.2,7.6,420,472,59,35,12,228,4203,558,427,25,0.944,0.4,0.65,"basic_hp;basic_hp;basic_hp;basic_hp;basic_mr;basic_mr;basic_armor;basic_as;basic_hp;basic_mr;basic_power;basic_haste;basic_armor;basic_hp"
107,0,452,150,75,bot1_1,Eggchanter,1,SUPPORT,magical,2,9,7,1,7271,5665,14088,5964,14.9,15.7,136,213,38,19,10,102,3052,405,381,71,0.842,0.3,0.4,"special_gw;basic_hp;basic_armor;basic_hp;basic_hp;basic_mr;basic_mr;basic_power;basic_haste;basic_hp"
107,0,452,150,75,bot0_2,Healer,0,SUPPORT,magical,7,2,22,14.5,12172,7810,8590,10744,17.8,24.5,164,225,84,27,13,218,4793,636,439,13,0.972,0.9,0.91,"special_gw;basic_hp;basic_hp;basic_mr;basic_hp;basic_hp;basic_armor;basic_power;basic_mr;basic_hp;basic_haste;basic_hp;basic_mr;basic_armor;basic_mr"
107,0,452,150,75,bot1_2,Quiller,1,SLAYER,physical,3,9,5,0.89,19330,10660,10094,426,31.7,1.3,276,549,48,31,11,242,3192,424,337,115,0.745,0.4,1.06,"special_lifesteal;basic_power;basic_power;basic_hp;basic_as;basic_hp;basic_power;basic_armor;basic_as;basic_hp"
107,0,452,150,75,bot0_3,Jailer,0,TANK,magical,4,3,25,9.67,19044,13000,9395,0,31.4,0,467,837,47,41,13,35,4535,602,414,38,0.916,0.5,1.38,"special_gw;basic_hp;basic_hp;basic_hp;basic_mr;basic_armor;basic_power;basic_mr;basic_mr;basic_hp;basic_haste;basic_mr;basic_hp;basic_armor;basic_armor"
107,0,452,150,75,bot1_3,Jirina,1,FIGHTER,magical,2,7,6,1.14,12444,8296,14958,4230,23.7,12.1,487,579,43,22,9,15,2890,384,350,102,0.774,0.3,0.55,"special_lifesteal;basic_power;basic_hp;basic_armor;basic_mr;basic_hp;basic_haste;basic_power;basic_armor;basic_haste"
107,0,452,150,75,bot0_4,Fusilier,0,SLAYER,physical,18,3,13,10.33,39414,24513,7952,1188,57.6,2.8,508,890,73,29,14,146,5571,739,426,26,0.942,2.4,3.08,"special_lifesteal;basic_power;basic_power;basic_as;basic_hp;basic_mr;basic_as;basic_power;basic_armor;basic_as;basic_power;basic_hp;basic_hp;basic_power;basic_as;basic_mr;basic_power;basic_armor"
107,0,452,150,75,bot1_4,Hana,1,TANK,magical,3,7,7,1.43,13597,11156,17030,0,32,0,366,562,17,38,10,74,3099,411,349,103,0.771,0.4,0.66,"basic_hp;basic_hp;basic_hp;basic_armor;basic_hp;basic_armor;basic_hp;basic_mr;basic_power;basic_haste;basic_as"
108,1,505,72,151,bot0_1,Bruiser,0,FIGHTER,physical,4,8,8,1.5,13708,6973,11036,400,17.6,1,345,529,61,42,11,289,3739,444,396,109,0.784,0.5,0.63,"special_lifesteal;basic_power;basic_hp;basic_power;basic_as;basic_mr;basic_armor;basic_hp;basic_as;basic_mr;basic_hp;basic_armor"
108,1,505,72,151,bot1_1,Hana,1,TANK,magical,4,4,24,7,15658,11576,15305,0,26,0,312,678,29,44,12,210,4510,536,445,60,0.881,0.5,0.76,"basic_hp;basic_hp;basic_hp;basic_armor;basic_mr;basic_armor;basic_hp;basic_armor;basic_hp;basic_haste;basic_armor;basic_power;basic_hp;basic_mr;basic_as"
108,1,505,72,151,bot0_2,Ironclad,0,TANK,physical,5,6,9,2.33,11934,9023,17717,0,21.3,0,434,524,42,31,12,146,3996,475,424,81,0.84,0.6,0.51,"basic_hp;basic_hp;basic_hp;basic_mr;basic_hp;basic_armor;basic_mr;basic_power;basic_mr;basic_hp;basic_hp;basic_as;basic_hp"
108,1,505,72,151,bot1_2,Reaper,1,SPLITPUSHER,magical,12,3,18,10,27245,18638,10013,903,41.1,2,1000,1419,58,32,13,170,5395,641,453,52,0.898,1.4,1.86,"special_lifesteal;basic_power;basic_hp;basic_power;basic_haste;basic_armor;basic_power;basic_power;basic_hp;basic_haste;basic_power;basic_power;basic_mr;basic_hp;basic_haste;basic_power;basic_armor"
108,1,505,72,151,bot0_3,Jailer,0,TANK,magical,2,9,12,1.56,18913,14584,14735,0,37.8,0,461,713,38,36,11,55,3555,422,386,119,0.765,0.2,0.99,"basic_hp;basic_hp;basic_hp;basic_mr;basic_mr;basic_armor;basic_armor;basic_haste;basic_power;basic_haste;basic_as;basic_power;basic_hp"
108,1,505,72,151,bot1_3,Healer,1,SUPPORT,magical,8,3,22,10,15254,10064,10427,12504,22,27.4,170,229,87,27,14,140,5190,617,457,48,0.905,1,0.97,"basic_hp;basic_hp;basic_hp;basic_hp;basic_armor;basic_armor;special_heal_power;basic_armor;basic_mr;basic_power;basic_armor;basic_mr;basic_hp;basic_mr;basic_haste;basic_power;basic_haste"
108,1,505,72,151,bot0_4,Wanderer,0,SLAYER,physical,3,8,9,1.5,27591,13044,10924,493,33.4,1.3,622,1169,33,24,11,163,3663,435,391,114,0.774,0.4,1.19,"special_lifesteal;basic_power;basic_power;basic_as;basic_hp;basic_mr;basic_armor;basic_as;basic_hp;basic_power;basic_mr;basic_power"
108,1,505,72,151,bot1_4,Vanguard,1,FIGHTER,physical,7,4,21,7,21122,11194,11290,0,23.8,0,624,779,69,47,13,318,4743,564,471,34,0.932,0.8,0.99,"basic_hp;basic_hp;basic_hp;basic_armor;basic_armor;basic_mr;basic_armor;basic_as;basic_mr;basic_power;basic_haste;basic_hp;basic_as;basic_power;basic_haste;basic_hp"
109,1,407,73,150,bot0_1,Healer,0,SUPPORT,magical,5,5,12,3.4,8698,5347,10104,8420,15.2,23.9,161,210,50,23,12,73,3898,574,353,55,0.866,0.7,0.53,"special_gw;basic_hp;basic_hp;basic_mr;basic_hp;basic_hp;basic_mr;basic_armor;basic_power;basic_armor;basic_power;special_gw"
109,1,407,73,150,bot1_1,Summoner,1,MAGE,magical,5,4,14,4.75,8525,5419,5817,230,15.4,0.7,172,245,52,27,11,156,3631,535,352,56,0.863,0.7,0.93,"special_lifesteal;basic_power;basic_power;basic_hp;basic_hp;basic_mr;basic_mr;basic_hp;basic_haste;basic_power;basic_armor;basic_haste"
109,1,407,73,150,bot0_2,Quiller,0,SLAYER,physical,6,7,11,2.43,21230,10861,9056,517,31.5,1.5,278,632,45,28,11,105,3855,568,344,63,0.845,0.9,1.2,"special_lifesteal;basic_power;basic_power;basic_hp;basic_as;basic_hp;basic_mr;basic_as;basic_armor;basic_power;basic_as;basic_mr;basic_armor"
109,1,407,73,150,bot1_2,Eggchanter,1,SUPPORT,magical,3,3,14,5.67,9202,4108,8872,8501,11.3,23.3,138,273,43,23,11,202,3477,512,365,43,0.895,0.4,0.46,"basic_hp;basic_hp;basic_mr;basic_power;basic_armor;basic_hp;basic_mr;basic_mr;basic_hp;basic_armor;basic_haste;basic_power"
109,1,407,73,150,bot0_3,Hana,0,TANK,magical,1,4,14,3.75,16559,6905,13622,0,19.2,0,347,601,14,46,12,59,3484,513,360,48,0.883,0.1,0.51,"basic_hp;basic_hp;basic_hp;basic_hp;basic_mr;basic_armor;basic_mr;basic_armor;basic_hp;basic_hp;basic_power;basic_haste"
109,1,407,73,150,bot1_3,Wanderer,1,SLAYER,physical,8,6,11,3.17,24671,14475,10689,563,43.2,1.7,801,1319,34,22,12,15,4165,613,335,73,0.822,1.2,1.35,"special_lifesteal;basic_power;basic_hp;basic_power;basic_hp;basic_as;basic_mr;basic_hp;basic_armor;basic_power;basic_as;basic_as;basic_power;basic_hp"
109,1,407,73,150,bot0_4,Mage,0,MAGE,magical,5,5,12,3.4,25820,10618,8033,555,31.7,1.7,687,910,78,30,13,20,4120,607,335,72,0.823,0.7,1.32,"special_lifesteal;basic_power;basic_power;basic_hp;basic_haste;basic_hp;basic_mr;basic_power;basic_armor;basic_power;basic_haste;basic_mr;basic_hp;basic_haste"
109,1,407,73,150,bot1_4,Jailer,1,TANK,magical,5,4,15,5,11524,8833,10567,0,25.3,0,399,450,33,25,11,7,3757,553,349,59,0.856,0.7,0.84,"basic_hp;basic_hp;basic_hp;basic_hp;basic_mr;basic_armor;basic_power;basic_mr;basic_mr;basic_hp;basic_hp;basic_armor;basic_power"
110,0,323,151,27,bot0_1,Quiller,0,SLAYER,physical,3,2,19,11,19588,8653,3990,676,28.6,2.2,273,535,49,29,11,169,3369,626,302,21,0.937,0.6,2.17,"special_lifesteal;basic_power;basic_power;basic_as;basic_hp;basic_power;basic_as;basic_hp;basic_mr;basic_as;basic_armor"
110,0,323,151,27,bot1_1,Healer,1,SUPPORT,magical,0,7,2,0.29,5720,3586,8714,3064,13.9,11.9,169,195,32,14,8,198,1998,371,257,66,0.797,0,0.41,"special_heal_power;basic_hp;basic_armor;basic_haste;basic_power;basic_hp"
110,0,323,151,27,bot0_2,Doctor,0,SUPPORT,physical,5,0,16,21,6634,4836,5499,10339,15,32,225,280,25,20,11,242,3492,649,323,0,1,0.9,0.88,"basic_hp;basic_hp;special_gw;basic_mr;basic_mr;basic_power;basic_as;basic_hp;basic_haste;basic_hp;basic_mr"
110,0,323,151,27,bot1_2,Summoner,1,MAGE,magical,0,6,1,0.17,3782,1958,6567,42,7.9,0.2,160,228,32,16,7,94,1894,352,247,76,0.764,0,0.3,"special_lifesteal;basic_power;basic_power;basic_hp;basic_armor;basic_haste"
110,0,323,151,27,bot0_3,Goliath,0,TANK,physical,5,1,19,24,12109,8775,8163,2178,28.1,7,379,621,34,29,11,123,3598,669,312,11,0.967,0.9,1.07,"basic_hp;basic_hp;basic_mr;basic_hp;basic_mr;basic_mr;basic_power;basic_as;basic_haste;basic_power;basic_armor;basic_as;basic_haste"
110,0,323,151,27,bot1_3,Jailer,1,TANK,magical,3,6,0,0.5,10728,6478,9816,0,26.9,0,561,661,25,20,9,230,2380,442,241,82,0.746,0.6,0.66,"basic_hp;basic_hp;basic_armor;basic_hp;basic_armor;basic_haste;basic_armor;basic_power"
110,0,323,151,27,bot0_4,Lynx,0,SLAYER,physical,12,0,7,19,18525,9950,4325,535,30.8,1.7,428,871,63,40,11,293,4043,751,323,0,1,2.2,2.3,"special_gw;special_lifesteal;basic_power;basic_hp;basic_power;basic_hp;basic_as;basic_mr;basic_as;basic_power;basic_hp;basic_mr"
110,0,323,151,27,bot1_4,Jirina,1,FIGHTER,magical,0,6,1,0.17,7010,3890,8848,1652,14.2,6,289,439,25,13,7,73,1873,348,273,50,0.846,0,0.44,"special_lifesteal;basic_power;basic_power;basic_hp;basic_armor;basic_haste"
111,1,252,3,150,bot0_1,Pyromancer,0,SLAYER,magical,1,6,2,0.5,6208,3488,6051,103,19.8,0.6,409,524,15,12,8,97,1922,457,176,76,0.699,0.2,0.58,"special_lifesteal;basic_power;basic_hp;basic_power;basic_haste;basic_hp"
111,1,252,3,150,bot1_1,Volstrov,1,MAGE,magical,6,0,10,16,8900,6769,3721,292,26.8,1.2,264,459,4,10,9,71,2971,706,252,0,1,1.4,1.82,"special_lifesteal;basic_power;basic_hp;basic_haste;basic_mr;basic_power;basic_hp;basic_haste;basic_hp;basic_armor"
111,1,252,3,150,bot0_2,Vanguard,0,FIGHTER,physical,2,3,1,1,5777,2879,6394,0,12.8,0,513,566,36,15,8,179,2004,476,225,27,0.892,0.5,0.45,"basic_hp;basic_hp;basic_hp;basic_power;basic_mr;basic_armor;basic_as"
111,1,252,3,150,bot1_2,Lynx,1,SLAYER,physical,5,2,9,7,10738,6695,3065,325,29.6,1.4,510,671,49,25,9,100,2750,654,226,26,0.896,1.2,2.18,"special_lifesteal;basic_power;basic_hp;basic_as;basic_mr;basic_power;basic_hp;basic_as;basic_power"
111,1,252,3,150,bot0_3,Jailer,0,TANK,magical,0,4,2,0.5,6793,2867,5582,0,14.1,0,430,643,17,14,8,221,1796,427,203,50,0.803,0,0.51,"basic_hp;basic_hp;basic_hp;basic_mr;basic_armor;basic_haste"
111,1,252,3,150,bot1_3,Eggchanter,1,SUPPORT,magical,3,0,13,16,5276,3763,2226,5673,14.9,22.5,116,186,30,16,9,74,2699,642,252,0,1,0.7,1.69,"special_heal_power;basic_hp;basic_mr;basic_hp;basic_hp;basic_mr;basic_armor;basic_haste;basic_power"
111,1,252,3,150,bot0_4,Doctor,0,SUPPORT,physical,0,3,3,1,3530,2511,6281,2271,11.7,10.5,157,199,21,12,7,224,1774,422,215,37,0.853,0,0.4,"special_gw;basic_hp;basic_mr;basic_hp;basic_armor"
111,1,252,3,150,bot1_4,Goliath,1,TANK,physical,2,1,14,16,7849,5450,4930,2300,22.7,9.6,384,441,27,21,9,75,2550,606,240,13,0.95,0.5,1.11,"basic_hp;basic_hp;basic_hp;basic_mr;basic_armor;basic_power;basic_hp;basic_mr;basic_mr"
112,0,358,150,8,bot0_1,Healer,0,SUPPORT,magical,5,1,15,20,9270,6167,5342,4543,18,13.2,156,214,65,19,11,259,3609,605,343,15,0.959,0.8,1.15,"basic_hp;basic_hp;basic_hp;basic_mr;basic_mr;basic_hp;basic_armor;basic_mr;basic_hp;basic_haste;basic_power;basic_armor"
112,0,358,150,8,bot1_1,Hana,1,TANK,magical,1,6,1,0.33,8776,6325,10888,0,22.4,0,533,894,7,37,8,230,2155,361,282,76,0.787,0.2,0.58,"basic_hp;basic_hp;basic_hp;basic_armor;basic_hp;basic_armor;basic_mr"
112,0,358,150,8,bot0_2,Lynx,0,SLAYER,physical,7,1,15,22,15292,10902,5099,414,31.7,1.2,372,682,62,34,11,104,3879,650,344,14,0.962,1.2,2.14,"special_gw;basic_hp;special_lifesteal;basic_power;basic_as;basic_power;basic_mr;basic_hp;basic_power;basic_hp;basic_as;basic_as"
112,0,358,150,8,bot1_2,Reaper,1,SPLITPUSHER,magical,1,7,1,0.29,6982,4274,8023,158,16,0.6,448,672,25,14,8,113,2213,371,267,91,0.747,0.2,0.53,"special_lifesteal;basic_power;basic_hp;basic_power;basic_haste;basic_armor;basic_power"
112,0,358,150,8,bot0_3,Jirina,0,FIGHTER,magical,5,0,17,22,13390,7366,5154,2618,20.6,7.3,478,583,46,11,11,189,3789,635,358,0,1,0.8,1.43,"basic_hp;basic_hp;basic_hp;basic_mr;basic_mr;basic_hp;basic_power;basic_haste;basic_mr;basic_armor;basic_power;basic_as;basic_hp"
112,0,358,150,8,bot1_3,Bruiser,1,FIGHTER,physical,0,6,2,0.33,6772,3075,7265,83,10.9,0.3,318,402,39,33,8,24,2074,347,282,76,0.788,0,0.42,"special_gw;special_lifesteal;basic_power;basic_hp;basic_as;basic_armor"
112,0,358,150,8,bot0_4,Oracle,0,MAGE,physical,8,0,16,24,17570,9560,3467,498,26.7,1.4,541,683,27,27,12,100,4025,674,358,0,1,1.3,2.76,"special_lifesteal;basic_power;basic_power;basic_as;basic_as;basic_power;basic_power;basic_as;basic_hp;basic_power;basic_hp;basic_mr;basic_hp"
112,0,358,150,8,bot1_4,Eggchanter,1,SUPPORT,magical,0,6,2,0.33,7676,3840,9704,4916,13.9,17.8,151,208,30,14,8,39,2139,358,276,82,0.771,0,0.4,"special_heal_power;special_heal_power;basic_hp;basic_armor;basic_mr;basic_haste"
113,0,323,151,16,bot0_1,Kratoma,0,SLAYER,physical,7,0,10,17,12336,8392,3999,307,26,1,342,684,26,28,10,38,3388,630,323,0,1,1.3,2.1,"special_lifesteal;basic_power;basic_power;basic_power;basic_as;basic_as;basic_power;basic_as;basic_hp;basic_hp;basic_as"
113,0,323,151,16,bot1_1,Quiller,1,SLAYER,physical,0,6,0,0,13981,4477,5206,297,17.9,1.2,221,474,28,21,8,211,2011,374,250,72,0.775,0,0.86,"special_lifesteal;basic_power;basic_power;basic_as;basic_hp;basic_armor"
113,0,323,151,16,bot0_2,Jirina,0,FIGHTER,magical,2,0,17,19,9348,6987,4870,6486,21.6,20.1,317,467,38,21,9,298,2948,548,323,0,1,0.4,1.43,"basic_hp;basic_hp;special_lifesteal;basic_power;basic_power;basic_hp;basic_armor;basic_armor;basic_mr"
113,0,323,151,16,bot1_2,Ironclad,1,TANK,physical,0,4,1,0.25,8006,3813,11436,0,14.1,0,349,441,25,21,9,67,2067,384,270,53,0.837,0,0.33,"basic_hp;basic_hp;basic_armor;basic_hp;basic_hp;basic_hp;basic_mr"
113,0,323,151,16,bot0_3,Vanguard,0,FIGHTER,physical,6,1,12,18,11741,8100,6724,0,25.3,0,375,549,42,34,10,228,3328,618,321,2,0.993,1.1,1.2,"basic_hp;basic_hp;basic_hp;basic_armor;basic_hp;basic_power;basic_mr;basic_armor;basic_hp;basic_armor;basic_power"
113,0,323,151,16,bot1_3,Zephyr,1,SPLITPUSHER,magical,1,5,0,0.2,6405,3581,6452,174,13.8,0.7,332,383,27,23,9,13,2188,407,259,63,0.804,0.2,0.56,"special_lifesteal;basic_power;basic_power;basic_hp;basic_haste;basic_power;basic_power"
113,0,323,151,16,bot0_4,Eggchanter,0,SUPPORT,magical,5,0,12,17,5629,3937,2324,4147,12.2,12.8,149,216,32,17,10,68,3218,598,323,0,1,0.9,1.69,"basic_hp;basic_hp;basic_hp;basic_armor;basic_armor;basic_hp;basic_power;basic_armor;basic_mr;basic_hp;basic_armor"
113,0,323,151,16,bot1_4,Goliath,1,TANK,physical,0,5,1,0.2,7394,3480,8529,970,13.5,3.8,248,393,30,16,9,242,2142,398,258,64,0.801,0,0.41,"basic_hp;basic_hp;basic_armor;basic_hp;basic_mr;basic_hp;basic_power"
114,1,358,3,151,bot0_1,Healer,0,SUPPORT,magical,1,6,2,0.5,7020,5176,10512,5771,18.2,20.3,139,199,39,18,8,337,2237,375,285,73,0.796,0.2,0.49,"basic_hp;basic_hp;basic_hp;basic_mr;basic_armor;basic_hp;basic_haste"
114,1,358,3,151,bot1_1,Pyromancer,1,SLAYER,magical,1,1,19,20,7178,5715,3296,119,16.6,0.3,277,402,24,18,10,366,3066,514,343,15,0.959,0.2,1.73,"special_lifesteal;basic_power;basic_power;basic_hp;basic_power;basic_haste;basic_hp;basic_haste;basic_hp"
114,1,358,3,151,bot0_2,Bruiser,0,FIGHTER,physical,1,5,2,0.6,6845,4593,6656,203,15.7,0.7,283,319,40,33,8,151,2201,369,293,65,0.817,0.2,0.69,"special_lifesteal;special_gw;basic_power;basic_hp;basic_as;basic_mr"
114,1,358,3,151,bot1_2,Lynx,1,SLAYER,physical,10,2,7,8.5,15680,11367,4577,434,34.4,1.3,506,892,77,43,11,371,3871,649,331,27,0.924,1.7,2.48,"special_lifesteal;basic_power;basic_power;basic_hp;basic_as;basic_hp;basic_as;basic_hp;basic_armor;basic_power;basic_as;basic_mr"
114,1,358,3,151,bot0_3,Hana,0,TANK,magical,0,5,3,0.6,8518,5929,10780,0,20.1,0,454,923,10,36,8,260,2110,353,295,63,0.823,0,0.55,"basic_hp;basic_hp;basic_hp;basic_mr;basic_mr;basic_armor;basic_power"
114,1,358,3,151,bot1_3,Jirina,1,FIGHTER,magical,9,0,13,22,17689,13697,8286,8394,38.3,23.4,485,613,62,31,11,338,3938,660,358,0,1,1.5,1.65,"special_lifesteal;basic_power;basic_hp;basic_haste;basic_power;basic_hp;basic_power;basic_armor;basic_power;basic_hp;basic_mr;basic_power"
114,1,358,3,151,bot0_4,Vanguard,0,FIGHTER,physical,1,6,2,0.5,10667,4056,11582,0,12.6,0,291,295,51,26,9,509,2384,399,321,37,0.897,0.2,0.35,"special_gw;basic_hp;basic_hp;basic_mr;basic_hp;basic_mr"
114,1,358,3,151,bot1_4,Healer,1,SUPPORT,magical,2,0,19,21,8428,7034,5198,4913,19.6,13.7,143,207,60,16,10,292,3267,547,358,0,1,0.3,1.35,"basic_hp;basic_hp;basic_hp;basic_mr;basic_armor;basic_power;basic_mr;basic_haste;basic_armor;basic_hp;basic_power"
115,1,263,11,150,bot0_1,Mage,0,MAGE,magical,0,7,5,0.71,9836,3540,6655,146,18.9,0.8,326,488,37,12,8,199,1999,456,188,75,0.714,0,0.53,"special_lifesteal;basic_power;basic_hp;basic_power;basic_armor;basic_haste"
115,1,263,11,150,bot1_1,Hana,1,TANK,magical,4,1,15,19,8498,5614,5048,0,22.4,0,488,735,12,31,10,20,3095,707,251,12,0.955,0.9,1.11,"basic_hp;basic_hp;basic_hp;basic_mr;basic_mr;basic_power;basic_hp;basic_haste;basic_mr;basic_as;basic_hp"
115,1,263,11,150,bot0_2,Reaper,0,SPLITPUSHER,magical,1,6,3,0.67,4483,2368,6165,139,12.5,0.7,452,670,16,8,8,127,1977,451,190,73,0.722,0.2,0.38,"special_lifesteal;basic_power;basic_power;basic_hp;basic_power;basic_haste"
115,1,263,11,150,bot1_2,Bruiser,1,FIGHTER,physical,5,1,9,14,7646,2676,4094,288,10.7,1.2,241,395,31,22,9,199,2849,650,250,13,0.952,1.1,0.65,"special_lifesteal;basic_power;basic_hp;basic_power;basic_hp;basic_mr;basic_mr;basic_as;basic_hp"
115,1,263,11,150,bot0_3,Tamer,0,MAGE,magical,4,6,1,0.83,7801,3204,6284,1687,17.2,9.1,266,457,22,6,9,112,2437,556,186,77,0.707,0.9,0.51,"special_lifesteal;basic_power;basic_hp;basic_power;basic_hp;basic_haste;basic_armor;basic_mr"
115,1,263,11,150,bot1_3,Fusilier,1,SLAYER,physical,11,1,14,25,21276,11537,3313,674,43.9,2.6,441,833,44,14,11,159,3934,898,263,0,1,2.5,3.48,"special_lifesteal;basic_power;basic_hp;basic_power;basic_power;basic_hp;basic_as;basic_as;basic_as;basic_hp;basic_mr;basic_armor;basic_mr"
115,1,263,11,150,bot0_4,Cleric,0,SUPPORT,magical,0,6,4,0.67,6449,3790,7191,1361,20.1,7.2,277,336,24,22,8,97,1897,433,189,74,0.718,0,0.53,"special_heal_power;basic_hp;basic_hp;basic_armor;basic_mr;basic_haste"
115,1,263,11,150,bot1_4,Kratoma,1,SLAYER,physical,5,2,12,8.5,9319,4628,2554,313,19.4,1.3,209,467,20,18,10,311,3011,687,238,24,0.907,1.1,1.81,"special_lifesteal;basic_power;basic_power;basic_power;basic_as;basic_hp;basic_hp;basic_hp;basic_as"
116,0,417,150,47,bot0_1,Zephyr,0,SPLITPUSHER,magical,5,3,16,7,15372,8113,8721,486,20.1,1.2,437,629,52,51,11,16,3866,556,403,15,0.965,0.7,0.93,"special_lifesteal;basic_power;basic_hp;basic_armor;basic_power;basic_haste;basic_hp;basic_hp;basic_armor;basic_power;basic_armor;basic_hp;basic_haste"
116,0,417,150,47,bot1_1,Doctor,1,SUPPORT,physical,7,7,6,1.86,6802,5241,12593,7806,16.3,24.3,320,458,34,23,11,99,3674,528,322,96,0.771,1,0.42,"special_heal_power;basic_hp;basic_hp;basic_hp;basic_hp;basic_armor;basic_hp;basic_mr;basic_power;basic_as;basic_armor;basic_mr"
116,0,417,150,47,bot0_2,Goliath,0,TANK,physical,9,2,16,12.5,11598,8940,8765,3035,23.2,7.9,459,628,43,28,12,13,4413,634,385,32,0.923,1.3,1.02,"basic_hp;basic_hp;basic_armor;basic_hp;basic_armor;basic_armor;basic_hp;basic_armor;basic_power;basic_as;basic_hp;basic_power;basic_power;basic_armor;basic_power"
116,0,417,150,47,bot1_2,Fusilier,1,SLAYER,physical,4,6,10,2.33,21940,12467,10097,578,35.9,1.7,415,633,53,22,11,28,3528,507,347,70,0.832,0.6,1.23,"special_lifesteal;basic_power;basic_power;basic_as;basic_hp;basic_as;basic_armor;basic_mr;basic_power;basic_hp;basic_armor;basic_power"
116,0,417,150,47,bot0_3,Hana,0,TANK,magical,8,5,18,5.2,17760,13986,12797,0,33.5,0,419,759,23,54,12,193,4343,624,417,0,1,1.1,1.09,"basic_hp;basic_hp;basic_hp;basic_armor;basic_armor;basic_armor;basic_haste;basic_hp;basic_armor;basic_hp;basic_haste;basic_armor;basic_power;basic_hp"
116,0,417,150,47,bot1_3,Vanguard,1,FIGHTER,physical,2,5,9,2.2,11937,7378,12003,0,19.5,0,395,567,58,35,10,37,3062,440,377,40,0.904,0.3,0.61,"basic_hp;basic_hp;basic_hp;basic_armor;basic_hp;basic_mr;basic_as;basic_power;basic_hp;basic_haste;basic_armor"
116,0,417,150,47,bot0_4,Oracle,0,MAGE,physical,4,4,18,5.5,20639,10884,6682,528,30.4,1.5,485,661,30,25,12,130,3880,558,358,59,0.858,0.6,1.63,"special_lifesteal;basic_power;basic_power;basic_hp;basic_as;basic_armor;basic_mr;basic_hp;basic_as;basic_power;basic_armor;basic_mr;basic_hp"
116,0,417,150,47,bot1_4,Lynx,1,SLAYER,physical,1,8,10,1.38,12939,8426,9408,350,27.7,1.1,557,889,49,38,10,105,2980,428,304,113,0.729,0.1,0.9,"special_lifesteal;special_gw;basic_power;basic_power;basic_hp;basic_hp;basic_as;basic_as;basic_armor"
117,0,402,150,84,bot0_1,Doctor,0,SUPPORT,physical,4,3,21,8.33,10103,7372,13523,15056,20.3,41.5,258,342,21,29,12,25,4000,597,363,39,0.903,0.6,0.55,"basic_hp;basic_hp;basic_hp;basic_mr;basic_mr;basic_hp;basic_armor;basic_power;basic_armor;basic_hp;basic_mr;basic_as;basic_mr;basic_armor"
117,0,402,150,84,bot1_1,Pyromancer,1,SLAYER,magical,5,9,9,1.56,17411,9155,8808,211,28.2,0.6,538,823,30,26,11,213,3513,524,325,77,0.808,0.7,1.04,"special_lifesteal;basic_power;basic_power;basic_power;basic_hp;basic_haste;basic_armor;basic_mr;basic_power;basic_hp;basic_power"
117,0,402,150,84,bot0_2,Kratoma,0,SLAYER,physical,7,4,20,6.75,21043,12422,10913,446,35.4,1.3,304,552,29,31,12,106,4306,643,351,51,0.874,1,1.14,"special_lifesteal;basic_power;basic_as;basic_power;basic_as;basic_hp;basic_mr;basic_hp;basic_armor;basic_power;basic_power;basic_as;basic_as;basic_power"
117,0,402,150,84,bot1_2,Hana,1,TANK,magical,2,8,13,1.88,14970,9598,14592,0,33.5,0,520,878,14,41,10,182,3182,475,287,115,0.714,0.3,0.66,"basic_hp;basic_hp;basic_hp;basic_armor;basic_armor;basic_mr;basic_power;basic_haste;basic_mr;basic_hp;basic_armor"
117,0,402,150,84,bot0_3,Bruiser,0,FIGHTER,physical,11,3,13,8,16588,9904,9860,559,27.5,1.6,310,651,55,41,12,101,4551,679,360,42,0.896,1.6,1,"special_lifesteal;basic_power;basic_as;basic_power;basic_power;basic_as;basic_power;basic_hp;basic_hp;basic_mr;basic_as;basic_armor;basic_mr;basic_hp;basic_power"
117,0,402,150,84,bot1_3,Vanguard,1,FIGHTER,physical,1,7,8,1.29,13281,6408,11657,0,20.8,0,702,886,38,29,10,133,2833,423,307,95,0.765,0.1,0.55,"basic_hp;basic_hp;basic_hp;basic_armor;basic_power;basic_hp;basic_armor;basic_as;basic_power;basic_mr"
117,0,402,150,84,bot0_4,Tamer,0,MAGE,magical,8,7,13,3,21226,9977,7401,4486,28.9,13,345,569,49,14,12,126,4201,627,345,57,0.859,1.2,1.35,"special_lifesteal;basic_power;basic_hp;basic_power;basic_haste;basic_mr;basic_armor;basic_power;basic_hp;basic_mr;basic_haste;basic_armor;basic_power;basic_hp"
117,0,402,150,84,bot1_4,Summoner,1,MAGE,magical,9,6,7,2.67,12574,7222,8990,311,23.9,1,198,282,47,23,11,267,4017,600,302,100,0.752,1.3,0.8,"special_lifesteal;basic_power;basic_power;basic_hp;basic_power;basic_hp;basic_armor;basic_haste;basic_mr;basic_hp;basic_armor;basic_haste;basic_mr"
118,0,376,150,38,bot0_1,Hana,0,TANK,magical,7,6,12,3.17,13674,9564,11690,0,31.2,0,456,677,19,38,11,19,3744,598,307,69,0.816,1.1,0.82,"basic_hp;basic_hp;basic_armor;basic_hp;basic_armor;basic_mr;basic_hp;basic_armor;basic_armor;basic_mr;basic_power;basic_mr;basic_hp"
118,0,376,150,38,bot1_1,Goliath,1,TANK,physical,3,5,13,3.2,15929,8022,12629,2742,22.9,7.8,598,768,45,29,12,175,3700,591,350,25,0.932,0.5,0.64,"basic_hp;basic_hp;basic_mr;basic_power;basic_hp;basic_as;basic_haste;basic_armor;basic_mr;basic_mr;basic_power;basic_hp;basic_as"
118,0,376,150,38,bot0_2,Eggchanter,0,SUPPORT,magical,2,3,17,6.33,6918,5803,8236,6643,17.3,19.8,139,188,43,20,10,62,3262,521,335,41,0.892,0.3,0.7,"special_gw;basic_hp;basic_hp;basic_armor;basic_hp;basic_power;basic_armor;basic_power;basic_mr;basic_haste;basic_armor"
118,0,376,150,38,bot1_2,Wanderer,1,SLAYER,physical,2,6,15,2.83,18348,10677,7896,322,36.7,1.1,714,1130,24,14,12,239,3439,549,291,85,0.774,0.3,1.35,"special_lifesteal;basic_power;basic_hp;basic_as;basic_mr;basic_power;basic_hp;basic_hp;basic_armor;basic_as;basic_power"
118,0,376,150,38,bot0_3,Pyromancer,0,SLAYER,magical,2,3,17,6.33,13970,7477,5254,248,22.5,0.7,347,582,36,23,11,389,3289,525,332,44,0.883,0.3,1.42,"special_lifesteal;basic_power;basic_hp;basic_power;basic_power;basic_armor;basic_hp;basic_haste;basic_mr;basic_armor"
118,0,376,150,38,bot1_3,Zephyr,1,SPLITPUSHER,magical,4,5,12,3.2,9593,5365,7563,208,17.3,0.7,375,471,36,32,11,9,3509,560,309,66,0.823,0.6,0.71,"special_lifesteal;basic_power;basic_power;basic_hp;basic_mr;basic_haste;basic_hp;basic_armor;basic_hp;basic_mr;basic_power;basic_mr"
118,0,376,150,38,bot0_4,Jailer,0,TANK,magical,9,5,10,3.8,14943,11537,9333,0,36.8,0,605,718,32,36,11,224,3899,623,313,62,0.834,1.4,1.24,"basic_hp;basic_hp;basic_hp;basic_armor;basic_armor;basic_mr;basic_haste;basic_armor;basic_hp;basic_hp;basic_power;basic_armor;basic_mr"
118,0,376,150,38,bot1_4,Vanguard,1,FIGHTER,physical,8,4,9,4.25,17788,8161,9859,0,25.8,0,458,810,53,34,12,232,4132,660,316,59,0.842,1.3,0.83,"basic_hp;basic_hp;basic_mr;basic_hp;basic_power;basic_mr;basic_as;basic_power;basic_mr;basic_hp;basic_as;basic_power;basic_mr;basic_haste"
119,0,372,150,35,bot0_1,Fusilier,0,SLAYER,physical,10,4,14,6,20267,14162,5907,552,43.8,1.7,412,868,47,19,12,262,4412,711,323,49,0.869,1.6,2.4,"special_lifesteal;basic_power;basic_hp;basic_as;basic_power;basic_hp;basic_power;basic_as;basic_hp;basic_as;basic_armor;basic_power;basic_mr;basic_as"
119,0,372,150,35,bot1_1,Lynx,1,SLAYER,physical,5,6,4,1.5,11962,7835,6527,300,26.7,1,500,846,49,41,10,111,3061,493,293,79,0.788,0.8,1.2,"special_lifesteal;basic_power;basic_power;basic_power;basic_as;basic_as;basic_hp;basic_power;basic_mr;basic_armor"
119,0,372,150,35,bot0_2,Zephyr,0,SPLITPUSHER,magical,4,3,15,6.33,11695,7011,7347,347,21.3,1.1,355,610,34,38,10,240,3415,550,329,43,0.885,0.6,0.95,"special_lifesteal;basic_power;basic_hp;basic_power;basic_power;basic_power;basic_hp;basic_power;basic_power;basic_haste"
119,0,372,150,35,bot1_2,Hana,1,TANK,magical,2,7,6,1.14,9317,6236,11643,0,21.3,0,391,481,14,35,10,276,2726,439,292,80,0.785,0.3,0.54,"basic_hp;basic_hp;basic_armor;basic_mr;basic_hp;basic_armor;basic_mr;basic_hp;basic_haste"
119,0,372,150,35,bot0_3,Bruiser,0,FIGHTER,physical,8,3,12,6.67,11880,8323,8056,409,25.3,1.2,353,631,54,37,11,17,3817,615,329,43,0.885,1.3,1.03,"special_lifesteal;basic_power;basic_power;basic_hp;basic_hp;basic_as;basic_armor;basic_hp;basic_as;basic_mr;basic_power;basic_hp;basic_armor"
119,0,372,150,35,bot1_3,Goliath,1,TANK,physical,2,7,9,1.57,10053,7228,13325,1479,26.2,5.4,343,453,35,20,10,326,2876,464,276,96,0.741,0.3,0.54,"basic_hp;basic_hp;basic_hp;basic_hp;basic_armor;basic_mr;basic_armor;basic_mr;basic_hp"
119,0,372,150,35,bot0_4,Healer,0,SUPPORT,magical,4,1,20,24,11317,7526,8332,9235,20.9,25.7,170,240,65,25,11,15,3690,595,359,13,0.966,0.6,0.9,"basic_hp;basic_hp;basic_hp;basic_hp;basic_mr;basic_armor;basic_hp;basic_mr;basic_armor;basic_armor;basic_power;basic_power;basic_mr"
119,0,372,150,35,bot1_4,Reaper,1,SPLITPUSHER,magical,2,6,8,1.67,9934,5971,7088,199,20.1,0.7,588,735,27,13,10,172,2847,459,297,75,0.799,0.3,0.84,"special_lifesteal;basic_power;basic_power;basic_hp;basic_hp;basic_power;basic_haste;basic_armor;basic_hp"
120,0,323,151,15,bot0_1,Doctor,0,SUPPORT,physical,2,2,17,9.5,6501,5250,6696,6896,17.4,22.8,241,355,24,23,10,99,2999,557,302,21,0.937,0.4,0.78,"special_gw;basic_hp;basic_mr;basic_armor;basic_power;basic_hp;basic_as;basic_hp;basic_armor;basic_mr"
120,0,323,151,15,bot1_1,Bruiser,1,FIGHTER,physical,0,5,2,0.4,5161,2880,6676,110,11.1,0.4,254,422,35,28,8,179,1979,368,260,62,0.807,0,0.43,"special_lifesteal;basic_power;basic_power;basic_as;basic_hp;basic_armor"
120,0,323,151,15,bot0_2,Jailer,0,TANK,magical,4,1,17,21,9877,7632,4616,0,24.5,0,360,519,26,23,10,189,3264,607,311,12,0.964,0.7,1.65,"basic_hp;basic_hp;basic_hp;basic_mr;basic_hp;basic_armor;basic_armor;basic_power;basic_mr;basic_power;basic_hp"
120,0,323,151,15,bot1_2,Hana,1,TANK,magical,3,7,0,0.43,8136,6104,11206,0,26.5,0,329,690,11,27,8,133,2308,429,230,93,0.713,0.6,0.54,"basic_hp;basic_hp;basic_hp;basic_armor;basic_hp;basic_mr;basic_armor;basic_power"
120,0,323,151,15,bot0_3,Quiller,0,SLAYER,physical,8,0,15,23,11810,7791,1591,365,24.1,1.1,285,610,49,27,11,332,3832,712,323,0,1,1.5,4.9,"special_lifesteal;basic_power;basic_power;basic_power;basic_as;basic_hp;basic_as;basic_hp;basic_mr;basic_as;basic_armor;basic_hp"
120,0,323,151,15,bot1_3,Zephyr,1,SPLITPUSHER,magical,0,6,1,0.17,6740,1861,6767,154,7.6,0.6,299,399,28,24,8,164,1964,365,246,77,0.761,0,0.28,"special_lifesteal;basic_power;basic_hp;basic_armor;basic_haste;basic_power"
120,0,323,151,15,bot0_4,Fusilier,0,SLAYER,physical,10,0,14,24,18713,13024,3421,534,40.3,1.7,429,708,54,17,11,199,3999,743,323,0,1,1.9,3.81,"special_lifesteal;basic_power;basic_power;basic_power;basic_as;basic_hp;basic_as;basic_hp;basic_mr;basic_armor;basic_armor;basic_hp;basic_power"
120,0,323,151,15,bot1_4,Ironclad,1,TANK,physical,0,6,3,0.5,5682,4330,10847,0,17.9,0,391,536,20,14,8,219,2069,384,242,81,0.749,0,0.4,"basic_hp;basic_hp;basic_armor;basic_mr;basic_hp;basic_power;basic_armor"
121,0,279,150,4,bot0_1,Kratoma,0,SLAYER,physical,6,1,14,20,9770,6426,3207,299,24.1,1.1,286,590,22,22,10,40,3290,709,267,12,0.958,1.3,2,"special_lifesteal;basic_power;basic_power;basic_power;basic_hp;basic_as;basic_armor;basic_hp;basic_as;basic_hp;basic_as"
121,0,279,150,4,bot1_1,Bruiser,1,FIGHTER,physical,0,7,3,0.43,5134,2906,8326,137,12.9,0.6,370,496,31,26,8,121,1896,408,226,53,0.81,0,0.35,"special_lifesteal;basic_power;basic_hp;basic_as;basic_armor;basic_mr"
121,0,279,150,4,bot0_2,Hana,0,TANK,magical,4,1,18,22,9525,7471,4911,0,26.8,0,267,407,14,35,10,232,3157,680,279,0,1,0.9,1.52,"basic_hp;basic_hp;basic_hp;basic_mr;basic_armor;basic_armor;basic_power;basic_mr;basic_armor;basic_haste;basic_as"
121,0,279,150,4,bot1_2,Vanguard,1,FIGHTER,physical,1,3,3,1.33,7883,2331,5524,0,9.7,0,364,627,35,19,8,241,2091,450,241,38,0.864,0.2,0.42,"basic_hp;basic_hp;basic_hp;basic_power;basic_power;basic_armor;basic_mr"
121,0,279,150,4,bot0_3,Zephyr,0,SPLITPUSHER,magical,7,0,10,17,11143,6410,3627,383,23,1.4,352,452,28,38,10,233,3233,696,279,0,1,1.5,1.77,"special_lifesteal;basic_power;basic_hp;basic_mr;basic_hp;basic_power;basic_hp;basic_power;basic_haste;basic_hp"
121,0,279,150,4,bot1_3,Jailer,1,TANK,magical,2,5,2,0.8,5855,3439,7452,0,16.1,0,484,541,21,14,8,19,2119,456,213,65,0.765,0.4,0.46,"basic_hp;basic_hp;basic_hp;basic_armor;basic_armor;basic_mr;basic_haste;basic_power"
121,0,279,150,4,bot0_4,Lynx,0,SLAYER,physical,6,2,14,10,10986,7986,3006,392,31.7,1.6,380,680,47,37,10,7,3257,701,252,26,0.905,1.3,2.66,"special_lifesteal;basic_power;basic_hp;basic_power;basic_hp;basic_as;basic_power;basic_hp;basic_armor;basic_as;basic_as"
121,0,279,150,4,bot1_4,Healer,1,SUPPORT,magical,1,8,3,0.5,5502,3883,9991,2961,20,15.3,150,215,28,14,8,229,2004,432,194,85,0.696,0.2,0.39,"basic_hp;basic_hp;basic_armor;basic_mr;basic_haste;basic_power;basic_as"
122,0,255,151,1,bot0_1,Healer,0,SUPPORT,magical,3,0,15,18,6131,5295,3270,3662,20.8,14.4,178,220,39,9,9,152,2777,653,255,0,1,0.7,1.62,"special_gw;basic_hp;basic_hp;basic_mr;basic_armor;basic_power;basic_mr;basic_hp;basic_haste"
122,0,255,151,1,bot1_1,Cleric,1,SUPPORT,magical,0,6,1,0.17,4111,3311,6262,1289,17.6,6.9,274,316,21,16,6,76,1601,377,188,67,0.736,0,0.53,"special_heal_power;basic_hp;basic_armor;basic_mr;basic_haste"
122,0,255,151,1,bot0_2,Kratoma,0,SLAYER,physical,4,1,5,9,5722,3058,2405,207,12.6,0.9,190,399,20,18,8,46,2421,569,243,12,0.954,0.9,1.27,"special_lifesteal;basic_power;basic_power;basic_hp;basic_power;basic_as;basic_hp;basic_mr"
122,0,255,151,1,bot1_2,Ironclad,1,TANK,physical,1,3,0,0.33,3902,2635,8866,0,12,0,282,302,21,12,7,48,1698,399,219,36,0.859,0.2,0.3,"basic_hp;basic_hp;basic_hp;basic_hp;basic_armor;basic_mr"
122,0,255,151,1,bot0_3,Fusilier,0,SLAYER,physical,9,0,8,17,14683,9995,2310,409,39.2,1.6,324,551,42,14,9,206,3156,742,255,0,1,2.1,4.33,"special_lifesteal;basic_power;basic_power;basic_hp;basic_as;basic_hp;basic_as;basic_power;basic_mr;basic_hp"
122,0,255,151,1,bot1_3,Bruiser,1,FIGHTER,physical,0,6,1,0.17,4963,2296,7126,154,12.4,0.8,331,451,22,22,6,39,1589,374,186,69,0.729,0,0.32,"special_lifesteal;basic_power;basic_power;basic_as;basic_hp"
122,0,255,151,1,bot0_4,Jirina,0,FIGHTER,magical,4,0,15,19,10138,6881,4632,4028,27,15.8,335,461,38,18,9,136,2886,679,255,0,1,0.9,1.49,"special_lifesteal;basic_power;basic_power;basic_hp;basic_haste;basic_power;basic_hp;basic_power;basic_hp"
122,0,255,151,1,bot1_4,Pyromancer,1,SLAYER,magical,0,5,1,0.2,4992,2610,4855,63,13.3,0.3,269,357,17,13,7,72,1622,381,197,58,0.771,0,0.54,"special_lifesteal;basic_power;basic_power;basic_hp;basic_haste"
123,1,237,1,150,bot0_1,Vanguard,0,FIGHTER,physical,0,4,1,0.25,7352,4222,7936,0,21.9,0,559,653,29,18,7,225,1625,411,192,45,0.811,0,0.53,"basic_hp;basic_hp;basic_hp;basic_hp;basic_power"
123,1,237,1,150,bot1_1,Kratoma,1,SLAYER,physical,5,0,16,21,10718,8422,3102,189,35.5,0.8,285,422,18,19,9,99,3049,771,237,0,1,1.3,2.72,"special_lifesteal;basic_power;basic_power;basic_power;basic_as;basic_hp;basic_armor;basic_mr;basic_as;basic_power"
123,1,237,1,150,bot0_2,Cleric,0,SUPPORT,magical,1,6,0,0.17,5526,3124,7928,2080,15.8,10.5,304,366,22,18,7,202,1752,443,198,39,0.834,0.3,0.39,"special_gw;basic_hp;basic_hp;basic_mr;basic_armor"
123,1,237,1,150,bot1_2,Doctor,1,SUPPORT,physical,5,0,16,21,3911,3652,4226,6061,15.4,25.5,196,287,10,16,9,191,3016,762,237,0,1,1.3,0.86,"basic_hp;basic_hp;basic_hp;basic_hp;basic_armor;basic_hp;basic_mr;basic_armor;basic_power;basic_armor"
123,1,237,1,150,bot0_3,Ironclad,0,TANK,physical,0,6,1,0.17,3977,2425,10719,0,12.7,0,292,363,17,12,7,17,1592,402,192,46,0.808,0,0.23,"basic_hp;basic_hp;basic_hp;basic_armor;basic_mr;basic_power"
123,1,237,1,150,bot1_3,Jirina,1,FIGHTER,magical,4,1,14,18,7225,6620,4090,2698,29.3,12,339,399,30,12,9,140,2815,712,226,12,0.951,1,1.62,"special_lifesteal;basic_power;basic_hp;basic_haste;basic_power;basic_power;basic_hp;basic_hp;basic_armor"
123,1,237,1,150,bot0_4,Fusilier,0,SLAYER,physical,0,6,1,0.17,9119,3303,5613,156,20,0.9,278,582,21,10,7,160,1685,426,165,72,0.696,0,0.59,"special_lifesteal;basic_power;basic_hp;basic_as;basic_mr"
123,1,237,1,150,bot1_4,Reaper,1,SPLITPUSHER,magical,8,0,12,20,12064,10143,2571,307,42.7,1.3,620,853,30,14,10,196,3296,833,237,0,1,2,3.95,"special_lifesteal;basic_power;basic_power;basic_power;basic_hp;basic_power;basic_hp;basic_power;basic_hp;basic_haste"
124,1,317,10,152,bot0_1,Doctor,0,SUPPORT,physical,0,7,1,0.14,3256,2840,9257,1662,12.2,7.2,124,211,18,11,7,52,1877,355,232,85,0.732,0,0.31,"basic_hp;basic_hp;basic_mr;basic_armor;basic_power;basic_as;basic_hp"
124,1,317,10,152,bot1_1,Healer,1,SUPPORT,magical,5,0,18,23,11257,5808,4836,7263,18.3,22.9,201,236,59,18,11,260,3535,669,317,0,1,0.9,1.2,"special_gw;basic_hp;basic_armor;basic_hp;basic_hp;basic_mr;basic_hp;basic_power;basic_armor;basic_mr;basic_armor"
124,1,317,10,152,bot0_2,Reaper,0,SPLITPUSHER,magical,0,5,1,0.2,4792,3461,6353,102,13.7,0.4,355,529,21,12,7,56,1881,356,253,64,0.799,0,0.54,"special_lifesteal;basic_power;basic_hp;basic_power;basic_hp;basic_haste"
124,1,317,10,152,bot1_2,Oracle,1,MAGE,physical,7,0,15,22,14084,8496,3476,403,26.8,1.3,442,621,24,24,11,98,3673,695,317,0,1,1.3,2.44,"special_lifesteal;basic_power;basic_hp;basic_power;basic_hp;basic_as;basic_power;basic_as;basic_hp;basic_armor;basic_as;basic_power"
124,1,317,10,152,bot0_3,Ironclad,0,TANK,physical,1,6,0,0.17,5806,3382,10677,0,13.9,0,365,465,25,15,7,117,1942,367,243,74,0.766,0.2,0.32,"basic_hp;basic_hp;basic_hp;basic_armor;basic_mr;basic_power;basic_as"
124,1,317,10,152,bot1_3,Jailer,1,TANK,magical,5,0,17,22,9879,8182,4845,0,25.8,0,613,786,27,25,10,50,3450,653,317,0,1,0.9,1.69,"basic_hp;basic_hp;basic_hp;basic_armor;basic_hp;basic_armor;basic_armor;basic_mr;basic_mr;basic_haste;basic_hp;basic_mr"
124,1,317,10,152,bot0_4,Fusilier,0,SLAYER,physical,0,6,1,0.17,12778,6155,5935,303,23.2,1.1,326,632,39,15,8,120,1920,363,265,52,0.837,0,1.04,"special_lifesteal;special_gw;basic_power;basic_hp;basic_as"
124,1,317,10,152,bot1_4,Bruiser,1,FIGHTER,physical,7,1,16,23,11839,7972,4735,323,25.1,1,423,652,50,38,11,157,3682,697,317,0,1,1.3,1.68,"special_lifesteal;basic_power;basic_power;basic_power;basic_as;basic_as;basic_power;basic_as;basic_hp;basic_armor;basic_mr;basic_hp"
125,1,434,108,151,bot0_1,Ironclad,0,TANK,physical,1,6,7,1.33,12686,8400,16507,0,23.3,0,386,559,37,28,10,213,2838,392,361,74,0.83,0.1,0.51,"basic_hp;basic_hp;special_gw;basic_hp;basic_mr;basic_armor;basic_mr;basic_power;basic_as"
125,1,434,108,151,bot1_1,Lynx,1,SLAYER,physical,14,2,13,13.5,30293,20095,7913,736,49.3,1.8,593,853,77,56,13,267,5317,734,408,26,0.939,1.9,2.54,"special_lifesteal;special_gw;basic_power;basic_hp;basic_power;basic_hp;basic_as;basic_as;basic_power;basic_hp;basic_mr;basic_power;basic_mr;basic_as;basic_hp;basic_power"
125,1,434,108,151,bot0_2,Eggchanter,0,SUPPORT,magical,2,7,9,1.57,9468,5797,13985,7005,15.5,18.8,165,249,41,21,10,152,3102,428,373,61,0.859,0.3,0.41,"special_gw;basic_hp;basic_hp;basic_hp;basic_mr;basic_armor;basic_power;basic_hp;basic_haste;basic_mr"
125,1,434,108,151,bot1_2,Healer,1,SUPPORT,magical,3,3,21,8,11655,6897,9526,12586,16.3,29.8,163,231,64,23,12,84,4009,554,423,12,0.973,0.4,0.72,"basic_hp;basic_hp;basic_hp;basic_mr;basic_armor;basic_power;basic_hp;basic_hp;basic_mr;basic_armor;basic_power;basic_armor;basic_haste;basic_mr"
125,1,434,108,151,bot0_3,Vanguard,0,FIGHTER,physical,3,8,5,1,17895,9854,13130,335,31,1.1,586,802,42,35,10,125,3000,414,318,116,0.733,0.4,0.75,"basic_hp;basic_hp;special_lifesteal;basic_power;basic_as;basic_power;basic_mr;basic_armor;basic_as;basic_mr"
125,1,434,108,151,bot1_3,Tamer,1,MAGE,magical,7,4,18,6.25,28475,15339,8614,4432,40,11.6,555,825,61,17,13,225,4600,635,384,51,0.883,1,1.78,"special_lifesteal;basic_power;basic_power;basic_power;basic_hp;basic_hp;basic_power;basic_haste;basic_mr;basic_haste;basic_armor;basic_mr;basic_hp;basic_haste;basic_armor"
125,1,434,108,151,bot0_4,Jailer,0,TANK,magical,5,7,3,1.14,16381,9724,13311,0,28.7,0,563,685,37,31,10,107,3257,450,339,95,0.781,0.7,0.73,"basic_hp;basic_hp;basic_hp;basic_mr;basic_mr;basic_hp;basic_hp;basic_hp;basic_armor;basic_haste;basic_power"
125,1,434,108,151,bot1_4,Goliath,1,TANK,physical,4,2,18,11,17151,10505,11127,3563,25.7,8.7,452,680,49,37,12,141,4041,558,408,26,0.939,0.6,0.94,"basic_hp;basic_hp;basic_hp;basic_hp;basic_mr;basic_armor;basic_power;basic_mr;basic_as;basic_armor;basic_haste;basic_armor;basic_mr;basic_hp"
126,1,333,24,150,bot0_1,Volstrov,0,MAGE,magical,1,6,5,1,10397,5371,6853,279,19.3,1,186,368,14,16,9,165,2490,448,278,56,0.833,0.2,0.78,"special_lifesteal;special_gw;basic_power;basic_hp;basic_armor;basic_haste;basic_power"
126,1,333,24,150,bot1_1,Goliath,1,TANK,physical,2,2,14,8,9905,5672,9788,2749,18.3,8.9,283,417,35,27,10,204,2954,532,310,23,0.93,0.4,0.58,"basic_hp;basic_hp;basic_hp;basic_mr;basic_mr;basic_mr;basic_armor;basic_hp;special_gw"
126,1,333,24,150,bot0_2,Fusilier,0,SLAYER,physical,2,6,4,1,14163,8795,6751,320,35.1,1.3,335,648,32,14,10,239,2589,466,251,83,0.752,0.4,1.3,"special_lifesteal;basic_power;basic_as;basic_power;basic_power;basic_hp;basic_armor;basic_mr"
126,1,333,24,150,bot1_2,Wanderer,1,SLAYER,physical,7,1,14,21,19585,10625,7360,495,33.1,1.5,562,1066,29,19,10,67,3642,655,321,13,0.962,1.3,1.44,"special_lifesteal;basic_power;basic_power;basic_power;basic_hp;basic_as;basic_hp;basic_as;basic_hp;basic_mr;basic_power;basic_as"
126,1,333,24,150,bot0_3,Cleric,0,SUPPORT,magical,2,6,4,1,8867,5228,9033,3508,17.9,12,298,346,34,31,10,273,2623,472,291,42,0.874,0.4,0.58,"special_heal_power;basic_hp;basic_armor;basic_hp;basic_hp;basic_haste;basic_mr;basic_power"
126,1,333,24,150,bot1_3,Oracle,1,MAGE,physical,11,1,9,20,12842,7620,4240,317,23.8,1,314,531,21,23,11,43,4143,746,320,14,0.959,2,1.8,"special_lifesteal;basic_power;basic_hp;basic_power;basic_hp;basic_as;basic_mr;basic_hp;basic_armor;basic_as;basic_power;basic_as;basic_power;basic_mr"
126,1,333,24,150,bot0_4,Pyromancer,0,SLAYER,magical,1,5,5,1.2,10407,5026,6392,148,19.2,0.6,362,490,29,20,10,124,2499,450,261,72,0.784,0.2,0.79,"special_lifesteal;basic_power;basic_power;basic_hp;basic_power;basic_haste;basic_armor;basic_hp"
126,1,333,24,150,bot1_4,Eggchanter,1,SUPPORT,magical,3,2,17,10,6843,3326,6074,5195,10.8,16.8,146,246,34,16,10,160,3235,582,309,24,0.927,0.5,0.55,"special_gw;basic_hp;basic_hp;basic_mr;basic_power;basic_hp;basic_mr;basic_hp;basic_mr;basic_mr"
127,1,353,14,150,bot0_1,Ironclad,0,TANK,physical,2,5,1,0.6,9048,6373,12392,0,22.2,0,405,502,29,18,9,229,2404,408,287,66,0.812,0.3,0.51,"basic_hp;basic_hp;basic_hp;basic_hp;basic_armor;basic_mr;basic_power;basic_armor"
127,1,353,14,150,bot1_1,Doctor,1,SUPPORT,physical,6,2,12,9,9517,6807,8293,11999,20.5,36.2,228,352,24,26,12,170,3745,636,332,21,0.939,1,0.82,"special_heal_power;basic_hp;basic_hp;basic_mr;basic_armor;basic_hp;basic_power;basic_as;basic_hp;basic_hp;basic_mr;basic_armor"
127,1,353,14,150,bot0_2,Jirina,0,FIGHTER,magical,0,4,4,1,13148,6404,9460,3958,21.5,13.3,466,541,40,17,9,231,2281,388,299,55,0.845,0,0.68,"special_lifesteal;basic_power;basic_hp;basic_haste;basic_power;basic_armor;basic_mr"
127,1,353,14,150,bot1_2,Kratoma,1,SLAYER,physical,5,1,14,19,15737,7037,5911,765,20.8,2.3,249,405,27,28,11,376,3651,620,339,15,0.959,0.8,1.19,"special_lifesteal;basic_power;special_lifesteal;basic_as;basic_power;basic_as;basic_power;basic_hp;basic_hp;basic_as"
127,1,353,14,150,bot0_3,Kratoma,0,SLAYER,physical,1,7,3,0.57,12340,7919,8872,304,30.2,1.2,270,502,19,18,9,110,2435,414,262,91,0.743,0.2,0.89,"special_lifesteal;basic_power;basic_as;basic_hp;basic_power;basic_armor;basic_mr;basic_as"
127,1,353,14,150,bot1_3,Hana,1,TANK,magical,5,2,17,11,17889,13293,11867,0,41,0,709,995,15,39,11,120,3720,632,324,29,0.917,0.8,1.12,"basic_hp;basic_hp;basic_hp;basic_hp;basic_mr;basic_mr;basic_hp;basic_armor;basic_armor;basic_mr;basic_haste;basic_power;basic_as"
127,1,353,14,150,bot0_4,Summoner,0,MAGE,magical,2,7,3,0.71,8074,5597,7877,217,18.8,0.7,186,252,39,17,9,167,2492,423,298,56,0.843,0.3,0.71,"special_lifesteal;basic_power;basic_hp;basic_power;basic_hp;basic_haste;basic_armor;basic_mr"
127,1,353,14,150,bot1_4,Jirina,1,FIGHTER,magical,7,0,11,18,17255,9005,6978,5503,25.5,15.6,712,770,53,18,11,253,3703,629,353,0,1,1.2,1.29,"special_lifesteal;basic_power;basic_power;basic_power;special_gw;basic_hp;basic_hp;basic_haste;basic_haste;basic_mr;basic_mr"
128,1,481,119,151,bot0_1,Oracle,0,MAGE,physical,2,8,20,2.75,17944,11391,11421,387,31.3,1.1,407,527,25,25,13,301,4076,508,363,118,0.755,0.2,1,"special_lifesteal;basic_power;basic_hp;basic_as;basic_mr;basic_armor;basic_power;basic_hp;basic_hp;basic_as;basic_power;basic_mr;basic_as"
128,1,481,119,151,bot1_1,Hana,1,TANK,magical,7,6,20,4.5,13447,10194,15499,0,26.2,0,426,752,15,49,12,224,4624,576,390,92,0.809,0.9,0.66,"basic_hp;basic_hp;basic_hp;basic_armor;basic_hp;basic_armor;basic_armor;basic_hp;basic_mr;basic_armor;basic_mr;basic_hp;basic_armor;basic_haste;basic_power"
128,1,481,119,151,bot0_2,Lynx,0,SLAYER,physical,8,9,13,2.33,20759,15265,11990,576,43.6,1.6,519,985,58,50,12,172,4322,539,350,132,0.727,1,1.27,"special_lifesteal;basic_power;basic_as;basic_power;basic_power;basic_hp;basic_as;basic_power;basic_as;basic_hp;basic_mr;basic_mr;basic_armor;basic_power"
128,1,481,119,151,bot1_2,Healer,1,SUPPORT,magical,7,5,22,5.8,12966,7967,16091,13571,18.5,31.4,164,223,74,32,13,51,4926,614,432,50,0.897,0.9,0.5,"special_heal_power;basic_hp;basic_hp;basic_hp;basic_armor;basic_mr;basic_armor;basic_mr;basic_hp;basic_armor;basic_haste;basic_power;basic_hp;basic_mr;basic_armor;basic_hp"
128,1,481,119,151,bot0_3,Fusilier,0,SLAYER,physical,6,7,16,3.14,23250,13761,10066,643,32.8,1.5,356,653,64,20,12,261,4361,544,420,62,0.872,0.7,1.37,"special_lifesteal;basic_power;basic_hp;basic_power;basic_hp;basic_as;basic_mr;basic_armor;basic_hp;basic_power;basic_as;basic_as;basic_power;basic_mr"
128,1,481,119,151,bot1_3,Mage,1,MAGE,magical,9,6,22,5.17,26107,15025,9321,404,38.8,1,634,907,88,35,13,131,5156,643,388,94,0.805,1.1,1.61,"special_lifesteal;basic_power;basic_power;basic_power;basic_hp;basic_haste;basic_armor;basic_mr;basic_hp;basic_haste;basic_armor;basic_power;basic_hp;basic_haste;basic_armor;basic_power;basic_mr"
128,1,481,119,151,bot0_4,Pyromancer,0,SLAYER,magical,8,8,12,2.5,15562,10703,11566,237,28.4,0.6,470,660,37,25,12,170,4395,548,377,104,0.784,1,0.93,"special_lifesteal;basic_power;basic_hp;basic_power;basic_haste;basic_power;basic_power;basic_hp;basic_mr;basic_power;basic_armor;basic_haste;basic_power;basic_mr"
128,1,481,119,151,bot1_4,Bruiser,1,FIGHTER,physical,9,7,14,3.29,19508,9992,13574,518,23.4,1.2,641,935,58,45,13,132,4707,587,427,55,0.887,1.1,0.74,"special_lifesteal;basic_power;basic_power;basic_as;basic_hp;basic_armor;basic_power;basic_mr;basic_as;basic_power;basic_as;basic_power;basic_hp;basic_as;basic_power"
129,1,270,11,151,bot0_1,Cleric,0,SUPPORT,magical,1,4,1,0.5,5463,4045,6060,2432,18.9,11.3,287,343,27,20,9,24,2074,461,214,56,0.794,0.2,0.67,"special_heal_power;basic_hp;basic_hp;basic_armor;basic_mr;basic_haste;basic_power"
129,1,270,11,151,bot1_1,Goliath,1,TANK,physical,5,0,10,15,7819,5412,5454,1695,20,6.3,278,397,29,19,9,139,2889,642,270,0,1,1.1,0.99,"basic_hp;basic_hp;basic_mr;basic_mr;basic_power;basic_power;basic_hp;basic_mr;basic_hp;basic_as"
129,1,270,11,151,bot0_2,Volstrov,0,MAGE,magical,1,4,0,0.25,8688,4215,4368,208,19.9,1,241,462,14,14,9,237,2062,458,211,59,0.783,0.2,0.96,"special_lifesteal;special_gw;basic_power;basic_power;basic_hp"
129,1,270,11,151,bot1_2,Bruiser,1,FIGHTER,physical,9,0,7,16,11113,7855,4187,293,29.1,1.1,334,602,47,31,10,98,3323,738,270,0,1,2,1.88,"special_lifesteal;basic_power;basic_power;basic_hp;basic_mr;basic_hp;basic_hp;basic_power;basic_as;basic_as;basic_mr"
129,1,270,11,151,bot0_3,Pyromancer,0,SLAYER,magical,0,4,1,0.25,8805,3537,5579,128,16.2,0.6,429,566,24,17,7,183,1783,396,218,52,0.809,0,0.63,"special_lifesteal;basic_power;basic_power;basic_power;basic_hp"
129,1,270,11,151,bot1_3,Doctor,1,SUPPORT,physical,1,1,14,15,6052,4068,4856,7340,15.6,28.2,265,498,12,18,9,86,2486,552,260,10,0.964,0.2,0.84,"special_gw;basic_hp;basic_hp;basic_mr;basic_hp;basic_mr;basic_power;basic_power"
129,1,270,11,151,bot0_4,Jirina,0,FIGHTER,magical,0,4,1,0.25,9719,5566,7640,1709,25.6,7.9,477,565,21,10,8,208,1858,413,217,53,0.805,0,0.73,"basic_hp;basic_hp;basic_hp;basic_armor;basic_power;basic_hp"
129,1,270,11,151,bot1_4,Eggchanter,1,SUPPORT,magical,1,1,14,15,4591,3803,5190,5248,14.1,19.4,116,207,30,15,9,82,2507,557,270,0,1,0.2,0.73,"special_heal_power;basic_hp;basic_hp;basic_hp;basic_mr;basic_mr;basic_haste;basic_mr"
130,1,311,33,150,bot0_1,Hana,0,TANK,magical,0,5,9,1.8,8666,3876,11611,0,14.6,0,233,326,8,33,9,147,2422,467,266,45,0.855,0,0.33,"basic_hp;basic_hp;basic_hp;basic_hp;basic_mr;basic_mr;basic_hp;basic_armor"
130,1,311,33,150,bot1_1,Reaper,1,SPLITPUSHER,magical,8,2,10,9,16414,7921,5549,642,27.8,2.3,442,694,41,21,10,97,3547,684,285,26,0.915,1.5,1.43,"special_lifesteal;basic_power;basic_power;basic_power;basic_hp;basic_power;basic_haste;basic_hp;basic_haste;basic_power;basic_power"
130,1,311,33,150,bot0_2,Pyromancer,0,SLAYER,magical,1,6,6,1.17,10595,3882,5752,122,17.1,0.5,319,399,23,19,9,98,2448,472,227,84,0.731,0.2,0.67,"special_lifesteal;basic_power;basic_hp;basic_power;basic_power;basic_haste;basic_mr;basic_armor"
130,1,311,33,150,bot1_2,Lynx,1,SLAYER,physical,9,2,10,9.5,16134,9506,5668,518,33.5,1.8,497,887,59,39,11,298,3773,728,284,27,0.912,1.7,1.68,"special_lifesteal;basic_power;basic_power;basic_hp;basic_hp;basic_as;basic_mr;basic_power;basic_armor;basic_as;basic_hp;basic_mr"
130,1,311,33,150,bot0_3,Cleric,0,SUPPORT,magical,3,5,5,1.6,7985,3812,7270,3843,15.5,15.6,351,411,37,31,10,24,2699,521,246,65,0.792,0.6,0.52,"basic_hp;basic_hp;special_heal_power;basic_mr;basic_armor;basic_hp;basic_mr;basic_haste;basic_mr"
130,1,311,33,150,bot1_3,Eggchanter,1,SUPPORT,magical,2,2,17,9.5,6457,3946,6738,7013,13.7,24.3,123,205,32,17,10,274,3024,583,289,22,0.928,0.4,0.59,"special_heal_power;basic_hp;basic_hp;basic_hp;basic_mr;basic_mr;basic_hp;basic_haste;basic_mr"
130,1,311,33,150,bot0_4,Mage,0,MAGE,magical,5,5,4,1.8,14486,7976,7296,333,33.2,1.4,470,609,43,21,10,190,2940,567,240,71,0.771,1,1.09,"special_lifesteal;basic_power;basic_hp;basic_power;basic_power;basic_hp;basic_hp;basic_mr;basic_hp"
130,1,311,33,150,bot1_4,Tamer,1,MAGE,magical,2,3,18,6.67,14022,7429,4188,3421,27.7,12.8,298,496,37,11,10,156,3056,589,268,43,0.862,0.4,1.77,"special_lifesteal;basic_power;basic_hp;basic_power;basic_mr;basic_haste;basic_hp;basic_power;basic_mr;basic_as"
131,1,282,2,152,bot0_1,Cleric,0,SUPPORT,magical,0,5,2,0.4,6477,3314,5790,1206,15.2,5.5,303,357,25,23,8,93,1918,408,218,63,0.775,0,0.57,"special_heal_power;basic_hp;basic_mr;basic_hp;basic_mr;basic_armor"
131,1,282,2,152,bot1_1,Eggchanter,1,SUPPORT,magical,6,0,16,22,4734,2933,1630,4621,10.4,16.4,123,199,28,15,10,113,3388,721,282,0,1,1.3,1.8,"special_gw;basic_hp;basic_hp;basic_hp;basic_mr;basic_power;basic_hp;basic_mr;basic_armor;basic_armor;basic_mr"
131,1,282,2,152,bot0_2,Pyromancer,0,SLAYER,magical,0,6,2,0.33,10655,4093,6222,107,20,0.5,446,522,22,18,8,197,1972,420,205,77,0.726,0,0.66,"special_lifesteal;basic_power;basic_hp;basic_mr;basic_haste;basic_armor"
131,1,282,2,152,bot1_2,Tamer,1,MAGE,magical,6,1,14,20,17937,9137,3247,3180,32.4,11.3,361,563,39,13,10,33,3308,704,282,0,1,1.3,2.81,"special_lifesteal;basic_power;basic_hp;basic_mr;basic_power;basic_haste;basic_hp;basic_hp;basic_power;basic_hp;basic_mr"
131,1,282,2,152,bot0_3,Jailer,0,TANK,magical,2,6,0,0.33,10204,4078,8963,0,17.8,0,456,572,19,18,9,283,2208,470,229,53,0.813,0.4,0.45,"basic_hp;basic_hp;basic_hp;basic_mr;basic_hp;basic_mr;basic_armor"
131,1,282,2,152,bot1_3,Hana,1,TANK,magical,4,0,18,22,9856,6628,6558,0,23.5,0,325,541,23,30,10,275,3200,681,282,0,1,0.9,1.01,"basic_hp;basic_hp;basic_hp;basic_mr;basic_mr;basic_hp;basic_hp;basic_hp;basic_armor;basic_armor"
131,1,282,2,152,bot0_4,Doctor,0,SUPPORT,physical,0,5,2,0.4,5305,2427,7242,1381,11.1,6.3,201,316,22,11,8,100,1900,404,218,63,0.775,0,0.34,"special_gw;basic_hp;basic_mr;basic_power;basic_armor;basic_hp"
131,1,282,2,152,bot1_4,Vanguard,1,FIGHTER,physical,6,1,15,21,9978,6544,4951,0,24.5,0,497,611,36,25,10,70,3320,707,267,15,0.948,1.3,1.32,"basic_hp;basic_hp;basic_hp;basic_mr;basic_power;basic_mr;basic_armor;basic_as;basic_power;basic_mr;basic_armor;basic_power"
132,1,417,49,151,bot0_1,Ironclad,0,TANK,physical,2,6,8,1.67,7098,5659,14457,0,16.8,0,353,445,33,20,11,96,3096,446,337,80,0.809,0.3,0.39,"basic_hp;basic_hp;basic_hp;basic_mr;basic_armor;basic_mr;basic_hp;basic_mr;basic_power;basic_armor;basic_as"
132,1,417,49,151,bot1_1,Quiller,1,SLAYER,physical,7,3,18,8.33,28582,15385,6356,791,41.3,2.1,432,699,63,36,12,209,4259,613,373,44,0.895,1,2.42,"special_lifesteal;basic_power;basic_power;basic_power;basic_as;basic_hp;basic_as;basic_power;basic_as;basic_power;basic_mr;basic_power;basic_as"
132,1,417,49,151,bot0_2,Pyromancer,0,SLAYER,magical,1,8,8,1.13,11068,5625,9396,180,15.5,0.5,417,561,33,24,10,246,2946,424,363,54,0.871,0.1,0.6,"special_lifesteal;basic_power;basic_power;basic_hp;basic_hp;basic_power;basic_haste;basic_mr;basic_power"
132,1,417,49,151,bot1_2,Cleric,1,SUPPORT,magical,12,1,15,27,13532,9636,7868,12305,24,30.6,325,381,81,66,12,171,4871,701,402,15,0.965,1.7,1.22,"special_heal_power;basic_hp;basic_hp;basic_mr;basic_hp;basic_haste;basic_mr;basic_armor;basic_mr;basic_haste;basic_hp;basic_power;basic_armor;basic_haste;basic_mr;basic_power"
132,1,417,49,151,bot0_3,Hana,0,TANK,magical,3,6,6,1.5,12813,9218,14308,0,27.7,0,403,563,20,42,10,52,3002,432,333,84,0.799,0.4,0.64,"basic_hp;basic_hp;basic_hp;basic_hp;basic_mr;basic_armor;basic_mr;basic_haste;basic_power;basic_as;basic_armor"
132,1,417,49,151,bot1_3,Volstrov,1,MAGE,magical,4,3,17,7,12865,9734,6252,373,24.1,0.9,280,582,11,19,11,188,3738,538,404,13,0.97,0.6,1.56,"special_lifesteal;basic_power;basic_power;basic_hp;basic_hp;basic_power;basic_mr;basic_mr;basic_haste;basic_hp;basic_haste;basic_power"
132,1,417,49,151,bot0_4,Mage,0,MAGE,magical,4,7,6,1.43,18797,9394,9169,399,29,1.2,666,864,58,23,11,133,3308,476,324,93,0.777,0.6,1.02,"special_lifesteal;basic_power;basic_hp;basic_haste;basic_power;basic_hp;basic_mr;special_gw;basic_power;basic_haste"
132,1,417,49,151,bot1_4,Hana,1,TANK,magical,4,3,22,8.67,13348,9769,10916,0,26.1,0,301,491,19,41,12,92,3992,575,374,43,0.897,0.6,0.89,"basic_hp;basic_hp;basic_hp;basic_mr;basic_armor;basic_mr;basic_hp;basic_armor;basic_mr;basic_armor;basic_hp;basic_haste;basic_power;basic_as"
133,1,252,6,150,bot0_1,Zephyr,0,SPLITPUSHER,magical,0,7,0,0,4970,2577,7943,94,12.7,0.5,368,368,22,18,7,42,1592,378,203,49,0.805,0,0.32,"special_lifesteal;basic_power;basic_hp;basic_haste;basic_power"
133,1,252,6,150,bot1_1,Jirina,1,FIGHTER,magical,4,0,15,19,7944,4378,2549,1641,17.3,6.5,409,515,29,6,10,46,2996,712,252,0,1,1,1.72,"special_lifesteal;basic_power;basic_hp;basic_power;basic_hp;basic_hp;basic_mr;basic_power;basic_mr;basic_haste"
133,1,252,6,150,bot0_2,Volstrov,0,MAGE,magical,0,6,0,0,6745,3401,5926,147,18.2,0.8,249,498,15,12,7,143,1668,396,187,66,0.74,0,0.57,"special_lifesteal;basic_power;basic_hp;basic_haste;basic_mr"
133,1,252,6,150,bot1_2,Doctor,1,SUPPORT,physical,4,0,16,20,4947,4077,2961,5929,16.2,23.5,241,333,24,18,10,20,3095,736,252,0,1,1,1.38,"special_gw;basic_hp;basic_mr;basic_hp;basic_hp;basic_mr;basic_mr;basic_power;basic_hp;basic_mr"
133,1,252,6,150,bot0_3,Ironclad,0,TANK,physical,0,4,0,0,4532,2761,9554,0,13.5,0,356,502,19,13,6,241,1566,372,205,48,0.811,0,0.29,"basic_hp;basic_hp;basic_hp;basic_mr;basic_armor"
133,1,252,6,150,bot1_3,Reaper,1,SPLITPUSHER,magical,11,0,11,22,18677,14009,4054,520,55.5,2.1,464,766,41,20,10,184,3509,834,252,0,1,2.6,3.46,"special_lifesteal;basic_power;basic_power;basic_hp;basic_power;basic_haste;basic_power;basic_hp;basic_haste;basic_hp;basic_haste"
133,1,252,6,150,bot0_4,Eggchanter,0,SUPPORT,magical,0,6,0,0,3952,2265,7594,2463,12.3,13.3,142,185,16,9,7,64,1614,384,185,68,0.732,0,0.3,"special_heal_power;basic_hp;basic_armor;basic_mr;basic_hp"
133,1,252,6,150,bot1_4,Wanderer,1,SLAYER,physical,4,0,12,16,12680,6662,3030,282,26.4,1.1,652,1209,18,13,9,209,2834,674,252,0,1,1,2.2,"special_lifesteal;basic_power;basic_power;basic_as;basic_hp;basic_power;basic_as;basic_mr;basic_armor"
134,1,247,7,150,bot0_1,Kratoma,0,SLAYER,physical,2,5,4,1.2,9706,3631,5992,258,19.4,1.4,283,495,15,14,8,104,2154,524,187,59,0.76,0.5,0.61,"special_lifesteal;basic_power;basic_power;basic_as;basic_hp;basic_mr;basic_armor"
134,1,247,7,150,bot1_1,Wanderer,1,SLAYER,physical,2,2,10,6,10326,5732,3155,189,26.3,0.9,492,696,13,13,9,145,2520,613,218,28,0.885,0.5,1.82,"special_lifesteal;basic_power;basic_power;basic_as;basic_hp;basic_as;basic_mr;basic_power"
134,1,247,7,150,bot0_2,Zephyr,0,SPLITPUSHER,magical,2,5,4,1.2,6940,3368,6609,155,17.3,0.8,443,443,21,23,8,240,2115,515,195,52,0.79,0.5,0.51,"special_lifesteal;basic_power;basic_power;basic_power;basic_hp;basic_hp"
134,1,247,7,150,bot1_2,Tamer,1,MAGE,magical,7,2,10,8.5,10239,6574,2404,1673,30,7.6,349,516,26,7,10,279,3204,780,219,27,0.889,1.7,2.73,"special_lifesteal;basic_power;basic_power;basic_power;basic_hp;basic_mr;basic_haste;basic_hp;basic_mr;basic_haste"
134,1,247,7,150,bot0_3,Summoner,0,MAGE,magical,2,6,4,1,3624,1896,5483,80,10.6,0.4,174,212,20,12,8,142,2067,503,179,67,0.728,0.5,0.35,"special_lifesteal;basic_power;basic_power;basic_hp;basic_power;basic_power"
134,1,247,7,150,bot1_3,Hana,1,TANK,magical,5,1,16,21,8975,5929,5840,0,25.1,0,325,415,15,30,10,101,3251,791,236,11,0.956,1.2,1.02,"basic_hp;basic_hp;basic_hp;basic_mr;basic_mr;basic_hp;basic_mr;basic_armor;basic_hp;basic_armor;basic_armor"
134,1,247,7,150,bot0_4,Eggchanter,0,SUPPORT,magical,1,5,6,1.4,3131,1807,7088,2377,9.8,12.8,106,188,15,8,8,213,2038,496,185,61,0.751,0.2,0.25,"special_gw;basic_hp;basic_mr;basic_hp;basic_power;basic_mr"
134,1,247,7,150,bot1_4,Volstrov,1,MAGE,magical,7,2,8,7.5,8661,4550,2470,182,20.2,0.8,237,556,8,13,10,191,3166,770,225,21,0.913,1.7,1.84,"special_lifesteal;basic_power;basic_power;basic_hp;basic_mr;basic_power;basic_hp;basic_haste;basic_power;basic_haste"
135,1,376,31,151,bot0_1,Wanderer,0,SLAYER,physical,0,7,3,0.43,16647,7145,7632,278,25.6,1,807,1300,19,16,10,115,2440,390,279,97,0.743,0,0.94,"special_lifesteal;basic_power;basic_power;basic_hp;basic_as;basic_mr;basic_hp;basic_haste"
135,1,376,31,151,bot1_1,Hana,1,TANK,magical,7,2,13,10,12437,6870,7650,0,18.3,0,372,538,16,43,12,374,3949,631,376,0,1,1.1,0.9,"basic_hp;basic_hp;basic_mr;basic_mr;basic_armor;basic_power;basic_hp;basic_haste;basic_armor;basic_as;basic_hp;basic_power;basic_hp"
135,1,376,31,151,bot0_2,Eggchanter,0,SUPPORT,magical,0,4,4,1,9861,3990,10761,6267,12.4,19.5,133,239,32,17,9,224,2349,375,321,55,0.855,0,0.37,"special_gw;basic_hp;basic_mr;basic_hp;basic_power;basic_hp;basic_mr"
135,1,376,31,151,bot1_2,Summoner,1,MAGE,magical,6,1,16,22,13155,6094,5154,313,16.7,0.9,205,271,65,33,12,209,3959,632,365,11,0.971,1,1.18,"special_lifesteal;basic_power;basic_hp;basic_power;basic_power;basic_hp;basic_haste;basic_hp;basic_haste;basic_mr;basic_armor;basic_armor;basic_mr"
135,1,376,31,151,bot0_3,Ironclad,0,TANK,physical,3,5,0,0.6,8714,5356,12011,0,17.5,0,385,479,27,20,9,269,2644,422,305,70,0.813,0.5,0.45,"basic_hp;basic_hp;special_gw;basic_mr;basic_power;basic_as;basic_hp;basic_mr"
135,1,376,31,151,bot1_3,Healer,1,SUPPORT,magical,3,1,18,21,10637,6747,6957,9028,18.5,24.8,152,200,62,23,12,253,3678,587,364,12,0.969,0.5,0.97,"basic_hp;basic_hp;basic_hp;basic_hp;basic_armor;basic_mr;basic_armor;basic_hp;basic_mr;basic_hp;basic_power;basic_haste"
135,1,376,31,151,bot0_4,Tamer,0,MAGE,magical,1,8,3,0.5,12889,6157,7556,2003,23.1,7.5,263,454,28,13,10,189,2539,405,267,109,0.709,0.2,0.81,"special_gw;basic_hp;basic_mr;basic_power;basic_haste;basic_armor;basic_hp;basic_hp"
135,1,376,31,151,bot1_4,Jirina,1,FIGHTER,magical,8,0,13,21,16750,8319,6092,5105,22.1,13.6,383,487,49,18,11,172,4022,642,376,0,1,1.3,1.37,"special_lifesteal;basic_power;basic_hp;basic_mr;basic_power;basic_hp;basic_hp;basic_power;basic_hp;basic_armor;basic_haste;basic_power;basic_mr"
136,0,295,150,28,bot0_1,Quiller,0,SLAYER,physical,8,1,7,15,18589,10085,3218,528,35.8,1.9,282,558,46,24,10,77,3402,691,282,14,0.954,1.6,3.13,"special_lifesteal;basic_power;basic_power;basic_as;basic_power;basic_hp;basic_hp;basic_as;basic_as;basic_hp;basic_power"
136,0,295,150,28,bot1_1,Ironclad,1,TANK,physical,1,4,3,1,6459,3987,10010,0,15.5,0,311,425,26,16,8,131,2031,413,257,38,0.871,0.2,0.4,"basic_hp;basic_hp;basic_armor;basic_armor;basic_hp;basic_armor;basic_power"
136,0,295,150,28,bot0_2,Bruiser,0,FIGHTER,physical,3,1,13,16,10677,7177,5781,0,25.4,0,374,551,49,27,9,132,2857,581,283,13,0.957,0.6,1.24,"basic_hp;basic_hp;basic_hp;basic_power;basic_power;basic_hp;basic_mr;basic_armor;basic_mr;basic_armor"
136,0,295,150,28,bot1_2,Jailer,1,TANK,magical,2,5,2,0.8,6833,5198,7598,0,21.7,0,426,492,20,15,8,234,2134,434,239,56,0.811,0.4,0.68,"basic_hp;basic_hp;basic_armor;basic_haste;basic_hp;basic_armor;basic_armor"
136,0,295,150,28,bot0_3,Goliath,0,TANK,physical,4,1,12,16,8894,6532,6702,2022,23.2,7.2,303,399,27,24,10,167,2967,603,282,14,0.954,0.8,0.97,"basic_hp;basic_hp;basic_mr;basic_mr;basic_armor;basic_armor;basic_hp;basic_mr;basic_hp;basic_armor"
136,0,295,150,28,bot1_3,Vanguard,1,FIGHTER,physical,0,5,4,0.8,9028,5516,7856,0,21.3,0,624,624,41,23,8,124,1949,396,259,36,0.878,0,0.7,"special_gw;basic_hp;basic_armor;basic_hp;basic_armor;basic_power"
136,0,295,150,28,bot0_4,Doctor,0,SUPPORT,physical,4,1,12,16,7525,6892,5839,7299,24.5,25.9,183,330,21,21,9,10,2960,602,282,14,0.954,0.8,1.18,"special_gw;basic_hp;basic_hp;basic_mr;basic_hp;basic_armor;basic_hp;basic_power;basic_as;basic_mr"
136,0,295,150,28,bot1_4,Cleric,1,SUPPORT,magical,1,5,3,0.8,6283,4632,8296,4005,19.5,16.9,294,353,32,25,8,190,2040,415,238,58,0.805,0.2,0.56,"basic_hp;basic_hp;basic_armor;basic_haste;basic_hp;basic_armor;basic_power"
137,0,446,150,130,bot0_1,Jailer,0,TANK,magical,7,6,11,3,15927,10025,12568,0,27.5,0,475,602,28,33,12,78,4253,572,364,82,0.817,0.9,0.8,"basic_hp;basic_hp;basic_mr;basic_mr;basic_armor;basic_armor;basic_power;basic_haste;basic_as;basic_power;basic_hp;basic_mr;basic_hp;basic_hp;basic_armor"
137,0,446,150,130,bot1_1,Mage,1,MAGE,magical,2,5,16,3.6,19036,9649,6741,286,26.5,0.8,644,827,76,29,11,127,3577,481,364,82,0.816,0.3,1.43,"special_lifesteal;basic_power;basic_power;basic_hp;basic_haste;basic_armor;basic_mr;basic_hp;basic_haste;basic_hp;basic_armor;basic_mr"
137,0,446,150,130,bot0_2,Healer,0,SUPPORT,magical,6,4,15,5.25,10977,6134,9097,8142,15.7,20.9,157,217,56,25,13,276,4351,585,390,57,0.873,0.8,0.67,"special_gw;basic_hp;basic_hp;basic_hp;basic_hp;basic_mr;basic_armor;basic_mr;basic_hp;basic_hp;basic_armor;basic_mr;basic_mr"
137,0,446,150,130,bot1_2,Reaper,1,SPLITPUSHER,magical,5,7,13,2.57,14488,9325,9347,428,27.3,1.3,419,591,42,23,12,79,3904,525,342,104,0.766,0.7,1,"special_lifesteal;basic_power;basic_hp;basic_power;basic_power;basic_hp;basic_haste;basic_haste;basic_power;basic_armor;basic_hp;basic_mr;basic_haste"
137,0,446,150,130,bot0_3,Bruiser,0,FIGHTER,physical,5,5,10,3,12316,5739,8429,345,15.3,0.9,308,548,51,37,12,207,3782,509,374,72,0.838,0.7,0.68,"special_lifesteal;basic_power;basic_power;basic_as;basic_power;basic_as;basic_power;basic_as;basic_hp;basic_as;basic_mr;basic_armor"
137,0,446,150,130,bot1_3,Kratoma,1,SLAYER,physical,7,3,12,6.33,23249,12495,8411,611,31.7,1.5,402,885,33,33,12,200,4175,561,394,52,0.884,0.9,1.49,"special_lifesteal;basic_power;basic_power;basic_as;basic_hp;basic_power;basic_as;basic_armor;basic_power;basic_as;basic_mr;basic_power;basic_power"
137,0,446,150,130,bot0_4,Wanderer,0,SLAYER,physical,3,6,11,2.33,22516,9576,9802,394,26.6,1.1,842,1125,30,21,12,153,3628,488,360,86,0.807,0.4,0.98,"special_lifesteal;basic_power;basic_power;basic_hp;basic_hp;basic_as;basic_power;basic_mr;basic_as;basic_armor;basic_hp;basic_mr"
137,0,446,150,130,bot1_4,Eggchanter,1,SUPPORT,magical,7,6,13,3.33,7601,4811,10693,5573,13.4,15.5,145,266,39,19,11,179,4054,545,359,87,0.805,0.9,0.45,"special_gw;basic_hp;basic_hp;basic_hp;basic_hp;basic_armor;basic_armor;basic_hp;basic_mr;basic_power;basic_mr;basic_haste;basic_armor"
138,1,387,41,151,bot0_1,Hana,0,TANK,magical,1,9,6,0.78,9255,6218,13489,0,23.1,0,322,581,11,33,9,196,2621,406,269,118,0.695,0.2,0.46,"basic_hp;basic_hp;basic_hp;basic_mr;basic_armor;basic_mr;basic_haste;basic_power;basic_hp"
138,1,387,41,151,bot1_1,Tamer,1,MAGE,magical,10,4,19,7.25,21539,16140,8020,6350,43.8,17.2,362,644,52,18,13,46,4796,743,369,19,0.952,1.5,2.01,"special_lifesteal;basic_power;basic_power;basic_hp;basic_power;basic_hp;basic_haste;basic_haste;basic_armor;basic_hp;basic_hp;basic_mr;basic_armor;basic_power;basic_mr;basic_power"
138,1,387,41,151,bot0_2,Eggchanter,0,SUPPORT,magical,1,7,7,1.14,6782,3700,10602,3570,12.4,11.9,144,237,29,15,10,61,2686,416,299,88,0.772,0.2,0.35,"special_heal_power;basic_hp;basic_hp;basic_hp;basic_mr;basic_armor;basic_haste;basic_mr;basic_power"
138,1,387,41,151,bot1_2,Healer,1,SUPPORT,magical,6,0,21,27,11367,7800,6784,10696,20.1,27.6,193,244,74,26,13,123,4348,673,387,0,1,0.9,1.15,"special_gw;basic_hp;basic_hp;basic_hp;basic_armor;basic_mr;basic_power;basic_armor;basic_haste;basic_hp;basic_mr;basic_hp;basic_hp;basic_power"
138,1,387,41,151,bot0_3,Fusilier,0,SLAYER,physical,5,8,2,0.88,20037,8184,8718,460,25.7,1.4,348,531,45,16,11,266,3166,490,318,69,0.821,0.8,0.94,"special_lifesteal;basic_power;basic_hp;basic_as;basic_mr;basic_armor;basic_power;basic_hp;basic_power;basic_as"
138,1,387,41,151,bot1_3,Kratoma,1,SLAYER,physical,6,2,22,14,18667,10090,6966,554,28.5,1.6,299,653,30,31,12,257,4382,679,354,33,0.914,0.9,1.45,"special_lifesteal;basic_power;basic_power;basic_as;basic_hp;basic_power;basic_as;basic_power;basic_as;basic_hp;basic_armor;basic_armor;basic_mr;basic_as"
138,1,387,41,151,bot0_4,Vanguard,0,FIGHTER,physical,1,6,6,1.17,14518,6973,13751,0,20.9,0,542,548,50,31,10,334,2684,416,334,54,0.861,0.2,0.51,"basic_hp;basic_hp;basic_hp;basic_mr;basic_power;basic_armor;basic_mr;basic_as;basic_haste"
138,1,387,41,151,bot1_4,Pyromancer,1,SLAYER,magical,8,2,19,13.5,17425,8454,5167,230,21.8,0.6,436,637,30,24,13,297,4547,704,387,0,1,1.2,1.64,"special_lifesteal;basic_power;basic_power;basic_hp;basic_power;basic_power;basic_haste;basic_power;basic_power;basic_hp;basic_armor;basic_haste;basic_mr;basic_hp"
139,0,300,150,3,bot0_1,Goliath,0,TANK,physical,7,0,8,15,9538,4325,6043,2486,14.4,8.3,301,533,30,26,9,139,3164,633,300,0,1,1.4,0.72,"basic_hp;basic_hp;basic_hp;basic_mr;basic_armor;basic_power;basic_hp;special_gw;basic_as;basic_hp"
139,0,300,150,3,bot1_1,Doctor,1,SUPPORT,physical,1,6,2,0.5,4265,3460,7116,1126,14.4,4.7,174,317,26,11,8,182,2032,406,241,60,0.802,0.2,0.49,"special_heal_power;basic_hp;basic_armor;basic_mr;basic_hp;basic_hp"
139,0,300,150,3,bot0_2,Wanderer,0,SLAYER,physical,3,2,15,9,17148,9349,4844,302,34,1.1,598,1045,20,15,10,159,3059,612,275,25,0.916,0.6,1.93,"special_lifesteal;basic_power;basic_power;basic_as;basic_power;basic_hp;basic_armor;basic_as;basic_mr;basic_hp"
139,0,300,150,3,bot1_2,Fusilier,1,SLAYER,physical,1,5,2,0.6,9512,6718,5077,231,28.2,1,592,802,32,7,8,9,2059,412,239,61,0.795,0.2,1.32,"special_lifesteal;basic_power;basic_as;basic_hp;basic_armor;basic_power;basic_mr"
139,0,300,150,3,bot0_3,Hana,0,TANK,magical,7,1,12,19,10775,7487,7173,0,25.1,0,327,811,16,35,10,101,3376,675,298,2,0.993,1.4,1.04,"basic_hp;basic_hp;basic_hp;basic_mr;basic_armor;basic_haste;basic_mr;basic_hp;basic_armor;basic_haste;basic_power;basic_mr"
139,0,300,150,3,bot1_3,Jirina,1,FIGHTER,magical,0,5,2,0.4,10244,5256,9785,1839,22,7.7,405,594,31,12,8,117,1942,388,239,61,0.796,0,0.54,"basic_hp;basic_hp;special_lifesteal;basic_power;basic_power;basic_armor"
139,0,300,150,3,bot0_4,Doctor,0,SUPPORT,physical,5,0,15,20,7042,5199,5941,10966,17.3,36.5,335,499,11,22,10,98,3323,664,300,0,1,1,0.88,"basic_hp;basic_hp;basic_hp;basic_hp;basic_mr;basic_hp;basic_hp;basic_armor;basic_mr;basic_mr;basic_armor"
139,0,300,150,3,bot1_4,Summoner,1,MAGE,magical,1,6,2,0.5,4632,3437,5962,95,15.1,0.4,175,233,27,11,7,143,1993,398,227,73,0.757,0.2,0.58,"special_lifesteal;basic_power;basic_power;basic_power;basic_hp;basic_haste"
140,0,248,150,2,bot0_1,Jirina,0,FIGHTER,magical,6,0,14,20,10993,8269,4558,2349,33.3,9.5,449,530,35,8,10,281,3206,775,248,0,1,1.5,1.81,"special_lifesteal;basic_power;basic_hp;basic_mr;basic_hp;basic_power;basic_haste;basic_hp;basic_power;basic_armor"
140,0,248,150,2,bot1_1,Oracle,1,MAGE,physical,2,6,0,0.33,5010,4286,7171,130,24,0.7,303,372,11,11,7,260,1835,444,179,69,0.721,0.5,0.6,"special_lifesteal;basic_power;basic_hp;basic_power;basic_hp"
140,0,248,150,2,bot0_2,Doctor,0,SUPPORT,physical,5,0,11,16,4462,4077,4303,8580,16.4,34.6,220,304,12,15,9,241,2891,699,248,0,1,1.2,0.95,"basic_hp;basic_hp;basic_hp;basic_hp;basic_mr;basic_hp;basic_armor;basic_mr;basic_hp"
140,0,248,150,2,bot1_2,Cleric,1,SUPPORT,magical,0,5,2,0.4,4861,3254,7080,2267,17,11.9,266,324,24,17,7,136,1686,408,191,57,0.769,0,0.46,"special_gw;basic_hp;basic_armor;basic_hp;basic_mr"
140,0,248,150,2,bot0_3,Jailer,0,TANK,magical,7,0,9,16,7722,6367,4098,0,25.7,0,339,513,26,17,9,161,3061,740,248,0,1,1.7,1.55,"basic_hp;basic_hp;basic_hp;basic_mr;basic_hp;basic_hp;basic_armor;basic_mr;basic_hp;basic_power"
140,0,248,150,2,bot1_3,Vanguard,1,FIGHTER,physical,0,4,2,0.5,7169,4578,8253,0,22.6,0,446,588,32,19,7,66,1641,397,202,46,0.815,0,0.55,"basic_hp;basic_hp;basic_hp;basic_power;basic_armor;basic_mr"
140,0,248,150,2,bot0_4,Wanderer,0,SLAYER,physical,3,2,14,8.5,17074,8490,4644,426,36.4,1.8,566,1132,21,15,9,288,2738,662,234,15,0.941,0.7,1.83,"special_lifesteal;basic_power;basic_power;basic_power;basic_as;basic_as;basic_hp;basic_power"
140,0,248,150,2,bot1_4,Pyromancer,1,SLAYER,magical,0,6,2,0.33,6731,4212,5511,80,23.7,0.4,397,491,13,11,7,130,1680,406,178,70,0.717,0,0.76,"special_lifesteal;basic_power;basic_hp;basic_haste;basic_power"
141,0,282,152,11,bot0_1,Fusilier,0,SLAYER,physical,6,1,16,22,16066,9252,2372,356,32.8,1.3,422,690,50,11,11,282,3482,741,282,0,1,1.3,3.9,"special_lifesteal;basic_power;basic_power;basic_hp;basic_power;basic_as;basic_as;basic_hp;basic_mr;basic_armor;basic_as"
141,0,282,152,11,bot1_1,Jailer,1,TANK,magical,1,7,1,0.29,5899,3650,9307,0,18.5,0,357,413,14,12,8,73,1923,409,197,85,0.699,0.2,0.39,"basic_hp;basic_hp;basic_armor;basic_power;basic_haste;basic_hp;basic_armor"
141,0,282,152,11,bot0_2,Doctor,0,SUPPORT,physical,5,0,20,25,6251,4279,4864,8646,15.2,30.7,221,356,17,18,10,217,3442,733,282,0,1,1.1,0.88,"special_gw;basic_hp;basic_mr;basic_armor;basic_hp;basic_power;basic_as;basic_hp;basic_hp;basic_mr;basic_armor"
141,0,282,152,11,bot1_2,Quiller,1,SLAYER,physical,1,7,1,0.29,7534,4626,6129,187,23.6,1,227,379,21,16,8,159,1934,412,196,86,0.695,0.2,0.75,"special_lifesteal;basic_power;basic_hp;basic_as;basic_armor;basic_mr"
141,0,282,152,11,bot0_3,Wanderer,0,SLAYER,physical,8,0,14,22,16949,11848,3943,336,42,1.2,566,999,20,17,10,338,3588,764,282,0,1,1.7,3,"special_lifesteal;basic_power;basic_hp;basic_power;basic_power;basic_hp;basic_as;basic_hp;basic_as;basic_as;basic_mr"
141,0,282,152,11,bot1_3,Jirina,1,FIGHTER,magical,0,6,1,0.17,6559,2794,7971,779,11.9,3.3,297,390,18,7,8,57,1832,390,234,48,0.831,0,0.35,"basic_hp;basic_hp;basic_armor;basic_power;basic_haste;basic_mr;basic_as"
141,0,282,152,11,bot0_4,Vanguard,0,FIGHTER,physical,6,1,14,20,10561,6237,4746,0,22.9,0,363,422,39,29,10,228,3328,709,272,10,0.965,1.3,1.31,"basic_hp;basic_hp;basic_armor;basic_hp;basic_mr;basic_armor;basic_hp;basic_hp;basic_as;basic_mr;basic_armor"
141,0,282,152,11,bot1_4,Ironclad,1,TANK,physical,0,5,0,0,3770,2448,9714,0,11.1,0,421,564,19,12,7,80,1680,358,221,60,0.786,0,0.25,"basic_hp;basic_hp;basic_armor;basic_power;basic_hp;basic_armor"
142,1,328,29,150,bot0_1,Vanguard,0,FIGHTER,physical,1,5,6,1.4,8991,4403,9567,0,16.8,0,403,458,36,25,9,205,2380,435,262,66,0.798,0.2,0.46,"basic_hp;basic_hp;basic_hp;basic_power;basic_hp;basic_power;basic_armor;basic_mr"
142,1,328,29,150,bot1_1,Fusilier,1,SLAYER,physical,12,3,7,6.33,19907,10447,4561,563,33.3,1.8,425,830,52,11,12,95,4245,776,314,15,0.955,2.2,2.29,"special_lifesteal;basic_power;basic_power;basic_power;basic_as;basic_as;basic_as;basic_power;basic_power;basic_power;basic_power;basic_hp;basic_hp"
142,1,328,29,150,bot0_2,Kratoma,0,SLAYER,physical,3,6,5,1.33,10762,6205,7260,199,24.8,0.8,221,429,17,17,9,53,2678,490,250,78,0.762,0.5,0.85,"special_lifesteal;basic_power;basic_as;basic_power;basic_as;basic_hp;basic_mr;basic_armor;basic_power"
142,1,328,29,150,bot1_2,Ironclad,1,TANK,physical,2,2,14,8,8071,4264,9449,0,14.2,0,217,361,36,21,10,317,3042,556,301,27,0.917,0.4,0.45,"basic_hp;basic_hp;basic_armor;basic_hp;basic_armor;basic_power;basic_as;basic_armor;basic_haste;basic_hp"
142,1,328,29,150,bot0_3,Quiller,0,SLAYER,physical,4,6,4,1.33,13962,7841,6544,316,31.2,1.3,269,420,30,20,9,114,2739,501,251,77,0.765,0.7,1.2,"special_lifesteal;basic_power;basic_hp;basic_as;basic_power;basic_hp;basic_mr;basic_armor;basic_hp"
142,1,328,29,150,bot1_3,Healer,1,SUPPORT,magical,3,2,20,11.5,7084,5343,6890,5529,17.9,18.6,175,209,53,17,11,187,3437,628,298,30,0.908,0.5,0.78,"basic_hp;basic_hp;basic_armor;basic_haste;basic_power;basic_hp;basic_armor;basic_mr;basic_haste;basic_as;basic_hp;basic_armor"
142,1,328,29,150,bot0_4,Bruiser,0,FIGHTER,physical,0,7,6,0.86,5846,3440,9168,193,14,0.8,256,449,30,28,8,63,2163,396,246,82,0.75,0,0.38,"special_lifesteal;basic_power;basic_as;basic_power;basic_hp;basic_armor;basic_power"
142,1,328,29,150,bot1_4,Mage,1,MAGE,magical,7,1,16,23,18014,10274,3725,405,31.3,1.2,787,877,75,26,12,264,3839,702,328,0,1,1.3,2.76,"special_lifesteal;basic_power;basic_power;basic_hp;basic_power;basic_hp;basic_armor;basic_hp;basic_armor;basic_armor;basic_haste;basic_hp"
143,1,317,12,150,bot0_1,Zephyr,0,SPLITPUSHER,magical,1,5,2,0.6,6194,3820,7272,209,15.1,0.8,299,452,26,26,8,275,2075,393,253,64,0.797,0.2,0.53,"special_lifesteal;basic_power;basic_hp;basic_power;basic_mr;basic_haste"
143,1,317,12,150,bot1_1,Cleric,1,SUPPORT,magical,5,0,19,24,9771,8384,5781,9595,26.4,30.3,303,333,52,47,11,147,3547,671,317,0,1,0.9,1.45,"basic_hp;basic_hp;basic_hp;basic_hp;basic_mr;basic_armor;basic_mr;basic_mr;basic_hp;basic_armor;basic_power;basic_armor"
143,1,317,12,150,bot0_2,Vanguard,0,FIGHTER,physical,0,4,2,0.5,7889,3662,8451,0,13.5,0,401,493,40,23,7,75,1925,364,271,46,0.856,0,0.43,"basic_hp;basic_hp;basic_hp;basic_mr;basic_power;basic_armor;basic_mr"
143,1,317,12,150,bot1_2,Wanderer,1,SLAYER,physical,4,1,13,17,12262,6668,3652,289,21.8,0.9,713,1237,16,19,10,33,3183,602,305,12,0.963,0.8,1.83,"special_lifesteal;basic_power;basic_power;basic_hp;basic_hp;basic_as;basic_as;basic_mr;basic_armor;basic_mr;basic_armor"
143,1,317,12,150,bot0_3,Pyromancer,0,SLAYER,magical,1,9,2,0.33,7929,5557,8420,124,24.3,0.5,332,449,21,16,8,56,2156,408,228,89,0.72,0.2,0.66,"special_lifesteal;basic_power;basic_power;basic_hp;basic_haste;basic_power;basic_mr"
143,1,317,12,150,bot1_3,Jailer,1,TANK,magical,11,2,5,8,8781,6397,5743,0,22,0,419,476,33,19,11,220,3795,718,291,26,0.917,2.1,1.11,"basic_hp;basic_hp;basic_hp;basic_hp;basic_hp;basic_mr;basic_hp;basic_armor;special_gw;basic_mr;basic_hp"
143,1,317,12,150,bot0_4,Kratoma,0,SLAYER,physical,1,6,2,0.5,9130,4756,6496,203,19.8,0.8,263,402,15,13,8,81,2156,408,240,76,0.759,0.2,0.73,"special_lifesteal;basic_power;basic_power;basic_as;basic_as;basic_hp;basic_mr"
143,1,317,12,150,bot1_4,Jirina,1,FIGHTER,magical,4,0,14,18,11332,6752,5291,3753,21.3,11.8,336,414,41,14,10,167,3217,609,317,0,1,0.8,1.28,"basic_hp;basic_hp;basic_hp;basic_hp;basic_power;basic_power;basic_mr;basic_armor;basic_armor;basic_haste;basic_hp"
144,0,507,150,86,bot0_1,Pyromancer,0,SLAYER,magical,1,5,21,4.4,20277,10702,10577,320,24.5,0.7,543,676,47,36,12,256,3831,454,436,70,0.862,0.1,1.01,"special_lifesteal;basic_power;basic_power;basic_hp;basic_power;basic_haste;basic_power;basic_hp;basic_power;basic_armor;basic_mr;basic_haste"
144,0,507,150,86,bot1_1,Jailer,1,TANK,magical,2,6,14,2.67,16928,12509,14682,0,29,0,394,603,45,36,11,346,3671,435,432,75,0.852,0.2,0.85,"basic_hp;basic_hp;basic_hp;basic_mr;basic_mr;basic_armor;basic_hp;basic_mr;basic_power;basic_haste;basic_armor;basic_mr"
144,0,507,150,86,bot0_2,Oracle,0,MAGE,physical,6,6,18,4,18411,12289,9980,394,29.3,0.9,471,629,32,28,13,188,4563,540,419,88,0.827,0.7,1.23,"special_lifesteal;basic_power;basic_hp;basic_power;basic_as;basic_armor;basic_hp;basic_as;basic_hp;basic_armor;basic_power;basic_mr;basic_mr;basic_as;basic_power"
144,0,507,150,86,bot1_2,Goliath,1,TANK,physical,6,5,11,3.4,14543,10616,19067,2971,24.8,6.9,590,649,50,29,11,181,4006,474,428,79,0.844,0.7,0.56,"basic_hp;basic_hp;special_gw;basic_hp;basic_mr;basic_armor;basic_power;basic_as;basic_mr;basic_hp;basic_mr;basic_armor;basic_armor"
144,0,507,150,86,bot0_3,Jirina,0,FIGHTER,magical,8,3,14,7.33,22898,17119,11585,6113,36.8,13.2,644,885,62,17,12,271,4471,529,465,42,0.917,0.9,1.48,"special_lifesteal;basic_power;basic_power;basic_power;basic_power;basic_hp;basic_hp;basic_haste;basic_hp;basic_armor;basic_power;basic_hp;basic_mr;basic_haste"
144,0,507,150,86,bot1_3,Doctor,1,SUPPORT,physical,1,5,15,3.2,8216,7307,16564,17698,15.4,37.4,204,280,33,30,11,243,3568,423,473,33,0.934,0.1,0.44,"special_gw;basic_hp;basic_hp;basic_mr;basic_mr;basic_hp;basic_hp;basic_armor;basic_mr;basic_mr;basic_power"
144,0,507,150,86,bot0_4,Hana,0,TANK,magical,10,3,15,8.33,22086,18471,15537,0,40,0,521,957,27,58,12,24,4849,574,462,45,0.912,1.2,1.19,"basic_hp;basic_hp;basic_hp;basic_armor;basic_hp;basic_mr;basic_armor;basic_armor;basic_power;basic_haste;basic_mr;basic_hp;basic_armor;basic_as;basic_mr;basic_power;basic_mr"
144,0,507,150,86,bot1_4,Quiller,1,SLAYER,physical,8,9,9,1.89,23748,14622,10503,582,38.3,1.5,301,590,54,34,12,215,4315,511,382,125,0.754,0.9,1.39,"special_lifesteal;basic_power;basic_power;basic_hp;basic_power;basic_as;basic_mr;basic_armor;basic_hp;basic_as;basic_mr;basic_hp;basic_as;basic_power"
145,1,307,1,150,bot0_1,Tamer,0,MAGE,magical,1,7,0,0.14,13549,4660,6475,2030,18.8,8.2,254,434,26,10,9,244,2119,414,247,59,0.806,0.2,0.72,"special_lifesteal;special_lifesteal;basic_power;basic_power;basic_hp"
145,1,307,1,150,bot1_1,Eggchanter,1,SUPPORT,magical,0,1,16,16,5164,3832,4169,5544,12.9,18.7,121,199,33,17,9,185,2585,506,296,11,0.965,0,0.92,"basic_hp;basic_hp;basic_hp;basic_mr;basic_mr;basic_haste;basic_armor;basic_haste;basic_armor"
145,1,307,1,150,bot0_2,Ironclad,0,TANK,physical,0,3,0,0,6497,1890,8262,0,7,0,343,389,25,19,8,208,1858,363,269,38,0.876,0,0.23,"basic_hp;basic_hp;basic_hp;basic_hp;basic_mr;basic_armor"
145,1,307,1,150,bot1_2,Fusilier,1,SLAYER,physical,12,0,9,21,19744,12032,3512,571,39.2,1.9,621,811,51,17,11,128,3953,773,307,0,1,2.3,3.43,"special_lifesteal;basic_power;basic_power;basic_as;basic_hp;basic_mr;basic_as;basic_armor;basic_power;basic_power;basic_hp;basic_as;basic_hp"
145,1,307,1,150,bot0_3,Hana,0,TANK,magical,0,5,1,0.2,8092,5005,11068,0,20.8,0,334,450,8,30,8,133,1958,383,240,66,0.784,0,0.45,"basic_hp;basic_hp;special_gw;basic_mr;basic_armor;basic_mr"
145,1,307,1,150,bot1_3,Jirina,1,FIGHTER,magical,7,0,10,17,10115,6575,4525,6309,21.4,20.6,328,438,38,18,10,116,3341,654,307,0,1,1.4,1.45,"basic_hp;basic_hp;special_lifesteal;basic_power;basic_power;basic_hp;basic_mr;basic_mr;basic_hp;basic_haste;basic_armor"
145,1,307,1,150,bot0_4,Cleric,0,SUPPORT,magical,0,6,1,0.17,6110,3577,7330,1868,14.9,7.8,262,319,28,21,8,143,1943,380,241,66,0.784,0,0.49,"special_heal_power;basic_hp;basic_hp;basic_mr;basic_armor;basic_haste"
145,1,307,1,150,bot1_4,Jailer,1,TANK,magical,2,0,17,19,11214,7827,4397,0,25.5,0,360,545,34,26,10,46,2996,586,307,0,1,0.4,1.78,"special_gw;basic_hp;basic_hp;basic_mr;basic_mr;basic_power;basic_armor;basic_haste;basic_hp;basic_hp"
146,0,288,150,9,bot0_1,Wanderer,0,SLAYER,physical,8,1,18,26,19591,12843,3541,534,47.4,2,991,1438,23,17,11,48,3823,797,271,17,0.942,1.7,3.63,"special_lifesteal;basic_power;basic_power;basic_hp;basic_as;basic_mr;basic_armor;basic_hp;basic_power;basic_as;basic_hp;basic_mr;basic_as"
146,0,288,150,9,bot1_1,Zephyr,1,SPLITPUSHER,magical,1,7,1,0.29,6193,3459,7630,149,17.1,0.7,334,434,21,19,8,156,1956,408,203,85,0.705,0.2,0.45,"special_lifesteal;basic_power;basic_power;basic_hp;basic_armor;basic_haste"
146,0,288,150,9,bot0_2,Tamer,0,MAGE,magical,11,2,14,12.5,12523,8378,2662,2822,32.8,11,342,546,32,9,11,216,3991,832,255,32,0.888,2.3,3.15,"special_lifesteal;basic_hp;basic_hp;basic_mr;basic_hp;basic_power;basic_mr;basic_power;basic_mr;basic_haste;basic_haste;basic_armor;basic_power"
146,0,288,150,9,bot1_2,Hana,1,TANK,magical,2,6,1,0.5,6497,3936,9809,0,17.9,0,355,544,7,27,8,178,2103,439,220,67,0.766,0.4,0.4,"basic_hp;basic_hp;basic_hp;basic_armor;basic_hp;basic_armor;basic_mr"
146,0,288,150,9,bot0_3,Ironclad,0,TANK,physical,3,0,18,21,7623,5678,5087,0,19.7,0,452,595,29,23,10,53,3103,647,288,0,1,0.6,1.12,"basic_hp;basic_hp;basic_mr;basic_mr;basic_hp;basic_mr;basic_hp;basic_mr;basic_as;basic_power;basic_armor"
146,0,288,150,9,bot1_3,Cleric,1,SUPPORT,magical,0,7,3,0.43,4561,2717,9468,2866,13.2,13.9,276,336,19,15,7,264,1864,389,206,82,0.715,0,0.29,"basic_hp;basic_hp;basic_hp;basic_armor;basic_armor;basic_mr"
146,0,288,150,9,bot0_4,Vanguard,0,FIGHTER,physical,5,0,21,26,11964,9113,4706,0,31.7,0,581,857,44,27,10,179,3529,736,288,0,1,1,1.94,"basic_hp;basic_hp;basic_hp;basic_mr;basic_power;basic_mr;basic_as;basic_hp;basic_armor;basic_power;basic_mr;basic_hp"
146,0,288,150,9,bot1_4,Jailer,1,TANK,magical,0,7,3,0.43,7785,4014,10448,0,17.7,0,318,527,19,15,8,27,1927,402,226,61,0.786,0,0.38,"basic_hp;basic_hp;basic_hp;basic_armor;basic_hp;basic_mr;basic_haste"
147,1,270,2,151,bot0_1,Goliath,0,TANK,physical,1,6,1,0.33,6258,2536,10351,717,13,3.7,318,432,25,13,8,159,2009,446,196,74,0.725,0.2,0.25,"basic_hp;basic_hp;basic_armor;basic_mr;basic_hp;basic_armor;basic_as"
147,1,270,2,151,bot1_1,Oracle,1,MAGE,physical,4,1,14,18,10067,6796,3236,280,26.3,1.1,392,525,19,17,9,237,2912,647,258,12,0.957,0.9,2.1,"special_lifesteal;basic_power;basic_as;basic_power;basic_power;basic_as;basic_hp;basic_as;basic_armor"
147,1,270,2,151,bot0_2,Wanderer,0,SLAYER,physical,0,6,2,0.33,7250,2579,6037,112,13.4,0.6,421,797,10,9,8,89,1864,414,192,78,0.711,0,0.43,"special_lifesteal;basic_power;basic_as;basic_hp;basic_armor;basic_mr"
147,1,270,2,151,bot1_2,Healer,1,SUPPORT,magical,3,0,18,21,7942,4246,3544,4355,15.7,16.1,154,216,48,12,10,68,3043,676,270,0,1,0.7,1.2,"special_heal_power;basic_hp;basic_hp;basic_armor;basic_hp;basic_mr;basic_armor;basic_hp;basic_mr;basic_haste"
147,1,270,2,151,bot0_3,Jailer,0,TANK,magical,1,6,1,0.33,6677,2645,8870,0,13.5,0,315,492,13,12,8,3,1928,428,197,73,0.728,0.2,0.3,"basic_hp;basic_hp;basic_hp;basic_hp;basic_armor;basic_armor;basic_mr"
147,1,270,2,151,bot1_3,Fusilier,1,SLAYER,physical,13,0,9,22,19464,12510,1998,545,46.3,2,389,709,53,14,11,156,4056,901,270,0,1,2.9,6.26,"special_lifesteal;basic_power;basic_hp;basic_power;basic_as;basic_hp;basic_power;basic_as;basic_as;basic_mr;basic_hp;basic_power;basic_as"
147,1,270,2,151,bot0_4,Jirina,0,FIGHTER,magical,0,6,1,0.17,5186,2771,9057,1176,14.2,6,310,310,19,8,7,207,1757,390,195,75,0.722,0,0.31,"special_lifesteal;basic_power;basic_hp;basic_armor;basic_hp"
147,1,270,2,151,bot1_4,Summoner,1,MAGE,magical,4,1,16,20,6562,5428,3241,229,21,0.9,190,271,39,19,10,65,3040,676,258,12,0.957,0.9,1.67,"special_lifesteal;basic_power;basic_hp;basic_haste;basic_power;basic_power;basic_hp;basic_haste;basic_power;basic_armor"
148,1,399,50,150,bot0_1,Bruiser,0,FIGHTER,physical,3,8,10,1.63,9873,5087,11213,279,17.8,1,315,494,43,34,11,45,3220,484,286,113,0.716,0.5,0.45,"special_lifesteal;basic_power;basic_hp;basic_as;basic_power;basic_hp;basic_mr;basic_armor;basic_as;basic_hp;basic_mr"
148,1,399,50,150,bot1_1,Jailer,1,TANK,magical,7,3,18,8.33,15718,8778,6789,0,24.6,0,477,612,37,35,13,82,4507,677,356,43,0.893,1.1,1.29,"basic_hp;basic_hp;basic_hp;basic_hp;basic_armor;basic_mr;basic_haste;basic_power;basic_armor;basic_mr;basic_as;basic_haste;basic_armor;basic_power;basic_armor;basic_mr"
148,1,399,50,150,bot0_2,Kratoma,0,SLAYER,physical,7,6,7,2.33,15223,8747,9168,322,27.8,1,314,627,27,24,11,214,3714,558,315,85,0.788,1.1,0.95,"special_lifesteal;basic_power;basic_power;basic_hp;basic_power;basic_as;basic_hp;basic_as;basic_mr;basic_as;basic_armor;basic_hp"
148,1,399,50,150,bot1_2,Volstrov,1,MAGE,magical,10,4,14,6,16408,8605,5149,354,25.8,1.1,245,552,16,17,13,245,4720,709,334,65,0.836,1.5,1.67,"special_lifesteal;basic_power;basic_power;basic_power;basic_hp;basic_armor;basic_hp;basic_hp;basic_armor;basic_haste;basic_armor;basic_power;basic_haste;basic_haste;basic_hp"
148,1,399,50,150,bot0_3,Summoner,0,MAGE,magical,1,8,12,1.63,8581,3322,9640,217,11.5,0.7,179,217,38,17,11,162,3062,460,290,109,0.726,0.2,0.34,"special_lifesteal;basic_power;basic_hp;basic_mr;basic_power;basic_haste;basic_armor;basic_hp;basic_mr;basic_hp"
148,1,399,50,150,bot1_3,Wanderer,1,SLAYER,physical,8,4,18,6.5,26577,14402,7475,651,42.9,1.9,844,1218,26,20,12,13,4388,659,336,63,0.841,1.2,1.93,"special_lifesteal;basic_power;basic_hp;basic_power;basic_as;basic_power;basic_armor;basic_hp;basic_mr;basic_as;basic_armor;basic_hp;basic_as;basic_power;basic_mr"
148,1,399,50,150,bot0_4,Vanguard,0,FIGHTER,physical,3,6,11,2.33,9376,4885,10359,0,13.7,0,296,418,58,25,11,38,3288,494,356,43,0.892,0.5,0.47,"basic_hp;basic_hp;basic_hp;basic_hp;basic_mr;basic_power;basic_mr;basic_power;basic_armor;basic_as;basic_armor;basic_as"
148,1,399,50,150,bot1_4,Hana,1,TANK,magical,3,3,19,7.33,13079,6371,8962,0,18,0,312,450,22,43,12,184,3784,569,354,45,0.887,0.5,0.71,"basic_hp;basic_hp;basic_armor;basic_mr;basic_armor;basic_mr;basic_hp;basic_power;basic_armor;basic_haste;basic_as;basic_hp;basic_hp"
149,0,288,152,12,bot0_1,Doctor,0,SUPPORT,physical,1,3,17,6,5899,4094,6600,5464,15.1,20.1,135,245,17,16,10,318,2768,577,272,16,0.946,0.2,0.62,"basic_hp;basic_hp;basic_mr;basic_armor;basic_mr;basic_hp;basic_armor;basic_hp;basic_power"
149,0,288,152,12,bot1_1,Cleric,1,SUPPORT,magical,0,6,6,1,4951,3105,8128,3167,14.5,14.8,218,278,30,24,8,254,2104,439,214,74,0.742,0,0.38,"basic_hp;basic_hp;basic_mr;basic_armor;basic_hp;basic_mr;basic_haste"
149,0,288,152,12,bot0_2,Kratoma,0,SLAYER,physical,7,1,11,18,9482,5236,3386,245,19.2,0.9,332,685,22,20,10,155,3380,705,272,16,0.946,1.5,1.55,"special_lifesteal;basic_power;basic_power;basic_power;basic_as;basic_hp;basic_as;basic_hp;basic_mr;basic_armor;basic_power"
149,0,288,152,12,bot1_2,Lynx,1,SLAYER,physical,2,6,4,1,11409,5260,6323,318,22.4,1.4,359,698,33,31,9,182,2307,481,235,53,0.817,0.4,0.83,"special_lifesteal;basic_power;basic_as;basic_hp;basic_power;basic_as;basic_power"
149,0,288,152,12,bot0_3,Volstrov,0,MAGE,magical,12,1,10,22,12009,8406,4250,346,29.2,1.2,361,644,6,12,11,144,3994,833,288,0,1,2.5,1.98,"special_lifesteal;basic_power;basic_power;basic_hp;basic_haste;basic_hp;basic_mr;basic_armor;basic_power;basic_hp;basic_hp;basic_power;basic_haste"
149,0,288,152,12,bot1_3,Summoner,1,MAGE,magical,2,7,4,0.86,5581,3571,6701,130,16.1,0.6,158,232,31,15,9,242,2292,478,221,66,0.77,0.4,0.53,"special_lifesteal;basic_power;basic_hp;basic_haste;basic_mr;basic_power;basic_armor"
149,0,288,152,12,bot0_4,Hana,0,TANK,magical,5,1,17,22,13650,8539,8410,0,29.7,0,428,611,17,34,11,285,3385,706,288,0,1,1,1.02,"basic_hp;basic_hp;basic_hp;basic_mr;basic_mr;basic_armor;basic_armor;basic_hp;basic_power;basic_hp;basic_armor"
149,0,288,152,12,bot1_4,Bruiser,1,FIGHTER,physical,2,6,3,0.83,9405,5362,8492,312,25.1,1.5,311,524,34,21,8,153,2203,459,213,74,0.742,0.4,0.63,"special_lifesteal;basic_power;basic_hp;basic_as;basic_armor;basic_power;basic_mr"