gameIndex,winner,gameDuration,score0,score1,id,className,team,role,dmgType,kills,deaths,assists,kda,dmgDealtTotal,dmgDealtToHeroes,dmgTaken,hpHealed,dpsToHeroes,hpsHealed,maxBurst1s,maxBurst3s,spellCastsQ,spellCastsE,level,gold,totalGold,goldPerMin,timeAlive,timeDead,survivalRate,killsPerMin,dmgEfficiency,items
0,0,305,152,27,bot0_1,Healer,0,SUPPORT,magical,5,2,16,10.5,8484,6253,6770,5696,20.5,18.7,190,260,52,13,11,197,3447,678,305,0,1,1,0.92,"basic_hp;basic_hp;basic_armor;basic_armor;basic_power;basic_power;basic_haste;basic_hp;basic_as;basic_armor;basic_power;basic_haste"
0,0,305,152,27,bot1_1,Quiller,1,SLAYER,physical,2,6,4,1,11232,6416,5612,269,28.5,1.2,260,438,32,19,9,31,2356,463,225,80,0.738,0.4,1.14,"special_lifesteal;basic_power;basic_power;basic_hp;basic_as;basic_hp;basic_armor;basic_mr"
0,0,305,152,27,bot0_2,Goliath,0,TANK,physical,5,0,18,23,14899,9802,5209,2220,32.1,7.3,357,549,40,24,11,177,3502,689,305,0,1,1,1.88,"basic_hp;basic_hp;basic_armor;basic_hp;basic_armor;basic_power;basic_as;basic_armor;basic_power;basic_as;basic_as;basic_hp"
0,0,305,152,27,bot1_2,Bruiser,1,FIGHTER,physical,2,4,2,1,6056,3044,9243,0,11.9,0,196,393,33,30,8,25,2175,428,256,49,0.84,0.4,0.33,"basic_hp;basic_hp;basic_hp;basic_armor;basic_hp;basic_mr;basic_power;basic_as"
0,0,305,152,27,bot0_3,Oracle,0,MAGE,physical,4,2,11,7.5,10083,5348,5110,316,19.3,1.1,438,568,19,19,9,301,2926,576,278,27,0.911,0.8,1.05,"special_lifesteal;basic_power;basic_hp;basic_power;basic_hp;basic_as;basic_armor;basic_haste;basic_hp"
0,0,305,152,27,bot1_3,Doctor,1,SUPPORT,physical,0,7,6,0.86,4556,3778,9806,3577,15.6,14.8,204,253,19,13,8,291,2141,421,242,63,0.792,0,0.39,"basic_hp;basic_hp;basic_hp;basic_armor;basic_mr;basic_armor;basic_power"
0,0,305,152,27,bot0_4,Lynx,0,SLAYER,physical,9,2,11,10,15224,9820,6506,505,35,1.8,635,890,52,34,11,284,3759,739,281,24,0.92,1.8,1.51,"special_lifesteal;basic_power;basic_power;basic_hp;basic_hp;basic_as;basic_armor;basic_mr;basic_hp;basic_power;basic_armor;basic_as"
0,0,305,152,27,bot1_4,Kratoma,1,SLAYER,physical,2,6,4,1,12231,7327,8441,307,32.7,1.4,252,536,15,15,9,323,2398,472,224,81,0.735,0.4,0.87,"special_lifesteal;basic_power;basic_hp;basic_as;basic_power;basic_armor;basic_hp"
1,0,387,152,59,bot0_1,Lynx,0,SLAYER,physical,5,5,17,4.4,16233,9956,11786,417,31.6,1.3,518,763,62,41,11,240,3815,591,315,72,0.814,0.8,0.84,"basic_hp;basic_hp;special_lifesteal;basic_hp;basic_as;basic_power;basic_mr;basic_hp;basic_armor;basic_hp;basic_as;basic_power"
1,0,387,152,59,bot1_1,Kratoma,1,SLAYER,physical,4,9,10,1.56,11948,6807,11805,308,21.4,1,273,631,20,16,11,231,3456,536,318,69,0.821,0.6,0.58,"special_lifesteal;basic_power;basic_as;basic_power;basic_hp;basic_armor;basic_power;basic_mr;basic_as;basic_hp;basic_power"
1,0,387,152,59,bot0_2,Mage,0,MAGE,magical,9,3,21,10,17660,9831,5635,0,28.9,0,537,847,77,25,13,23,4748,736,340,47,0.879,1.4,1.74,"basic_hp;basic_hp;basic_hp;basic_armor;basic_mr;basic_haste;basic_hp;basic_armor;basic_mr;basic_power;basic_as;basic_armor;basic_hp;basic_haste;basic_mr;basic_power;basic_as"
1,0,387,152,59,bot1_2,Reaper,1,SPLITPUSHER,magical,5,6,7,2,11910,7761,10407,340,25.8,1.1,660,916,37,17,11,186,3361,521,300,87,0.776,0.8,0.75,"special_lifesteal;basic_power;basic_hp;basic_armor;basic_power;basic_hp;basic_haste;basic_armor;basic_haste;basic_power;basic_mr"
1,0,387,152,59,bot0_3,Quiller,0,SLAYER,physical,5,3,25,10,18542,9567,5037,633,28,1.8,303,625,50,30,13,248,4398,682,342,45,0.884,0.8,1.9,"special_lifesteal;basic_power;basic_as;basic_hp;basic_armor;basic_power;basic_mr;basic_power;basic_as;basic_as;basic_power;basic_hp;basic_mr;basic_power"
1,0,387,152,59,bot1_3,Cleric,1,SUPPORT,magical,3,8,10,1.63,7501,5332,11027,3940,18.4,13.6,333,399,32,29,11,250,3225,500,289,98,0.748,0.5,0.48,"special_heal_power;basic_hp;basic_power;basic_hp;basic_hp;basic_power;basic_armor;basic_hp;basic_armor;basic_haste"
1,0,387,152,59,bot0_4,Oracle,0,MAGE,physical,12,3,13,8.33,22835,12690,6388,686,34.1,1.8,558,843,27,24,13,229,4854,752,372,15,0.962,1.9,1.99,"special_lifesteal;basic_power;basic_as;basic_power;basic_as;basic_power;basic_hp;basic_hp;basic_as;basic_power;basic_armor;basic_power;basic_power;basic_hp;basic_as"
1,0,387,152,59,bot1_4,Wanderer,1,SLAYER,physical,2,8,11,1.63,13584,5922,10536,0,21.5,0,525,856,19,15,10,130,3080,477,276,111,0.713,0.3,0.56,"basic_hp;basic_hp;basic_hp;basic_armor;basic_power;basic_as;basic_hp;basic_armor;basic_mr;basic_haste;basic_power"
2,0,381,151,34,bot0_1,Mage,0,MAGE,magical,6,4,27,8.25,19065,10548,6113,563,30.5,1.6,374,573,80,30,13,23,4723,743,346,35,0.908,0.9,1.73,"special_lifesteal;basic_hp;basic_hp;basic_mr;basic_hp;basic_power;basic_mr;basic_haste;basic_as;basic_mr;basic_power;basic_haste;basic_as;basic_power;basic_hp;basic_mr"
2,0,381,151,34,bot1_1,Zephyr,1,SPLITPUSHER,magical,1,9,8,1,7999,2454,11162,0,9.1,0,212,271,34,30,10,163,2788,439,271,110,0.711,0.2,0.22,"basic_hp;basic_hp;basic_armor;basic_power;basic_haste;basic_hp;basic_armor;basic_mr;basic_power;basic_as"
2,0,381,151,34,bot0_2,Fusilier,0,SLAYER,physical,19,3,13,10.67,25588,17241,5272,804,51.9,2.4,567,1044,57,15,14,271,5621,885,332,49,0.872,3,3.27,"special_lifesteal;basic_power;basic_as;basic_power;basic_as;basic_hp;basic_power;basic_mr;basic_power;basic_as;basic_armor;basic_hp;basic_mr;basic_armor;basic_power;basic_as;basic_hp;basic_mr"
2,0,381,151,34,bot1_2,Jirina,1,FIGHTER,magical,6,8,7,1.63,15576,11426,14379,4769,36.4,15.2,401,548,34,21,10,212,3412,537,314,67,0.824,0.9,0.79,"special_lifesteal;basic_power;basic_hp;basic_power;basic_haste;basic_power;basic_hp;basic_armor;basic_hp;basic_haste;basic_mr"
2,0,381,151,34,bot0_3,Vanguard,0,FIGHTER,physical,3,2,28,15.5,20097,12035,7056,0,34,0,517,679,57,39,13,165,4240,667,354,27,0.928,0.5,1.71,"special_gw;basic_hp;basic_mr;basic_hp;basic_power;basic_mr;basic_hp;basic_as;basic_mr;basic_power;basic_as;basic_armor;basic_power;basic_as"
2,0,381,151,34,bot1_3,Jailer,1,TANK,magical,4,8,9,1.63,12162,8109,14089,0,29.7,0,456,516,26,22,10,254,3229,508,273,108,0.716,0.6,0.58,"basic_hp;basic_hp;basic_armor;basic_hp;basic_mr;basic_power;basic_haste;basic_armor;basic_armor;basic_hp;basic_as"
2,0,381,151,34,bot0_4,Lynx,0,SLAYER,physical,7,4,23,7.5,18244,12821,8328,0,35.2,0,553,835,58,52,13,56,4631,729,365,17,0.957,1.1,1.54,"basic_hp;basic_hp;basic_hp;basic_mr;basic_mr;basic_power;basic_hp;basic_mr;basic_hp;basic_hp;basic_as;basic_power;basic_armor;basic_as;basic_mr;basic_haste"
2,0,381,151,34,bot1_4,Eggchanter,1,SUPPORT,magical,2,10,9,1.1,4804,2870,14613,4056,11.3,15.9,133,226,24,14,10,232,2932,461,255,127,0.668,0.3,0.2,"special_heal_power;basic_hp;basic_hp;basic_power;basic_hp;basic_armor;basic_power;basic_hp;basic_haste"
3,1,287,16,152,bot0_1,Goliath,0,TANK,physical,0,6,1,0.17,3567,1591,9451,574,7.4,2.7,312,367,30,10,8,32,1857,388,216,71,0.753,0,0.17,"basic_hp;basic_hp;basic_armor;basic_mr;basic_power;basic_hp;basic_as"
3,1,287,16,152,bot1_1,Kratoma,1,SLAYER,physical,12,0,12,24,13439,7076,3070,334,24.6,1.2,280,661,22,25,11,65,4215,880,287,0,1,2.5,2.3,"special_lifesteal;basic_power;basic_power;basic_power;basic_as;basic_as;basic_hp;basic_mr;basic_hp;basic_power;basic_as;basic_hp;basic_as;basic_armor"
3,1,287,16,152,bot0_2,Volstrov,0,MAGE,magical,0,7,1,0.14,4867,3169,7397,149,15.3,0.7,179,297,14,13,8,88,1863,389,207,80,0.72,0,0.43,"special_lifesteal;basic_power;basic_hp;basic_armor;basic_haste;basic_mr"
3,1,287,16,152,bot1_2,Jirina,1,FIGHTER,magical,5,0,20,25,12519,9743,5713,1878,33.9,6.5,501,748,28,9,11,261,3511,733,287,0,1,1,1.71,"special_lifesteal;basic_power;basic_power;basic_hp;basic_power;basic_mr;basic_hp;basic_hp;basic_armor;basic_haste;basic_power"
3,1,287,16,152,bot0_3,Mage,0,MAGE,magical,0,8,1,0.13,8325,3770,7440,203,19.4,1,460,621,24,13,8,94,1894,395,195,93,0.677,0,0.51,"special_lifesteal;basic_power;basic_power;basic_hp;basic_armor;basic_haste"
3,1,287,16,152,bot1_3,Lynx,1,SLAYER,physical,5,1,16,21,20727,10605,2878,694,36.9,2.4,599,997,51,32,10,103,3328,695,287,0,1,1,3.68,"special_lifesteal;basic_power;basic_hp;basic_power;basic_power;basic_as;basic_hp;basic_hp;basic_as;basic_mr;basic_mr"
3,1,287,16,152,bot0_4,Bruiser,0,FIGHTER,physical,1,7,0,0.14,11097,6298,8722,275,30.7,1.3,465,776,31,22,8,158,1958,409,205,82,0.715,0.2,0.72,"special_lifesteal;basic_power;basic_hp;basic_as;basic_armor;basic_power"
3,1,287,16,152,bot1_4,Doctor,1,SUPPORT,physical,6,0,15,21,4228,3313,5076,7739,11.5,26.9,302,393,16,16,10,190,3390,708,287,0,1,1.3,0.65,"basic_hp;basic_hp;basic_hp;basic_mr;basic_mr;basic_armor;basic_power;basic_as;basic_mr;basic_armor;basic_haste;basic_power"
4,1,246,0,151,bot0_1,Vanguard,0,FIGHTER,physical,0,4,0,0,6443,1422,5635,166,6.7,0.8,400,454,28,17,7,322,1622,395,211,35,0.857,0,0.25,"special_lifesteal;basic_power;basic_hp;basic_power"
4,1,246,0,151,bot1_1,Wanderer,1,SLAYER,physical,9,0,10,19,23417,15259,3023,588,61.9,2.4,488,1161,19,16,10,226,3451,840,246,0,1,2.2,5.05,"special_lifesteal;basic_power;basic_hp;basic_power;basic_as;basic_power;basic_armor;basic_as;basic_power;basic_mr;basic_hp"
4,1,246,0,151,bot0_2,Goliath,0,TANK,physical,0,6,0,0,7937,4146,11114,890,22.8,4.9,281,391,22,13,8,137,1712,417,182,64,0.739,0,0.37,"basic_hp;basic_hp;basic_hp;basic_mr;basic_armor;basic_power"
4,1,246,0,151,bot1_2,Pyromancer,1,SLAYER,magical,6,0,13,19,9944,5353,3512,193,21.7,0.8,412,629,22,19,9,60,3085,751,246,0,1,1.5,1.52,"special_lifesteal;basic_power;basic_power;basic_hp;basic_power;basic_hp;basic_hp;basic_armor;basic_armor;basic_hp"
4,1,246,0,151,bot0_3,Tamer,0,MAGE,magical,0,6,0,0,9144,3612,6323,1732,21,10.1,301,530,22,10,7,153,1703,415,172,74,0.698,0,0.57,"special_lifesteal;basic_power;basic_power;basic_hp;basic_haste"
4,1,246,0,151,bot1_3,Eggchanter,1,SUPPORT,magical,4,0,15,19,4374,3059,3597,5123,12.4,20.8,135,190,28,14,9,238,2888,703,246,0,1,1,0.85,"basic_hp;basic_hp;basic_hp;basic_armor;basic_armor;basic_mr;basic_mr;basic_haste;basic_haste;basic_power"
4,1,246,0,151,bot0_4,Doctor,0,SUPPORT,physical,0,5,0,0,1615,582,6018,2647,3,13.6,107,155,17,7,7,19,1619,394,194,52,0.789,0,0.1,"special_gw;basic_hp;basic_hp;basic_mr;basic_hp"
4,1,246,0,151,bot1_4,Healer,1,SUPPORT,magical,2,0,17,19,4080,2725,1062,1191,11.1,4.8,148,210,37,4,9,162,2712,660,246,0,1,0.5,2.57,"basic_hp;basic_hp;basic_hp;basic_armor;basic_armor;basic_mr;basic_armor;basic_hp;basic_armor"
5,0,276,150,1,bot0_1,Bruiser,0,FIGHTER,physical,9,0,16,25,7825,5091,4551,0,18.4,0,264,476,45,34,11,158,3933,854,276,0,1,2,1.12,"basic_hp;basic_hp;basic_hp;basic_armor;basic_mr;basic_armor;basic_mr;basic_as;basic_hp;basic_armor;basic_hp;basic_armor;basic_armor"
5,0,276,150,1,bot1_1,Eggchanter,1,SUPPORT,magical,0,7,1,0.14,4480,1697,9300,2691,7.7,12.2,103,163,23,11,7,261,1786,388,220,57,0.795,0,0.18,"special_heal_power;basic_hp;basic_armor;basic_mr;basic_haste"
5,0,276,150,1,bot0_2,Fusilier,0,SLAYER,physical,7,1,19,26,19279,11877,2929,649,45.7,2.5,349,704,44,15,11,21,3771,819,260,17,0.94,1.5,4.05,"special_lifesteal;basic_power;basic_power;basic_as;basic_power;basic_as;basic_hp;basic_hp;basic_armor;basic_as;basic_armor;basic_mr;basic_mr"
5,0,276,150,1,bot1_2,Ironclad,1,TANK,physical,0,7,1,0.14,4527,2543,13155,0,12.3,0,360,439,19,13,7,202,1777,386,206,70,0.746,0,0.19,"basic_hp;basic_hp;basic_hp;basic_armor;basic_mr;basic_power"
5,0,276,150,1,bot0_3,Hana,0,TANK,magical,10,0,16,26,20469,14094,4251,0,51,0,570,1163,16,36,11,163,3838,833,276,0,1,2.2,3.32,"basic_hp;basic_hp;basic_armor;basic_mr;basic_armor;basic_hp;basic_hp;basic_power;basic_hp;basic_armor;basic_armor;basic_mr;basic_haste"
5,0,276,150,1,bot1_3,Lynx,1,SLAYER,physical,1,8,0,0.13,6249,3547,8308,156,19,0.8,413,605,27,21,8,132,1907,414,187,90,0.676,0.2,0.43,"special_lifesteal;basic_power;basic_hp;basic_as;basic_armor;basic_mr"
5,0,276,150,1,bot0_4,Kratoma,0,SLAYER,physical,4,0,21,25,13878,6845,3420,534,24.8,1.9,344,580,22,21,11,185,3560,773,276,0,1,0.9,2,"special_lifesteal;basic_power;basic_power;basic_as;basic_power;basic_as;basic_power;basic_hp;basic_as;basic_hp;basic_power"
5,0,276,150,1,bot1_4,Vanguard,1,FIGHTER,physical,0,8,1,0.13,10100,5681,9139,202,30.1,1.1,694,743,31,19,8,234,1834,398,189,88,0.683,0,0.62,"special_lifesteal;basic_power;basic_power;basic_power;basic_hp"
6,0,362,150,42,bot0_1,Jailer,0,TANK,magical,6,3,16,7.33,12679,8345,10163,0,25.8,0,569,631,28,26,11,10,3735,619,324,38,0.895,1,0.82,"basic_hp;basic_hp;basic_hp;basic_armor;basic_armor;basic_hp;basic_armor;basic_hp;basic_mr;basic_power;basic_mr;basic_hp;basic_haste"
6,0,362,150,42,bot1_1,Tamer,1,MAGE,magical,5,7,8,1.86,14552,9599,8015,2801,37.4,10.9,405,675,29,10,11,124,3374,559,257,105,0.709,0.8,1.2,"special_lifesteal;basic_power;basic_hp;basic_power;basic_hp;basic_haste;basic_hp;basic_armor;basic_power;basic_mr;basic_hp"
6,0,362,150,42,bot0_2,Pyromancer,0,SLAYER,magical,9,3,15,8,13665,8524,7913,0,25.1,0,403,615,31,21,11,87,4137,686,339,22,0.938,1.5,1.08,"basic_hp;basic_hp;basic_hp;basic_armor;basic_haste;basic_hp;basic_armor;basic_hp;basic_hp;basic_mr;basic_armor;basic_haste;basic_power;basic_armor"
6,0,362,150,42,bot1_2,Quiller,1,SLAYER,physical,2,6,7,1.5,17763,9051,8521,0,32.3,0,261,450,43,26,10,69,2769,459,281,81,0.775,0.3,1.06,"basic_hp;basic_hp;basic_hp;basic_armor;basic_hp;basic_armor;basic_mr;basic_power;basic_as;basic_mr"
6,0,362,150,42,bot0_3,Kratoma,0,SLAYER,physical,10,3,13,7.67,17883,10415,7104,575,29.7,1.6,379,867,29,26,11,105,4205,697,350,12,0.968,1.7,1.47,"special_lifesteal;basic_power;basic_hp;basic_power;basic_hp;basic_hp;basic_as;basic_as;basic_power;basic_as;basic_power;basic_armor;basic_armor;basic_mr"
6,0,362,150,42,bot1_3,Fusilier,1,SLAYER,physical,3,7,9,1.71,12860,8378,8682,350,31.8,1.3,476,707,34,15,10,120,2995,497,264,98,0.729,0.5,0.96,"special_lifesteal;basic_power;basic_hp;basic_as;basic_power;basic_hp;basic_armor;basic_as;basic_mr;basic_armor"
6,0,362,150,42,bot0_4,Doctor,0,SUPPORT,physical,1,4,22,5.75,7854,5552,10877,11942,17.7,38,266,409,23,21,11,241,3291,546,314,48,0.868,0.2,0.51,"basic_hp;basic_hp;basic_armor;basic_mr;basic_power;basic_hp;basic_as;basic_hp;basic_armor;basic_hp;basic_mr"
6,0,362,150,42,bot1_4,Oracle,1,MAGE,physical,3,6,7,1.67,10616,7500,9901,0,26.5,0,391,501,18,16,10,168,2868,475,283,79,0.781,0.5,0.76,"basic_hp;basic_hp;basic_hp;basic_hp;basic_power;basic_power;basic_mr;basic_armor;basic_as;basic_armor"
7,0,264,150,3,bot0_1,Quiller,0,SLAYER,physical,0,1,12,12,8801,3629,2348,309,14.4,1.2,243,373,38,21,9,315,2365,538,251,13,0.952,0,1.55,"special_lifesteal;basic_power;basic_as;basic_hp;basic_armor;basic_mr;basic_power"
7,0,264,150,3,bot1_1,Goliath,1,TANK,physical,2,6,1,0.5,5133,2402,9685,438,12.3,2.2,270,348,24,10,8,120,2020,459,195,69,0.739,0.5,0.25,"basic_hp;basic_hp;basic_hp;basic_armor;basic_hp;basic_mr;basic_power"
7,0,264,150,3,bot0_2,Cleric,0,SUPPORT,magical,1,1,21,22,5954,4410,2851,4679,16.7,17.7,304,333,38,33,10,21,2946,670,264,0,1,0.2,1.55,"special_gw;basic_hp;basic_hp;basic_power;basic_power;basic_armor;basic_haste;basic_hp;basic_armor;basic_haste"
7,0,264,150,3,bot1_2,Vanguard,1,FIGHTER,physical,1,6,2,0.5,9157,4162,8744,0,19.2,0,408,621,35,20,7,16,1866,424,217,47,0.821,0.2,0.48,"special_gw;basic_hp;basic_power;basic_hp;basic_hp;basic_armor"
7,0,264,150,3,bot0_3,Zephyr,0,SPLITPUSHER,magical,7,0,14,21,8237,6076,3206,210,23,0.8,305,399,28,31,10,70,3445,783,264,0,1,1.6,1.9,"basic_hp;basic_hp;special_lifesteal;basic_armor;basic_hp;basic_hp;basic_armor;basic_power;basic_hp;basic_power;basic_armor"
7,0,264,150,3,bot1_3,Ironclad,1,TANK,physical,0,5,3,0.6,2664,1427,9526,0,7.1,0,270,318,16,9,7,247,1772,403,202,62,0.764,0,0.15,"special_gw;basic_hp;basic_power;basic_armor;basic_mr"
7,0,264,150,3,bot0_4,Lynx,0,SLAYER,physical,15,1,8,23,28253,19692,2749,585,74.6,2.2,551,1418,55,30,11,208,4083,928,264,0,1,3.4,7.16,"special_lifesteal;basic_power;basic_power;basic_as;basic_power;basic_as;basic_power;basic_hp;basic_armor;basic_as;basic_hp;basic_power;basic_mr"
7,0,264,150,3,bot1_4,Eggchanter,1,SUPPORT,magical,0,6,3,0.5,3868,1660,7749,1682,8.2,8.4,119,170,17,9,7,264,1814,412,201,63,0.763,0,0.21,"special_gw;basic_hp;basic_hp;basic_armor;basic_mr"
8,1,311,21,151,bot0_1,Jirina,0,FIGHTER,magical,2,6,5,1.17,7079,2439,9455,2433,9.4,9.4,321,419,26,14,9,247,2422,467,259,52,0.834,0.4,0.26,"basic_hp;basic_hp;basic_hp;basic_armor;basic_armor;basic_power;basic_haste;basic_hp"
8,1,311,21,151,bot1_1,Vanguard,1,FIGHTER,physical,4,1,21,25,21824,10984,6268,645,37,2.2,945,1299,44,35,11,193,3668,708,297,14,0.956,0.8,1.75,"special_lifesteal;basic_power;basic_power;basic_power;basic_hp;basic_as;basic_mr;basic_as;basic_hp;basic_mr;basic_armor;basic_hp"
8,1,311,21,151,bot0_2,Tamer,0,MAGE,magical,4,8,5,1.13,8325,4033,7874,2523,17,10.6,266,446,27,12,10,147,2822,545,237,74,0.762,0.8,0.51,"special_lifesteal;basic_power;basic_power;basic_hp;basic_hp;basic_armor;basic_haste;basic_hp;basic_power"
8,1,311,21,151,bot1_2,Jailer,1,TANK,magical,12,1,14,26,14733,9678,2829,0,32.7,0,371,480,33,26,12,21,4296,829,296,15,0.953,2.3,3.42,"basic_hp;basic_hp;basic_hp;basic_mr;basic_mr;basic_hp;basic_armor;basic_mr;basic_armor;basic_hp;basic_haste;basic_power;basic_mr;basic_mr;basic_as"
8,1,311,21,151,bot0_3,Fusilier,0,SLAYER,physical,1,5,8,1.8,7262,4726,6111,163,19.3,0.7,293,486,34,11,9,38,2388,461,245,66,0.787,0.2,0.77,"special_lifesteal;basic_hp;basic_hp;basic_as;basic_hp;basic_power;basic_armor;basic_mr"
8,1,311,21,151,bot1_3,Quiller,1,SLAYER,physical,7,3,11,6,10449,5844,3798,425,22,1.6,295,534,37,22,11,45,3545,684,266,45,0.856,1.4,1.54,"special_lifesteal;basic_power;basic_power;basic_hp;basic_power;basic_as;basic_hp;basic_as;basic_mr;basic_armor;basic_hp;basic_as"
8,1,311,21,151,bot0_4,Summoner,0,MAGE,magical,2,7,6,1.14,6150,3252,9901,190,14.9,0.9,172,240,28,13,9,171,2571,496,219,92,0.704,0.4,0.33,"special_lifesteal;basic_power;basic_power;basic_hp;basic_hp;basic_hp;basic_armor;basic_armor"
8,1,311,21,151,bot1_4,Lynx,1,SLAYER,physical,3,4,11,3.5,10951,4690,5174,0,18.2,0,479,666,46,33,10,194,2894,558,258,53,0.831,0.6,0.91,"basic_hp;basic_hp;basic_hp;basic_power;basic_mr;basic_hp;basic_as;basic_mr;basic_armor;basic_power"
9,1,370,23,151,bot0_1,Mage,0,MAGE,magical,1,9,7,0.89,11399,5750,8953,294,22,1.1,446,484,37,20,9,245,2595,421,262,108,0.707,0.2,0.64,"special_lifesteal;basic_power;basic_power;basic_hp;basic_power;basic_haste;basic_armor;basic_mr"
9,1,370,23,151,bot1_1,Tamer,1,MAGE,magical,12,4,14,6.5,15028,12536,5031,3075,39.7,9.7,292,496,44,10,12,79,4604,746,316,55,0.853,1.9,2.49,"special_lifesteal;basic_hp;basic_hp;basic_power;basic_mr;basic_hp;basic_mr;basic_power;basic_hp;basic_mr;basic_haste;basic_armor;basic_haste;basic_hp;basic_hp"
9,1,370,23,151,bot0_2,Zephyr,0,SPLITPUSHER,magical,2,7,6,1.14,7825,3081,9149,189,10.3,0.6,363,455,31,28,9,12,2662,431,299,71,0.808,0.3,0.34,"special_lifesteal;basic_power;basic_power;basic_hp;basic_power;basic_hp;basic_armor;basic_armor;basic_haste"
9,1,370,23,151,bot1_2,Fusilier,1,SLAYER,physical,7,0,16,23,17033,8538,3410,0,23.1,0,291,571,64,17,11,26,3976,644,370,0,1,1.1,2.5,"basic_hp;basic_hp;basic_hp;basic_mr;basic_power;basic_mr;basic_hp;basic_mr;basic_as;basic_armor;basic_as;basic_mr;basic_power;basic_hp"
9,1,370,23,151,bot0_3,Ironclad,0,TANK,physical,2,6,6,1.33,7137,4729,13382,0,16.5,0,379,485,27,17,9,251,2626,426,287,83,0.776,0.3,0.35,"basic_hp;basic_hp;basic_hp;basic_armor;basic_mr;basic_armor;basic_power;basic_mr;basic_as"
9,1,370,23,151,bot1_3,Goliath,1,TANK,physical,5,2,19,12,11532,8085,8873,2840,23.4,8.2,285,555,43,27,11,218,3743,607,346,24,0.934,0.8,0.91,"basic_hp;basic_hp;basic_hp;basic_mr;basic_mr;basic_power;basic_armor;basic_power;basic_armor;basic_mr;basic_as;basic_haste;basic_hp"
9,1,370,23,151,bot0_4,Pyromancer,0,SLAYER,magical,3,6,5,1.33,10154,4106,8537,0,14.4,0,300,735,28,18,10,81,2856,463,284,86,0.768,0.5,0.48,"basic_hp;basic_hp;basic_hp;basic_power;basic_power;basic_armor;basic_hp;basic_haste;basic_mr;basic_hp"
9,1,370,23,151,bot1_4,Quiller,1,SLAYER,physical,4,2,19,11.5,18785,10011,2763,663,29,1.9,304,592,55,29,12,16,3791,614,345,25,0.932,0.6,3.62,"special_lifesteal;basic_power;basic_hp;basic_as;basic_power;basic_hp;basic_mr;basic_as;basic_power;basic_hp;basic_armor;basic_as;basic_mr"
10,1,334,36,152,bot0_1,Summoner,0,MAGE,magical,0,9,6,0.67,4038,2593,9296,107,11.5,0.5,173,251,27,15,9,219,2269,407,225,110,0.672,0,0.28,"special_lifesteal;basic_power;basic_power;basic_hp;basic_haste;basic_mr;basic_armor"
10,1,334,36,152,bot1_1,Hana,1,TANK,magical,9,1,15,24,13619,7805,10045,0,24.3,0,492,827,22,46,11,185,4110,737,322,13,0.962,1.6,0.78,"basic_hp;basic_hp;basic_hp;basic_mr;basic_armor;basic_mr;basic_haste;basic_hp;basic_mr;basic_hp;basic_armor;basic_armor;basic_power;basic_haste"
10,1,334,36,152,bot0_2,Tamer,0,MAGE,magical,2,9,4,0.67,11573,5156,7799,2738,23.6,12.6,245,488,27,12,10,33,2658,477,218,116,0.652,0.4,0.66,"special_lifesteal;basic_power;basic_power;basic_hp;basic_power;basic_mr;basic_haste;basic_hp;basic_armor"
10,1,334,36,152,bot1_2,Volstrov,1,MAGE,magical,4,1,12,16,8421,2960,3097,307,9.2,1,214,496,7,8,11,267,3292,591,322,13,0.962,0.7,0.96,"special_lifesteal;basic_hp;basic_hp;basic_hp;basic_hp;basic_mr;basic_power;basic_power;basic_mr;basic_mr"
10,1,334,36,152,bot0_3,Pyromancer,0,SLAYER,magical,2,8,4,0.75,8076,3875,9797,0,16,0,324,557,20,17,9,12,2437,437,242,92,0.724,0.4,0.4,"basic_hp;basic_hp;basic_hp;basic_mr;basic_hp;basic_mr;basic_haste;basic_armor;basic_power"
10,1,334,36,152,bot1_3,Reaper,1,SPLITPUSHER,magical,12,2,18,15,29732,14985,5031,791,48.6,2.6,798,1388,46,22,12,16,4691,842,308,26,0.921,2.2,2.98,"special_lifesteal;basic_power;basic_power;basic_hp;basic_mr;basic_hp;basic_haste;basic_hp;basic_armor;basic_power;basic_mr;special_lifesteal;basic_haste;basic_power;basic_mr"
10,1,334,36,152,bot0_4,Fusilier,0,SLAYER,physical,2,9,3,0.56,9670,4486,8540,264,17.8,1,337,414,31,13,9,191,2516,451,252,82,0.755,0.4,0.53,"special_lifesteal;basic_power;basic_power;basic_hp;basic_hp;basic_as;basic_mr;basic_armor"
10,1,334,36,152,bot1_4,Kratoma,1,SLAYER,physical,10,2,17,13.5,15928,7254,4040,511,23.6,1.7,360,776,24,25,12,13,4438,796,307,27,0.918,1.8,1.8,"special_lifesteal;basic_power;basic_as;basic_power;basic_hp;basic_as;basic_hp;basic_power;basic_power;basic_mr;basic_armor;basic_mr;basic_as;basic_power;basic_armor"
11,0,310,151,16,bot0_1,Summoner,0,MAGE,magical,3,2,14,8.5,9288,3915,3577,291,13.6,1,205,291,44,20,10,124,3049,591,288,21,0.931,0.6,1.09,"special_lifesteal;basic_power;basic_power;basic_hp;basic_haste;basic_mr;basic_hp;basic_power;basic_hp;basic_armor"
11,0,310,151,16,bot1_1,Quiller,1,SLAYER,physical,5,4,1,1.5,9974,4028,5657,308,15.8,1.2,259,528,28,22,9,38,2663,516,255,54,0.824,1,0.71,"special_lifesteal;basic_power;basic_hp;basic_as;basic_power;basic_mr;basic_hp;basic_as;basic_mr"
11,0,310,151,16,bot0_2,Jailer,0,TANK,magical,5,2,14,9.5,9530,7046,6042,0,25.1,0,572,751,30,21,10,267,3292,638,280,29,0.905,1,1.17,"basic_hp;basic_hp;basic_hp;basic_mr;basic_armor;basic_power;basic_haste;basic_mr;basic_hp;basic_hp;basic_as"
11,0,310,151,16,bot1_2,Hana,1,TANK,magical,0,6,5,0.83,7379,3583,8425,0,15.3,0,320,662,10,25,8,265,2065,400,234,76,0.755,0,0.43,"special_gw;basic_hp;basic_power;basic_mr;basic_haste;basic_hp"
11,0,310,151,16,bot0_3,Cleric,0,SUPPORT,magical,4,2,11,7.5,5472,4040,4524,5656,14.3,20.1,356,416,36,27,10,334,2984,578,282,28,0.909,0.8,0.89,"special_gw;basic_hp;basic_armor;basic_hp;basic_mr;basic_armor;basic_mr;basic_power;basic_hp"
11,0,310,151,16,bot1_3,Tamer,1,MAGE,magical,0,5,7,1.4,13366,5543,5682,2717,23.4,11.5,245,420,28,13,10,100,2425,470,237,73,0.764,0,0.98,"special_lifesteal;basic_hp;basic_hp;basic_power;basic_power;basic_mr;basic_haste;basic_armor"
11,0,310,151,16,bot0_4,Lynx,0,SLAYER,physical,10,1,4,14,14431,7200,3982,442,24.3,1.5,487,821,46,37,10,278,3553,688,296,14,0.956,1.9,1.81,"special_lifesteal;basic_power;basic_hp;basic_power;basic_power;basic_as;basic_hp;basic_mr;basic_as;basic_power;basic_as"
11,0,310,151,16,bot1_4,Doctor,1,SUPPORT,physical,2,7,4,0.86,5956,3296,8973,1854,15.1,8.5,217,303,18,15,9,43,2393,463,218,91,0.705,0.4,0.37,"basic_hp;basic_hp;basic_hp;basic_mr;basic_mr;basic_armor;basic_power;basic_as;basic_haste"
12,1,243,1,150,bot0_1,Doctor,0,SUPPORT,physical,1,7,0,0.14,5473,2269,7318,1579,13.2,9.2,154,280,18,11,7,177,1702,421,172,71,0.708,0.2,0.31,"special_gw;basic_hp;basic_mr;basic_power;basic_armor"
12,1,243,1,150,bot1_1,Lynx,1,SLAYER,physical,15,1,12,27,22652,14287,3041,0,62.6,0,581,1133,46,30,11,134,3859,954,228,15,0.94,3.7,4.7,"special_gw;basic_hp;basic_hp;basic_hp;basic_power;basic_mr;basic_power;basic_power;basic_as;basic_hp;basic_hp;basic_hp"
12,1,243,1,150,bot0_2,Eggchanter,0,SUPPORT,magical,0,7,1,0.14,3192,1535,6747,1208,9.2,7.2,134,203,16,7,6,62,1587,392,167,76,0.689,0,0.23,"special_heal_power;basic_hp;basic_mr;basic_armor;basic_haste"
12,1,243,1,150,bot1_2,Reaper,1,SPLITPUSHER,magical,4,0,17,21,9455,4892,2283,389,20.2,1.6,292,647,30,16,10,225,3100,766,243,0,1,1,2.14,"special_lifesteal;basic_power;basic_hp;basic_power;basic_hp;basic_haste;basic_mr;basic_haste;basic_armor;basic_mr"
12,1,243,1,150,bot0_3,Goliath,0,TANK,physical,0,6,1,0.17,3351,1819,8900,347,10.5,2,284,390,21,7,6,9,1584,391,174,69,0.715,0,0.2,"basic_hp;basic_hp;basic_hp;basic_mr;basic_armor;basic_power"
12,1,243,1,150,bot1_3,Mage,1,MAGE,magical,6,0,11,17,8412,5592,1006,196,23,0.8,652,734,33,12,10,68,3043,752,243,0,1,1.5,5.56,"special_lifesteal;basic_power;basic_power;basic_hp;basic_haste;basic_power;basic_power;basic_hp;basic_mr;basic_haste"
12,1,243,1,150,bot0_4,Pyromancer,0,SLAYER,magical,0,7,1,0.14,5776,2347,8165,0,13.5,0,298,415,15,11,7,290,1615,399,174,68,0.719,0,0.29,"basic_hp;basic_hp;basic_hp;basic_power;basic_mr"
12,1,243,1,150,bot1_4,Hana,1,TANK,magical,2,0,19,21,6535,4612,3572,0,19,0,285,479,14,27,10,223,2898,716,243,0,1,0.5,1.29,"special_gw;basic_hp;basic_mr;basic_armor;basic_power;basic_hp;basic_hp;basic_haste;basic_hp"
13,0,545,151,142,bot0_1,Jailer,0,TANK,magical,5,6,16,3.5,20300,15849,12218,0,34.5,0,526,783,53,40,12,177,4327,476,460,86,0.843,0.5,1.3,"basic_hp;basic_hp;basic_hp;basic_mr;basic_armor;basic_mr;basic_haste;basic_mr;basic_armor;basic_power;basic_armor;basic_haste;basic_haste;basic_hp;basic_power"
13,0,545,151,142,bot1_1,Mage,1,MAGE,magical,9,9,19,3.11,27546,14285,11987,637,34.5,1.5,622,705,86,36,14,238,5313,584,414,132,0.758,1,1.19,"special_lifesteal;basic_power;basic_hp;basic_power;basic_mr;basic_hp;basic_haste;basic_armor;basic_hp;basic_power;basic_mr;basic_hp;basic_mr;basic_haste;basic_hp;basic_haste;basic_power"
13,0,545,151,142,bot0_2,Volstrov,0,MAGE,magical,4,8,17,2.63,18253,10282,10820,518,24.2,1.2,412,825,15,21,12,188,4263,469,426,120,0.78,0.4,0.95,"special_lifesteal;basic_power;basic_hp;basic_power;basic_hp;basic_mr;basic_mr;basic_haste;basic_haste;basic_armor;basic_power;basic_armor;basic_hp;basic_power"
13,0,545,151,142,bot1_2,Pyromancer,1,SLAYER,magical,6,7,17,3.29,23358,8278,11483,381,18.9,0.9,520,808,50,40,13,196,4671,514,438,107,0.804,0.7,0.72,"special_lifesteal;basic_hp;basic_power;basic_hp;basic_hp;basic_mr;basic_mr;basic_haste;basic_as;basic_hp;basic_mr;basic_power;basic_haste;basic_hp;basic_mr"
13,0,545,151,142,bot0_3,Tamer,0,MAGE,magical,13,10,11,2.4,21752,14125,12002,6824,35.6,17.2,328,582,49,20,13,85,5435,598,396,149,0.727,1.4,1.18,"special_lifesteal;basic_power;basic_hp;basic_power;basic_hp;basic_mr;basic_hp;basic_haste;basic_power;basic_power;basic_mr;basic_armor;basic_hp;basic_mr;basic_haste;basic_armor;basic_haste;basic_hp"
13,0,545,151,142,bot1_3,Ironclad,1,TANK,physical,6,6,21,4.5,17732,11951,19933,0,27.2,0,440,562,45,39,13,119,4894,538,439,106,0.805,0.7,0.6,"basic_hp;basic_hp;basic_mr;basic_hp;basic_power;basic_mr;basic_mr;basic_as;basic_armor;basic_haste;basic_power;basic_as;basic_hp;basic_mr;basic_power;basic_armor;basic_hp"
13,0,545,151,142,bot0_4,Hana,0,TANK,magical,5,5,20,5,20272,12827,15303,0,27.1,0,645,875,27,59,13,220,4645,511,473,72,0.868,0.5,0.84,"basic_hp;basic_hp;basic_hp;basic_mr;basic_mr;basic_armor;basic_power;basic_armor;basic_mr;basic_hp;basic_haste;basic_power;basic_as;basic_hp;basic_haste;basic_as"
13,0,545,151,142,bot1_4,Reaper,1,SPLITPUSHER,magical,8,5,15,4.6,22078,12417,13890,801,26.5,1.7,535,875,63,36,13,84,4834,532,469,77,0.859,0.9,0.89,"special_lifesteal;basic_hp;basic_power;basic_hp;basic_mr;basic_hp;basic_mr;basic_hp;basic_power;basic_haste;basic_mr;basic_as;basic_power;basic_hp;basic_haste;basic_haste"
14,1,282,7,152,bot0_1,Tamer,0,MAGE,magical,3,7,4,1,11744,5559,7024,1846,27.9,9.3,316,532,22,10,9,169,2544,542,199,82,0.708,0.6,0.79,"special_lifesteal;basic_power;basic_power;basic_hp;basic_power;basic_mr;basic_hp;basic_haste"
14,1,282,7,152,bot1_1,Summoner,1,MAGE,magical,6,1,14,20,7570,3581,3414,281,13.3,1,197,274,45,21,10,283,3258,694,269,13,0.955,1.3,1.05,"special_lifesteal;basic_hp;basic_hp;basic_hp;basic_power;basic_power;basic_armor;basic_haste;basic_hp;basic_armor"
14,1,282,7,152,bot0_2,Doctor,0,SUPPORT,physical,1,8,6,0.88,5292,3304,8973,1389,17.9,7.5,170,281,26,8,8,128,2178,464,185,97,0.657,0.2,0.37,"basic_hp;basic_hp;basic_mr;basic_armor;basic_power;basic_as;basic_haste;basic_mr"
14,1,282,7,152,bot1_2,Jailer,1,TANK,magical,4,2,17,10.5,12296,8056,4353,0,30.3,0,389,529,24,21,10,245,3195,681,266,16,0.945,0.9,1.85,"special_gw;basic_hp;basic_hp;basic_armor;basic_mr;basic_power;basic_hp;basic_armor;basic_haste;basic_hp"
14,1,282,7,152,bot0_3,Vanguard,0,FIGHTER,physical,0,6,5,0.83,7519,2578,9190,0,12.5,0,319,485,31,16,8,102,2002,427,206,75,0.733,0,0.28,"basic_hp;basic_hp;basic_hp;basic_mr;basic_power;basic_hp;basic_armor"
14,1,282,7,152,bot1_3,Volstrov,1,MAGE,magical,7,2,12,9.5,9378,5912,3010,300,22.2,1.1,263,527,7,7,10,220,3395,723,267,15,0.948,1.5,1.96,"special_lifesteal;basic_power;basic_power;basic_hp;basic_power;basic_haste;basic_power;basic_hp;basic_power;basic_power"
14,1,282,7,152,bot0_4,Bruiser,0,FIGHTER,physical,3,6,3,1,6301,3210,9462,142,15.7,0.7,189,411,27,24,8,105,2280,486,205,77,0.727,0.6,0.34,"special_lifesteal;basic_power;basic_hp;basic_power;basic_hp;basic_hp;basic_power"
14,1,282,7,152,bot1_4,Lynx,1,SLAYER,physical,10,2,12,11,16808,11622,5624,0,45,0,643,938,50,38,11,83,3808,811,258,23,0.917,2.1,2.07,"basic_hp;basic_hp;basic_hp;basic_armor;basic_hp;basic_power;basic_armor;basic_armor;basic_hp;basic_mr;basic_as;basic_power;basic_hp"
15,1,358,3,151,bot0_1,Goliath,0,TANK,physical,2,4,1,0.75,6160,3670,7837,660,12.1,2.2,288,511,32,11,9,176,2376,398,304,54,0.85,0.3,0.47,"special_gw;basic_hp;basic_hp;basic_hp;basic_mr;basic_mr;basic_hp"
15,1,358,3,151,bot1_1,Ironclad,1,TANK,physical,4,0,10,14,8961,5129,5941,0,14.3,0,233,356,41,23,10,274,3099,520,358,0,1,0.7,0.86,"basic_hp;basic_hp;basic_hp;basic_mr;basic_hp;basic_mr;basic_armor;basic_power;basic_mr;basic_hp"
15,1,358,3,151,bot0_2,Volstrov,0,MAGE,magical,0,6,3,0.5,9944,6321,7635,0,22.8,0,291,462,13,14,9,71,2221,372,277,81,0.774,0,0.83,"basic_hp;basic_hp;basic_hp;basic_mr;basic_haste;basic_power;basic_mr;basic_mr"
15,1,358,3,151,bot1_2,Cleric,1,SUPPORT,magical,11,1,9,20,9835,7125,6592,9462,20.5,27.2,342,406,57,50,11,72,4072,683,348,10,0.973,1.8,1.08,"basic_hp;basic_hp;basic_mr;basic_hp;basic_armor;basic_hp;basic_mr;basic_mr;basic_hp;basic_haste;basic_hp;basic_armor;basic_haste;basic_power"
15,1,358,3,151,bot0_3,Quiller,0,SLAYER,physical,1,4,1,0.5,10192,4444,5180,510,14.8,1.7,257,375,35,24,9,152,2277,382,300,57,0.839,0.2,0.86,"special_lifesteal;special_lifesteal;basic_power;basic_hp;basic_power;basic_as"
15,1,358,3,151,bot1_3,Jailer,1,TANK,magical,3,1,16,19,16981,8627,6610,0,25,0,324,450,38,35,10,292,3267,548,345,13,0.965,0.5,1.31,"special_gw;basic_hp;basic_hp;basic_mr;basic_mr;basic_armor;basic_hp;basic_armor;basic_power;basic_hp"
15,1,358,3,151,bot0_4,Summoner,0,MAGE,magical,0,6,3,0.5,7023,3990,6117,157,14.4,0.6,178,253,28,13,9,75,2200,369,278,80,0.777,0,0.65,"special_lifesteal;basic_power;basic_power;basic_hp;basic_power;basic_mr;basic_hp"
15,1,358,3,151,bot1_4,Eggchanter,1,SUPPORT,magical,2,1,16,18,6168,3629,4405,4197,10.6,12.2,172,270,34,19,10,156,3081,517,343,15,0.959,0.3,0.82,"basic_hp;basic_hp;basic_hp;basic_mr;basic_armor;basic_power;basic_mr;basic_haste;basic_as;basic_armor;basic_mr"
16,0,405,150,58,bot0_1,Summoner,0,MAGE,magical,5,2,12,8.5,7690,4761,8032,0,12.6,0,161,219,60,31,11,261,3611,535,377,27,0.933,0.7,0.59,"basic_hp;basic_hp;basic_hp;basic_hp;basic_armor;basic_armor;basic_hp;basic_mr;basic_armor;basic_mr;basic_haste;basic_power"
16,0,405,150,58,bot1_1,Fusilier,1,SLAYER,physical,1,8,12,1.63,18501,9324,9342,498,31.3,1.7,421,667,42,16,11,64,3239,480,298,106,0.737,0.1,1,"special_lifesteal;basic_hp;basic_power;basic_hp;basic_as;basic_mr;basic_armor;basic_power;basic_as;basic_mr;basic_hp"
16,0,405,150,58,bot0_2,Lynx,0,SLAYER,physical,8,4,10,4.5,38726,27155,6848,1137,76.9,3.2,791,1378,76,45,11,22,3922,581,353,52,0.872,1.2,3.97,"special_lifesteal;basic_power;basic_power;basic_power;basic_as;basic_hp;basic_as;basic_armor;basic_power;basic_hp;basic_as;basic_hp;basic_as"
16,0,405,150,58,bot1_2,Goliath,1,TANK,physical,3,4,10,3.25,10357,4962,12449,1949,14.5,5.7,304,481,49,24,12,219,3469,514,343,61,0.848,0.4,0.4,"basic_hp;basic_hp;basic_hp;basic_mr;basic_mr;basic_armor;basic_power;basic_hp;basic_as;basic_mr;basic_haste;basic_armor"
16,0,405,150,58,bot0_3,Eggchanter,0,SUPPORT,magical,4,2,12,8,8750,4829,8870,10006,12.8,26.4,112,201,47,24,11,128,3428,508,378,26,0.935,0.6,0.54,"special_gw;basic_hp;basic_hp;basic_armor;basic_power;basic_mr;basic_haste;basic_armor;basic_hp;basic_hp;basic_hp"
16,0,405,150,58,bot1_3,Jirina,1,FIGHTER,magical,5,4,7,3,14586,6025,11765,6031,17.3,17.3,358,428,37,21,12,184,3709,550,349,56,0.863,0.7,0.51,"special_lifesteal;basic_power;basic_power;basic_hp;basic_hp;basic_hp;basic_power;basic_mr;basic_haste;basic_mr;basic_hp;basic_armor"
16,0,405,150,58,bot0_4,Pyromancer,0,SLAYER,magical,3,5,10,2.6,9688,5387,7669,38,15.8,0.1,320,443,28,21,10,251,3226,478,340,64,0.841,0.4,0.7,"basic_hp;basic_hp;basic_hp;basic_hp;special_lifesteal;basic_armor;basic_armor;basic_power;basic_haste;basic_power"
16,0,405,150,58,bot1_4,Ironclad,1,TANK,physical,4,4,9,3.25,14731,8318,14242,0,24.4,0,447,646,36,26,12,316,3566,529,340,64,0.841,0.6,0.58,"basic_hp;basic_hp;special_gw;basic_hp;basic_mr;basic_mr;basic_mr;basic_armor;basic_hp;basic_power;basic_as"
17,1,504,137,152,bot0_1,Eggchanter,0,SUPPORT,magical,6,6,10,2.67,6683,5010,12621,6836,12.4,16.9,154,252,38,23,11,120,3945,469,404,100,0.801,0.7,0.4,"basic_hp;basic_hp;basic_hp;basic_mr;basic_mr;basic_mr;basic_power;basic_power;basic_hp;basic_armor;basic_armor;basic_haste;basic_as;basic_armor"
17,1,504,137,152,bot1_1,Cleric,1,SUPPORT,magical,3,4,20,5.75,14939,6811,9275,11332,15,25,323,387,67,57,13,257,4482,533,453,52,0.898,0.4,0.73,"basic_hp;basic_hp;special_gw;basic_hp;basic_armor;basic_mr;basic_mr;basic_armor;basic_power;basic_hp;basic_hp;basic_power;basic_haste;basic_hp"
17,1,504,137,152,bot0_2,Summoner,0,MAGE,magical,6,6,11,2.83,10449,6718,12397,0,16.6,0,186,264,65,34,12,192,4067,484,404,100,0.801,0.7,0.54,"basic_hp;basic_hp;basic_hp;basic_hp;basic_mr;basic_mr;basic_mr;basic_power;basic_haste;basic_armor;basic_power;basic_as;basic_hp;basic_haste"
17,1,504,137,152,bot1_2,Pyromancer,1,SLAYER,magical,3,4,19,5.5,28455,10933,8849,351,22.8,0.7,628,754,54,42,13,169,4419,526,480,24,0.952,0.4,1.24,"special_lifesteal;basic_hp;basic_hp;basic_hp;basic_power;basic_haste;basic_power;basic_hp;basic_hp;basic_haste;basic_hp;basic_mr;basic_power;basic_armor"
17,1,504,137,152,bot0_3,Oracle,0,MAGE,physical,2,7,15,2.43,18505,9418,11133,463,23.3,1.1,474,696,29,29,11,231,3706,441,404,100,0.801,0.2,0.85,"special_lifesteal;basic_power;basic_as;basic_hp;basic_mr;basic_armor;basic_power;basic_as;basic_power;basic_hp;basic_mr;basic_as"
17,1,504,137,152,bot1_3,Reaper,1,SPLITPUSHER,magical,13,5,11,4.8,29879,19253,12250,677,44.4,1.6,598,1195,62,32,14,40,5465,650,433,71,0.859,1.5,1.57,"basic_hp;basic_hp;special_lifesteal;basic_power;basic_power;basic_hp;basic_hp;basic_power;basic_hp;basic_hp;basic_mr;basic_armor;basic_mr;basic_haste;basic_haste;basic_power;basic_armor;basic_mr"
17,1,504,137,152,bot0_4,Goliath,0,TANK,physical,3,6,12,2.5,16142,9884,16846,2347,24.3,5.8,510,730,46,30,11,45,3670,436,406,98,0.805,0.4,0.59,"basic_hp;basic_hp;basic_hp;basic_mr;basic_mr;basic_armor;basic_hp;basic_mr;basic_armor;basic_armor;basic_mr;basic_power;basic_as"
17,1,504,137,152,bot1_4,Vanguard,1,FIGHTER,physical,6,4,19,6.25,27904,13496,10421,0,29.7,0,435,625,61,48,13,196,4821,573,454,51,0.899,0.7,1.3,"special_gw;basic_hp;basic_power;basic_hp;basic_armor;basic_mr;basic_power;basic_as;basic_hp;basic_hp;basic_armor;basic_hp;basic_mr;basic_hp;basic_hp"
18,0,240,150,2,bot0_1,Reaper,0,SPLITPUSHER,magical,8,0,10,18,10532,7120,1885,0,29.6,0,534,882,32,17,10,62,3262,814,240,0,1,2,3.78,"basic_hp;basic_hp;basic_mr;basic_mr;basic_haste;basic_power;basic_power;basic_hp;basic_mr;basic_armor;basic_haste;basic_as"
18,0,240,150,2,bot1_1,Cleric,1,SUPPORT,magical,0,8,2,0.25,4395,2613,8622,1205,15.3,7.1,290,342,19,15,7,111,1711,427,170,70,0.708,0,0.3,"basic_hp;basic_hp;basic_armor;basic_power;basic_hp;basic_armor"
18,0,240,150,2,bot0_2,Goliath,0,TANK,physical,3,1,16,19,6334,4404,4141,1353,18.3,5.6,276,384,25,15,9,156,2806,700,240,0,1,0.7,1.06,"basic_hp;basic_hp;basic_hp;basic_mr;basic_armor;basic_mr;basic_armor;basic_as;basic_power;basic_as"
18,0,240,150,2,bot1_2,Mage,1,MAGE,magical,1,8,1,0.25,5775,2803,8557,123,19.1,0.8,571,725,22,8,7,241,1791,447,147,93,0.611,0.2,0.33,"special_lifesteal;basic_hp;basic_hp;basic_power;basic_armor"
18,0,240,150,2,bot0_3,Lynx,0,SLAYER,physical,11,1,12,23,19115,12397,2804,559,54.9,2.5,766,1141,44,32,11,310,3735,932,226,15,0.939,2.7,4.42,"special_lifesteal;basic_power;basic_power;basic_power;basic_as;basic_hp;basic_as;basic_power;basic_as;basic_power;basic_as"
18,0,240,150,2,bot1_3,Ironclad,1,TANK,physical,1,4,1,0.5,5697,2359,8215,0,12.3,0,305,403,17,11,8,224,1824,455,192,49,0.797,0.2,0.29,"special_gw;basic_hp;basic_hp;basic_armor;basic_hp"
18,0,240,150,2,bot0_4,Kratoma,0,SLAYER,physical,6,0,19,25,8858,5757,2527,338,23.9,1.4,251,392,18,17,10,292,3467,865,240,0,1,1.5,2.28,"special_lifesteal;basic_power;basic_power;basic_hp;basic_as;basic_hp;basic_power;basic_mr;basic_armor;basic_as;basic_mr"
18,0,240,150,2,bot1_4,Tamer,1,MAGE,magical,0,8,2,0.25,5469,2181,6655,1067,14.7,7.2,184,295,16,6,7,218,1743,435,148,93,0.615,0,0.33,"special_lifesteal;basic_power;basic_hp;basic_armor;basic_haste"
19,0,428,152,74,bot0_1,Summoner,0,MAGE,magical,1,5,14,3,7303,2383,6935,250,6.7,0.7,178,247,43,26,12,218,3418,479,358,70,0.836,0.1,0.34,"special_lifesteal;basic_power;basic_hp;basic_power;basic_mr;basic_hp;basic_haste;basic_armor;basic_power;basic_hp;basic_mr"
19,0,428,152,74,bot1_1,Tamer,1,MAGE,magical,3,7,12,2.14,16852,7823,9685,3316,24.7,10.5,294,527,39,12,12,165,3615,507,316,112,0.738,0.4,0.81,"special_lifesteal;basic_power;basic_hp;basic_mr;basic_haste;basic_armor;basic_power;basic_hp;basic_mr;basic_hp;basic_haste;basic_armor"
19,0,428,152,74,bot0_2,Jirina,0,FIGHTER,magical,6,3,18,8,20352,7751,9525,7512,20.1,19.5,546,650,52,28,13,162,4512,632,385,43,0.9,0.8,0.81,"special_lifesteal;basic_power;basic_power;basic_hp;basic_hp;basic_mr;basic_mr;basic_haste;basic_hp;basic_haste;basic_as;basic_as;basic_power;basic_mr;basic_haste"
19,0,428,152,74,bot1_2,Pyromancer,1,SLAYER,magical,1,6,14,2.5,13224,5452,8868,227,14.4,0.6,524,688,31,23,11,6,3331,467,377,51,0.882,0.1,0.61,"special_lifesteal;basic_power;basic_hp;basic_power;basic_haste;basic_power;basic_mr;basic_hp;basic_haste;basic_power;basic_power"
19,0,428,152,74,bot0_3,Bruiser,0,FIGHTER,physical,15,5,11,5.2,33198,18411,11918,0,49.5,0,634,1117,63,43,13,170,5370,752,372,56,0.869,2.1,1.54,"basic_hp;basic_hp;basic_hp;basic_mr;basic_mr;basic_hp;basic_power;basic_mr;basic_hp;basic_mr;basic_power;basic_as;basic_as;basic_as;basic_power;basic_as;basic_power;basic_armor"
19,0,428,152,74,bot1_3,Eggchanter,1,SUPPORT,magical,2,7,13,2.14,8828,3182,13822,7852,9.7,24,150,248,39,18,11,236,3461,485,327,101,0.763,0.3,0.23,"special_heal_power;basic_hp;basic_hp;basic_power;basic_power;basic_hp;basic_mr;basic_mr;basic_haste;basic_hp;basic_armor"
19,0,428,152,74,bot0_4,Jailer,0,TANK,magical,4,4,19,5.75,18551,9458,9346,0,24.9,0,721,781,40,43,13,129,4254,596,380,48,0.888,0.6,1.01,"basic_hp;basic_hp;basic_hp;basic_mr;basic_power;basic_haste;basic_mr;basic_mr;basic_as;basic_armor;basic_hp;basic_power;basic_haste;basic_armor;basic_mr"
19,0,428,152,74,bot1_4,Reaper,1,SPLITPUSHER,magical,11,6,5,2.67,28782,17728,12834,745,53,2.2,896,1462,48,23,11,118,4243,595,335,93,0.782,1.5,1.38,"special_lifesteal;special_gw;basic_power;basic_hp;basic_hp;basic_power;basic_mr;basic_hp;basic_power;basic_haste;basic_mr;basic_hp;basic_power"
20,0,255,151,2,bot0_1,Lynx,0,SLAYER,physical,12,1,8,20,14804,10115,5514,0,42.5,0,488,745,51,31,10,241,3716,876,238,17,0.935,2.8,1.83,"basic_hp;basic_hp;basic_power;basic_power;basic_armor;basic_hp;basic_hp;basic_armor;basic_hp;basic_as;basic_hp;basic_armor"
20,0,255,151,2,bot1_1,Fusilier,1,SLAYER,physical,0,8,2,0.25,8231,4046,6755,204,22,1.1,285,514,22,10,8,223,1823,430,184,70,0.724,0,0.6,"special_lifesteal;basic_power;basic_as;basic_power;basic_power"
20,0,255,151,2,bot0_2,Mage,0,MAGE,magical,4,1,14,18,10260,7173,3852,285,29.9,1.2,652,690,45,17,9,186,2886,680,240,15,0.942,0.9,1.86,"special_lifesteal;basic_power;basic_hp;basic_power;basic_armor;basic_hp;basic_hp;basic_armor;basic_power"
20,0,255,151,2,bot1_2,Cleric,1,SUPPORT,magical,0,6,2,0.33,4480,2244,7521,2038,12,10.9,286,343,21,17,7,163,1763,416,187,67,0.736,0,0.3,"basic_hp;basic_hp;basic_mr;basic_armor;basic_hp;basic_mr"
20,0,255,151,2,bot0_3,Pyromancer,0,SLAYER,magical,4,0,16,20,7412,5519,1722,96,21.7,0.4,284,452,21,13,10,34,3034,715,255,0,1,0.9,3.2,"special_lifesteal;basic_power;basic_power;basic_hp;basic_power;basic_haste;basic_hp;basic_hp;basic_power;basic_armor"
20,0,255,151,2,bot1_3,Vanguard,1,FIGHTER,physical,0,5,2,0.4,6591,3467,9499,0,15.9,0,454,499,34,17,7,169,1769,417,218,36,0.858,0,0.36,"basic_hp;basic_hp;basic_hp;basic_mr;basic_armor;basic_mr"
20,0,255,151,2,bot0_4,Doctor,0,SUPPORT,physical,4,0,17,21,8847,7508,2736,7527,29.5,29.6,317,405,15,18,10,116,3066,723,255,0,1,0.9,2.74,"basic_hp;basic_hp;basic_armor;basic_hp;basic_power;basic_mr;basic_armor;basic_power;basic_hp;basic_as;basic_haste"
20,0,255,151,2,bot1_4,Bruiser,1,FIGHTER,physical,2,5,0,0.4,5797,2898,8204,0,13.3,0,223,412,27,23,8,370,1945,458,218,36,0.858,0.5,0.35,"special_gw;basic_hp;basic_power;basic_hp;basic_power"
21,0,293,152,48,bot0_1,Oracle,0,MAGE,physical,6,2,13,9.5,12514,6690,4829,342,25.2,1.3,448,577,21,17,11,227,3477,711,266,27,0.907,1.2,1.39,"special_lifesteal;basic_power;basic_power;basic_as;basic_hp;basic_power;basic_as;basic_as;basic_hp;basic_hp;basic_armor"
21,0,293,152,48,bot1_1,Quiller,1,SLAYER,physical,3,6,6,1.5,8275,3939,5847,268,18,1.2,268,460,27,15,9,216,2591,530,218,75,0.744,0.6,0.67,"special_lifesteal;basic_power;basic_power;basic_power;basic_hp;basic_as;basic_as;basic_armor"
21,0,293,152,48,bot0_2,Eggchanter,0,SUPPORT,magical,1,3,15,5.33,4804,3326,7091,5687,11.8,20.1,147,202,31,16,10,35,2735,559,282,11,0.963,0.2,0.47,"basic_hp;basic_hp;basic_armor;basic_mr;basic_power;basic_hp;basic_armor;basic_haste;basic_hp;basic_mr"
21,0,293,152,48,bot1_2,Cleric,1,SUPPORT,magical,0,5,10,2,6839,3346,6941,3188,15,14.3,315,315,28,23,9,35,2410,493,223,70,0.761,0,0.48,"special_gw;basic_hp;basic_hp;basic_hp;basic_armor;basic_armor;basic_mr;basic_power"
21,0,293,152,48,bot0_3,Wanderer,0,SLAYER,physical,10,2,9,9.5,20523,9994,4686,540,37.6,2,453,872,19,16,11,130,3830,783,266,27,0.907,2,2.13,"special_lifesteal;basic_power;basic_power;basic_power;basic_as;basic_power;basic_as;basic_as;basic_power;basic_hp;basic_hp;basic_as"
21,0,293,152,48,bot1_3,Bruiser,1,FIGHTER,physical,0,6,9,1.5,12047,5105,7455,0,21.6,0,369,711,29,24,9,238,2288,468,237,57,0.807,0,0.68,"special_gw;basic_hp;basic_power;basic_armor;basic_mr;basic_as;basic_hp"
21,0,293,152,48,bot0_4,Tamer,0,MAGE,magical,5,3,15,6.67,13648,8610,4305,2591,33.9,10.2,321,509,32,11,10,80,3355,686,254,39,0.867,1,2,"special_lifesteal;basic_power;basic_hp;basic_armor;basic_power;basic_haste;basic_power;basic_hp;basic_armor;basic_hp;basic_power"
21,0,293,152,48,bot1_4,Kratoma,1,SLAYER,physical,7,5,3,2,9634,5277,10156,0,24,0,270,467,16,14,10,160,3135,641,220,73,0.751,1.4,0.52,"basic_hp;basic_hp;basic_hp;basic_power;basic_power;basic_hp;basic_armor;basic_mr;basic_as;basic_power;basic_haste"
22,1,411,80,152,bot0_1,Tamer,0,MAGE,magical,7,7,5,1.71,18767,10065,8430,3319,29.8,9.8,260,479,42,15,11,203,3703,541,338,73,0.823,1,1.19,"special_gw;basic_hp;basic_hp;basic_hp;basic_power;basic_haste;basic_power;basic_mr;basic_armor;basic_haste;basic_hp;basic_mr"
22,1,411,80,152,bot1_1,Vanguard,1,FIGHTER,physical,13,2,16,14.5,16620,10790,16524,0,27.9,0,394,520,63,36,13,97,5047,738,386,24,0.941,1.9,0.65,"basic_hp;basic_hp;basic_hp;basic_hp;basic_armor;basic_hp;basic_hp;basic_mr;basic_hp;basic_armor;basic_mr;basic_armor;basic_mr;basic_power;basic_power;basic_as;basic_haste"
22,1,411,80,152,bot0_2,Quiller,0,SLAYER,physical,2,7,6,1.14,14314,7630,8749,479,24.1,1.5,255,477,41,25,10,267,2867,419,316,94,0.77,0.3,0.87,"special_lifesteal;basic_power;basic_hp;basic_as;basic_mr;basic_power;basic_armor;basic_hp;basic_as"
22,1,411,80,152,bot1_2,Mage,1,MAGE,magical,6,4,16,5.5,19927,10884,8248,511,29.8,1.4,593,848,74,26,11,65,3965,579,365,46,0.889,0.9,1.32,"special_lifesteal;basic_power;basic_hp;basic_power;basic_haste;basic_hp;basic_armor;basic_power;basic_power;basic_hp;basic_haste;basic_armor;basic_power"
22,1,411,80,152,bot0_3,Zephyr,0,SPLITPUSHER,magical,2,8,10,1.5,16051,11414,11393,417,38,1.4,560,708,37,36,10,137,3037,444,301,110,0.732,0.3,1,"special_lifesteal;basic_power;basic_hp;basic_power;basic_hp;basic_mr;basic_haste;basic_armor;basic_hp;basic_mr"
22,1,411,80,152,bot1_3,Doctor,1,SUPPORT,physical,6,3,18,8,14253,8035,7107,10380,21.4,27.7,289,439,29,25,12,105,4080,596,375,35,0.914,0.9,1.13,"special_heal_power;basic_hp;basic_power;basic_hp;basic_power;basic_mr;basic_hp;basic_power;basic_armor;basic_hp;basic_hp;basic_hp;basic_as"
22,1,411,80,152,bot0_4,Kratoma,0,SLAYER,physical,1,7,7,1.14,11578,6402,10386,0,20.1,0,263,441,24,25,10,170,2795,408,318,92,0.775,0.1,0.62,"basic_hp;basic_hp;basic_hp;basic_power;basic_power;basic_mr;basic_armor;basic_mr;basic_as;basic_haste"
22,1,411,80,152,bot1_4,Healer,1,SUPPORT,magical,4,3,24,9.33,12318,7084,7037,7032,18.8,18.6,175,245,64,19,12,272,4122,602,377,33,0.919,0.6,1.01,"special_gw;basic_hp;basic_hp;basic_power;basic_armor;basic_hp;basic_hp;basic_power;basic_mr;basic_armor;basic_haste;basic_mr;basic_hp"
23,1,252,4,150,bot0_1,Cleric,0,SUPPORT,magical,1,5,3,0.8,3803,2010,7751,2052,10.6,10.9,314,382,21,15,8,192,2017,480,189,63,0.749,0.2,0.26,"basic_hp;basic_hp;basic_hp;basic_mr;basic_armor;basic_power;basic_haste"
23,1,252,4,150,bot1_1,Eggchanter,1,SUPPORT,magical,1,2,12,6.5,3367,2344,5107,5071,10.2,22,135,199,21,12,8,6,2381,566,230,22,0.912,0.2,0.46,"special_heal_power;basic_hp;basic_hp;basic_power;basic_mr;basic_hp;basic_power;basic_haste"
23,1,252,4,150,bot0_2,Reaper,0,SPLITPUSHER,magical,1,6,3,0.67,14284,6703,7133,259,38.1,1.5,851,1114,19,11,9,50,2125,505,176,76,0.698,0.2,0.94,"special_lifesteal;basic_power;basic_power;basic_hp;basic_mr;basic_haste;basic_hp"
23,1,252,4,150,bot1_2,Summoner,1,MAGE,magical,1,0,12,13,5187,1736,3002,0,6.9,0,155,225,30,15,8,162,2312,550,252,0,1,0.2,0.58,"basic_hp;basic_hp;basic_hp;basic_mr;basic_haste;basic_hp;basic_armor;basic_power"
23,1,252,4,150,bot0_3,Volstrov,0,MAGE,magical,1,5,3,0.8,6297,1867,5510,165,9.8,0.9,134,310,13,10,8,220,2020,480,190,62,0.753,0.2,0.34,"special_lifesteal;basic_hp;basic_power;basic_mr;basic_haste;basic_hp"
23,1,252,4,150,bot1_3,Tamer,1,MAGE,magical,3,2,10,6.5,7214,4756,3659,1415,21.1,6.3,259,452,22,5,9,94,2519,599,226,26,0.896,0.7,1.3,"special_lifesteal;basic_power;basic_hp;basic_power;basic_hp;basic_hp;basic_power;basic_mr"
23,1,252,4,150,bot0_4,Fusilier,0,SLAYER,physical,1,6,3,0.67,7367,2643,7020,0,14.2,0,214,364,28,10,8,5,2080,495,186,67,0.736,0.2,0.38,"basic_hp;basic_hp;basic_hp;basic_mr;basic_power;basic_armor;basic_as;basic_haste"
23,1,252,4,150,bot1_4,Lynx,1,SLAYER,physical,17,0,4,21,23820,14414,3415,694,57.2,2.8,960,1590,54,30,11,265,4065,967,252,0,1,4,4.22,"special_lifesteal;basic_hp;basic_hp;basic_hp;basic_power;basic_as;basic_mr;basic_armor;basic_hp;basic_as;basic_power;basic_as;basic_mr"
24,0,471,150,60,bot0_1,Oracle,0,MAGE,physical,6,3,27,11,21817,11999,6795,585,28.1,1.4,657,793,33,28,14,74,5099,650,427,44,0.907,0.8,1.77,"special_lifesteal;basic_power;basic_hp;basic_as;basic_power;basic_hp;basic_mr;basic_armor;basic_as;basic_mr;basic_hp;basic_power;basic_armor;basic_as;basic_hp;basic_power;basic_as"
24,0,471,150,60,bot1_1,Mage,1,MAGE,magical,3,9,6,1,21517,12594,13578,0,35.3,0,611,791,78,30,11,124,3324,424,357,114,0.758,0.4,0.93,"basic_hp;basic_hp;basic_hp;basic_armor;basic_armor;basic_haste;basic_armor;basic_power;basic_as;basic_mr;basic_haste;basic_power"
24,0,471,150,60,bot0_2,Vanguard,0,FIGHTER,physical,10,2,23,16.5,24655,13066,8221,726,29.7,1.7,1027,1092,69,48,14,59,5484,699,440,31,0.934,1.3,1.59,"special_lifesteal;basic_power;basic_power;basic_as;basic_power;basic_power;basic_as;basic_as;basic_hp;basic_hp;basic_mr;basic_armor;basic_power;basic_mr;basic_power;basic_armor;basic_as;basic_hp"
24,0,471,150,60,bot1_2,Pyromancer,1,SLAYER,magical,2,9,5,0.78,13951,6384,9906,158,18.6,0.5,543,843,32,25,11,216,3116,397,343,127,0.729,0.3,0.64,"special_lifesteal;basic_power;basic_power;basic_hp;basic_power;basic_armor;basic_haste;basic_mr;basic_hp;basic_armor"
24,0,471,150,60,bot0_3,Ironclad,0,TANK,physical,6,3,27,11,23507,14727,14718,0,32.3,0,431,616,55,36,14,273,5098,650,456,15,0.969,0.8,1,"basic_hp;basic_hp;basic_hp;basic_mr;basic_mr;basic_hp;basic_armor;basic_armor;basic_mr;basic_power;basic_as;basic_haste;basic_power;basic_armor;basic_hp;basic_as;basic_hp"
24,0,471,150,60,bot1_3,Eggchanter,1,SUPPORT,magical,1,8,8,1.13,7425,4411,15443,7128,11.1,17.9,132,246,37,21,11,201,3151,402,398,73,0.845,0.1,0.29,"basic_hp;basic_hp;basic_armor;basic_hp;basic_power;basic_haste;basic_armor;basic_power;basic_armor;basic_mr;basic_haste"
24,0,471,150,60,bot0_4,Quiller,0,SLAYER,physical,13,1,20,33,29070,14967,3729,758,32.5,1.6,428,756,78,39,14,220,5645,720,460,11,0.977,1.7,4.01,"special_lifesteal;basic_power;basic_as;basic_power;basic_power;basic_as;basic_power;basic_as;basic_hp;basic_mr;basic_hp;basic_armor;basic_as;basic_mr;basic_hp;basic_armor;basic_power;basic_power"
24,0,471,150,60,bot1_4,Goliath,1,TANK,physical,3,9,5,0.89,10582,7353,17731,1974,20.9,5.6,347,451,47,24,11,98,3273,417,352,118,0.749,0.4,0.41,"basic_hp;basic_hp;basic_armor;basic_armor;basic_power;basic_as;basic_power;basic_hp;basic_haste;basic_mr;basic_as;basic_mr"
25,1,440,75,152,bot0_1,Mage,0,MAGE,magical,7,8,9,2,16080,10655,11753,0,32.6,0,482,522,63,23,12,88,3963,540,327,113,0.743,1,0.91,"basic_hp;basic_hp;basic_armor;basic_power;basic_hp;basic_hp;basic_armor;basic_armor;basic_haste;basic_mr;basic_as;basic_hp;basic_power;basic_haste"
25,1,440,75,152,bot1_1,Kratoma,1,SLAYER,physical,8,4,20,7,14748,8204,7247,429,21.3,1.1,352,508,31,27,13,83,4783,652,384,56,0.874,1.1,1.13,"special_lifesteal;basic_power;basic_hp;basic_power;basic_power;basic_hp;basic_as;basic_as;basic_armor;basic_hp;basic_as;basic_mr;basic_power;basic_armor;basic_hp;basic_mr"
25,1,440,75,152,bot0_2,Quiller,0,SLAYER,physical,2,6,13,2.5,21104,8180,7938,628,23.3,1.8,256,490,48,31,12,330,3530,481,351,89,0.798,0.3,1.03,"special_lifesteal;basic_hp;basic_hp;basic_as;basic_power;basic_armor;basic_mr;basic_hp;basic_as;basic_power;basic_as"
25,1,440,75,152,bot1_2,Ironclad,1,TANK,physical,4,4,22,6.5,10828,7781,16781,0,19,0,274,397,45,36,12,11,4161,567,409,31,0.929,0.5,0.46,"basic_hp;basic_hp;basic_armor;basic_mr;basic_hp;basic_armor;basic_power;basic_hp;basic_as;basic_mr;basic_haste;basic_hp;basic_power;basic_as;basic_mr"
25,1,440,75,152,bot0_3,Hana,0,TANK,magical,4,8,13,2.13,22524,16609,15619,0,49.9,0,395,702,19,45,11,91,3716,507,333,107,0.756,0.5,1.06,"basic_hp;basic_hp;basic_armor;basic_hp;basic_mr;basic_armor;basic_armor;basic_hp;basic_power;basic_mr;basic_hp;basic_power;basic_haste"
25,1,440,75,152,bot1_3,Pyromancer,1,SLAYER,magical,8,5,18,5.2,13492,7324,9375,224,19.9,0.6,458,600,35,28,12,79,4479,611,369,71,0.838,1.1,0.78,"special_lifesteal;basic_power;basic_hp;basic_power;basic_power;basic_hp;basic_hp;basic_haste;basic_armor;basic_mr;basic_haste;basic_hp;basic_armor;basic_power;basic_mr"
25,1,440,75,152,bot0_4,Fusilier,0,SLAYER,physical,5,10,10,1.5,8782,4434,9770,219,14.2,0.7,259,412,34,11,11,182,3632,495,312,128,0.708,0.7,0.45,"special_lifesteal;basic_power;basic_power;basic_hp;basic_hp;basic_as;basic_armor;basic_mr;basic_as;basic_armor;basic_mr;basic_hp"
25,1,440,75,152,bot1_4,Lynx,1,SLAYER,physical,12,5,19,6.2,30055,19049,8665,0,44.8,0,616,949,72,51,13,56,5331,727,425,15,0.967,1.6,2.2,"basic_hp;basic_hp;basic_armor;basic_power;basic_mr;basic_as;basic_haste;basic_hp;basic_armor;basic_mr;basic_hp;basic_power;basic_armor;basic_hp;basic_hp;basic_mr;basic_armor;basic_hp"
26,1,563,123,152,bot0_1,Pyromancer,0,SLAYER,magical,7,10,18,2.5,16979,8870,16004,212,22.1,0.5,556,752,37,29,14,228,5028,536,402,161,0.714,0.7,0.55,"special_lifesteal;basic_power;basic_power;basic_hp;basic_hp;basic_haste;basic_armor;basic_power;basic_power;basic_power;basic_mr;basic_haste;basic_mr;basic_armor;basic_power;basic_hp"
26,1,563,123,152,bot1_1,Reaper,1,SPLITPUSHER,magical,19,7,15,4.86,41791,28114,13457,1041,61.5,2.3,982,1433,69,37,15,640,6640,708,457,106,0.811,2,2.09,"special_lifesteal;basic_power;basic_hp;basic_power;basic_armor;basic_haste;basic_hp;basic_hp;basic_armor;basic_power;basic_mr;basic_power;basic_hp;basic_haste;basic_power;basic_mr;basic_armor;basic_hp;basic_haste;basic_mr"
26,1,563,123,152,bot0_2,Quiller,0,SLAYER,physical,5,9,16,2.33,16077,8077,13832,444,19.1,1,277,540,50,34,13,235,4610,491,424,139,0.753,0.5,0.58,"special_lifesteal;basic_hp;basic_hp;basic_power;basic_hp;basic_as;basic_power;basic_as;basic_as;basic_hp;basic_mr;basic_armor;basic_power;basic_mr;basic_armor"
26,1,563,123,152,bot1_2,Volstrov,1,MAGE,magical,6,9,23,3.22,19975,10868,12585,511,22.7,1.1,352,635,26,33,14,140,5115,545,479,84,0.851,0.6,0.86,"special_lifesteal;basic_power;basic_hp;basic_haste;basic_hp;basic_armor;basic_mr;basic_power;basic_hp;basic_armor;basic_haste;basic_mr;basic_power;basic_hp;basic_armor;basic_haste;basic_mr"
26,1,563,123,152,bot0_3,Wanderer,0,SLAYER,physical,14,9,16,3.33,44926,26192,17556,1006,53,2,1021,1747,40,29,14,284,5959,635,494,69,0.877,1.5,1.49,"special_lifesteal;basic_power;basic_hp;basic_power;basic_hp;basic_as;basic_hp;basic_power;basic_as;basic_as;basic_mr;basic_armor;basic_hp;basic_power;basic_mr;basic_as;basic_armor;basic_mr;basic_power"
26,1,563,123,152,bot1_3,Bruiser,1,FIGHTER,physical,8,6,26,5.67,28637,17183,14410,721,36.3,1.5,667,1033,69,53,14,224,5549,591,473,90,0.841,0.9,1.19,"basic_hp;basic_hp;special_lifesteal;basic_power;basic_power;basic_hp;basic_as;basic_armor;basic_mr;basic_power;basic_as;basic_as;basic_hp;basic_armor;basic_power;basic_as;basic_armor;basic_mr"
26,1,563,123,152,bot0_4,Doctor,0,SUPPORT,physical,4,7,23,3.86,10936,6262,19670,18045,14.1,40.6,275,451,29,31,14,222,4947,527,444,119,0.789,0.4,0.32,"basic_hp;basic_hp;basic_hp;basic_mr;basic_armor;basic_mr;basic_hp;basic_armor;basic_power;basic_power;basic_as;basic_haste;basic_mr;basic_as;basic_haste;basic_armor;basic_hp"
26,1,563,123,152,bot1_4,Kratoma,1,SLAYER,physical,2,8,26,3.5,13833,7258,10705,370,16.4,0.8,292,553,29,26,14,101,4776,509,441,122,0.784,0.2,0.68,"special_lifesteal;basic_power;basic_hp;basic_power;basic_as;basic_armor;basic_hp;basic_mr;basic_hp;basic_power;basic_as;basic_as;basic_armor;basic_armor;basic_mr;basic_hp"
27,1,299,2,152,bot0_1,Fusilier,0,SLAYER,physical,1,6,1,0.33,14321,5271,6388,362,22.9,1.6,386,604,37,12,9,94,2169,435,231,69,0.771,0.2,0.83,"special_lifesteal;basic_power;basic_hp;basic_as;basic_power;basic_mr;basic_hp"
27,1,299,2,152,bot1_1,Jirina,1,FIGHTER,magical,10,0,15,25,14672,9855,2580,3396,32.9,11.4,452,729,29,12,11,223,4098,822,299,0,1,2,3.82,"basic_hp;basic_hp;basic_power;basic_hp;basic_mr;basic_hp;basic_power;basic_hp;basic_mr;basic_armor;basic_armor;basic_haste;basic_mr;basic_as"
27,1,299,2,152,bot0_2,Doctor,0,SUPPORT,physical,0,6,2,0.33,2026,1322,9647,1837,5.8,8.1,113,177,16,11,8,54,1904,382,228,71,0.761,0,0.14,"basic_hp;basic_hp;basic_hp;basic_mr;basic_mr;basic_armor;basic_as"
27,1,299,2,152,bot1_2,Quiller,1,SLAYER,physical,6,1,15,21,12439,5516,3273,455,19.5,1.6,269,533,38,25,10,167,3392,680,283,17,0.945,1.2,1.69,"special_lifesteal;basic_hp;basic_hp;basic_power;basic_as;basic_hp;basic_power;basic_as;basic_mr;basic_armor;basic_hp"
27,1,299,2,152,bot0_3,Volstrov,0,MAGE,magical,0,7,2,0.29,5234,2810,7302,117,12.9,0.5,193,323,13,13,8,92,1967,394,217,82,0.726,0,0.38,"special_lifesteal;basic_power;basic_power;basic_power;basic_hp;basic_hp"
27,1,299,2,152,bot1_3,Jailer,1,TANK,magical,5,1,16,21,9092,5650,5471,0,18.9,0,312,479,24,21,10,120,3345,671,299,0,1,1,1.03,"special_gw;basic_hp;basic_power;basic_hp;basic_mr;basic_armor;basic_hp;basic_power;basic_hp;basic_mr;basic_haste"
27,1,299,2,152,bot0_4,Pyromancer,0,SLAYER,magical,1,7,1,0.29,5862,2631,6945,44,12.7,0.2,187,322,17,13,8,32,2082,418,208,91,0.694,0.2,0.38,"special_lifesteal;basic_power;basic_hp;basic_haste;basic_mr;basic_armor;basic_power"
27,1,299,2,152,bot1_4,Mage,1,MAGE,magical,5,0,11,16,14765,6878,2688,422,23,1.4,646,725,63,23,10,158,3108,623,299,0,1,1,2.56,"special_lifesteal;basic_hp;basic_power;basic_haste;basic_hp;basic_mr;basic_hp;special_gw;basic_hp"
28,1,346,42,150,bot0_1,Eggchanter,0,SUPPORT,magical,0,8,5,0.63,5731,2290,10400,2701,9.1,10.8,169,316,22,11,9,152,2277,395,250,96,0.724,0,0.22,"special_heal_power;basic_hp;basic_hp;basic_mr;basic_power;basic_hp;basic_mr"
28,1,346,42,150,bot1_1,Mage,1,MAGE,magical,14,1,17,31,23987,12515,4605,429,38.1,1.3,847,1027,85,32,13,227,4927,854,329,18,0.949,2.4,2.72,"special_lifesteal;basic_power;basic_power;basic_hp;basic_mr;basic_haste;basic_hp;basic_hp;basic_mr;basic_mr;basic_armor;basic_haste;basic_power;basic_hp;basic_mr;basic_armor"
28,1,346,42,150,bot0_2,Hana,0,TANK,magical,2,8,4,0.75,8515,4712,13466,0,18.5,0,275,690,14,30,9,62,2512,435,255,91,0.738,0.3,0.35,"basic_hp;basic_hp;basic_mr;basic_mr;basic_power;basic_hp;basic_power;basic_hp;basic_haste"
28,1,346,42,150,bot1_2,Reaper,1,SPLITPUSHER,magical,13,2,18,15.5,22669,15122,7798,0,47.9,0,698,1252,48,28,13,56,4831,837,316,30,0.913,2.3,1.94,"basic_hp;basic_hp;basic_mr;basic_hp;basic_mr;basic_power;basic_haste;basic_power;basic_hp;basic_mr;basic_power;basic_armor;basic_as;basic_hp;basic_mr;basic_haste;basic_armor"
28,1,346,42,150,bot0_3,Tamer,0,MAGE,magical,4,9,2,0.67,14748,6492,9089,3404,22.6,11.9,298,469,35,16,10,192,2842,493,287,59,0.829,0.7,0.71,"special_lifesteal;basic_hp;basic_hp;basic_power;basic_mr;basic_haste;basic_hp;basic_mr;basic_power"
28,1,346,42,150,bot1_3,Pyromancer,1,SLAYER,magical,4,2,24,14,15888,6479,3301,212,20.6,0.7,589,784,34,26,12,203,4003,694,314,32,0.907,0.7,1.96,"special_lifesteal;basic_power;basic_hp;basic_haste;basic_mr;basic_power;basic_as;basic_power;basic_power;special_lifesteal;basic_hp;basic_haste"
28,1,346,42,150,bot0_4,Summoner,0,MAGE,magical,0,8,6,0.75,5774,2653,8235,118,10.8,0.5,171,240,32,18,9,245,2345,406,245,101,0.707,0,0.32,"special_lifesteal;basic_power;basic_power;basic_hp;basic_mr;basic_hp;basic_mr"
28,1,346,42,150,bot1_4,Cleric,1,SUPPORT,magical,2,1,23,25,11444,4237,4905,9046,12.9,27.5,382,451,56,45,12,238,3763,652,329,18,0.949,0.3,0.86,"special_gw;basic_hp;basic_hp;basic_mr;basic_power;basic_hp;basic_mr;basic_haste;basic_power;basic_mr;basic_hp;basic_as"
29,0,293,150,11,bot0_1,Bruiser,0,FIGHTER,physical,5,0,19,24,9504,6055,3025,293,20.6,1,412,562,45,35,11,303,3503,717,293,0,1,1,2,"special_lifesteal;basic_power;basic_hp;basic_power;basic_as;basic_mr;basic_power;basic_armor;basic_as;basic_hp;basic_as"
29,0,293,150,11,bot1_1,Vanguard,1,FIGHTER,physical,0,7,1,0.14,5256,1742,10684,0,8.4,0,519,614,33,16,7,201,1776,363,206,87,0.704,0,0.16,"basic_hp;basic_hp;basic_hp;basic_armor;basic_power;basic_as"
29,0,293,150,11,bot0_2,Goliath,0,TANK,physical,2,1,17,19,7701,4999,5058,2052,17.6,7.2,381,434,33,21,10,271,2971,608,284,10,0.967,0.4,0.99,"basic_hp;basic_hp;basic_hp;basic_mr;basic_mr;basic_armor;basic_power;basic_armor;basic_as;basic_hp"
29,0,293,150,11,bot1_2,Jailer,1,TANK,magical,0,7,1,0.14,5146,2728,10015,0,13.1,0,594,653,17,11,8,30,1855,379,209,85,0.711,0,0.27,"basic_hp;basic_hp;basic_hp;basic_armor;basic_mr;basic_power;basic_haste"
29,0,293,150,11,bot0_3,Reaper,0,SPLITPUSHER,magical,3,0,18,21,22065,9745,3113,802,33.2,2.7,589,1050,46,24,10,181,3156,646,293,0,1,0.6,3.13,"special_lifesteal;basic_hp;basic_hp;basic_mr;basic_power;basic_hp;basic_hp;basic_power;basic_mr;basic_haste"
29,0,293,150,11,bot1_3,Healer,1,SUPPORT,magical,2,6,0,0.33,4647,2843,9170,2716,13.1,12.6,125,185,27,13,8,204,2129,435,216,77,0.738,0.4,0.31,"basic_hp;basic_hp;basic_hp;basic_armor;basic_hp;basic_armor;basic_mr"
29,0,293,150,11,bot0_4,Lynx,0,SLAYER,physical,17,1,10,27,26295,16252,3384,820,58.1,2.9,600,1107,60,31,11,150,4300,880,280,14,0.953,3.5,4.8,"special_lifesteal;basic_power;basic_power;basic_power;basic_power;basic_as;basic_hp;basic_as;basic_power;basic_hp;basic_mr;basic_as;basic_armor;basic_mr"
29,0,293,150,11,bot1_4,Hana,1,TANK,magical,0,7,2,0.29,10867,4503,9487,0,21.9,0,450,701,13,22,8,67,1867,382,206,88,0.701,0,0.47,"special_gw;basic_hp;basic_hp;basic_power;basic_armor;basic_haste"
30,0,282,150,0,bot0_1,Eggchanter,0,SUPPORT,magical,3,0,17,20,5914,3333,3819,5824,11.8,20.7,131,240,32,16,10,289,3039,648,282,0,1,0.6,0.87,"special_gw;basic_hp;basic_hp;basic_hp;basic_mr;basic_hp;basic_mr;basic_power;basic_mr"
30,0,282,150,0,bot1_1,Mage,1,MAGE,magical,0,5,0,0,8014,2353,6243,263,10.7,1.2,258,369,32,9,8,208,1808,385,221,61,0.783,0,0.38,"special_lifesteal;special_lifesteal;basic_power;basic_hp"
30,0,282,150,0,bot0_2,Jailer,0,TANK,magical,1,0,14,15,10539,5860,3859,0,20.8,0,365,481,26,21,9,393,2568,547,282,0,1,0.2,1.52,"basic_hp;basic_hp;basic_mr;basic_hp;basic_mr;basic_armor;basic_mr;basic_armor"
30,0,282,150,0,bot1_2,Oracle,1,MAGE,physical,0,6,0,0,7661,2806,8392,0,13.6,0,410,532,13,12,8,211,1811,386,207,75,0.735,0,0.33,"basic_hp;basic_hp;basic_hp;basic_mr;basic_armor;basic_mr"
30,0,282,150,0,bot0_3,Lynx,0,SLAYER,physical,17,0,7,24,29221,14339,3057,736,50.9,2.6,734,1268,60,36,11,51,4201,895,282,0,1,3.6,4.69,"special_lifesteal;basic_power;basic_hp;basic_power;basic_hp;basic_as;basic_power;basic_as;basic_hp;basic_as;basic_power;basic_mr;basic_mr;basic_mr"
30,0,282,150,0,bot1_3,Cleric,1,SUPPORT,magical,0,7,0,0,5078,2778,8219,1536,14.3,7.9,282,342,21,17,8,36,1811,386,194,88,0.689,0,0.34,"special_gw;basic_hp;basic_mr;basic_power;basic_armor;basic_haste"
30,0,282,150,0,bot0_4,Jirina,0,FIGHTER,magical,5,0,12,17,8785,6312,3249,1992,22.4,7.1,320,496,25,10,10,47,3072,655,282,0,1,1.1,1.94,"special_lifesteal;basic_power;basic_hp;basic_power;special_gw;basic_power;basic_hp;basic_power;basic_hp"
30,0,282,150,0,bot1_4,Tamer,1,MAGE,magical,0,8,0,0,7888,4447,7765,937,24.1,5.1,228,417,17,9,8,83,1858,396,184,97,0.654,0,0.57,"special_lifesteal;basic_power;basic_hp;basic_mr;basic_haste;basic_armor"
31,1,282,0,150,bot0_1,Pyromancer,0,SLAYER,magical,0,6,0,0,8798,2028,5900,96,9.9,0.5,169,347,20,14,7,202,1752,373,206,76,0.73,0,0.34,"special_lifesteal;basic_power;basic_power;basic_hp;basic_haste"
31,1,282,0,150,bot1_1,Volstrov,1,MAGE,magical,3,0,13,16,5971,4225,1089,0,15,0,232,464,3,3,10,273,2898,618,282,0,1,0.6,3.88,"basic_hp;basic_hp;basic_hp;basic_mr;basic_mr;basic_haste;basic_power;basic_haste;basic_as;basic_armor"
31,1,282,0,150,bot0_2,Eggchanter,0,SUPPORT,magical,0,5,0,0,4668,1432,7824,2610,6.5,11.8,101,179,21,11,7,22,1672,356,221,60,0.785,0,0.18,"basic_hp;basic_hp;basic_hp;basic_mr;basic_hp;basic_armor"
31,1,282,0,150,bot1_2,Jirina,1,FIGHTER,magical,2,0,17,19,10200,4826,3088,3700,17.1,13.1,283,336,39,16,10,262,2912,620,282,0,1,0.4,1.56,"basic_hp;basic_hp;basic_hp;basic_mr;basic_power;basic_haste;basic_as;basic_mr;basic_armor;basic_mr"
31,1,282,0,150,bot0_3,Summoner,0,MAGE,magical,0,5,0,0,3730,778,4678,84,3.5,0.4,139,209,29,15,7,169,1719,366,220,61,0.782,0,0.17,"special_lifesteal;basic_power;basic_power;basic_hp;basic_mr"
31,1,282,0,150,bot1_3,Lynx,1,SLAYER,physical,12,0,5,17,18141,8951,3860,639,31.8,2.3,821,1213,57,39,11,88,3838,818,282,0,1,2.6,2.32,"special_lifesteal;basic_power;basic_hp;basic_power;basic_power;basic_hp;basic_as;basic_as;basic_mr;basic_hp;basic_mr;basic_armor;basic_armor"
31,1,282,0,150,bot0_4,Cleric,0,SUPPORT,magical,0,8,0,0,4682,2982,10037,1249,15.6,6.5,326,374,20,14,7,117,1692,360,191,91,0.678,0,0.3,"basic_hp;basic_hp;basic_hp;basic_mr;basic_power;basic_armor"
31,1,282,0,150,bot1_4,Tamer,1,MAGE,magical,7,0,13,20,14124,9029,3303,2774,32.1,9.9,303,511,35,8,11,308,3508,748,282,0,1,1.5,2.73,"special_lifesteal;basic_power;basic_hp;basic_power;basic_power;basic_mr;basic_hp;basic_mr;basic_hp;basic_haste;basic_as"
32,1,352,20,151,bot0_1,Mage,0,MAGE,magical,1,7,3,0.57,7011,2906,7514,245,11.2,0.9,314,460,41,11,8,173,2273,387,259,93,0.737,0.2,0.39,"special_lifesteal;special_lifesteal;basic_power;basic_hp;basic_mr;basic_haste"
32,1,352,20,151,bot1_1,Volstrov,1,MAGE,magical,9,1,11,20,16471,7971,4503,482,23.6,1.4,250,504,11,15,12,243,4043,689,338,14,0.961,1.5,1.77,"special_lifesteal;basic_power;basic_hp;basic_power;basic_mr;basic_hp;basic_mr;basic_haste;basic_power;basic_haste;basic_hp;basic_armor;basic_power"
32,1,352,20,151,bot0_2,Summoner,0,MAGE,magical,1,7,3,0.57,5490,2849,8887,0,10.9,0,143,210,33,16,9,46,2396,408,261,91,0.742,0.2,0.32,"basic_hp;basic_hp;basic_hp;basic_mr;basic_mr;basic_haste;basic_armor;basic_power;basic_as"
32,1,352,20,151,bot1_2,Healer,1,SUPPORT,magical,4,1,16,20,6270,3520,5499,3934,10.4,11.7,136,193,50,9,11,160,3435,586,337,15,0.959,0.7,0.64,"special_gw;basic_hp;basic_hp;basic_hp;basic_mr;basic_mr;basic_power;basic_hp;basic_mr;basic_armor;basic_armor"
32,1,352,20,151,bot0_3,Tamer,0,MAGE,magical,0,6,5,0.83,11585,5697,5195,3293,20.7,11.9,305,486,28,13,9,60,2385,407,276,76,0.784,0,1.1,"special_lifesteal;basic_power;basic_hp;basic_power;basic_haste;basic_mr;basic_armor;basic_hp"
32,1,352,20,151,bot1_3,Oracle,1,MAGE,physical,5,2,17,11,13480,7138,6977,394,21.9,1.2,354,486,26,24,11,175,3700,631,326,26,0.925,0.9,1.02,"basic_hp;basic_hp;special_lifesteal;basic_mr;basic_as;basic_as;basic_power;basic_armor;basic_hp;basic_mr;basic_hp;basic_as"
32,1,352,20,151,bot0_4,Vanguard,0,FIGHTER,physical,3,4,2,1.25,12858,6046,10225,0,20.3,0,390,488,40,29,9,269,2544,434,297,55,0.845,0.5,0.59,"basic_hp;basic_hp;basic_hp;basic_mr;basic_mr;basic_hp;basic_hp;basic_power"
32,1,352,20,151,bot1_4,Jirina,1,FIGHTER,magical,6,1,15,21,20648,10498,5588,5670,31,16.8,626,920,44,15,11,170,3695,630,338,14,0.961,1,1.88,"special_lifesteal;special_lifesteal;basic_power;basic_hp;basic_mr;basic_power;basic_hp;basic_power;basic_hp;basic_haste;basic_mr"
33,1,302,10,150,bot0_1,Tamer,0,MAGE,magical,0,7,4,0.57,7622,3363,6098,1071,15.6,5,220,400,23,8,8,225,2050,407,216,87,0.713,0,0.55,"special_lifesteal;basic_power;basic_hp;basic_haste;basic_power;basic_hp"
33,1,302,10,150,bot1_1,Jailer,1,TANK,magical,8,1,15,23,9215,6132,3870,0,21.2,0,594,766,28,27,11,144,3769,748,289,14,0.955,1.6,1.58,"special_gw;basic_hp;basic_mr;basic_hp;basic_hp;basic_hp;basic_mr;basic_armor;basic_armor;basic_mr;basic_hp;basic_power"
33,1,302,10,150,bot0_2,Hana,0,TANK,magical,1,6,3,0.67,8965,6948,9953,0,31,0,415,693,11,26,8,155,2055,408,224,78,0.742,0.2,0.7,"basic_hp;basic_hp;basic_hp;basic_armor;basic_hp;basic_mr;basic_power"
33,1,302,10,150,bot1_2,Oracle,1,MAGE,physical,4,2,21,12.5,11278,6296,4279,303,22.7,1.1,591,767,23,21,11,73,3573,709,277,25,0.916,0.8,1.47,"special_lifesteal;basic_hp;basic_hp;basic_power;basic_as;basic_hp;basic_power;basic_as;basic_mr;basic_armor;basic_mr;basic_hp"
33,1,302,10,150,bot0_3,Zephyr,0,SPLITPUSHER,magical,2,6,2,0.67,4737,2340,6534,79,10.5,0.4,322,465,25,16,8,117,2192,435,223,79,0.739,0.4,0.36,"special_lifesteal;basic_power;basic_power;basic_hp;basic_haste;basic_hp;basic_mr"
33,1,302,10,150,bot1_3,Lynx,1,SLAYER,physical,11,1,12,23,14632,10265,4280,458,35.6,1.6,481,867,57,36,11,117,3992,792,289,14,0.955,2.2,2.4,"special_lifesteal;basic_power;basic_power;basic_power;basic_as;basic_power;basic_hp;basic_mr;basic_armor;basic_as;basic_as;basic_power;basic_hp"
33,1,302,10,150,bot0_4,Kratoma,0,SLAYER,physical,1,7,3,0.57,5878,3820,7044,158,17.5,0.7,230,436,12,11,8,2,2052,407,219,84,0.723,0.2,0.54,"special_lifesteal;basic_power;basic_as;basic_hp;basic_armor;basic_mr;basic_power"
33,1,302,10,150,bot1_4,Healer,1,SUPPORT,magical,3,0,20,23,9863,5809,6477,7305,19.2,24.2,177,251,57,20,11,69,3344,664,302,0,1,0.6,0.9,"basic_hp;basic_hp;basic_mr;basic_power;basic_hp;basic_mr;basic_mr;basic_power;basic_hp;basic_armor;basic_haste;basic_armor"
34,1,323,18,152,bot0_1,Summoner,0,MAGE,magical,0,6,5,0.83,6530,2292,7105,137,8.6,0.5,155,215,39,20,9,15,2340,435,266,57,0.825,0,0.32,"special_lifesteal;basic_hp;basic_power;basic_haste;basic_hp;basic_mr;basic_power;basic_armor"
34,1,323,18,152,bot1_1,Jirina,1,FIGHTER,magical,6,2,19,12.5,20644,10094,5018,1708,34,5.7,519,826,36,8,12,162,3962,737,297,25,0.921,1.1,2.01,"special_lifesteal;basic_power;basic_hp;basic_haste;basic_power;basic_mr;basic_hp;basic_armor;basic_power;basic_power;basic_hp;basic_haste;basic_mr"
34,1,323,18,152,bot0_2,Kratoma,0,SLAYER,physical,3,6,2,0.83,9427,4590,8036,223,19,0.9,244,443,18,18,9,146,2471,459,242,81,0.749,0.6,0.57,"special_lifesteal;basic_power;basic_hp;basic_power;basic_as;basic_hp;basic_mr;basic_armor"
34,1,323,18,152,bot1_2,Oracle,1,MAGE,physical,8,1,15,23,17023,7884,5607,893,24.4,2.8,379,540,23,24,12,104,4204,782,323,0,1,1.5,1.41,"special_lifesteal;special_lifesteal;basic_power;basic_power;basic_hp;basic_as;basic_hp;basic_mr;basic_as;basic_mr;basic_power;basic_as;basic_hp"
34,1,323,18,152,bot0_3,Eggchanter,0,SUPPORT,magical,1,7,5,0.86,4692,3082,12016,3800,12.6,15.5,108,208,22,13,9,153,2328,433,245,78,0.759,0.2,0.26,"basic_hp;basic_hp;basic_mr;basic_hp;basic_armor;basic_mr;basic_power;basic_hp"
34,1,323,18,152,bot1_3,Ironclad,1,TANK,physical,6,0,19,25,16931,9516,5731,0,29.5,0,389,682,33,26,12,58,4083,759,323,0,1,1.1,1.66,"basic_hp;basic_hp;basic_mr;basic_hp;basic_mr;basic_armor;basic_hp;basic_hp;basic_power;basic_mr;basic_armor;basic_armor;basic_hp;basic_as"
34,1,323,18,152,bot0_4,Mage,0,MAGE,magical,2,6,4,1,13014,5236,7068,232,21.8,1,330,517,49,18,9,126,2451,456,240,83,0.743,0.4,0.74,"special_lifesteal;basic_power;basic_hp;basic_power;basic_haste;basic_mr;basic_hp;basic_armor"
34,1,323,18,152,bot1_4,Volstrov,1,MAGE,magical,5,3,10,5,11747,5426,4402,339,19.6,1.2,302,603,10,14,11,221,3396,632,277,46,0.858,0.9,1.23,"special_lifesteal;basic_power;basic_hp;basic_haste;basic_power;basic_hp;basic_mr;basic_haste;basic_power;basic_armor;basic_mr"
35,1,305,39,152,bot0_1,Zephyr,0,SPLITPUSHER,magical,0,4,0,0,5653,2786,7005,0,10.6,0,273,367,24,25,7,220,1820,358,263,42,0.862,0,0.4,"basic_hp;basic_hp;basic_mr;basic_hp;basic_mr;basic_power"
35,1,305,39,152,bot1_1,Healer,1,SUPPORT,magical,2,0,9,11,4547,3279,2193,2527,10.8,8.3,125,181,52,9,9,50,2500,492,305,0,1,0.4,1.5,"special_heal_power;special_heal_power;basic_hp;basic_hp;basic_hp;basic_power;basic_power"
35,1,305,39,152,bot0_2,Ironclad,0,TANK,physical,1,3,0,0.33,7250,5202,10301,0,19.5,0,376,376,23,19,8,208,2033,400,267,38,0.876,0.2,0.5,"special_gw;basic_hp;basic_hp;basic_mr;basic_mr;basic_power"
35,1,305,39,152,bot1_2,Eggchanter,1,SUPPORT,magical,5,1,10,15,6249,3243,3339,5032,11,17.1,129,199,33,17,10,245,3045,599,294,11,0.965,1,0.97,"basic_hp;basic_hp;basic_hp;basic_mr;basic_hp;basic_armor;basic_power;basic_mr;basic_armor;basic_hp"
35,1,305,39,152,bot0_3,Quiller,0,SLAYER,physical,0,6,1,0.17,8175,3269,6065,233,13.1,0.9,232,376,29,21,9,223,2023,398,249,56,0.818,0,0.54,"special_lifesteal;basic_hp;basic_hp;basic_mr;basic_power;basic_as"
35,1,305,39,152,bot1_3,Reaper,1,SPLITPUSHER,magical,5,0,13,18,15042,12253,6320,426,40.2,1.4,552,804,45,24,9,128,3128,615,305,0,1,1,1.94,"basic_hp;basic_hp;special_lifesteal;basic_power;basic_power;basic_hp;basic_haste;basic_power;basic_hp;basic_mr"
35,1,305,39,152,bot0_4,Pyromancer,0,SLAYER,magical,0,5,1,0.2,5166,2971,3998,74,12.2,0.3,228,379,14,9,8,26,1876,369,243,62,0.795,0,0.74,"special_lifesteal;basic_power;basic_power;basic_power;basic_hp;basic_haste"
35,1,305,39,152,bot1_4,Jirina,1,FIGHTER,magical,6,0,8,14,7962,6940,4405,3489,22.8,11.4,318,418,32,14,9,50,3050,600,305,0,1,1.2,1.58,"special_lifesteal;basic_power;basic_hp;basic_power;basic_hp;basic_hp;basic_power;basic_mr;basic_armor;basic_hp"
36,0,334,150,26,bot0_1,Eggchanter,0,SUPPORT,magical,1,2,16,8.5,4099,1642,4688,4364,5.1,13.7,115,188,30,17,10,43,2993,537,320,15,0.956,0.2,0.35,"basic_hp;basic_hp;basic_armor;basic_mr;basic_mr;basic_hp;basic_haste;basic_power;basic_as;basic_hp;basic_armor"
36,0,334,150,26,bot1_1,Volstrov,1,MAGE,magical,1,7,4,0.71,6272,2610,7372,133,9.7,0.5,154,385,11,10,9,107,2457,441,269,65,0.805,0.2,0.35,"special_lifesteal;basic_power;basic_power;basic_hp;basic_haste;basic_power;basic_mr;basic_armor"
36,0,334,150,26,bot0_2,Mage,0,MAGE,magical,2,2,15,8.5,9737,6298,3467,215,20.6,0.7,695,777,54,16,10,105,3080,553,305,29,0.913,0.4,1.82,"special_lifesteal;basic_power;basic_power;basic_hp;basic_hp;basic_power;basic_power;basic_haste;basic_mr;basic_haste"
36,0,334,150,26,bot1_2,Kratoma,1,SLAYER,physical,3,6,4,1.17,10843,4725,8526,300,17.6,1.1,244,443,20,18,9,18,2643,474,268,66,0.803,0.5,0.55,"special_lifesteal;basic_power;basic_hp;basic_as;basic_mr;basic_power;basic_power;basic_armor;basic_as"
36,0,334,150,26,bot0_3,Reaper,0,SPLITPUSHER,magical,7,2,12,9.5,21950,14279,7264,739,46.5,2.4,686,1255,44,24,11,117,3692,662,307,27,0.918,1.3,1.97,"special_lifesteal;basic_hp;basic_hp;basic_hp;basic_power;basic_haste;special_gw;basic_mr;basic_hp;basic_power;basic_hp"
36,0,334,150,26,bot1_3,Healer,1,SUPPORT,magical,1,5,7,1.6,4388,2050,9167,4342,7.6,16.1,137,189,29,12,10,334,2559,459,269,65,0.805,0.2,0.22,"basic_hp;basic_hp;basic_hp;basic_mr;basic_mr;basic_hp;basic_armor;basic_mr"
36,0,334,150,26,bot0_4,Lynx,0,SLAYER,physical,13,2,9,11,22391,12505,4242,675,41.3,2.2,696,1535,57,32,12,35,4385,787,303,31,0.907,2.3,2.95,"special_lifesteal;basic_power;basic_power;basic_hp;basic_power;basic_hp;basic_as;basic_mr;basic_armor;basic_as;basic_mr;basic_armor;basic_hp;basic_as;basic_mr"
36,0,334,150,26,bot1_4,Bruiser,1,FIGHTER,physical,3,5,4,1.4,15815,8089,12548,0,30.1,0,295,624,44,29,10,239,2764,496,269,65,0.805,0.5,0.64,"basic_hp;basic_hp;basic_hp;basic_hp;basic_mr;basic_power;basic_mr;basic_hp;basic_armor"
37,1,305,16,151,bot0_1,Oracle,0,MAGE,physical,0,5,6,1.2,11737,6160,7946,0,25.6,0,345,442,16,15,9,87,2262,445,241,64,0.789,0,0.78,"basic_hp;basic_hp;basic_hp;basic_mr;basic_mr;basic_armor;basic_hp;basic_power"
37,1,305,16,151,bot1_1,Quiller,1,SLAYER,physical,8,3,10,6,18296,10416,4950,594,37,2.1,311,692,45,25,11,148,3648,718,282,23,0.923,1.6,2.1,"special_lifesteal;basic_power;basic_hp;basic_power;basic_power;basic_as;basic_mr;basic_hp;basic_armor;basic_as;basic_as;basic_hp"
37,1,305,16,151,bot0_2,Healer,0,SUPPORT,magical,2,5,4,1.2,5489,2590,9060,4963,10.7,20.5,149,213,26,13,9,227,2352,463,243,62,0.796,0.4,0.29,"special_gw;basic_hp;basic_hp;basic_power;basic_power;basic_hp;basic_mr"
37,1,305,16,151,bot1_2,Eggchanter,1,SUPPORT,magical,1,1,14,15,5711,3390,6832,6861,11.6,23.5,136,214,33,16,9,280,2705,532,291,14,0.955,0.2,0.5,"basic_hp;basic_hp;basic_hp;basic_mr;basic_armor;basic_mr;basic_armor;basic_mr;basic_power"
37,1,305,16,151,bot0_3,Bruiser,0,FIGHTER,physical,4,5,2,1.2,9213,4383,9687,0,18.5,0,319,477,32,23,9,213,2588,509,237,68,0.776,0.8,0.45,"special_gw;basic_hp;basic_hp;basic_power;basic_hp;basic_mr;basic_power;basic_as"
37,1,305,16,151,bot1_3,Jirina,1,FIGHTER,magical,7,0,11,18,16641,9711,4592,3096,31.8,10.2,438,680,36,15,10,140,3465,682,305,0,1,1.4,2.11,"basic_hp;basic_hp;basic_hp;basic_hp;basic_hp;basic_mr;basic_mr;basic_armor;basic_hp;basic_hp;basic_armor"
37,1,305,16,151,bot0_4,Summoner,0,MAGE,magical,1,4,6,1.75,5489,3504,5157,147,13.8,0.6,179,255,34,16,8,261,2311,455,254,51,0.834,0.2,0.68,"special_lifesteal;basic_power;basic_hp;basic_mr;basic_haste;basic_armor;basic_power"
37,1,305,16,151,bot1_4,Tamer,1,MAGE,magical,3,3,13,5.33,11635,6571,4700,1381,22.6,4.7,255,425,37,8,9,357,2882,567,291,14,0.955,0.6,1.4,"basic_hp;basic_hp;basic_mr;basic_hp;basic_armor;basic_mr;basic_haste;basic_hp;basic_hp"
38,0,270,150,3,bot0_1,Jirina,0,FIGHTER,magical,4,0,18,22,10276,6436,3134,5252,23.9,19.5,326,496,31,16,10,12,3212,714,270,0,1,0.9,2.05,"special_lifesteal;basic_power;basic_power;basic_hp;basic_mr;basic_hp;basic_power;basic_hp;basic_mr;basic_haste;basic_armor"
38,0,270,150,3,bot1_1,Summoner,1,MAGE,magical,1,7,2,0.43,4172,1892,6165,33,10.2,0.2,160,228,27,13,7,117,1917,426,185,85,0.686,0.2,0.31,"special_lifesteal;basic_power;basic_power;basic_hp;basic_haste;basic_mr"
38,0,270,150,3,bot0_2,Ironclad,0,TANK,physical,5,1,14,19,7338,4608,7148,0,17.9,0,139,245,29,20,10,168,3143,699,258,12,0.957,1.1,0.64,"special_gw;basic_hp;basic_hp;basic_mr;basic_power;basic_mr;basic_hp;basic_hp;basic_armor;basic_power"
38,0,270,150,3,bot1_2,Quiller,1,SLAYER,physical,0,7,3,0.43,4763,2944,6697,145,15.4,0.8,231,381,22,15,7,237,1787,397,192,78,0.711,0,0.44,"special_lifesteal;basic_hp;basic_hp;basic_power;basic_as"
38,0,270,150,3,bot0_3,Healer,0,SUPPORT,magical,8,1,11,19,7437,4216,3177,1770,16.3,6.8,168,238,45,4,10,220,3495,777,259,11,0.96,1.8,1.33,"special_gw;basic_hp;basic_power;basic_hp;basic_hp;basic_power;basic_hp;basic_mr;basic_haste;basic_mr;basic_mr"
38,0,270,150,3,bot1_3,Zephyr,1,SPLITPUSHER,magical,1,5,1,0.4,4773,2227,7984,0,9.6,0,314,314,23,22,7,193,1843,410,233,37,0.862,0.2,0.28,"basic_hp;basic_hp;basic_hp;basic_hp;basic_power;basic_armor"
38,0,270,150,3,bot0_4,Wanderer,0,SLAYER,physical,9,1,15,24,23259,13331,4569,730,52.2,2.9,650,938,20,17,11,249,3749,834,255,15,0.946,2,2.92,"special_lifesteal;basic_power;basic_power;basic_hp;basic_hp;basic_as;basic_mr;basic_power;basic_armor;basic_as;basic_hp;basic_as"
38,0,270,150,3,bot1_4,Hana,1,TANK,magical,1,7,2,0.43,10003,6603,9681,0,33.7,0,322,707,9,23,8,134,1959,436,196,74,0.726,0.2,0.68,"special_gw;basic_hp;basic_hp;basic_power;basic_power;basic_mr"
39,1,375,54,151,bot0_1,Ironclad,0,TANK,physical,2,5,13,3,6076,3262,10859,0,10.8,0,250,334,30,18,11,207,3157,505,302,73,0.805,0.3,0.3,"basic_hp;basic_hp;basic_hp;basic_armor;basic_mr;basic_power;basic_armor;basic_as;basic_hp;basic_haste;basic_mr"
39,1,375,54,151,bot1_1,Zephyr,1,SPLITPUSHER,magical,4,5,20,4.8,12509,8037,7279,321,26.5,1.1,392,591,37,30,11,314,3789,606,303,72,0.808,0.6,1.1,"special_lifesteal;basic_power;basic_hp;basic_mr;basic_haste;basic_power;basic_power;basic_hp;basic_armor;basic_hp;basic_mr;basic_haste"
39,1,375,54,151,bot0_2,Jailer,0,TANK,magical,5,6,10,2.5,13851,5667,10549,0,19.7,0,409,525,28,26,11,153,3403,544,288,88,0.766,0.8,0.54,"basic_hp;basic_hp;basic_hp;basic_armor;basic_mr;basic_armor;basic_mr;basic_haste;basic_power;basic_haste;basic_power;basic_hp"
39,1,375,54,151,bot1_2,Tamer,1,MAGE,magical,10,5,12,4.4,11971,8770,6173,3044,29.3,10.2,266,507,31,11,12,135,4335,693,299,76,0.798,1.6,1.42,"special_lifesteal;basic_hp;basic_hp;basic_power;basic_mr;basic_power;basic_hp;basic_mr;basic_hp;basic_haste;basic_haste;basic_hp;basic_mr;basic_power"
39,1,375,54,151,bot0_3,Reaper,0,SPLITPUSHER,magical,4,7,12,2.29,11971,6407,11380,0,23.3,0,704,1113,28,13,10,33,3333,533,275,101,0.732,0.6,0.56,"basic_hp;basic_hp;basic_hp;basic_power;basic_armor;basic_hp;basic_power;basic_haste;basic_mr;basic_as;basic_hp;basic_armor"
39,1,375,54,151,bot1_3,Quiller,1,SLAYER,physical,4,5,14,3.6,12147,6028,4617,321,18.2,1,271,489,39,27,11,215,3465,554,332,44,0.883,0.6,1.31,"special_lifesteal;basic_power;basic_power;basic_power;basic_as;basic_as;basic_hp;basic_power;basic_as;basic_mr;basic_armor"
39,1,375,54,151,bot0_4,Mage,0,MAGE,magical,7,6,10,2.83,12792,7656,7687,322,26.8,1.1,404,650,55,23,11,172,3697,591,286,90,0.761,1.1,1,"special_lifesteal;basic_power;basic_power;basic_power;basic_power;basic_hp;basic_haste;basic_armor;basic_hp;basic_haste;basic_mr;basic_hp"
39,1,375,54,151,bot1_4,Wanderer,1,SLAYER,physical,6,3,17,7.67,28301,16026,6702,738,47.9,2.2,812,1521,23,19,12,182,4007,640,334,41,0.891,1,2.39,"special_lifesteal;basic_power;basic_hp;basic_as;basic_mr;basic_power;basic_hp;basic_armor;basic_power;basic_as;basic_hp;basic_as;basic_power"
40,0,358,150,51,bot0_1,Fusilier,0,SLAYER,physical,10,2,16,13,15911,9061,7805,0,28,0,399,684,47,18,12,186,4386,736,324,34,0.905,1.7,1.16,"basic_hp;basic_hp;basic_hp;basic_armor;basic_armor;basic_power;basic_armor;basic_hp;basic_as;basic_hp;basic_mr;basic_armor;basic_haste;basic_power;basic_as"
40,0,358,150,51,bot1_1,Cleric,1,SUPPORT,magical,0,7,10,1.43,4824,3460,9293,2521,12.9,9.4,332,396,31,21,10,183,2608,437,269,89,0.752,0,0.37,"basic_hp;basic_hp;basic_hp;basic_armor;basic_mr;basic_power;basic_hp;basic_haste;basic_mr"
40,0,358,150,51,bot0_2,Reaper,0,SPLITPUSHER,magical,9,3,18,9,24190,14423,7641,685,42.4,2,829,1239,45,21,12,348,4448,746,340,18,0.951,1.5,1.89,"special_lifesteal;basic_power;basic_power;basic_power;basic_hp;basic_haste;basic_armor;basic_hp;basic_power;basic_mr;basic_haste;basic_hp;basic_armor;basic_haste"
40,0,358,150,51,bot1_2,Quiller,1,SLAYER,physical,7,7,5,1.71,13935,7111,7327,327,24.4,1.1,284,546,42,25,10,166,3366,564,291,66,0.815,1.2,0.97,"special_lifesteal;basic_power;basic_as;basic_hp;basic_power;basic_mr;basic_as;basic_armor;basic_hp;basic_power;basic_as"
40,0,358,150,51,bot0_3,Healer,0,SUPPORT,magical,4,4,15,4.75,6270,4043,8852,4311,13.6,14.5,161,223,36,11,10,81,3381,567,296,61,0.828,0.7,0.46,"basic_hp;basic_hp;basic_hp;basic_armor;basic_hp;basic_armor;basic_mr;basic_armor;basic_armor;basic_power;basic_haste;basic_as"
40,0,358,150,51,bot1_3,Vanguard,1,FIGHTER,physical,2,7,10,1.71,15342,7779,9140,232,28.9,0.9,526,826,42,25,10,214,2914,489,269,89,0.752,0.3,0.85,"special_lifesteal;basic_power;basic_as;basic_power;basic_power;basic_as;basic_hp;basic_as;basic_hp"
40,0,358,150,51,bot0_4,Oracle,0,MAGE,physical,5,3,19,8,9971,6322,8294,0,20.4,0,461,644,20,19,11,53,3753,629,310,48,0.867,0.8,0.76,"basic_hp;basic_hp;basic_hp;basic_armor;basic_hp;basic_power;basic_as;basic_armor;basic_mr;basic_hp;basic_armor;basic_hp;basic_haste"
40,0,358,150,51,bot1_4,Lynx,1,SLAYER,physical,3,7,8,1.57,22375,12216,10357,0,41.6,0,536,858,52,38,10,239,2989,501,293,64,0.82,0.5,1.18,"basic_hp;basic_hp;basic_hp;basic_power;basic_power;basic_mr;basic_armor;basic_hp;basic_power;basic_mr"
41,1,340,28,151,bot0_1,Jailer,0,TANK,magical,2,7,7,1.29,8474,4513,10237,0,18.4,0,512,632,23,17,10,113,2738,483,246,95,0.722,0.4,0.44,"special_gw;basic_hp;basic_power;basic_mr;basic_armor;basic_haste;basic_hp;basic_hp;basic_power"
41,1,340,28,151,bot1_1,Pyromancer,1,SLAYER,magical,2,4,18,5,9313,4155,4937,112,15,0.4,436,702,20,19,11,258,3233,570,278,62,0.817,0.4,0.84,"special_lifesteal;basic_power;basic_power;basic_hp;basic_power;basic_hp;basic_haste;basic_mr;basic_power;basic_haste"
41,1,340,28,151,bot0_2,Doctor,0,SUPPORT,physical,1,8,7,1,3926,2940,11341,2937,12.3,12.3,205,289,19,13,9,108,2458,433,239,101,0.702,0.2,0.26,"basic_hp;basic_hp;basic_hp;basic_mr;basic_armor;basic_power;basic_as;basic_haste;basic_mr"
41,1,340,28,151,bot1_2,Goliath,1,TANK,physical,1,1,24,25,9156,6700,7001,2626,20.5,8,280,472,31,24,11,113,3338,589,327,14,0.96,0.2,0.96,"basic_hp;basic_hp;basic_hp;basic_mr;basic_armor;basic_mr;basic_armor;basic_power;basic_hp;basic_as;basic_haste;basic_power"
41,1,340,28,151,bot0_3,Lynx,0,SLAYER,physical,6,6,4,1.67,13940,8867,7681,360,34.7,1.4,639,1345,41,31,10,183,3108,548,255,85,0.751,1.1,1.15,"special_lifesteal;basic_power;basic_hp;basic_as;basic_power;basic_mr;basic_armor;basic_hp;basic_hp;basic_power"
41,1,340,28,151,bot1_3,Reaper,1,SPLITPUSHER,magical,10,3,12,7.33,14508,10432,7258,537,32.1,1.7,554,1121,35,19,11,190,4115,726,325,16,0.954,1.8,1.44,"special_lifesteal;basic_power;basic_hp;basic_hp;basic_power;basic_hp;basic_mr;basic_armor;basic_power;basic_hp;basic_haste;basic_power;basic_hp"
41,1,340,28,151,bot0_4,Volstrov,0,MAGE,magical,1,6,9,1.67,10662,5881,7004,212,22.6,0.8,364,717,21,18,10,51,2676,472,260,80,0.764,0.2,0.84,"special_lifesteal;basic_power;basic_hp;basic_power;basic_haste;basic_power;basic_mr;basic_armor;basic_hp"
41,1,340,28,151,bot1_4,Wanderer,1,SLAYER,physical,14,2,12,13,26438,13370,5369,1192,43.4,3.9,592,1074,25,19,12,327,4727,834,308,32,0.906,2.5,2.49,"special_lifesteal;special_lifesteal;basic_power;basic_power;basic_as;basic_hp;basic_mr;basic_power;basic_as;basic_as;basic_power;basic_hp;basic_hp;basic_armor"
42,0,321,150,21,bot0_1,Bruiser,0,FIGHTER,physical,3,1,18,21,17412,10036,4196,0,32.3,0,545,751,48,31,10,208,3258,608,311,11,0.967,0.6,2.39,"basic_hp;basic_hp;basic_mr;basic_power;basic_hp;basic_mr;basic_mr;basic_as;basic_armor;basic_hp;basic_mr"
42,0,321,150,21,bot1_1,Healer,1,SUPPORT,magical,2,5,4,1.2,6680,3759,10553,6041,14.4,23.1,140,188,35,17,9,229,2429,453,262,60,0.814,0.4,0.36,"basic_hp;basic_hp;basic_hp;basic_armor;basic_hp;basic_mr;basic_armor;basic_mr"
42,0,321,150,21,bot0_2,Jirina,0,FIGHTER,magical,7,1,14,21,20182,11848,4491,2553,36.9,7.9,378,623,48,8,11,164,3664,684,321,0,1,1.3,2.64,"special_lifesteal;basic_power;basic_hp;basic_mr;basic_power;basic_power;basic_hp;basic_mr;basic_haste;basic_armor;basic_hp;basic_mr"
42,0,321,150,21,bot1_2,Reaper,1,SPLITPUSHER,magical,1,5,4,1,7408,4082,8268,0,15.3,0,335,561,24,14,8,155,2255,421,267,55,0.83,0.2,0.49,"basic_hp;basic_hp;basic_hp;basic_power;basic_power;basic_haste;basic_armor;basic_mr"
42,0,321,150,21,bot0_3,Jailer,0,TANK,magical,5,3,12,5.67,12430,9096,6143,0,32.1,0,348,512,25,30,10,154,3204,598,283,38,0.882,0.9,1.48,"basic_hp;basic_hp;basic_hp;basic_mr;basic_armor;basic_mr;basic_hp;basic_mr;basic_armor;basic_power;basic_armor"
42,0,321,150,21,bot1_3,Ironclad,1,TANK,physical,0,6,5,0.83,4901,3628,13274,0,14.6,0,357,408,23,15,8,19,2119,396,248,73,0.773,0,0.27,"basic_hp;basic_hp;basic_armor;basic_mr;basic_hp;basic_power;basic_armor;basic_as"
42,0,321,150,21,bot0_4,Oracle,0,MAGE,physical,8,1,11,19,12640,7436,6608,400,23.9,1.3,403,568,22,23,11,143,3668,685,311,11,0.967,1.5,1.13,"special_lifesteal;basic_power;basic_hp;basic_power;basic_hp;basic_as;basic_power;basic_as;basic_mr;basic_mr;basic_hp;basic_as"
42,0,321,150,21,bot1_4,Volstrov,1,MAGE,magical,3,7,3,0.86,13904,6672,8359,265,25.5,1,281,503,20,20,10,48,2673,499,262,60,0.815,0.6,0.8,"special_lifesteal;basic_power;basic_hp;basic_power;basic_haste;basic_armor;basic_mr;basic_hp;basic_hp"
43,1,194,2,150,bot0_1,Doctor,0,SUPPORT,physical,1,6,1,0.33,4243,2305,6668,900,18.1,7.1,161,275,14,7,6,43,1568,486,127,66,0.657,0.3,0.35,"basic_hp;basic_hp;basic_mr;basic_power;basic_armor;basic_as"
43,1,194,2,150,bot1_1,Summoner,1,MAGE,magical,1,1,14,15,3353,2038,1404,122,11.2,0.7,190,233,23,12,8,322,2247,697,182,12,0.94,0.3,1.45,"special_lifesteal;basic_power;basic_power;basic_power;basic_power;basic_hp"
43,1,194,2,150,bot0_2,Goliath,0,TANK,physical,0,6,1,0.17,2029,670,8435,443,5.3,3.5,106,158,17,6,6,109,1409,437,126,67,0.652,0,0.08,"basic_hp;basic_hp;basic_mr;basic_mr;basic_armor"
43,1,194,2,150,bot1_2,Reaper,1,SPLITPUSHER,magical,7,0,15,22,14313,10618,1136,433,54.9,2.2,526,919,28,15,10,171,3096,960,194,0,1,2.2,9.35,"special_lifesteal;basic_power;basic_power;basic_hp;basic_power;basic_armor;basic_haste;basic_mr;basic_hp;basic_hp"
43,1,194,2,150,bot0_3,Zephyr,0,SPLITPUSHER,magical,0,5,2,0.4,4414,2179,6247,136,15.7,1,234,365,15,14,6,172,1447,449,139,55,0.718,0,0.35,"special_lifesteal;basic_power;basic_hp;basic_mr"
43,1,194,2,150,bot1_3,Hana,1,TANK,magical,5,0,9,14,3776,3229,3095,0,16.7,0,250,385,9,18,8,339,2539,787,194,0,1,1.6,1.04,"basic_hp;basic_hp;basic_hp;basic_armor;basic_hp;basic_armor;basic_mr;basic_mr"
43,1,194,2,150,bot0_4,Kratoma,0,SLAYER,physical,1,5,1,0.4,4154,1434,6489,0,10.5,0,154,341,9,9,6,156,1556,482,136,58,0.703,0.3,0.22,"basic_hp;basic_hp;basic_hp;basic_power;basic_hp"
43,1,194,2,150,bot1_4,Lynx,1,SLAYER,physical,9,1,10,19,13502,9381,1933,0,52.1,0,520,814,29,24,10,234,3234,1003,180,14,0.93,2.8,4.85,"basic_hp;basic_hp;basic_armor;basic_hp;basic_armor;basic_power;basic_as;basic_mr;basic_armor;basic_power;basic_hp"
44,0,369,150,52,bot0_1,Eggchanter,0,SUPPORT,magical,2,1,20,22,7087,3691,3456,5659,10.3,15.8,151,217,41,21,11,222,3447,560,358,11,0.971,0.3,1.07,"special_gw;basic_hp;basic_power;basic_armor;basic_hp;basic_hp;basic_haste;basic_power;basic_mr;basic_hp;basic_armor"
44,0,369,150,52,bot1_1,Bruiser,1,FIGHTER,physical,0,5,4,0.8,6657,2617,6913,167,8.8,0.6,279,418,39,34,10,124,2449,398,298,71,0.807,0,0.38,"special_lifesteal;basic_power;basic_power;basic_hp;basic_as;basic_mr;basic_haste;basic_hp"
44,0,369,150,52,bot0_2,Reaper,0,SPLITPUSHER,magical,11,1,12,23,15352,9138,5221,0,25.5,0,556,907,52,27,11,160,4310,701,358,11,0.971,1.8,1.75,"basic_hp;basic_hp;basic_hp;basic_power;basic_armor;basic_power;basic_armor;basic_haste;basic_armor;basic_hp;basic_armor;basic_mr;basic_haste;basic_power;basic_as"
44,0,369,150,52,bot1_2,Mage,1,MAGE,magical,1,6,3,0.67,9715,3450,7605,206,12.1,0.7,432,640,30,15,9,99,2474,402,285,84,0.773,0.2,0.45,"special_lifesteal;basic_hp;basic_hp;basic_hp;basic_mr;basic_power;basic_mr;basic_haste"
44,0,369,150,52,bot0_3,Jirina,0,FIGHTER,magical,4,1,20,24,13606,8105,3817,1613,22.6,4.5,372,607,36,9,11,113,3713,604,358,11,0.971,0.7,2.12,"basic_hp;basic_hp;basic_hp;basic_armor;basic_hp;basic_haste;basic_armor;basic_power;basic_haste;basic_hp;basic_mr;basic_mr;basic_power"
44,0,369,150,52,bot1_3,Goliath,1,TANK,physical,2,6,2,0.67,8871,4495,11722,1114,15.9,3.9,388,493,38,19,10,12,2637,429,282,87,0.765,0.3,0.38,"special_gw;basic_hp;basic_hp;basic_mr;basic_mr;basic_mr;basic_power;basic_as;basic_armor"
44,0,369,150,52,bot0_4,Hana,0,TANK,magical,7,1,17,24,17655,9826,4754,0,27.4,0,462,976,10,45,11,162,3962,644,358,11,0.971,1.1,2.07,"special_gw;special_gw;basic_hp;basic_power;basic_hp;basic_hp;basic_armor;basic_armor;basic_power;basic_haste;basic_hp;basic_mr"
44,0,369,150,52,bot1_4,Fusilier,1,SLAYER,physical,1,7,2,0.43,11374,3501,7458,488,12.8,1.8,258,453,35,16,9,79,2454,399,273,96,0.739,0.2,0.47,"special_lifesteal;special_lifesteal;basic_power;basic_as;basic_hp;basic_power;basic_mr"
45,1,375,1,150,bot0_1,Eggchanter,0,SUPPORT,magical,0,6,1,0.17,5745,3548,9347,3248,11.1,10.1,114,225,26,13,9,338,2188,350,321,55,0.854,0,0.38,"basic_hp;basic_hp;basic_armor;basic_hp;basic_armor;basic_mr;basic_haste"
45,1,375,1,150,bot1_1,Cleric,1,SUPPORT,magical,11,0,13,24,12903,6682,5114,6670,17.8,17.8,429,501,56,47,12,135,4435,709,375,0,1,1.8,1.31,"special_heal_power;basic_hp;basic_hp;basic_hp;basic_power;basic_power;basic_mr;basic_hp;basic_mr;basic_hp;basic_mr;basic_power;basic_hp;basic_haste"
45,1,375,1,150,bot0_2,Volstrov,0,MAGE,magical,0,7,0,0,9400,5390,7436,70,18.8,0.2,252,494,17,16,9,112,2162,346,287,89,0.764,0,0.72,"special_lifesteal;basic_power;basic_hp;basic_power;basic_armor;basic_haste;basic_mr"
45,1,375,1,150,bot1_2,Ironclad,1,TANK,physical,4,1,21,25,12421,7920,12978,0,21.7,0,448,561,39,27,12,73,3923,627,365,11,0.971,0.6,0.61,"special_gw;basic_hp;basic_power;basic_hp;basic_hp;basic_mr;basic_mr;basic_armor;basic_power;basic_as;basic_hp;basic_hp;basic_armor"
45,1,375,1,150,bot0_3,Vanguard,0,FIGHTER,physical,1,7,0,0.14,17210,10201,9970,329,35.8,1.2,513,802,40,26,9,188,2313,370,285,91,0.759,0.2,1.02,"special_lifesteal;basic_power;basic_power;basic_as;basic_power;basic_hp;basic_as"
45,1,375,1,150,bot1_3,Oracle,1,MAGE,physical,5,0,19,24,23078,9513,7343,0,25.3,0,471,658,30,32,12,249,3849,615,375,0,1,0.8,1.3,"basic_hp;basic_hp;basic_hp;basic_hp;basic_mr;basic_power;basic_as;basic_mr;basic_armor;basic_mr;basic_armor;basic_mr;basic_power"
45,1,375,1,150,bot0_4,Summoner,0,MAGE,magical,0,6,1,0.17,6079,3566,7292,72,12,0.2,149,219,32,19,9,120,2220,355,297,78,0.792,0,0.49,"special_lifesteal;basic_hp;basic_power;basic_hp;basic_armor;basic_haste;basic_hp"
45,1,375,1,150,bot1_4,Doctor,1,SUPPORT,physical,6,0,18,24,15011,7676,5162,8426,20.5,22.4,212,414,23,22,12,109,4059,649,375,0,1,1,1.49,"basic_hp;basic_hp;special_gw;basic_mr;basic_mr;basic_hp;basic_hp;basic_mr;basic_power;basic_hp;basic_mr;basic_armor;basic_power"
46,1,235,2,150,bot0_1,Eggchanter,0,SUPPORT,magical,0,6,2,0.33,3928,1366,8325,2044,7.3,10.9,106,162,17,9,6,242,1592,407,188,47,0.8,0,0.16,"basic_hp;basic_hp;basic_hp;basic_mr;basic_mr"
46,1,235,2,150,bot1_1,Wanderer,1,SLAYER,physical,12,0,10,22,17593,10956,2392,0,46.7,0,493,765,16,14,10,138,3588,918,235,0,1,3.1,4.58,"special_gw;basic_hp;basic_power;basic_armor;basic_hp;basic_power;basic_as;basic_mr;basic_as;basic_hp;basic_armor;basic_mr"
46,1,235,2,150,bot0_2,Oracle,0,MAGE,physical,0,6,2,0.33,4609,1191,6904,117,7.2,0.7,307,307,11,11,7,94,1619,414,165,69,0.705,0,0.17,"special_lifesteal;basic_power;basic_hp;basic_as;basic_mr"
46,1,235,2,150,bot1_2,Tamer,1,MAGE,magical,4,0,16,20,10786,7223,2300,2831,30.8,12.1,291,532,28,11,10,326,3026,774,235,0,1,1,3.14,"special_lifesteal;basic_power;basic_power;basic_power;basic_hp;basic_hp;basic_haste;basic_armor;basic_power"
46,1,235,2,150,bot0_3,Jirina,0,FIGHTER,magical,2,5,0,0.4,7264,2947,7448,953,16.7,5.4,276,404,19,8,7,251,1801,460,176,58,0.751,0.5,0.4,"special_gw;basic_hp;basic_hp;basic_mr;basic_power"
46,1,235,2,150,bot1_3,Pyromancer,1,SLAYER,magical,3,2,13,8,7784,2568,3046,131,10.9,0.6,321,393,22,15,9,71,2746,702,235,0,1,0.8,0.84,"special_lifesteal;basic_power;basic_power;basic_hp;basic_power;basic_hp;basic_haste;basic_armor;basic_hp"
46,1,235,2,150,bot0_4,Doctor,0,SUPPORT,physical,0,7,2,0.29,4585,2308,7182,524,14.8,3.4,152,249,20,7,7,60,1610,412,156,79,0.664,0,0.32,"special_gw;basic_hp;basic_power;basic_mr;basic_hp"
46,1,235,2,150,bot1_4,Hana,1,TANK,magical,5,0,19,24,10857,7198,1727,0,30.7,0,530,936,6,29,10,263,3163,809,235,0,1,1.3,4.17,"special_gw;basic_hp;basic_mr;basic_armor;basic_power;basic_haste;basic_hp;basic_armor;basic_mr;basic_hp"
47,0,299,150,1,bot0_1,Reaper,0,SPLITPUSHER,magical,13,0,11,24,21933,11373,2804,1273,38,4.3,588,1026,48,23,11,264,4089,820,299,0,1,2.6,4.06,"special_lifesteal;special_lifesteal;basic_hp;basic_hp;basic_power;basic_haste;basic_mr;basic_hp;basic_power;basic_armor;basic_hp;basic_power"
47,0,299,150,1,bot1_1,Quiller,1,SLAYER,physical,0,8,1,0.13,9453,4405,6627,246,19.7,1.1,266,457,21,17,8,66,1891,379,223,76,0.746,0,0.66,"special_lifesteal;basic_power;basic_as;basic_power;basic_hp;basic_as"
47,0,299,150,1,bot0_2,Jailer,0,TANK,magical,3,1,16,19,8763,5203,2179,0,18.1,0,463,611,23,16,10,173,3023,606,287,12,0.961,0.6,2.39,"basic_hp;basic_hp;basic_hp;basic_armor;basic_mr;basic_hp;basic_mr;basic_armor;basic_mr;basic_hp"
47,0,299,150,1,bot1_2,Vanguard,1,FIGHTER,physical,0,6,1,0.17,6922,2783,9275,0,12.4,0,445,445,34,22,8,252,1852,371,224,75,0.749,0,0.3,"basic_hp;basic_hp;basic_hp;basic_armor;basic_mr;basic_armor"
47,0,299,150,1,bot0_3,Doctor,0,SUPPORT,physical,2,0,17,19,6048,4550,6579,7785,15.2,26,184,302,17,20,9,260,2885,579,299,0,1,0.4,0.69,"basic_hp;basic_hp;basic_hp;basic_armor;basic_mr;basic_armor;basic_mr;basic_power;basic_as;basic_haste"
47,0,299,150,1,bot1_3,Zephyr,1,SPLITPUSHER,magical,1,7,0,0.14,2937,1315,7615,73,5.4,0.3,216,268,25,14,7,98,1898,381,245,54,0.82,0.2,0.17,"special_lifesteal;basic_power;basic_hp;basic_haste;basic_power;basic_armor"
47,0,299,150,1,bot0_4,Fusilier,0,SLAYER,physical,10,0,14,24,15956,9426,4204,462,31.5,1.5,442,757,49,14,11,123,3948,792,299,0,1,2,2.24,"special_lifesteal;basic_power;basic_power;basic_hp;basic_power;basic_as;basic_hp;basic_as;basic_mr;basic_hp;basic_as;basic_armor;basic_power"
47,0,299,150,1,bot1_4,Cleric,1,SUPPORT,magical,0,7,1,0.14,6735,4932,8579,2175,22.2,9.8,315,375,24,19,7,24,1849,371,222,77,0.742,0,0.57,"special_heal_power;basic_hp;basic_hp;basic_power;basic_armor;basic_power"
48,0,290,150,2,bot0_1,Tamer,0,MAGE,magical,6,0,20,26,16076,9979,5790,4016,34.4,13.8,282,457,41,13,11,75,3675,759,290,0,1,1.2,1.72,"basic_hp;basic_hp;basic_mr;basic_hp;basic_armor;basic_armor;basic_mr;basic_haste;basic_armor;basic_hp;basic_power;basic_as;basic_hp"
48,0,290,150,2,bot1_1,Doctor,1,SUPPORT,physical,0,7,2,0.29,4189,2902,9730,2437,13.8,11.6,195,281,12,13,7,284,1809,374,210,80,0.725,0,0.3,"basic_hp;basic_hp;basic_mr;basic_power;basic_armor;basic_as"
48,0,290,150,2,bot0_2,Wanderer,0,SLAYER,physical,6,1,16,22,18800,11273,4302,500,40.6,1.8,491,939,18,19,11,272,3522,728,278,13,0.956,1.2,2.62,"special_lifesteal;basic_power;basic_power;basic_as;basic_hp;basic_mr;basic_armor;basic_as;basic_power;basic_power;basic_as"
48,0,290,150,2,bot1_2,Jirina,1,FIGHTER,magical,1,7,1,0.29,13391,7368,13003,1677,34.5,7.8,511,687,28,10,8,135,1960,405,214,76,0.737,0.2,0.57,"basic_hp;basic_hp;basic_hp;basic_mr;basic_haste;basic_armor;basic_power"
48,0,290,150,2,bot0_3,Jailer,0,TANK,magical,7,1,18,25,14520,8158,4136,0,29.4,0,606,714,30,21,11,93,3668,758,278,13,0.956,1.4,1.97,"basic_hp;basic_hp;basic_hp;basic_mr;basic_armor;basic_hp;basic_hp;basic_haste;basic_mr;basic_hp;basic_armor;basic_hp"
48,0,290,150,2,bot1_3,Oracle,1,MAGE,physical,1,6,1,0.33,8537,3699,6802,138,15.6,0.6,502,567,17,15,8,191,1991,411,238,53,0.819,0.2,0.54,"special_lifesteal;basic_power;basic_hp;basic_power;basic_as;basic_mr"
48,0,290,150,2,bot0_4,Healer,0,SUPPORT,magical,7,0,15,22,7828,5237,6062,11042,18,38,160,206,49,19,10,196,3596,743,290,0,1,1.4,0.86,"basic_hp;basic_hp;basic_mr;basic_hp;basic_mr;basic_hp;basic_armor;basic_haste;basic_hp;basic_power;basic_as;basic_hp"
48,0,290,150,2,bot1_4,Summoner,1,MAGE,magical,0,6,2,0.33,5714,2527,6772,117,10.5,0.5,168,242,33,16,7,304,1854,383,242,49,0.832,0,0.37,"special_lifesteal;basic_power;basic_hp;basic_mr;basic_power"
49,1,399,50,150,bot0_1,Reaper,0,SPLITPUSHER,magical,6,5,8,2.8,14537,9067,10438,491,28.1,1.5,421,825,37,20,11,26,3551,534,323,76,0.809,0.9,0.87,"special_lifesteal;basic_power;basic_hp;basic_power;basic_power;basic_hp;basic_hp;basic_armor;basic_power;basic_haste;basic_armor;basic_mr"
49,1,399,50,150,bot1_1,Ironclad,1,TANK,physical,7,1,10,17,15103,6809,6060,0,17.5,0,349,516,42,28,11,241,3841,578,388,11,0.973,1.1,1.12,"basic_hp;basic_hp;basic_hp;basic_mr;basic_armor;basic_hp;basic_power;basic_as;basic_mr;basic_hp;basic_armor;basic_armor;basic_haste"
49,1,399,50,150,bot0_2,Oracle,0,MAGE,physical,2,5,10,2.4,11251,4663,8695,0,14.4,0,378,441,21,20,10,121,3071,462,323,76,0.81,0.3,0.54,"basic_hp;basic_hp;basic_hp;basic_power;basic_armor;basic_power;basic_as;basic_hp;basic_mr;basic_haste;basic_armor"
49,1,399,50,150,bot1_2,Quiller,1,SLAYER,physical,10,3,12,7.33,22173,14190,4975,660,39.1,1.8,334,655,58,30,12,27,4452,670,363,36,0.91,1.5,2.85,"special_lifesteal;basic_power;basic_as;basic_power;basic_hp;basic_as;basic_mr;basic_power;basic_armor;basic_power;basic_as;basic_hp;basic_mr;basic_power;basic_armor"
49,1,399,50,150,bot0_3,Volstrov,0,MAGE,magical,2,6,9,1.83,10168,4774,8418,324,15.3,1,201,405,12,15,10,89,2989,450,312,87,0.783,0.3,0.57,"special_lifesteal;basic_power;basic_hp;basic_armor;basic_power;basic_haste;basic_hp;basic_hp;basic_mr;basic_armor"
49,1,399,50,150,bot1_3,Goliath,1,TANK,physical,3,5,18,4.2,11956,8877,10871,2220,23.6,5.9,401,527,50,26,11,66,3666,551,375,23,0.941,0.5,0.82,"basic_hp;basic_hp;basic_mr;basic_hp;basic_armor;basic_power;basic_as;basic_haste;basic_mr;basic_hp;basic_hp;basic_mr;basic_armor"
49,1,399,50,150,bot0_4,Kratoma,0,SLAYER,physical,4,6,5,1.5,9288,5495,10238,515,17.1,1.6,171,379,23,23,10,147,3047,458,321,78,0.804,0.6,0.54,"special_lifesteal;special_lifesteal;basic_hp;basic_hp;basic_power;basic_as;basic_armor;basic_mr;basic_as"
49,1,399,50,150,bot1_4,Pyromancer,1,SLAYER,magical,2,5,15,3.4,12037,5480,5531,141,16.6,0.4,611,732,29,24,11,74,3324,500,331,68,0.829,0.3,0.99,"special_lifesteal;basic_power;basic_hp;basic_power;basic_haste;basic_mr;basic_hp;basic_power;basic_armor;basic_hp;basic_power"
50,1,416,44,151,bot0_1,Mage,0,MAGE,magical,1,7,7,1.14,18452,9093,12735,359,29,1.1,643,861,64,27,10,25,2900,418,314,102,0.754,0.1,0.71,"special_lifesteal;basic_hp;basic_power;basic_haste;basic_hp;basic_power;basic_armor;basic_mr;basic_haste;basic_armor"
50,1,416,44,151,bot1_1,Bruiser,1,FIGHTER,physical,4,3,20,8,20777,11136,7705,363,29.8,1,430,578,57,41,12,160,3935,567,374,43,0.897,0.6,1.45,"basic_hp;basic_hp;special_lifesteal;basic_armor;basic_as;basic_power;basic_mr;basic_hp;basic_armor;basic_as;basic_power;basic_mr;basic_hp"
50,1,416,44,151,bot0_2,Doctor,0,SUPPORT,physical,1,7,6,1,6201,5146,13390,8702,16.1,27.2,331,485,25,17,10,105,2780,401,320,96,0.768,0.1,0.38,"basic_hp;basic_hp;basic_hp;basic_armor;basic_mr;basic_power;basic_as;basic_hp;basic_haste;basic_armor"
50,1,416,44,151,bot1_2,Quiller,1,SLAYER,physical,11,2,14,12.5,17985,10420,6094,596,26.9,1.5,310,597,58,33,12,301,4726,681,387,29,0.93,1.6,1.71,"special_lifesteal;basic_power;basic_power;basic_hp;basic_as;basic_hp;basic_hp;basic_power;basic_as;basic_armor;basic_armor;basic_mr;basic_hp;basic_power;basic_as"
50,1,416,44,151,bot0_3,Kratoma,0,SLAYER,physical,2,6,4,1,8821,4068,7796,234,12.3,0.7,255,485,22,20,10,223,2823,407,332,85,0.796,0.3,0.52,"special_lifesteal;basic_power;basic_hp;basic_power;basic_hp;basic_as;basic_armor;basic_as;basic_mr"
50,1,416,44,151,bot1_3,Hana,1,TANK,magical,8,2,18,13,20937,13614,9963,0,33.9,0,480,792,17,46,12,189,4439,640,402,15,0.965,1.2,1.37,"basic_hp;basic_hp;basic_hp;basic_hp;basic_armor;basic_mr;basic_haste;basic_power;basic_as;basic_armor;basic_hp;basic_hp;basic_armor;basic_mr;basic_haste"
50,1,416,44,151,bot0_4,Lynx,0,SLAYER,physical,4,7,4,1.14,13321,8524,9830,0,27.2,0,664,1016,47,41,10,200,3100,447,313,103,0.752,0.6,0.87,"special_gw;basic_hp;basic_power;basic_as;basic_hp;basic_hp;basic_armor;basic_power;basic_mr;basic_armor"
50,1,416,44,151,bot1_4,Healer,1,SUPPORT,magical,4,1,21,25,11601,7161,6772,8696,17.8,21.6,187,232,66,22,12,197,4072,587,403,14,0.967,0.6,1.06,"basic_hp;basic_hp;basic_hp;basic_hp;basic_armor;basic_power;basic_armor;basic_armor;basic_hp;basic_mr;basic_haste;basic_as;basic_mr;basic_power"
51,0,405,150,34,bot0_1,Bruiser,0,FIGHTER,physical,12,1,12,24,17237,9126,8953,0,23.3,0,487,687,69,46,12,14,4764,706,392,13,0.969,1.8,1.02,"special_gw;basic_hp;basic_mr;basic_hp;basic_power;basic_hp;basic_mr;basic_mr;basic_as;basic_power;basic_hp;basic_armor;basic_as;basic_mr;basic_hp;basic_armor"
51,0,405,150,34,bot1_1,Volstrov,1,MAGE,magical,1,7,9,1.43,15527,9863,9177,369,32.9,1.2,297,630,18,24,11,105,3005,445,299,105,0.74,0.1,1.07,"special_lifesteal;basic_hp;basic_hp;basic_power;basic_hp;basic_haste;basic_mr;basic_armor;basic_power;basic_haste"
51,0,405,150,34,bot0_2,Oracle,0,MAGE,physical,8,2,18,13,20574,12864,7349,694,33.6,1.8,656,786,32,32,12,278,4378,649,383,21,0.947,1.2,1.75,"special_lifesteal;basic_power;basic_hp;basic_as;basic_power;basic_mr;basic_hp;basic_as;basic_mr;basic_power;basic_as;basic_armor;basic_hp;basic_power"
51,0,405,150,34,bot1_2,Pyromancer,1,SLAYER,magical,0,4,7,1.75,10669,4686,6663,147,13.5,0.4,395,539,27,20,10,271,2621,389,348,56,0.86,0,0.7,"special_lifesteal;basic_power;basic_power;basic_hp;basic_haste;basic_hp;basic_haste;basic_mr"
51,0,405,150,34,bot0_3,Cleric,0,SUPPORT,magical,4,4,17,5.25,11261,5597,7188,7750,15.8,21.8,228,290,56,45,11,192,3717,551,355,50,0.877,0.6,0.78,"basic_hp;basic_hp;basic_mr;basic_power;basic_mr;basic_haste;basic_as;basic_mr;basic_armor;basic_power;basic_hp;basic_mr;basic_haste"
51,0,405,150,34,bot1_3,Tamer,1,MAGE,magical,6,9,4,1.11,13210,8007,9411,2527,28.4,9,282,528,32,10,11,232,3432,509,282,123,0.696,0.9,0.85,"special_lifesteal;basic_power;basic_power;basic_hp;basic_haste;basic_hp;basic_mr;basic_armor;basic_power;basic_haste;basic_hp"
51,0,405,150,34,bot0_4,Hana,0,TANK,magical,3,3,18,7,14735,7547,10574,0,21,0,456,763,19,46,11,101,3626,538,360,45,0.889,0.4,0.71,"basic_hp;basic_hp;basic_hp;basic_mr;basic_mr;basic_haste;basic_mr;basic_haste;basic_power;basic_as;basic_power;basic_armor;basic_hp"
51,0,405,150,34,bot1_4,Jailer,1,TANK,magical,3,7,6,1.29,10514,7641,12409,0,25.1,0,344,530,22,23,10,95,3045,451,304,100,0.752,0.4,0.62,"special_gw;basic_hp;basic_hp;basic_power;basic_hp;basic_hp;basic_armor;basic_mr;basic_power;basic_haste"
52,1,345,48,150,bot0_1,Volstrov,0,MAGE,magical,0,7,2,0.29,6009,2824,8447,0,11.1,0,184,310,12,16,8,262,2112,367,256,90,0.74,0,0.33,"basic_hp;basic_hp;basic_hp;basic_mr;basic_power;basic_haste;basic_mr"
52,1,345,48,150,bot1_1,Reaper,1,SPLITPUSHER,magical,14,1,13,27,31266,18061,6577,987,54,2.9,734,1751,51,25,12,252,4377,760,335,11,0.969,2.4,2.75,"special_lifesteal;basic_hp;basic_hp;basic_hp;basic_power;basic_mr;basic_power;basic_hp;basic_haste;basic_mr;basic_haste;basic_armor;basic_hp;basic_armor"
52,1,345,48,150,bot0_2,Pyromancer,0,SLAYER,magical,2,9,3,0.56,9162,4107,9870,150,15.4,0.6,358,465,23,17,9,189,2564,445,267,78,0.774,0.3,0.42,"special_lifesteal;basic_power;basic_power;basic_hp;basic_haste;basic_hp;basic_power;basic_mr"
52,1,345,48,150,bot1_2,Bruiser,1,FIGHTER,physical,6,3,17,7.67,6855,3918,5115,258,12.7,0.8,266,496,40,33,11,149,3674,638,308,37,0.893,1,0.77,"special_lifesteal;basic_power;basic_power;basic_hp;basic_hp;basic_as;basic_power;basic_as;basic_mr;basic_mr;basic_hp;basic_as"
52,1,345,48,150,bot0_3,Quiller,0,SLAYER,physical,1,7,3,0.57,10294,4750,8661,237,18.7,0.9,258,460,28,21,9,237,2312,402,255,91,0.737,0.2,0.55,"special_lifesteal;basic_power;basic_hp;basic_as;basic_power;basic_mr;basic_hp"
52,1,345,48,150,bot1_3,Jirina,1,FIGHTER,magical,6,0,18,24,10512,5991,4190,4049,17.3,11.7,360,536,38,13,11,139,3889,676,345,0,1,1,1.43,"special_lifesteal;basic_power;basic_power;basic_power;basic_hp;basic_hp;basic_power;basic_power;basic_power;basic_hp;basic_haste;basic_haste"
52,1,345,48,150,bot0_4,Jailer,0,TANK,magical,3,8,3,0.75,9113,6278,11163,0,26.3,0,384,449,20,18,9,177,2552,443,239,107,0.691,0.5,0.56,"special_gw;basic_hp;basic_hp;basic_hp;basic_mr;basic_power;basic_mr;basic_haste"
52,1,345,48,150,bot1_4,Hana,1,TANK,magical,5,2,22,13.5,15520,9069,5222,0,27.8,0,394,797,12,33,12,193,3943,685,326,19,0.944,0.9,1.74,"basic_hp;basic_hp;basic_mr;basic_mr;basic_hp;basic_armor;basic_power;basic_mr;basic_hp;basic_armor;basic_power;basic_hp;basic_hp"
53,1,270,4,150,bot0_1,Ironclad,0,TANK,physical,1,5,3,0.8,3677,2722,9829,0,12.9,0,266,353,18,12,7,45,1895,421,211,58,0.783,0.2,0.28,"basic_hp;basic_hp;basic_armor;basic_armor;basic_hp;basic_mr;basic_power"
53,1,270,4,150,bot1_1,Lynx,1,SLAYER,physical,7,1,15,22,17436,10412,5970,579,40.8,2.3,444,739,50,37,10,22,3497,778,255,15,0.946,1.6,1.74,"special_lifesteal;basic_power;basic_hp;basic_power;basic_power;basic_as;basic_hp;basic_armor;basic_as;basic_mr;basic_hp;basic_armor"
53,1,270,4,150,bot0_2,Fusilier,0,SLAYER,physical,1,8,3,0.5,9045,5902,7633,0,28.6,0,337,550,24,11,8,232,2057,457,207,63,0.766,0.2,0.77,"basic_hp;basic_hp;basic_mr;basic_armor;basic_power;basic_as;basic_hp"
53,1,270,4,150,bot1_2,Kratoma,1,SLAYER,physical,12,1,14,26,14487,10612,4287,406,39.3,1.5,340,785,22,25,11,164,3989,887,270,0,1,2.7,2.48,"special_lifesteal;basic_power;basic_power;basic_as;basic_hp;basic_hp;basic_power;basic_armor;basic_as;basic_mr;basic_power;basic_as;basic_hp"
53,1,270,4,150,bot0_3,Wanderer,0,SLAYER,physical,1,7,2,0.43,6801,5379,9707,0,25.7,0,661,1039,13,10,7,17,1917,426,209,60,0.776,0.2,0.55,"basic_hp;basic_hp;basic_hp;basic_hp;basic_armor;basic_mr;basic_power"
53,1,270,4,150,bot1_3,Healer,1,SUPPORT,magical,3,1,22,25,6906,5950,5813,6822,22.1,25.3,156,207,53,15,10,219,3269,727,270,0,1,0.7,1.02,"basic_hp;basic_hp;basic_armor;basic_power;basic_haste;basic_hp;basic_mr;basic_hp;basic_hp;basic_armor;basic_power"
53,1,270,4,150,bot0_4,Jailer,0,TANK,magical,1,6,3,0.67,6683,5009,7990,0,24.7,0,403,539,17,16,7,131,1931,429,203,67,0.751,0.2,0.63,"special_gw;basic_hp;basic_power;basic_armor;basic_mr;basic_hp"
53,1,270,4,150,bot1_4,Jirina,1,FIGHTER,magical,4,1,16,20,10287,6507,4769,4067,25.5,15.9,332,405,34,13,10,166,3066,682,255,15,0.946,0.9,1.36,"special_lifesteal;basic_power;basic_power;basic_hp;basic_armor;basic_haste;basic_mr;basic_hp;special_lifesteal"
54,1,276,1,151,bot0_1,Goliath,0,TANK,physical,0,6,1,0.17,4781,2392,9768,750,11.9,3.7,207,320,25,11,8,215,1815,395,202,74,0.731,0,0.24,"basic_hp;basic_hp;basic_mr;basic_hp;basic_as;basic_mr"
54,1,276,1,151,bot1_1,Zephyr,1,SPLITPUSHER,magical,5,0,15,20,13361,6997,1653,439,25.4,1.6,373,641,32,28,10,43,3293,717,276,0,1,1.1,4.23,"special_lifesteal;basic_power;basic_power;basic_hp;basic_power;basic_hp;basic_hp;basic_armor;basic_haste;basic_power;basic_mr"
54,1,276,1,151,bot0_2,Cleric,0,SUPPORT,magical,1,6,0,0.17,4296,1876,8220,1859,9.2,9.1,191,249,20,17,7,49,1849,402,204,72,0.739,0.2,0.23,"basic_hp;basic_hp;basic_mr;basic_power;basic_mr;basic_haste;basic_armor"
54,1,276,1,151,bot1_2,Reaper,1,SPLITPUSHER,magical,12,0,10,22,20264,11901,2909,586,43.2,2.1,466,790,39,21,11,278,3853,839,276,0,1,2.6,4.09,"special_lifesteal;basic_power;basic_power;basic_power;basic_hp;basic_haste;basic_armor;basic_power;basic_hp;basic_haste;basic_mr;basic_power"
54,1,276,1,151,bot0_3,Quiller,0,SLAYER,physical,0,5,0,0,7520,1538,5510,173,7,0.8,241,319,24,19,8,65,1840,400,220,55,0.799,0,0.28,"special_lifesteal;basic_power;basic_as;basic_hp;basic_mr;basic_haste"
54,1,276,1,151,bot1_3,Volstrov,1,MAGE,magical,4,1,10,14,7339,5172,2199,0,19.6,0,182,344,4,5,10,338,2863,623,264,12,0.958,0.9,2.35,"basic_hp;basic_hp;basic_hp;basic_power;basic_armor;basic_haste;basic_hp;basic_hp;basic_armor"
54,1,276,1,151,bot0_4,Doctor,0,SUPPORT,physical,0,5,0,0,2472,994,8312,2103,4.6,9.7,175,257,12,8,6,264,1614,351,216,59,0.785,0,0.12,"basic_hp;basic_hp;basic_hp;basic_mr;basic_mr"
54,1,276,1,151,bot1_4,Jirina,1,FIGHTER,magical,1,0,14,15,7799,4710,1998,1568,17.1,5.7,381,549,27,6,9,145,2520,548,276,0,1,0.2,2.36,"special_lifesteal;basic_power;basic_power;basic_hp;basic_armor;basic_haste;basic_hp;basic_power"
55,0,467,151,86,bot0_1,Wanderer,0,SLAYER,physical,7,5,20,5.4,27603,15048,12545,0,38.8,0,512,1034,32,19,13,205,4780,614,388,79,0.831,0.9,1.2,"basic_hp;basic_hp;basic_hp;basic_hp;basic_mr;basic_mr;basic_power;basic_hp;basic_armor;basic_as;basic_mr;basic_power;basic_mr;basic_hp;basic_haste;basic_armor"
55,0,467,151,86,bot1_1,Volstrov,1,MAGE,magical,6,7,13,2.71,28750,12630,11427,628,34.9,1.7,369,696,28,30,13,191,4316,554,362,105,0.775,0.8,1.11,"special_lifesteal;basic_power;basic_power;basic_hp;basic_armor;basic_haste;basic_hp;basic_hp;basic_power;basic_mr;basic_hp;basic_power;basic_armor;basic_haste"
55,0,467,151,86,bot0_2,Oracle,0,MAGE,physical,3,4,22,6.25,20319,10684,9557,536,26.7,1.3,617,745,30,31,13,186,4311,554,401,66,0.858,0.4,1.12,"special_lifesteal;basic_hp;basic_hp;basic_as;basic_hp;basic_power;basic_as;basic_mr;basic_armor;basic_power;basic_as;basic_mr;basic_hp;basic_as"
55,0,467,151,86,bot1_2,Summoner,1,MAGE,magical,4,6,12,2.67,10544,4703,10796,321,12.4,0.8,194,271,54,25,11,225,3750,482,380,87,0.814,0.5,0.44,"special_lifesteal;basic_power;basic_power;basic_hp;basic_hp;basic_armor;basic_hp;basic_armor;basic_haste;basic_mr;basic_power;basic_hp"
55,0,467,151,86,bot0_3,Mage,0,MAGE,magical,7,8,19,3.25,22911,13651,10971,608,38.3,1.7,630,735,73,28,13,330,4680,601,357,110,0.764,0.9,1.24,"special_lifesteal;basic_power;basic_hp;basic_mr;basic_haste;basic_power;basic_hp;basic_hp;basic_mr;basic_power;basic_armor;basic_mr;basic_haste;basic_armor;basic_haste"
55,0,467,151,86,bot1_3,Doctor,1,SUPPORT,physical,1,8,16,2.13,8413,5716,15397,9627,16.2,27.3,294,430,28,26,11,256,3506,450,353,114,0.756,0.1,0.37,"basic_hp;basic_hp;basic_hp;basic_armor;basic_armor;basic_power;basic_mr;basic_as;basic_haste;basic_armor;basic_hp;basic_mr"
55,0,467,151,86,bot0_4,Quiller,0,SLAYER,physical,11,3,15,8.67,18527,11499,7936,0,27.4,0,237,457,57,33,13,124,5074,652,419,48,0.898,1.4,1.45,"basic_hp;basic_hp;basic_hp;basic_mr;basic_mr;basic_power;basic_hp;basic_as;basic_mr;basic_armor;basic_hp;basic_mr;basic_mr;basic_power;basic_as;basic_hp;basic_armor"
55,0,467,151,86,bot1_4,Jailer,1,TANK,magical,9,7,9,2.57,21325,13065,15808,0,35,0,487,774,39,37,12,214,4314,554,373,94,0.799,1.2,0.83,"basic_hp;basic_hp;basic_hp;basic_armor;basic_hp;basic_mr;basic_power;basic_haste;basic_armor;basic_hp;basic_armor;basic_as;basic_hp;basic_hp"
56,0,330,150,29,bot0_1,Oracle,0,MAGE,physical,4,3,14,6,14125,6485,5206,470,22.3,1.6,452,672,21,20,10,244,3194,581,291,39,0.882,0.7,1.25,"special_lifesteal;basic_power;basic_power;basic_as;basic_as;basic_hp;basic_armor;basic_power;basic_as;basic_hp"
56,0,330,150,29,bot1_1,Vanguard,1,FIGHTER,physical,2,5,4,1.2,9197,5211,9940,0,18.7,0,438,528,44,22,8,165,2340,426,278,52,0.843,0.4,0.52,"basic_hp;basic_hp;special_gw;basic_armor;basic_hp;basic_hp;basic_power"
56,0,330,150,29,bot0_2,Goliath,0,TANK,physical,3,1,14,17,9958,5399,8619,1828,16.4,5.5,457,513,35,25,10,70,3170,577,330,0,1,0.5,0.63,"basic_hp;basic_hp;basic_hp;basic_armor;basic_hp;basic_armor;basic_hp;basic_mr;basic_mr;basic_power;basic_armor"
56,0,330,150,29,bot1_2,Kratoma,1,SLAYER,physical,2,5,6,1.6,9093,6505,8786,0,25,0,274,420,19,18,9,153,2603,473,261,69,0.79,0.4,0.74,"basic_hp;basic_hp;basic_hp;basic_power;basic_hp;basic_power;basic_armor;basic_armor;basic_mr"
56,0,330,150,29,bot0_3,Doctor,0,SUPPORT,physical,6,2,17,11.5,12736,7814,7493,7460,25.5,24.3,376,511,26,23,11,26,3701,673,306,23,0.929,1.1,1.04,"basic_hp;basic_hp;basic_hp;basic_hp;basic_armor;basic_armor;basic_armor;basic_hp;basic_mr;basic_mr;basic_power;basic_as;basic_armor"
56,0,330,150,29,bot1_3,Quiller,1,SLAYER,physical,0,7,7,1,7063,3356,6958,212,13.6,0.9,256,416,26,20,9,149,2274,414,246,84,0.746,0,0.48,"special_lifesteal;basic_power;basic_power;basic_power;basic_as;basic_hp;basic_as"
56,0,330,150,29,bot0_4,Mage,0,MAGE,magical,13,2,11,12,20102,13023,4827,555,42.9,1.8,672,909,86,22,12,218,4468,813,304,26,0.92,2.4,2.7,"special_lifesteal;basic_power;basic_power;basic_power;basic_hp;basic_armor;basic_haste;basic_mr;basic_hp;basic_power;basic_hp;basic_power;basic_armor;basic_power"
56,0,330,150,29,bot1_4,Pyromancer,1,SLAYER,magical,4,9,4,0.89,10006,6783,8319,137,25.9,0.5,427,501,20,15,9,47,2697,491,262,68,0.793,0.7,0.82,"special_lifesteal;basic_power;basic_power;basic_hp;basic_power;basic_haste;basic_armor;basic_hp;basic_haste"
57,1,358,38,152,bot0_1,Tamer,0,MAGE,magical,4,7,7,1.57,13753,7081,6495,3753,26.6,14.1,260,395,30,15,10,190,3115,522,266,92,0.744,0.7,1.09,"special_lifesteal;basic_hp;basic_power;basic_haste;basic_power;basic_armor;basic_hp;basic_mr;basic_hp;basic_power"
57,1,358,38,152,bot1_1,Goliath,1,TANK,physical,4,2,16,10,9723,5276,8240,2482,16.2,7.6,256,419,34,23,11,141,3491,585,326,32,0.91,0.7,0.64,"basic_hp;basic_hp;basic_mr;basic_hp;basic_hp;basic_mr;basic_armor;basic_power;basic_as;basic_hp;basic_mr;basic_armor"
57,1,358,38,152,bot0_2,Pyromancer,0,SLAYER,magical,1,6,10,1.83,10396,4709,7178,143,16.5,0.5,297,550,24,19,9,75,2700,453,285,72,0.798,0.2,0.66,"special_lifesteal;basic_power;basic_power;basic_hp;basic_haste;basic_armor;basic_power;basic_hp;basic_mr"
57,1,358,38,152,bot1_2,Volstrov,1,MAGE,magical,5,3,10,5,7884,5026,4928,0,15.9,0,184,426,8,10,10,136,3336,559,316,42,0.883,0.8,1.02,"basic_hp;basic_hp;basic_mr;basic_mr;basic_hp;basic_armor;basic_mr;basic_armor;basic_haste;basic_haste;basic_power;basic_as"
57,1,358,38,152,bot0_3,Ironclad,0,TANK,physical,4,5,6,2,7440,4902,11653,0,16.8,0,368,465,28,18,10,142,2992,502,291,66,0.815,0.7,0.42,"basic_hp;basic_hp;basic_hp;basic_hp;basic_armor;basic_hp;basic_armor;basic_mr;basic_armor;basic_mr"
57,1,358,38,152,bot1_3,Jailer,1,TANK,magical,5,3,17,7.33,13454,8907,5558,0,28.1,0,399,707,27,20,11,99,3624,608,317,41,0.886,0.8,1.6,"basic_hp;basic_hp;basic_hp;basic_mr;basic_mr;basic_armor;basic_armor;basic_mr;basic_power;basic_haste;basic_as;basic_power;basic_hp"
57,1,358,38,152,bot0_4,Vanguard,0,FIGHTER,physical,2,5,9,2.2,10071,4503,8834,326,15.4,1.1,464,631,42,26,10,184,2834,475,293,64,0.82,0.3,0.51,"special_lifesteal;basic_power;basic_hp;basic_as;basic_armor;basic_power;basic_hp;basic_as;basic_hp"
57,1,358,38,152,bot1_4,Fusilier,1,SLAYER,physical,9,3,10,6.33,22025,12205,4560,616,39.5,2,453,834,49,17,11,154,4004,671,309,49,0.864,1.5,2.68,"special_lifesteal;basic_power;basic_power;basic_power;basic_as;basic_hp;basic_as;basic_mr;basic_as;basic_power;basic_hp;basic_hp;basic_mr"
58,1,447,82,151,bot0_1,Quiller,0,SLAYER,physical,3,10,6,0.9,14614,8000,11115,389,23.3,1.1,280,508,44,31,11,88,3238,435,344,103,0.769,0.4,0.72,"special_lifesteal;basic_power;basic_hp;basic_as;basic_power;basic_mr;basic_hp;basic_as;basic_armor;basic_mr;basic_armor"
58,1,447,82,151,bot1_1,Jailer,1,TANK,magical,0,3,18,6,15258,5846,6878,0,14.5,0,401,494,40,36,11,183,3358,451,404,43,0.904,0,0.85,"special_gw;basic_hp;basic_hp;basic_hp;basic_mr;basic_mr;basic_mr;basic_hp;basic_hp;basic_mr"
58,1,447,82,151,bot0_2,Cleric,0,SUPPORT,magical,1,8,8,1.13,9002,5583,14640,9514,16.7,28.5,311,367,48,40,10,54,2979,400,334,113,0.747,0.1,0.38,"special_gw;basic_hp;basic_power;basic_hp;basic_mr;basic_hp;basic_power;basic_mr;basic_haste;basic_haste"
58,1,447,82,151,bot1_2,Hana,1,TANK,magical,13,4,20,8.25,28423,18804,11863,0,45.3,0,521,927,23,47,13,260,5360,720,415,32,0.928,1.7,1.59,"special_gw;basic_hp;basic_hp;basic_hp;basic_mr;basic_armor;basic_power;basic_mr;basic_hp;basic_mr;basic_hp;basic_haste;basic_armor;basic_mr;basic_armor;basic_power;basic_armor"
58,1,447,82,151,bot0_3,Healer,0,SUPPORT,magical,2,8,8,1.25,6414,4504,17334,9023,13.4,26.7,130,190,46,21,10,30,3130,420,337,110,0.755,0.3,0.26,"basic_hp;basic_hp;basic_hp;basic_hp;basic_mr;basic_mr;basic_mr;basic_armor;basic_hp;basic_haste;basic_armor"
58,1,447,82,151,bot1_3,Zephyr,1,SPLITPUSHER,magical,5,0,20,25,13230,8084,8054,461,18.1,1,396,504,49,47,12,177,4177,561,447,0,1,0.7,1,"special_lifesteal;basic_power;basic_hp;basic_power;basic_hp;basic_hp;basic_mr;basic_power;basic_hp;basic_mr;basic_power;basic_mr;basic_hp"
58,1,447,82,151,bot0_4,Mage,0,MAGE,magical,4,7,5,1.29,18093,10125,16004,0,29.5,0,565,772,74,31,11,62,3312,445,344,103,0.769,0.5,0.63,"basic_hp;basic_hp;basic_hp;basic_mr;basic_hp;basic_armor;basic_mr;basic_haste;basic_power;basic_mr;basic_as;basic_armor"
58,1,447,82,151,bot1_4,Wanderer,1,SLAYER,physical,15,3,17,10.67,38972,24680,5129,1059,60.7,2.6,979,2104,29,23,14,211,5561,747,407,40,0.91,2,4.81,"special_lifesteal;basic_power;basic_power;basic_hp;basic_power;basic_as;special_gw;basic_hp;basic_as;basic_mr;basic_mr;basic_hp;basic_as;basic_power;basic_as;basic_power;basic_mr"
59,1,346,17,152,bot0_1,Zephyr,0,SPLITPUSHER,magical,3,7,5,1.14,12482,8304,10069,0,32.5,0,314,525,27,30,9,191,2616,453,255,91,0.738,0.5,0.82,"special_gw;basic_hp;basic_hp;basic_mr;basic_hp;basic_power;basic_haste;basic_hp"
59,1,346,17,152,bot1_1,Cleric,1,SUPPORT,magical,2,2,21,11.5,9232,7114,6816,7676,22.1,23.9,345,413,50,38,11,102,3452,598,322,24,0.93,0.3,1.04,"basic_hp;basic_hp;basic_armor;basic_power;basic_hp;basic_mr;basic_armor;basic_power;basic_hp;basic_haste;basic_hp;basic_armor"
59,1,346,17,152,bot0_2,Ironclad,0,TANK,physical,1,5,5,1.2,6162,3493,11335,0,12.5,0,275,379,27,17,8,240,2340,406,280,66,0.808,0.2,0.31,"special_gw;basic_hp;basic_hp;basic_power;basic_mr;basic_armor;basic_hp"
59,1,346,17,152,bot1_2,Wanderer,1,SLAYER,physical,7,3,15,7.33,22310,12083,6980,0,40,0,639,1254,29,20,11,136,3811,661,302,44,0.873,1.2,1.73,"basic_hp;basic_hp;basic_armor;basic_power;basic_as;basic_mr;basic_haste;basic_hp;basic_hp;basic_hp;basic_armor;basic_power;basic_hp"
59,1,346,17,152,bot0_3,Kratoma,0,SLAYER,physical,2,8,6,1,11808,7211,9030,0,28.5,0,234,457,16,16,9,14,2639,457,253,93,0.73,0.3,0.8,"special_gw;basic_hp;basic_hp;basic_power;basic_mr;basic_as;basic_armor;basic_power;basic_hp"
59,1,346,17,152,bot1_3,Pyromancer,1,SLAYER,magical,2,2,21,11.5,9464,5257,4255,152,16.5,0.5,434,650,25,20,10,91,3316,575,318,28,0.919,0.3,1.24,"special_lifesteal;basic_hp;basic_hp;basic_hp;basic_power;basic_hp;basic_power;basic_armor;basic_armor;basic_haste;basic_mr"
59,1,346,17,152,bot0_4,Doctor,0,SUPPORT,physical,2,9,5,0.78,4537,3602,11675,2176,13.4,8.1,234,324,19,15,8,52,2427,421,269,77,0.778,0.3,0.31,"special_gw;basic_hp;basic_hp;basic_hp;basic_mr;basic_power;basic_mr;basic_armor"
59,1,346,17,152,bot1_4,Hana,1,TANK,magical,18,1,9,27,20756,15652,7447,0,46.9,0,571,1233,15,44,12,225,4975,862,333,13,0.963,3.1,2.1,"special_gw;basic_hp;basic_hp;basic_hp;basic_armor;basic_hp;basic_armor;basic_mr;basic_power;basic_armor;basic_armor;basic_haste;basic_mr;basic_power;basic_haste;basic_hp"
60,0,346,150,46,bot0_1,Tamer,0,MAGE,magical,13,2,8,10.5,17163,9755,3982,3995,30.2,12.4,394,560,49,18,11,57,4407,764,323,23,0.932,2.3,2.45,"special_gw;basic_hp;basic_hp;basic_hp;basic_power;basic_mr;basic_haste;basic_power;basic_hp;basic_hp;basic_mr;basic_hp;basic_armor;basic_hp"
60,0,346,150,46,bot1_1,Cleric,1,SUPPORT,magical,1,6,7,1.33,8719,4802,8564,3504,18.5,13.5,287,345,38,30,10,64,2689,466,260,87,0.75,0.2,0.56,"special_gw;basic_hp;basic_hp;basic_power;basic_mr;basic_haste;basic_armor;basic_hp;basic_power"
60,0,346,150,46,bot0_2,Jailer,0,TANK,magical,1,2,17,9,10761,6835,6067,0,19.7,0,486,602,30,26,10,213,2963,513,346,0,1,0.2,1.13,"basic_hp;basic_hp;basic_hp;basic_mr;basic_mr;basic_armor;basic_armor;basic_power;basic_hp;basic_mr"
60,0,346,150,46,bot1_2,Hana,1,TANK,magical,1,5,7,1.6,7882,3531,8642,0,12.6,0,336,546,10,37,9,212,2537,440,281,65,0.811,0.2,0.41,"special_gw;basic_hp;basic_mr;basic_hp;basic_armor;basic_power;basic_haste;basic_mr"
60,0,346,150,46,bot0_3,Eggchanter,0,SUPPORT,magical,1,3,18,6.33,5266,3457,8258,5688,11.3,18.5,147,212,30,16,10,14,2989,518,307,39,0.887,0.2,0.42,"basic_hp;basic_hp;basic_hp;basic_mr;basic_power;basic_hp;basic_armor;basic_haste;basic_as;basic_mr;basic_mr"
60,0,346,150,46,bot1_3,Oracle,1,MAGE,physical,5,5,4,1.8,21680,8270,9682,569,28.6,2,589,688,23,20,11,296,3196,554,289,57,0.834,0.9,0.85,"special_lifesteal;basic_power;basic_as;basic_hp;basic_mr;basic_armor;basic_power;basic_power;basic_as;basic_hp"
60,0,346,150,46,bot0_4,Fusilier,0,SLAYER,physical,6,2,13,9.5,18438,10654,5110,559,33.8,1.8,353,713,52,14,11,91,3591,622,315,31,0.91,1,2.08,"special_lifesteal;basic_power;basic_hp;basic_as;basic_power;basic_hp;basic_power;basic_mr;basic_as;basic_hp;basic_armor;basic_as"
60,0,346,150,46,bot1_4,Mage,1,MAGE,magical,2,5,6,1.6,13461,5136,6445,217,18.7,0.8,461,688,52,18,10,155,2830,490,275,71,0.794,0.3,0.8,"special_lifesteal;basic_power;basic_hp;basic_power;basic_mr;basic_hp;basic_haste;basic_hp;basic_power"
61,0,284,150,4,bot0_1,Summoner,0,MAGE,magical,7,1,16,23,6696,6004,4092,239,22,0.9,192,274,42,19,10,2,3502,739,272,12,0.959,1.5,1.47,"special_lifesteal;basic_power;basic_hp;basic_power;basic_hp;basic_hp;basic_power;basic_armor;basic_armor;basic_haste;basic_armor;basic_mr"
61,0,284,150,4,bot1_1,Volstrov,1,MAGE,magical,1,7,3,0.57,11243,5619,7940,261,29,1.3,202,388,18,15,9,149,2199,464,194,90,0.682,0.2,0.71,"special_lifesteal;basic_hp;basic_power;basic_mr;basic_haste;basic_armor;basic_hp"
61,0,284,150,4,bot0_2,Kratoma,0,SLAYER,physical,8,2,11,9.5,11796,6224,4635,294,23.2,1.1,270,478,22,21,10,123,3498,739,268,16,0.945,1.7,1.34,"special_lifesteal;basic_power;basic_power;basic_power;basic_as;basic_as;basic_power;basic_as;basic_hp;basic_hp;basic_power"
61,0,284,150,4,bot1_2,Bruiser,1,FIGHTER,physical,2,7,2,0.57,4875,2559,8184,0,12.4,0,225,350,30,25,9,228,2278,481,206,78,0.725,0.4,0.31,"special_gw;basic_hp;basic_mr;basic_power;basic_as;basic_hp;basic_armor"
61,0,284,150,4,bot0_3,Jirina,0,FIGHTER,magical,5,1,14,19,13198,5945,3631,1901,21.7,6.9,407,529,37,8,10,176,3201,676,274,10,0.966,1.1,1.64,"basic_hp;basic_hp;basic_armor;basic_hp;basic_hp;basic_armor;basic_power;basic_power;basic_armor;basic_haste;basic_haste"
61,0,284,150,4,bot1_3,Wanderer,1,SLAYER,physical,0,6,3,0.5,10330,2350,7313,325,11.2,1.5,306,682,17,10,8,106,1956,413,210,74,0.738,0,0.32,"special_lifesteal;special_lifesteal;basic_power;basic_hp;basic_as"
61,0,284,150,4,bot0_4,Healer,0,SUPPORT,magical,6,0,19,25,6915,4756,3128,3418,16.7,12,162,231,42,9,11,56,3606,761,284,0,1,1.3,1.52,"basic_hp;basic_hp;basic_hp;basic_armor;basic_armor;basic_power;basic_mr;basic_armor;basic_hp;basic_haste;basic_mr;basic_power;basic_haste"
61,0,284,150,4,bot1_4,Quiller,1,SLAYER,physical,1,6,2,0.5,6081,3095,5928,170,14.8,0.8,244,338,21,15,8,15,2065,436,209,75,0.736,0.2,0.52,"special_lifesteal;basic_power;basic_power;basic_hp;basic_as;basic_mr;basic_armor"
62,1,240,2,152,bot0_1,Goliath,0,TANK,physical,0,5,2,0.4,5476,2516,6650,686,13.8,3.8,280,379,23,13,6,39,1614,403,182,58,0.758,0,0.38,"special_gw;basic_hp;basic_mr;basic_hp;basic_mr"
62,1,240,2,152,bot1_1,Healer,1,SUPPORT,magical,2,0,16,18,4870,4477,2834,4172,18.6,17.3,161,226,36,11,9,64,2664,665,240,0,1,0.5,1.58,"special_gw;basic_hp;basic_hp;basic_power;basic_armor;basic_power;basic_armor;basic_haste;basic_mr"
62,1,240,2,152,bot0_2,Doctor,0,SUPPORT,physical,0,5,2,0.4,3516,2473,7111,1899,13.7,10.5,103,185,18,8,7,54,1654,413,180,60,0.75,0,0.35,"basic_hp;basic_hp;basic_hp;basic_mr;basic_power;basic_mr"
62,1,240,2,152,bot1_2,Lynx,1,SLAYER,physical,6,2,13,9.5,9050,5411,4396,0,25.3,0,370,699,35,28,9,59,3084,769,214,26,0.891,1.5,1.23,"basic_hp;basic_hp;basic_power;basic_hp;basic_power;basic_armor;basic_as;basic_hp;basic_armor;basic_power;basic_as"
62,1,240,2,152,bot0_3,Fusilier,0,SLAYER,physical,0,6,2,0.33,5266,2139,5890,137,12.6,0.8,326,460,22,5,7,162,1687,421,170,70,0.708,0,0.36,"special_lifesteal;basic_power;basic_hp;basic_as;basic_mr"
62,1,240,2,152,bot1_3,Reaper,1,SPLITPUSHER,magical,10,0,12,22,14888,9877,2692,0,41.1,0,664,1098,34,17,10,117,3542,884,240,0,1,2.5,3.67,"basic_hp;basic_hp;basic_hp;basic_hp;basic_armor;basic_armor;basic_armor;basic_mr;basic_haste;basic_hp;basic_armor;basic_mr"
62,1,240,2,152,bot0_4,Mage,0,MAGE,magical,2,6,0,0.33,6928,3479,6913,0,20.5,0,461,650,30,9,7,100,1875,468,169,71,0.704,0.5,0.5,"basic_hp;basic_hp;basic_mr;basic_haste;basic_armor;basic_power;basic_as"
62,1,240,2,152,bot1_4,Hana,1,TANK,magical,4,0,15,19,8179,4767,2793,0,19.8,0,192,421,9,26,9,214,2914,727,240,0,1,1,1.71,"special_gw;basic_hp;basic_hp;basic_hp;basic_armor;basic_armor;basic_mr;basic_armor;basic_mr"
63,1,328,6,152,bot0_1,Cleric,0,SUPPORT,magical,2,7,4,0.86,4299,2478,10536,3689,9.4,14,191,219,36,25,8,234,2359,431,263,65,0.801,0.4,0.24,"basic_hp;basic_hp;basic_hp;basic_armor;basic_armor;basic_mr;basic_power;basic_mr"
63,1,328,6,152,bot1_1,Volstrov,1,MAGE,magical,9,2,14,11.5,16609,10631,2805,422,35.4,1.4,348,638,13,16,12,47,4147,757,300,28,0.914,1.6,3.79,"special_lifesteal;basic_power;basic_power;basic_power;basic_power;basic_mr;basic_hp;basic_hp;basic_mr;basic_haste;basic_mr;basic_haste;basic_hp;basic_armor"
63,1,328,6,152,bot0_2,Hana,0,TANK,magical,1,7,4,0.71,7619,3940,12506,0,16.7,0,326,596,12,28,8,28,2203,402,236,93,0.718,0.2,0.32,"basic_hp;basic_hp;basic_hp;basic_armor;basic_mr;basic_armor;basic_hp;basic_haste"
63,1,328,6,152,bot1_2,Vanguard,1,FIGHTER,physical,5,1,20,25,14876,9221,3520,0,29.3,0,493,703,52,33,12,328,3853,704,315,14,0.958,0.9,2.62,"special_gw;basic_hp;basic_hp;basic_mr;basic_hp;basic_mr;basic_power;basic_mr;basic_power;basic_as;basic_haste;basic_hp"
63,1,328,6,152,bot0_3,Eggchanter,0,SUPPORT,magical,1,8,4,0.63,3848,1921,10703,1136,8.5,5,112,166,19,11,8,38,2188,400,227,101,0.691,0.2,0.18,"basic_hp;basic_hp;basic_hp;basic_armor;basic_mr;basic_hp;basic_power;basic_haste"
63,1,328,6,152,bot1_3,Lynx,1,SLAYER,physical,11,1,16,27,14873,11246,3105,0,35.9,0,572,1038,55,40,12,43,4368,798,313,16,0.953,2,3.62,"basic_hp;basic_hp;basic_hp;basic_mr;basic_mr;basic_hp;basic_power;basic_as;basic_mr;basic_power;basic_mr;basic_hp;basic_hp;basic_as;basic_armor"
63,1,328,6,152,bot0_4,Zephyr,0,SPLITPUSHER,magical,2,7,3,0.71,5829,2552,7795,172,10.6,0.7,276,390,25,23,8,208,2258,412,241,88,0.733,0.4,0.33,"special_lifesteal;basic_power;basic_hp;basic_power;basic_armor;basic_haste;basic_mr"
63,1,328,6,152,bot1_4,Wanderer,1,SLAYER,physical,4,2,17,10.5,16643,7897,3463,0,26.5,0,918,1493,24,20,11,79,3529,645,298,30,0.908,0.7,2.28,"special_gw;basic_hp;basic_power;basic_hp;basic_hp;basic_mr;basic_mr;basic_as;basic_haste;basic_power;basic_as;basic_haste"
64,1,224,0,150,bot0_1,Bruiser,0,FIGHTER,physical,0,6,0,0,5096,1371,8359,0,7.7,0,190,299,19,18,6,153,1503,403,178,46,0.795,0,0.16,"basic_hp;basic_hp;basic_hp;basic_armor;basic_armor"
64,1,224,0,150,bot1_1,Lynx,1,SLAYER,physical,14,0,6,20,23615,16573,2499,541,74.1,2.4,714,1323,40,23,10,22,3597,965,224,0,1,3.8,6.63,"special_lifesteal;basic_power;basic_power;basic_power;basic_as;basic_power;basic_as;basic_as;basic_hp;basic_hp;basic_armor;basic_hp"
64,1,224,0,150,bot0_2,Fusilier,0,SLAYER,physical,0,6,0,0,7432,3696,8238,0,22.6,0,300,432,16,7,7,148,1548,415,163,61,0.729,0,0.45,"basic_hp;basic_hp;basic_hp;basic_hp;basic_power"
64,1,224,0,150,bot1_2,Eggchanter,1,SUPPORT,magical,1,0,13,14,3861,2828,1395,2620,12.6,11.7,120,216,22,12,8,67,2267,608,224,0,1,0.3,2.03,"special_gw;basic_hp;basic_power;basic_hp;basic_hp;basic_power;basic_hp"
64,1,224,0,150,bot0_3,Hana,0,TANK,magical,0,4,0,0,2980,664,5774,0,3.8,0,179,179,5,21,7,252,1527,410,177,47,0.791,0,0.11,"special_gw;basic_hp;basic_power;basic_armor"
64,1,224,0,150,bot1_3,Oracle,1,MAGE,physical,4,0,14,18,6707,4153,1869,177,18.6,0.8,427,572,15,15,9,74,2774,744,224,0,1,1.1,2.22,"special_lifesteal;basic_power;basic_hp;basic_power;basic_as;basic_hp;basic_hp;basic_as;basic_power"
64,1,224,0,150,bot0_4,Doctor,0,SUPPORT,physical,0,5,0,0,1797,912,7318,1639,5.2,9.3,113,198,15,9,7,118,1518,407,176,48,0.787,0,0.12,"basic_hp;basic_hp;basic_hp;basic_armor;basic_hp"
64,1,224,0,150,bot1_4,Jailer,1,TANK,magical,2,0,14,16,5085,4447,1871,0,19.9,0,339,621,16,12,9,93,2468,662,224,0,1,0.5,2.38,"special_gw;basic_hp;basic_hp;basic_armor;basic_armor;basic_mr;basic_power;basic_hp"
65,0,326,150,26,bot0_1,Quiller,0,SLAYER,physical,6,2,13,9.5,15436,9614,4176,527,31.1,1.7,283,606,50,29,11,212,3487,641,309,17,0.949,1.1,2.3,"special_lifesteal;basic_power;basic_power;basic_power;basic_as;basic_as;basic_hp;basic_as;basic_hp;basic_power;basic_mr"
65,0,326,150,26,bot1_1,Jailer,1,TANK,magical,1,5,7,1.6,11398,6442,9879,0,24.9,0,491,601,22,20,10,48,2548,469,259,67,0.794,0.2,0.65,"basic_hp;basic_hp;basic_hp;basic_hp;basic_mr;basic_armor;basic_haste;basic_power;basic_hp"
65,0,326,150,26,bot0_2,Tamer,0,MAGE,magical,4,3,13,5.67,13809,7880,3817,1863,25.1,5.9,301,469,42,7,10,181,3131,576,313,13,0.961,0.7,2.06,"special_lifesteal;basic_hp;basic_power;basic_mr;basic_haste;basic_power;basic_hp;basic_mr;basic_hp;basic_power"
65,0,326,150,26,bot1_2,Reaper,1,SPLITPUSHER,magical,1,5,7,1.6,11479,5332,7520,0,20.9,0,369,630,31,17,9,220,2570,473,255,71,0.782,0.2,0.71,"basic_hp;basic_hp;basic_power;basic_haste;basic_power;basic_hp;basic_armor;basic_mr;basic_as"
65,0,326,150,26,bot0_3,Kratoma,0,SLAYER,physical,11,2,10,10.5,10993,8355,6770,0,27.6,0,266,447,23,24,11,230,4005,737,303,23,0.928,2,1.23,"basic_hp;basic_hp;basic_hp;basic_hp;basic_mr;basic_mr;basic_power;basic_armor;basic_hp;basic_mr;basic_hp;basic_as;basic_mr"
65,0,326,150,26,bot1_3,Cleric,1,SUPPORT,magical,3,6,4,1.17,6300,3317,8777,2077,13.2,8.3,328,390,28,21,9,234,2659,489,251,75,0.769,0.6,0.38,"basic_hp;basic_hp;basic_hp;basic_armor;basic_mr;basic_hp;basic_power;basic_armor;basic_haste"
65,0,326,150,26,bot0_4,Eggchanter,0,SUPPORT,magical,0,1,20,20,6686,4910,6705,7760,15.6,24.7,125,205,35,18,10,238,2888,531,314,12,0.964,0,0.73,"basic_hp;basic_hp;basic_hp;basic_mr;basic_mr;basic_hp;basic_hp;basic_hp;basic_armor"
65,0,326,150,26,bot1_4,Bruiser,1,FIGHTER,physical,3,5,5,1.6,8655,4686,7758,0,18.2,0,349,422,33,29,10,32,2757,507,257,69,0.788,0.6,0.6,"basic_hp;basic_hp;basic_hp;basic_power;basic_hp;basic_armor;basic_power;basic_armor;basic_mr;basic_mr"
66,1,306,20,151,bot0_1,Kratoma,0,SLAYER,physical,0,7,4,0.57,11262,4283,8651,0,18.1,0,249,537,17,18,9,82,2132,418,237,69,0.774,0,0.5,"basic_hp;basic_hp;basic_armor;basic_power;basic_as;basic_mr;basic_haste;basic_armor"
66,1,306,20,151,bot1_1,Doctor,1,SUPPORT,physical,4,2,19,11.5,7652,5763,7951,6422,20.3,22.7,207,355,16,22,10,328,3328,653,283,22,0.927,0.8,0.72,"basic_hp;basic_hp;basic_hp;basic_hp;basic_armor;basic_power;basic_armor;basic_mr;basic_armor;basic_as;basic_power"
66,1,306,20,151,bot0_2,Goliath,0,TANK,physical,0,7,4,0.57,9752,6033,10931,1195,28,5.5,305,511,24,15,8,200,2025,397,215,91,0.704,0,0.55,"special_gw;basic_hp;basic_hp;basic_armor;basic_power;basic_armor"
66,1,306,20,151,bot1_2,Oracle,1,MAGE,physical,3,0,20,23,14941,9098,4093,291,29.7,1,281,441,25,24,11,102,3327,653,306,0,1,0.6,2.22,"special_lifesteal;basic_power;basic_hp;basic_as;basic_power;basic_hp;basic_as;basic_armor;basic_hp;basic_power;basic_armor"
66,1,306,20,151,bot0_3,Cleric,0,SUPPORT,magical,4,7,1,0.71,4944,3260,9946,3125,15.4,14.8,328,390,27,21,9,59,2484,487,211,94,0.691,0.8,0.33,"basic_hp;basic_hp;basic_armor;basic_hp;basic_armor;basic_haste;basic_hp;basic_power;basic_as"
66,1,306,20,151,bot1_3,Lynx,1,SLAYER,physical,12,2,11,11.5,22202,13349,4619,636,47.4,2.3,479,851,60,39,11,116,4216,827,282,24,0.92,2.4,2.89,"special_lifesteal;basic_power;basic_hp;basic_power;basic_power;basic_as;basic_as;basic_armor;basic_mr;basic_hp;basic_power;basic_armor;basic_as;basic_hp"
66,1,306,20,151,bot0_4,Vanguard,0,FIGHTER,physical,1,5,4,1,8305,4576,7916,0,19,0,468,818,37,21,8,86,2136,419,241,65,0.787,0.2,0.58,"basic_hp;basic_hp;basic_armor;basic_armor;basic_as;basic_power;basic_mr;basic_haste"
66,1,306,20,151,bot1_4,Bruiser,1,FIGHTER,physical,7,1,13,20,10397,6967,4915,0,23.8,0,249,440,50,33,10,192,3542,695,293,13,0.958,1.4,1.42,"basic_hp;basic_hp;basic_armor;basic_hp;basic_power;basic_mr;basic_armor;basic_armor;basic_hp;basic_power;basic_hp;basic_as"
67,1,507,121,150,bot0_1,Volstrov,0,MAGE,magical,6,8,14,2.5,12984,7487,11498,449,18.5,1.1,266,504,15,21,12,203,4278,506,405,102,0.798,0.7,0.65,"special_lifesteal;basic_power;basic_power;basic_hp;basic_hp;basic_hp;basic_armor;basic_power;basic_haste;basic_armor;basic_mr;basic_haste;basic_mr;basic_hp"
67,1,507,121,150,bot1_1,Quiller,1,SLAYER,physical,9,9,20,3.22,17402,10888,9793,504,25.4,1.2,321,596,48,34,13,20,5070,600,429,78,0.846,1.1,1.11,"special_lifesteal;basic_power;basic_power;basic_power;basic_as;basic_as;basic_hp;basic_mr;basic_as;basic_power;basic_hp;basic_mr;basic_hp;basic_power;basic_armor;basic_armor;basic_as"
67,1,507,121,150,bot0_2,Oracle,0,MAGE,physical,7,8,15,2.75,18072,8073,12341,447,20.9,1.2,457,609,26,28,13,207,4632,548,385,122,0.76,0.8,0.65,"special_lifesteal;basic_power;basic_power;basic_as;basic_as;basic_hp;basic_armor;basic_power;basic_mr;basic_hp;basic_armor;basic_power;basic_mr;basic_as;basic_power"
67,1,507,121,150,bot1_2,Bruiser,1,FIGHTER,physical,3,7,20,3.29,14215,6943,14768,0,17.1,0,357,593,62,47,12,22,4147,490,405,102,0.798,0.4,0.47,"basic_hp;basic_hp;basic_hp;basic_mr;basic_mr;basic_power;basic_armor;basic_hp;basic_hp;basic_power;basic_as;basic_haste;basic_armor;basic_as;basic_haste"
67,1,507,121,150,bot0_3,Jailer,0,TANK,magical,7,8,19,3.25,25280,14341,14811,0,32.1,0,610,732,52,44,13,351,4751,562,447,60,0.881,0.8,0.97,"basic_hp;basic_hp;basic_hp;basic_armor;basic_armor;basic_armor;basic_mr;basic_haste;basic_mr;basic_haste;basic_power;basic_power;basic_as;basic_as;basic_hp;basic_armor"
67,1,507,121,150,bot1_3,Fusilier,1,SLAYER,physical,12,5,19,6.2,26878,13571,7855,778,32.5,1.9,428,765,60,24,14,286,5611,664,418,90,0.823,1.4,1.73,"special_lifesteal;basic_power;basic_power;basic_as;basic_hp;basic_mr;basic_power;basic_as;basic_hp;basic_as;basic_mr;basic_armor;basic_armor;basic_power;basic_hp;basic_mr;basic_power;basic_armor"
67,1,507,121,150,bot0_4,Tamer,0,MAGE,magical,6,10,16,2.2,20267,11731,11992,3992,30.8,10.5,306,557,49,13,13,92,4517,534,381,127,0.75,0.7,0.98,"special_lifesteal;basic_power;basic_power;basic_power;basic_hp;basic_hp;basic_hp;basic_armor;basic_haste;basic_armor;basic_hp;basic_mr;basic_power;basic_armor;basic_haste"
67,1,507,121,150,bot1_4,Hana,1,TANK,magical,10,5,23,6.6,29540,16739,11201,0,38.7,0,607,1133,19,56,14,63,5488,649,432,75,0.852,1.2,1.49,"special_gw;basic_hp;basic_hp;basic_power;basic_mr;basic_haste;basic_armor;basic_hp;basic_hp;basic_mr;basic_power;basic_mr;basic_mr;basic_hp;basic_hp;basic_power;basic_armor;basic_haste"
68,1,235,2,150,bot0_1,Volstrov,0,MAGE,magical,0,5,2,0.4,3543,2154,6656,0,12.3,0,166,328,10,9,6,242,1567,401,175,59,0.747,0,0.32,"basic_hp;basic_hp;basic_hp;basic_mr;basic_armor"
68,1,235,2,150,bot1_1,Jailer,1,TANK,magical,6,1,7,13,7326,5026,2937,0,22.5,0,402,536,17,18,10,126,2926,748,224,11,0.954,1.5,1.71,"special_gw;basic_hp;basic_armor;basic_hp;basic_hp;basic_hp;basic_mr;basic_hp;basic_mr"
68,1,235,2,150,bot0_2,Kratoma,0,SLAYER,physical,0,5,2,0.4,4049,2566,6687,0,14.6,0,162,292,12,11,6,5,1580,404,176,58,0.751,0,0.38,"basic_hp;basic_hp;basic_hp;basic_mr;basic_armor;basic_power"
68,1,235,2,150,bot1_2,Jirina,1,FIGHTER,magical,4,0,13,17,10750,5673,1232,866,24.2,3.7,321,500,34,4,10,171,2896,741,235,0,1,1,4.6,"special_lifesteal;basic_power;basic_power;basic_power;basic_hp;basic_haste;basic_hp;basic_haste;basic_power"
68,1,235,2,150,bot0_3,Quiller,0,SLAYER,physical,1,4,1,0.5,6357,878,4356,213,4.7,1.2,164,250,21,15,7,163,1713,438,185,50,0.788,0.3,0.2,"special_lifesteal;basic_power;basic_power;basic_hp;basic_as"
68,1,235,2,150,bot1_3,Lynx,1,SLAYER,physical,10,0,9,19,19489,10626,2279,0,45.3,0,467,1032,43,33,11,232,3282,839,235,0,1,2.6,4.66,"basic_hp;basic_hp;basic_power;basic_hp;basic_armor;basic_hp;basic_power;basic_mr;basic_hp;basic_as;basic_armor"
68,1,235,2,150,bot0_4,Eggchanter,0,SUPPORT,magical,1,6,1,0.33,3262,2145,8678,2763,13,16.8,109,191,17,8,7,174,1749,447,164,70,0.701,0.3,0.25,"basic_hp;basic_hp;basic_hp;basic_mr;basic_armor;basic_power"
68,1,235,2,150,bot1_4,Ironclad,1,TANK,physical,0,1,15,15,3879,3150,2438,0,14.1,0,363,423,17,12,9,59,2409,616,223,12,0.95,0,1.29,"special_gw;basic_hp;basic_power;basic_hp;basic_armor;basic_power;basic_mr;basic_armor"
69,1,349,18,150,bot0_1,Volstrov,0,MAGE,magical,1,8,5,0.75,13053,4022,9392,347,16.3,1.4,204,356,19,18,10,228,2553,439,247,102,0.708,0.2,0.43,"special_lifesteal;basic_power;basic_power;basic_hp;basic_mr;basic_hp;basic_haste;basic_armor"
69,1,349,18,150,bot1_1,Jailer,1,TANK,magical,6,3,15,7,12641,8928,5725,0,28.6,0,436,608,31,30,11,185,3610,621,313,36,0.896,1,1.56,"basic_hp;basic_hp;basic_mr;basic_mr;basic_hp;basic_mr;basic_power;basic_hp;basic_hp;basic_armor;basic_armor;basic_mr"
69,1,349,18,150,bot0_2,Zephyr,0,SPLITPUSHER,magical,1,8,2,0.38,5550,2326,12065,0,8.3,0,280,280,32,23,8,67,2217,381,279,70,0.799,0.2,0.19,"basic_hp;basic_hp;basic_hp;basic_mr;basic_haste;basic_mr;basic_mr;basic_armor"
69,1,349,18,150,bot1_2,Summoner,1,MAGE,magical,5,1,21,26,9049,5705,3164,274,16.9,0.8,203,289,51,27,11,211,3736,643,338,11,0.969,0.9,1.8,"special_lifesteal;basic_power;basic_power;basic_hp;basic_power;basic_power;basic_haste;basic_mr;basic_hp;basic_hp;basic_haste;basic_armor"
69,1,349,18,150,bot0_3,Tamer,0,MAGE,magical,4,9,2,0.67,10202,4836,9133,2668,21.4,11.8,234,374,21,9,9,141,2766,476,226,123,0.648,0.7,0.53,"special_lifesteal;basic_hp;basic_power;basic_mr;basic_haste;basic_armor;basic_hp;basic_hp;basic_power"
69,1,349,18,150,bot1_3,Reaper,1,SPLITPUSHER,magical,13,1,17,30,27235,15531,3486,1135,46.1,3.4,620,995,50,27,12,184,4659,802,337,12,0.966,2.2,4.46,"special_lifesteal;special_lifesteal;basic_power;basic_power;basic_hp;basic_mr;basic_power;basic_hp;basic_hp;basic_mr;basic_power;basic_hp;basic_mr;basic_haste"
69,1,349,18,150,bot0_4,Ironclad,0,TANK,physical,0,7,4,0.57,5255,3445,13538,0,13.2,0,297,407,22,13,8,45,2170,373,262,87,0.751,0,0.25,"basic_hp;basic_hp;basic_hp;basic_mr;basic_armor;basic_as;basic_mr;basic_armor"
69,1,349,18,150,bot1_4,Goliath,1,TANK,physical,8,1,16,24,14131,7418,4835,2841,21.3,8.1,399,548,39,26,11,149,3999,688,349,0,1,1.4,1.53,"basic_hp;basic_hp;basic_mr;basic_mr;basic_power;basic_power;basic_armor;basic_as;basic_mr;basic_hp;basic_haste;basic_armor;basic_mr;basic_hp"
70,0,263,151,0,bot0_1,Ironclad,0,TANK,physical,1,0,20,21,6645,3466,1357,0,13.2,0,321,423,29,15,10,110,2860,653,263,0,1,0.2,2.55,"special_gw;basic_hp;basic_hp;basic_mr;basic_mr;basic_hp;basic_mr;basic_hp;basic_armor"
70,0,263,151,0,bot1_1,Volstrov,1,MAGE,magical,0,7,0,0,6962,1713,9087,212,9.8,1.2,209,296,9,11,7,164,1714,391,175,88,0.666,0,0.19,"special_lifesteal;basic_power;basic_power;basic_hp;basic_haste"
70,0,263,151,0,bot0_2,Kratoma,0,SLAYER,physical,7,0,13,20,13134,5308,1884,495,20.2,1.9,285,465,20,21,11,298,3498,798,263,0,1,1.6,2.82,"special_lifesteal;basic_power;basic_power;basic_hp;basic_power;basic_hp;basic_as;basic_mr;basic_hp;basic_armor;basic_as"
70,0,263,151,0,bot1_2,Doctor,1,SUPPORT,physical,0,5,0,0,2598,358,7018,1158,1.6,5.1,42,117,13,9,7,73,1648,376,225,38,0.855,0,0.05,"basic_hp;basic_hp;basic_hp;basic_mr;basic_armor;basic_as"
70,0,263,151,0,bot0_3,Reaper,0,SPLITPUSHER,magical,13,0,12,25,28987,17357,2588,920,66,3.5,1064,2435,44,22,11,311,3836,875,263,0,1,3,6.71,"special_lifesteal;basic_power;basic_hp;basic_power;basic_hp;basic_hp;basic_mr;basic_power;basic_haste;basic_armor;basic_hp;basic_mr"
70,0,263,151,0,bot1_3,Eggchanter,1,SUPPORT,magical,0,6,0,0,3219,1244,8351,2278,6.5,12,119,175,17,10,7,120,1645,375,190,73,0.722,0,0.15,"basic_hp;basic_hp;basic_mr;basic_armor;basic_power;basic_haste"
70,0,263,151,0,bot0_4,Summoner,0,MAGE,magical,5,0,12,17,5242,2502,750,169,9.5,0.6,203,245,36,17,10,160,3110,710,263,0,1,1.1,3.34,"special_lifesteal;basic_power;basic_power;basic_hp;basic_mr;basic_hp;basic_hp;basic_power;basic_mr;basic_haste"
70,0,263,151,0,bot1_4,Healer,1,SUPPORT,magical,0,8,0,0,3577,1296,8978,2743,6.8,14.5,122,179,21,8,7,132,1657,378,190,73,0.722,0,0.14,"special_heal_power;basic_hp;basic_mr;basic_armor;basic_haste"
71,1,386,57,151,bot0_1,Lynx,0,SLAYER,physical,9,7,2,1.57,20635,12538,10789,0,44.5,0,503,788,48,38,11,195,3645,566,282,105,0.729,1.4,1.16,"special_gw;basic_hp;basic_hp;basic_power;basic_mr;basic_hp;basic_power;basic_as;basic_armor;basic_mr;basic_as;basic_armor"
71,1,386,57,151,bot1_1,Goliath,1,TANK,physical,6,3,16,7.33,9729,5531,9307,2826,15.9,8.1,285,477,40,27,12,280,3955,614,348,38,0.902,0.9,0.59,"basic_hp;basic_hp;basic_hp;basic_mr;basic_armor;basic_mr;basic_power;basic_as;basic_hp;basic_haste;basic_armor;basic_hp;basic_hp"
71,1,386,57,151,bot0_2,Zephyr,0,SPLITPUSHER,magical,2,7,9,1.57,9125,3646,10004,0,12.5,0,332,458,38,32,10,195,2870,446,293,94,0.758,0.3,0.36,"basic_hp;basic_hp;basic_hp;basic_mr;basic_haste;basic_armor;basic_mr;basic_haste;basic_power;basic_mr"
71,1,386,57,151,bot1_2,Reaper,1,SPLITPUSHER,magical,9,3,18,9,30834,18552,7090,0,53.5,0,680,1020,56,28,12,290,4540,705,347,40,0.897,1.4,2.62,"basic_hp;basic_hp;basic_hp;basic_hp;basic_haste;basic_hp;basic_mr;basic_hp;basic_armor;basic_mr;basic_power;basic_haste;basic_as;basic_armor;basic_haste"
71,1,386,57,151,bot0_3,Ironclad,0,TANK,physical,1,6,11,2,7200,5534,13857,0,18.5,0,244,388,31,21,10,176,2801,435,299,88,0.773,0.2,0.4,"basic_hp;basic_hp;basic_hp;basic_mr;basic_mr;basic_armor;basic_as;basic_power;basic_armor;basic_haste"
71,1,386,57,151,bot1_3,Hana,1,TANK,magical,9,2,16,12.5,24164,12645,7733,0,34.8,0,466,873,17,51,12,197,4447,691,363,23,0.94,1.4,1.64,"basic_hp;basic_hp;basic_hp;basic_hp;basic_power;basic_mr;basic_armor;basic_haste;basic_power;basic_power;basic_as;basic_hp;basic_hp;basic_mr;basic_armor"
71,1,386,57,151,bot0_4,Summoner,0,MAGE,magical,0,8,12,1.5,6814,3179,8795,167,11.9,0.6,174,234,36,17,11,51,2951,458,267,120,0.69,0,0.36,"special_lifesteal;basic_power;basic_power;basic_hp;basic_haste;basic_mr;basic_armor;basic_power;basic_hp;basic_haste"
71,1,386,57,151,bot1_4,Healer,1,SUPPORT,magical,4,4,20,6,7414,4249,7148,4983,12.6,14.8,159,215,61,14,12,69,3894,605,338,49,0.874,0.6,0.59,"basic_hp;basic_hp;basic_mr;basic_hp;basic_hp;basic_armor;basic_mr;basic_power;basic_haste;basic_armor;basic_mr;basic_as;basic_armor;basic_power"
72,0,545,151,149,bot0_1,Lynx,0,SLAYER,physical,19,11,17,3.27,41423,26258,13286,1057,69.9,2.8,713,1631,70,57,14,465,6540,719,376,170,0.689,2.1,1.98,"special_lifesteal;basic_power;basic_power;basic_power;basic_as;basic_as;basic_power;basic_hp;basic_as;basic_hp;basic_armor;basic_mr;basic_armor;basic_mr;basic_power;basic_as;basic_power;basic_hp;basic_armor;basic_as"
72,0,545,151,149,bot1_1,Hana,1,TANK,magical,9,10,27,3.6,33320,21199,20085,0,46,0,675,1128,22,67,14,250,5650,621,461,85,0.845,1,1.06,"basic_hp;basic_hp;basic_armor;basic_armor;basic_hp;basic_haste;basic_power;basic_mr;basic_haste;basic_armor;basic_hp;basic_power;basic_armor;basic_mr;basic_hp;basic_as;basic_armor;basic_haste;basic_as"
72,0,545,151,149,bot0_2,Quiller,0,SLAYER,physical,8,10,25,3.3,19146,11140,11754,657,25.3,1.5,289,574,58,42,14,183,5508,606,441,104,0.809,0.9,0.95,"special_lifesteal;basic_power;basic_hp;basic_as;basic_mr;basic_armor;basic_power;basic_hp;basic_power;basic_hp;basic_as;basic_as;basic_power;basic_mr;basic_armor;basic_mr;basic_hp;basic_as"
72,0,545,151,149,bot1_2,Tamer,1,MAGE,magical,8,11,23,2.82,20715,11289,12427,4333,29.6,11.3,355,607,46,14,14,113,5463,601,382,164,0.7,0.9,0.91,"special_lifesteal;basic_power;basic_power;basic_hp;basic_armor;basic_haste;basic_mr;basic_power;basic_hp;basic_armor;basic_power;basic_haste;basic_hp;basic_armor;basic_power;basic_haste;basic_mr;basic_armor"
72,0,545,151,149,bot0_3,Kratoma,0,SLAYER,physical,9,8,28,4.63,24669,12497,17406,0,27.2,0,282,551,35,36,14,211,5611,617,460,86,0.843,1,0.72,"special_gw;basic_hp;basic_hp;basic_power;basic_hp;basic_power;basic_power;basic_hp;basic_mr;basic_armor;basic_as;basic_armor;basic_hp;basic_hp;basic_mr;basic_armor;basic_as;basic_mr"
72,0,545,151,149,bot1_3,Fusilier,1,SLAYER,physical,12,11,14,2.36,19840,10523,12642,524,24.1,1.2,379,721,65,21,13,66,5391,593,437,108,0.802,1.3,0.83,"special_lifesteal;basic_hp;basic_hp;basic_armor;basic_power;basic_hp;basic_armor;basic_as;basic_power;basic_as;basic_haste;basic_armor;basic_as;basic_haste;basic_hp;basic_power;basic_haste;basic_hp"
72,0,545,151,149,bot0_4,Vanguard,0,FIGHTER,physical,4,8,28,4,15948,9345,17730,0,19.5,0,381,455,82,45,14,14,4964,546,479,66,0.878,0.4,0.53,"basic_hp;basic_hp;basic_armor;basic_mr;basic_hp;basic_power;basic_as;basic_haste;basic_armor;basic_hp;basic_hp;basic_mr;basic_mr;basic_hp;basic_power;basic_hp;basic_armor"
72,0,545,151,149,bot1_4,Goliath,1,TANK,physical,8,8,26,4.25,24648,14442,19630,3839,29.8,7.9,320,638,62,40,14,217,5542,610,484,61,0.887,0.9,0.74,"basic_hp;basic_hp;basic_hp;basic_armor;basic_power;basic_as;basic_armor;basic_mr;basic_haste;basic_power;basic_as;basic_hp;basic_armor;basic_mr;basic_haste;basic_armor;basic_power;basic_as;basic_power"
73,0,441,150,77,bot0_1,Quiller,0,SLAYER,physical,6,5,17,4.6,18873,8607,9528,0,23.5,0,289,558,55,36,12,91,4166,567,365,75,0.83,0.8,0.9,"basic_hp;basic_hp;basic_hp;basic_hp;basic_power;basic_mr;basic_armor;basic_as;basic_haste;basic_power;basic_mr;basic_armor;basic_as;basic_mr;basic_haste"
73,0,441,150,77,bot1_1,Volstrov,1,MAGE,magical,4,8,12,2,6827,5949,11808,0,16.1,0,227,358,13,13,11,92,3517,479,369,71,0.838,0.5,0.5,"basic_hp;basic_hp;basic_hp;basic_hp;basic_armor;basic_hp;basic_mr;basic_power;basic_armor;basic_hp;basic_mr;basic_haste"
73,0,441,150,77,bot0_2,Healer,0,SUPPORT,magical,6,3,16,7.33,8545,6217,10928,13118,15.7,33.1,173,228,62,25,12,11,4136,563,397,44,0.9,0.8,0.57,"special_gw;basic_hp;basic_hp;basic_mr;basic_armor;basic_hp;basic_power;basic_mr;basic_hp;basic_haste;basic_armor;basic_hp;basic_power;basic_haste"
73,0,441,150,77,bot1_2,Goliath,1,TANK,physical,2,8,15,2.13,13523,8631,15615,1748,23.2,4.7,359,585,44,26,11,57,3357,457,372,68,0.845,0.3,0.55,"basic_hp;basic_hp;basic_hp;basic_armor;basic_hp;basic_mr;basic_power;basic_as;basic_haste;basic_armor;basic_mr;basic_hp"
73,0,441,150,77,bot0_3,Jailer,0,TANK,magical,10,3,20,10,21345,14925,11197,0,38.1,0,586,953,44,31,13,92,4917,670,392,49,0.889,1.4,1.33,"basic_hp;basic_hp;special_gw;basic_hp;basic_mr;basic_hp;basic_armor;basic_power;basic_haste;basic_mr;basic_armor;basic_mr;basic_power;basic_hp;basic_hp;basic_armor"
73,0,441,150,77,bot1_3,Oracle,1,MAGE,physical,3,8,12,1.88,13752,7580,10197,317,21.8,0.9,450,629,26,22,10,155,3330,453,347,94,0.788,0.4,0.74,"special_lifesteal;basic_power;basic_hp;basic_as;basic_power;basic_hp;basic_armor;basic_mr;basic_as;basic_power;basic_armor"
73,0,441,150,77,bot0_4,Lynx,0,SLAYER,physical,8,7,17,3.57,19821,14713,12639,515,39.2,1.4,665,1143,63,51,12,143,4518,615,375,65,0.852,1.1,1.16,"special_lifesteal;basic_power;basic_power;basic_hp;basic_as;basic_hp;basic_hp;basic_power;basic_mr;basic_as;basic_power;basic_armor;basic_mr;basic_armor;basic_as"
73,0,441,150,77,bot1_4,Reaper,1,SPLITPUSHER,magical,9,6,9,3,29413,19801,10012,902,54,2.5,701,1043,56,28,12,21,4221,575,367,74,0.833,1.2,1.98,"special_lifesteal;basic_power;basic_power;basic_hp;basic_power;basic_hp;basic_hp;basic_hp;basic_power;basic_hp;basic_haste;basic_haste;basic_armor;basic_mr"
74,0,317,151,58,bot0_1,Mage,0,MAGE,magical,5,1,17,22,15065,7812,3535,467,25.4,1.5,558,761,70,20,11,276,3551,673,307,10,0.969,0.9,2.21,"special_lifesteal;basic_power;basic_power;basic_power;basic_hp;basic_hp;basic_power;basic_haste;basic_haste;basic_hp;basic_mr"
74,0,317,151,58,bot1_1,Zephyr,1,SPLITPUSHER,magical,1,7,5,0.86,6187,2542,8500,160,11.3,0.7,297,403,24,21,8,179,2254,427,225,92,0.711,0.2,0.3,"special_lifesteal;basic_power;basic_power;basic_hp;basic_mr;basic_haste;basic_hp"
74,0,317,151,58,bot0_2,Jailer,0,TANK,magical,2,2,15,8.5,8455,4123,4953,0,14,0,387,498,25,21,10,59,2884,546,294,22,0.929,0.4,0.83,"basic_hp;basic_hp;basic_hp;basic_hp;basic_mr;basic_mr;basic_hp;basic_mr;basic_armor;basic_power"
74,0,317,151,58,bot1_2,Vanguard,1,FIGHTER,physical,1,7,2,0.43,6821,2692,9670,117,11.9,0.5,316,418,36,15,8,69,2119,401,226,91,0.714,0.2,0.28,"basic_hp;basic_hp;special_lifesteal;basic_power;basic_mr;basic_as;basic_haste"
74,0,317,151,58,bot0_3,Healer,0,SUPPORT,magical,5,1,18,23,7043,4787,4463,4094,15.6,13.4,161,231,45,10,11,231,3556,674,306,11,0.966,0.9,1.07,"special_heal_power;basic_hp;basic_power;basic_hp;basic_hp;basic_power;basic_mr;basic_hp;basic_hp;basic_haste;basic_mr"
74,0,317,151,58,bot1_3,Summoner,1,MAGE,magical,3,7,3,0.86,4404,3085,6822,66,14,0.3,192,274,27,12,8,9,2434,461,221,96,0.697,0.6,0.45,"special_lifesteal;basic_power;basic_power;basic_power;basic_power;basic_hp;basic_haste;basic_mr"
74,0,317,151,58,bot0_4,Reaper,0,SPLITPUSHER,magical,16,2,10,13,25684,17054,4657,687,58.1,2.3,934,1688,41,21,12,247,4697,890,293,23,0.926,3,3.66,"special_lifesteal;basic_power;basic_hp;basic_haste;basic_power;basic_power;basic_hp;basic_mr;basic_power;basic_hp;basic_haste;basic_armor;basic_power;basic_haste;basic_mr"
74,0,317,151,58,bot1_4,Bruiser,1,FIGHTER,physical,1,7,4,0.71,5685,4105,10179,0,18.4,0,233,366,28,22,8,57,2207,418,223,94,0.705,0.2,0.4,"basic_hp;basic_hp;basic_hp;basic_mr;basic_mr;basic_power;basic_mr;basic_as"
75,0,293,152,2,bot0_1,Healer,0,SUPPORT,magical,3,0,15,18,7757,4256,5697,5183,14.5,17.7,141,201,51,12,9,128,2928,599,293,0,1,0.6,0.75,"basic_hp;basic_hp;basic_hp;basic_hp;basic_armor;basic_armor;basic_hp;basic_mr;basic_mr;basic_power"
75,0,293,152,2,bot1_1,Zephyr,1,SPLITPUSHER,magical,0,4,1,0.25,6915,2864,6271,110,11.8,0.5,286,330,25,26,8,299,1899,389,243,51,0.827,0,0.46,"basic_hp;basic_hp;special_lifesteal;basic_hp;basic_mr"
75,0,293,152,2,bot0_2,Vanguard,0,FIGHTER,physical,8,2,10,9,15099,7300,5518,352,27.1,1.3,334,622,40,28,10,138,3413,698,270,23,0.92,1.6,1.32,"special_lifesteal;basic_power;basic_power;basic_power;basic_as;basic_hp;basic_as;basic_power;basic_armor;basic_as;basic_hp"
75,0,293,152,2,bot1_2,Lynx,1,SLAYER,physical,1,4,1,0.5,8665,4367,4537,233,16.4,0.9,382,526,27,32,8,174,2049,419,267,26,0.91,0.2,0.96,"special_lifesteal;basic_power;basic_power;basic_power;basic_as;basic_as"
75,0,293,152,2,bot0_3,Cleric,0,SUPPORT,magical,6,0,11,17,6698,4617,4371,5238,15.7,17.9,289,351,49,40,10,115,3215,658,293,0,1,1.2,1.06,"basic_hp;basic_hp;basic_hp;basic_armor;basic_mr;basic_mr;basic_armor;basic_hp;basic_power;basic_armor;basic_hp"
75,0,293,152,2,bot1_3,Quiller,1,SLAYER,physical,1,6,1,0.33,9297,4388,5702,295,18.2,1.2,215,394,26,19,8,294,2094,428,242,52,0.824,0.2,0.77,"special_lifesteal;basic_hp;basic_hp;basic_power;basic_as;basic_mr"
75,0,293,152,2,bot0_4,Eggchanter,0,SUPPORT,magical,3,0,17,20,6095,3764,3599,3321,12.8,11.3,128,213,39,18,10,340,3090,632,293,0,1,0.6,1.05,"basic_hp;basic_hp;basic_armor;basic_hp;basic_mr;basic_haste;basic_hp;basic_armor;basic_mr;basic_armor"
75,0,293,152,2,bot1_4,Tamer,1,MAGE,magical,0,6,2,0.33,11944,5745,5465,2136,26.6,9.9,291,422,19,9,9,68,2118,433,216,77,0.737,0,1.05,"special_lifesteal;basic_power;basic_hp;basic_haste;basic_mr;basic_armor;basic_power"
76,1,369,70,151,bot0_1,Eggchanter,0,SUPPORT,magical,0,6,6,1,5817,1755,13401,4567,6.1,16,137,170,25,13,9,92,2442,397,286,83,0.775,0,0.13,"special_gw;basic_hp;basic_hp;basic_power;basic_hp;basic_mr;basic_haste;basic_armor"
76,1,369,70,151,bot1_1,Summoner,1,MAGE,magical,4,2,16,10,11048,5333,3340,393,15,1.1,205,295,60,29,11,384,3634,591,355,15,0.96,0.7,1.6,"special_lifesteal;basic_power;basic_hp;basic_haste;basic_power;basic_hp;basic_power;basic_hp;basic_power;basic_mr;basic_armor"
76,1,369,70,151,bot0_2,Vanguard,0,FIGHTER,physical,2,6,4,1,12057,5098,13114,258,18.1,0.9,391,513,41,26,9,8,2633,428,282,87,0.765,0.3,0.39,"special_lifesteal;basic_power;basic_hp;basic_hp;basic_power;basic_hp;basic_as;basic_mr;basic_armor"
76,1,369,70,151,bot1_2,Quiller,1,SLAYER,physical,6,1,10,16,8430,5299,2787,299,14.9,0.8,291,458,49,31,11,327,3577,581,356,14,0.963,1,1.9,"special_lifesteal;basic_power;basic_hp;basic_power;basic_power;basic_as;basic_armor;basic_as;basic_hp;basic_hp;basic_as"
76,1,369,70,151,bot0_3,Volstrov,0,MAGE,magical,4,6,1,0.83,9674,3077,9187,201,10.9,0.7,136,331,11,10,10,173,2873,467,283,86,0.768,0.7,0.33,"basic_hp;basic_hp;special_lifesteal;basic_hp;basic_mr;basic_hp;basic_power;basic_haste;basic_mr"
76,1,369,70,151,bot1_3,Reaper,1,SPLITPUSHER,magical,10,1,14,24,30860,15667,4065,1116,43.7,3.1,796,1288,59,32,12,131,4531,736,358,11,0.971,1.6,3.85,"special_lifesteal;basic_power;basic_hp;basic_haste;basic_mr;basic_hp;basic_power;basic_hp;basic_power;basic_haste;basic_armor;basic_hp;basic_mr;basic_armor;basic_power"
76,1,369,70,151,bot0_4,Doctor,0,SUPPORT,physical,0,7,6,0.86,5160,2578,11204,5565,9.6,20.6,155,237,17,18,9,97,2422,394,270,99,0.731,0,0.23,"special_gw;basic_hp;basic_mr;basic_power;basic_hp;basic_armor;basic_as;basic_mr"
76,1,369,70,151,bot1_4,Hana,1,TANK,magical,5,2,17,11,22297,14158,5385,0,38.4,0,441,882,16,40,12,143,3993,649,369,0,1,0.8,2.63,"special_gw;basic_hp;basic_hp;basic_hp;basic_hp;basic_armor;basic_hp;basic_mr;basic_armor;basic_mr;basic_power;basic_haste;basic_power"
77,0,328,150,35,bot0_1,Quiller,0,SLAYER,physical,4,3,13,5.67,14225,6002,5384,492,20.8,1.7,319,533,44,24,10,242,3167,578,289,40,0.879,0.7,1.11,"special_lifesteal;basic_power;basic_hp;basic_power;basic_power;basic_as;basic_hp;basic_as;basic_mr;basic_mr"
77,0,328,150,35,bot1_1,Healer,1,SUPPORT,magical,1,4,7,2,6096,3638,6662,4008,12.1,13.4,145,190,39,17,9,68,2443,446,300,28,0.914,0.2,0.55,"special_heal_power;special_gw;basic_hp;basic_power;basic_hp;basic_hp;basic_armor"
77,0,328,150,35,bot0_2,Fusilier,0,SLAYER,physical,6,2,12,9,8486,6395,5050,0,21.2,0,240,404,45,10,10,109,3384,618,301,27,0.917,1.1,1.27,"basic_hp;basic_hp;basic_hp;basic_mr;basic_mr;basic_power;basic_hp;basic_mr;basic_as;basic_power;basic_haste;basic_as"
77,0,328,150,35,bot1_2,Hana,1,TANK,magical,2,4,6,2,15033,9238,8286,0,33.4,0,313,563,9,34,9,125,2500,457,277,52,0.843,0.4,1.11,"special_gw;basic_hp;basic_hp;basic_hp;basic_armor;basic_armor;basic_mr;basic_power"
77,0,328,150,35,bot0_3,Jirina,0,FIGHTER,magical,5,2,15,10,12563,7243,5747,6036,23.1,19.2,390,500,39,19,11,294,3544,647,314,15,0.956,0.9,1.26,"basic_hp;basic_hp;basic_mr;basic_hp;basic_mr;basic_power;basic_power;basic_haste;basic_armor;basic_as;basic_mr;basic_hp"
77,0,328,150,35,bot1_3,Volstrov,1,MAGE,magical,2,5,6,1.6,12094,6995,6614,476,27,1.8,257,484,18,19,9,158,2558,467,259,69,0.789,0.4,1.06,"special_lifesteal;special_lifesteal;basic_power;basic_power;basic_hp;basic_hp;basic_armor"
77,0,328,150,35,bot0_4,Ironclad,0,TANK,physical,5,1,11,16,8115,6272,8690,0,20,0,346,464,29,21,10,330,3280,599,314,15,0.956,0.9,0.72,"basic_hp;basic_hp;basic_mr;basic_mr;basic_power;basic_power;basic_as;basic_hp;basic_mr;basic_haste;basic_as"
77,0,328,150,35,bot1_4,Pyromancer,1,SLAYER,magical,3,7,5,1.14,7104,3929,7169,90,15,0.3,284,499,20,16,9,204,2579,471,262,66,0.798,0.5,0.55,"special_lifesteal;basic_power;basic_power;basic_hp;basic_armor;basic_hp;basic_power;basic_haste"
78,0,428,150,45,bot0_1,Lynx,0,SLAYER,physical,11,3,11,7.33,21964,10014,7193,0,26.1,0,428,739,72,51,13,258,4708,660,384,44,0.897,1.5,1.39,"special_gw;basic_hp;basic_hp;basic_hp;basic_power;basic_mr;basic_as;basic_hp;basic_power;basic_mr;basic_armor;basic_mr;basic_power;basic_hp;basic_as"
78,0,428,150,45,bot1_1,Eggchanter,1,SUPPORT,magical,1,8,9,1.25,7581,3825,12130,4286,11.9,13.4,128,178,31,17,10,238,2963,415,321,107,0.75,0.1,0.32,"basic_hp;basic_hp;basic_hp;basic_armor;basic_mr;basic_armor;basic_armor;basic_haste;basic_mr;basic_mr"
78,0,428,150,45,bot0_2,Vanguard,0,FIGHTER,physical,5,3,19,8,17364,8492,7196,444,19.8,1,652,905,71,36,13,314,4389,615,428,0,1,0.7,1.18,"special_lifesteal;basic_power;basic_power;basic_power;basic_as;basic_hp;basic_as;basic_power;basic_mr;basic_hp;basic_mr;basic_armor;basic_as;basic_armor"
78,0,428,150,45,bot1_2,Mage,1,MAGE,magical,4,7,8,1.71,18793,8471,8585,337,25.9,1,521,723,57,26,11,142,3442,482,327,101,0.763,0.6,0.99,"special_lifesteal;basic_power;basic_power;basic_power;basic_hp;basic_haste;basic_power;basic_armor;basic_mr;basic_hp;basic_power"
78,0,428,150,45,bot0_3,Tamer,0,MAGE,magical,7,4,21,7,19120,10935,6226,4641,29.7,12.6,378,599,42,18,14,266,4816,675,369,59,0.861,1,1.76,"basic_hp;basic_hp;basic_mr;basic_haste;basic_power;basic_mr;basic_armor;basic_hp;basic_as;basic_mr;basic_hp;basic_hp;basic_mr;basic_haste;basic_armor;basic_mr"
78,0,428,150,45,bot1_3,Reaper,1,SPLITPUSHER,magical,3,8,8,1.38,12724,8160,11810,0,25.8,0,338,673,35,20,10,238,3188,447,316,112,0.738,0.4,0.69,"basic_hp;basic_hp;basic_hp;basic_armor;basic_haste;basic_armor;basic_mr;basic_power;basic_as;basic_hp;basic_haste"
78,0,428,150,45,bot0_4,Ironclad,0,TANK,physical,7,2,22,14.5,15645,9804,10608,0,24.6,0,586,804,47,31,13,96,4696,658,399,29,0.932,1,0.92,"basic_hp;basic_hp;basic_hp;basic_mr;basic_armor;basic_hp;basic_power;basic_mr;basic_as;basic_mr;basic_hp;basic_hp;basic_mr;basic_haste;basic_armor;basic_armor"
78,0,428,150,45,bot1_4,Kratoma,1,SLAYER,physical,4,7,6,1.43,11859,7177,8681,208,21.7,0.6,280,459,20,20,11,80,3305,463,331,97,0.773,0.6,0.83,"special_lifesteal;basic_power;basic_power;basic_power;basic_as;basic_as;basic_hp;basic_hp;basic_power;basic_armor;basic_mr"
79,0,258,151,8,bot0_1,Kratoma,0,SLAYER,physical,9,1,10,19,12043,7624,5125,0,29.5,0,252,459,22,25,10,36,3436,799,258,0,1,2.1,1.49,"basic_hp;basic_hp;basic_hp;basic_power;basic_hp;basic_mr;basic_power;basic_armor;basic_hp;basic_as;basic_haste;basic_hp"
79,0,258,151,8,bot1_1,Pyromancer,1,SLAYER,magical,0,5,2,0.4,7509,4299,7161,130,20.8,0.6,371,506,20,15,8,223,1823,424,207,51,0.803,0,0.6,"special_lifesteal;basic_hp;basic_hp;basic_hp;basic_power"
79,0,258,151,8,bot0_2,Eggchanter,0,SUPPORT,magical,1,0,15,16,3926,3321,6760,8050,12.9,31.2,127,200,28,15,9,41,2491,579,258,0,1,0.2,0.49,"basic_hp;basic_hp;basic_hp;basic_hp;basic_mr;basic_armor;basic_armor;basic_power;basic_mr"
79,0,258,151,8,bot1_2,Zephyr,1,SPLITPUSHER,magical,0,5,2,0.4,11013,6613,5994,208,32,1,373,522,22,28,8,56,1856,431,207,51,0.801,0,1.1,"special_lifesteal;basic_power;basic_hp;basic_power;basic_haste;basic_mr"
79,0,258,151,8,bot0_3,Jirina,0,FIGHTER,magical,6,0,12,18,12442,9514,6729,6525,36.9,25.3,405,600,37,23,9,75,3100,721,258,0,1,1.4,1.41,"special_lifesteal;basic_power;basic_hp;basic_power;basic_haste;basic_power;basic_power;basic_hp;basic_haste;basic_hp"
79,0,258,151,8,bot1_3,Quiller,1,SLAYER,physical,1,5,1,0.4,4837,2619,4989,182,13.4,0.9,238,317,16,15,8,194,1994,463,195,63,0.755,0.2,0.52,"special_lifesteal;basic_power;basic_hp;basic_as;basic_power;basic_mr"
79,0,258,151,8,bot0_4,Volstrov,0,MAGE,magical,3,1,10,13,9896,4871,3109,368,20,1.5,222,436,6,12,9,115,2565,596,243,15,0.943,0.7,1.57,"special_lifesteal;basic_power;basic_power;basic_power;basic_hp;basic_hp;basic_haste;basic_power"
79,0,258,151,8,bot1_4,Ironclad,1,TANK,physical,1,4,1,0.5,10777,6439,9244,0,30.9,0,342,437,17,15,9,273,2123,493,208,50,0.807,0.2,0.7,"special_gw;basic_hp;basic_hp;basic_mr;basic_armor;basic_hp"
80,0,416,151,116,bot0_1,Zephyr,0,SPLITPUSHER,magical,3,5,19,4.4,21147,13002,8054,640,38.3,1.9,555,771,43,41,11,259,3734,538,339,77,0.815,0.4,1.61,"special_lifesteal;basic_power;basic_power;basic_hp;basic_power;basic_haste;basic_hp;basic_armor;basic_mr;basic_hp;basic_haste;basic_armor"
80,0,416,151,116,bot1_1,Doctor,1,SUPPORT,physical,3,7,12,2.14,7214,5339,13133,9556,16.4,29.4,214,258,18,21,11,57,3382,487,325,92,0.78,0.4,0.41,"basic_hp;basic_hp;basic_hp;basic_mr;basic_mr;basic_power;basic_as;basic_mr;basic_hp;basic_hp;basic_armor;basic_haste"
80,0,416,151,116,bot0_2,Reaper,0,SPLITPUSHER,magical,9,4,10,4.75,17005,11164,10225,504,31.3,1.4,615,805,41,21,12,199,4174,601,357,59,0.857,1.3,1.09,"special_lifesteal;basic_hp;basic_power;basic_hp;basic_hp;basic_power;basic_haste;basic_hp;basic_armor;basic_armor;basic_hp;basic_haste;basic_hp"
80,0,416,151,116,bot1_2,Mage,1,MAGE,magical,3,6,12,2.5,19848,10162,11763,493,30.5,1.5,582,756,77,29,11,133,3358,484,334,83,0.801,0.4,0.86,"special_lifesteal;basic_power;basic_power;basic_power;basic_hp;basic_hp;basic_power;basic_haste;basic_mr;basic_as;basic_haste"
80,0,416,151,116,bot0_3,Cleric,0,SUPPORT,magical,7,2,12,9.5,9841,6879,9266,8087,17.8,20.9,353,411,46,40,11,313,3988,575,387,29,0.93,1,0.74,"basic_hp;basic_hp;basic_hp;basic_armor;basic_hp;basic_armor;basic_hp;basic_armor;basic_mr;basic_power;basic_armor;basic_haste;basic_mr"
80,0,416,151,116,bot1_3,Fusilier,1,SLAYER,physical,2,8,11,1.63,16807,8725,9124,444,27.4,1.4,320,656,48,17,10,237,3137,452,319,98,0.766,0.3,0.96,"special_lifesteal;basic_hp;basic_hp;basic_mr;basic_hp;basic_as;basic_power;basic_as;basic_power;basic_haste"
80,0,416,151,116,bot0_4,Tamer,0,MAGE,magical,7,4,15,5.5,21043,11611,8096,5976,32.7,16.8,324,554,46,18,13,204,4354,627,355,61,0.852,1,1.43,"special_lifesteal;basic_power;basic_power;basic_hp;basic_armor;basic_haste;basic_hp;basic_mr;basic_armor;basic_hp;basic_power;basic_armor;basic_hp;basic_power"
80,0,416,151,116,bot1_4,Kratoma,1,SLAYER,physical,7,5,7,2.8,12315,7562,9884,0,21.7,0,202,471,23,25,11,48,3648,526,348,68,0.836,1,0.77,"basic_hp;basic_hp;basic_mr;basic_power;basic_hp;basic_mr;basic_as;basic_hp;basic_mr;basic_power;basic_mr;basic_as;basic_armor"
81,1,411,57,150,bot0_1,Oracle,0,MAGE,physical,3,8,7,1.25,11000,6722,10638,236,19.5,0.7,421,518,23,20,10,253,3153,461,345,66,0.84,0.4,0.63,"special_lifesteal;basic_hp;basic_hp;basic_hp;basic_power;basic_as;basic_armor;basic_mr;basic_power;basic_as"
81,1,411,57,150,bot1_1,Hana,1,TANK,magical,9,2,18,13.5,26135,19287,10810,0,50.3,0,477,1067,22,48,12,259,4559,666,383,27,0.934,1.3,1.78,"basic_hp;basic_hp;basic_hp;basic_mr;basic_mr;basic_hp;basic_armor;basic_power;basic_hp;basic_armor;basic_haste;basic_mr;basic_armor;basic_power;basic_hp"
81,1,411,57,150,bot0_2,Zephyr,0,SPLITPUSHER,magical,5,7,7,1.71,17197,11352,10507,451,35.3,1.4,516,715,38,38,10,128,3353,490,321,89,0.782,0.7,1.08,"special_lifesteal;basic_power;basic_hp;basic_power;basic_power;basic_power;basic_haste;basic_hp;basic_armor;basic_mr;basic_haste"
81,1,411,57,150,bot1_2,Doctor,1,SUPPORT,physical,6,4,21,6.75,11531,8893,9115,11939,24.9,33.4,234,422,30,19,12,22,4222,617,357,54,0.869,0.9,0.98,"basic_hp;basic_hp;basic_hp;basic_mr;basic_hp;basic_hp;basic_mr;basic_armor;basic_armor;basic_mr;basic_power;basic_power;basic_as;basic_armor;basic_as"
81,1,411,57,150,bot0_3,Volstrov,0,MAGE,magical,3,9,7,1.11,10734,7326,12639,0,24.4,0,283,490,14,20,10,162,3062,447,301,110,0.732,0.4,0.58,"basic_hp;basic_hp;basic_power;basic_armor;basic_haste;basic_power;basic_mr;basic_armor;basic_hp;basic_as;basic_haste"
81,1,411,57,150,bot1_3,Kratoma,1,SLAYER,physical,9,3,16,8.33,13561,8970,10263,400,24.3,1.1,277,579,27,27,12,56,4431,648,369,42,0.898,1.3,0.87,"special_lifesteal;basic_power;basic_hp;basic_as;basic_mr;basic_power;basic_hp;basic_power;basic_hp;basic_as;basic_armor;basic_mr;basic_as;basic_power;basic_armor"
81,1,411,57,150,bot0_4,Vanguard,0,FIGHTER,physical,1,6,11,2,16348,10744,12576,0,32.3,0,553,613,53,32,10,54,3004,439,333,77,0.811,0.1,0.85,"basic_hp;basic_hp;basic_hp;basic_armor;basic_armor;basic_armor;basic_power;basic_as;basic_power;basic_mr;basic_as"
81,1,411,57,150,bot1_4,Fusilier,1,SLAYER,physical,6,3,20,8.67,14247,6537,7786,390,17.8,1.1,328,631,51,12,12,103,4253,622,368,43,0.896,0.9,0.84,"special_lifesteal;basic_power;basic_hp;basic_power;basic_hp;basic_hp;basic_as;basic_power;basic_as;basic_mr;basic_armor;basic_hp;basic_as;basic_power"
82,0,282,150,30,bot0_1,Bruiser,0,FIGHTER,physical,6,1,9,15,9979,4246,4557,0,15.8,0,234,433,44,28,10,280,3080,654,269,14,0.952,1.3,0.93,"basic_hp;basic_hp;basic_hp;basic_hp;basic_mr;basic_mr;basic_hp;basic_power;basic_armor;basic_power"
82,0,282,150,30,bot1_1,Pyromancer,1,SLAYER,magical,1,7,3,0.57,3814,2423,6347,92,12.1,0.5,189,294,17,9,8,238,2038,433,200,83,0.707,0.2,0.38,"special_lifesteal;basic_power;basic_hp;basic_power;basic_haste;basic_armor"
82,0,282,150,30,bot0_2,Zephyr,0,SPLITPUSHER,magical,6,1,15,21,13911,10303,3885,445,37.8,1.6,498,791,30,25,10,72,3347,711,273,10,0.965,1.3,2.65,"special_lifesteal;basic_power;basic_power;basic_hp;basic_power;basic_hp;basic_haste;basic_hp;basic_mr;basic_power;basic_haste"
82,0,282,150,30,bot1_2,Healer,1,SUPPORT,magical,1,7,3,0.57,2759,1576,9354,2741,7.9,13.7,144,179,27,10,8,163,2013,428,200,82,0.71,0.2,0.17,"special_heal_power;basic_hp;basic_armor;basic_power;basic_hp;basic_hp"
82,0,282,150,30,bot0_3,Quiller,0,SLAYER,physical,9,1,15,24,18099,8536,2595,566,31.8,2.1,306,676,45,24,11,19,3844,817,269,14,0.952,1.9,3.29,"special_lifesteal;basic_power;basic_power;basic_power;basic_hp;basic_as;basic_hp;basic_as;basic_as;basic_hp;basic_power;basic_mr;basic_armor"
82,0,282,150,30,bot1_3,Wanderer,1,SLAYER,physical,2,8,2,0.5,8460,4545,7505,220,23.9,1.2,505,621,13,10,8,93,2168,461,190,92,0.673,0.4,0.61,"special_lifesteal;basic_power;basic_as;basic_power;basic_as;basic_hp;basic_armor"
82,0,282,150,30,bot0_4,Kratoma,0,SLAYER,physical,5,1,17,22,10514,6669,3087,382,24.8,1.4,306,479,23,24,10,98,3348,711,269,14,0.952,1.1,2.16,"special_lifesteal;basic_power;basic_hp;basic_power;basic_hp;basic_hp;basic_as;basic_power;basic_as;basic_mr;basic_as"
82,0,282,150,30,bot1_4,Jirina,1,FIGHTER,magical,0,4,4,1,5319,3145,8449,1713,13.6,7.4,246,296,23,10,8,103,1953,415,232,51,0.821,0,0.37,"basic_hp;basic_hp;basic_hp;basic_armor;basic_armor;basic_mr;basic_haste"
83,1,370,19,150,bot0_1,Cleric,0,SUPPORT,magical,1,8,4,0.63,5782,2599,13458,3356,9.8,12.6,269,327,31,27,9,23,2423,393,266,104,0.72,0.2,0.19,"basic_hp;basic_hp;basic_hp;basic_armor;basic_hp;basic_mr;basic_power;basic_haste;basic_as"
83,1,370,19,150,bot1_1,Wanderer,1,SLAYER,physical,10,2,23,16.5,32174,18510,4382,0,54.9,0,616,1083,28,25,13,330,4430,719,337,32,0.913,1.6,4.22,"basic_hp;basic_hp;basic_power;basic_power;basic_as;basic_armor;basic_mr;basic_haste;basic_as;basic_hp;basic_armor;basic_mr;basic_as;basic_power;basic_hp"
83,1,370,19,150,bot0_2,Eggchanter,0,SUPPORT,magical,2,9,3,0.56,4862,2232,11961,3062,8.8,12,108,153,25,15,9,219,2569,417,255,115,0.689,0.3,0.19,"special_heal_power;basic_hp;basic_hp;basic_armor;basic_mr;basic_haste;basic_hp;basic_power"
83,1,370,19,150,bot1_2,Quiller,1,SLAYER,physical,14,0,18,32,22481,14177,1667,639,38.4,1.7,340,761,59,33,13,269,4969,806,370,0,1,2.3,8.5,"special_lifesteal;basic_power;basic_power;basic_hp;basic_power;basic_as;basic_hp;basic_as;basic_hp;basic_armor;basic_as;basic_armor;basic_mr;basic_power;basic_mr;basic_hp"
83,1,370,19,150,bot0_3,Fusilier,0,SLAYER,physical,2,8,2,0.5,7877,3523,9178,198,13.7,0.8,295,458,27,8,9,189,2564,416,257,112,0.697,0.3,0.38,"special_lifesteal;basic_power;basic_hp;basic_power;basic_as;basic_hp;basic_power;basic_mr"
83,1,370,19,150,bot1_3,Pyromancer,1,SLAYER,magical,7,1,19,26,11955,5825,2140,196,16.3,0.5,365,615,27,23,12,165,4315,700,357,13,0.966,1.1,2.72,"special_lifesteal;basic_power;basic_power;basic_hp;basic_haste;basic_power;basic_armor;basic_mr;basic_power;basic_hp;basic_power;basic_haste;basic_hp;basic_armor"
83,1,370,19,150,bot0_4,Bruiser,0,FIGHTER,physical,0,8,4,0.5,4903,2511,11265,0,8.7,0,292,349,36,34,9,195,2370,385,290,80,0.784,0,0.22,"basic_hp;basic_hp;basic_hp;basic_armor;basic_armor;basic_mr;basic_hp;basic_as"
83,1,370,19,150,bot1_4,Volstrov,1,MAGE,magical,2,2,21,11.5,12214,6034,4542,453,17.6,1.3,260,584,10,19,12,134,3659,594,343,26,0.929,0.3,1.33,"special_lifesteal;basic_hp;basic_power;basic_hp;basic_mr;basic_haste;basic_hp;basic_power;basic_power;basic_hp;basic_armor;basic_mr"
84,1,258,7,151,bot0_1,Bruiser,0,FIGHTER,physical,1,5,0,0.2,3728,1455,7499,0,7.5,0,159,244,25,23,8,258,1833,426,195,63,0.755,0.2,0.19,"basic_hp;basic_hp;basic_mr;basic_hp;basic_power;basic_as"
84,1,258,7,151,bot1_1,Healer,1,SUPPORT,magical,5,0,15,20,4489,3234,3685,5202,12.5,20.2,137,195,38,12,10,185,3110,723,258,0,1,1.2,0.88,"basic_hp;basic_hp;basic_hp;basic_hp;basic_mr;basic_mr;basic_hp;basic_armor;basic_hp;basic_armor"
84,1,258,7,151,bot0_2,Zephyr,0,SPLITPUSHER,magical,0,8,1,0.13,8128,3884,8157,173,21.8,1,372,744,19,20,7,134,1659,386,178,80,0.689,0,0.48,"special_lifesteal;basic_power;basic_hp;basic_mr;basic_haste"
84,1,258,7,151,bot1_2,Reaper,1,SPLITPUSHER,magical,12,0,15,27,24666,16032,3504,808,62.1,3.1,728,1178,41,23,11,162,3737,869,258,0,1,2.8,4.58,"special_lifesteal;basic_power;basic_power;basic_power;basic_hp;basic_hp;basic_haste;basic_power;basic_haste;basic_hp;basic_haste;basic_mr"
84,1,258,7,151,bot0_3,Pyromancer,0,SLAYER,magical,0,7,1,0.14,3889,2069,6251,61,11.3,0.3,201,408,13,8,7,171,1696,394,184,75,0.711,0,0.33,"special_lifesteal;basic_power;basic_hp;basic_mr;basic_haste"
84,1,258,7,151,bot1_3,Tamer,1,MAGE,magical,2,0,20,22,11127,4142,2389,2560,16.1,9.9,312,547,31,9,10,247,2922,679,258,0,1,0.5,1.73,"special_lifesteal;basic_power;basic_hp;basic_power;basic_hp;basic_hp;basic_power;basic_haste;basic_mr"
84,1,258,7,151,bot0_4,Goliath,0,TANK,physical,0,8,1,0.13,5781,3491,9591,550,17.6,2.8,218,284,24,12,7,165,1690,393,198,60,0.769,0,0.36,"special_gw;basic_hp;basic_mr;basic_power;basic_as"
84,1,258,7,151,bot1_4,Mage,1,MAGE,magical,9,1,11,20,9617,6608,2908,329,26.8,1.3,354,508,46,21,10,8,3483,810,246,12,0.955,2.1,2.27,"special_lifesteal;basic_power;basic_power;basic_hp;basic_mr;basic_haste;basic_hp;basic_armor;basic_hp;basic_power;basic_mr;basic_haste"
85,0,264,150,0,bot0_1,Summoner,0,MAGE,magical,5,0,16,21,5887,3684,1437,130,14,0.5,168,243,39,21,10,267,3167,720,264,0,1,1.1,2.56,"special_lifesteal;basic_hp;basic_power;basic_mr;basic_haste;basic_hp;basic_power;basic_hp;basic_as;basic_mr"
85,0,264,150,0,bot1_1,Jailer,1,TANK,magical,0,6,0,0,7922,3190,8781,0,16.6,0,441,538,19,15,8,113,1763,401,193,71,0.73,0,0.36,"basic_hp;basic_hp;basic_hp;basic_mr;basic_hp;basic_armor"
85,0,264,150,0,bot0_2,Pyromancer,0,SLAYER,magical,1,0,13,14,10177,3705,3374,173,14,0.7,418,521,26,19,9,112,2462,560,264,0,1,0.2,1.1,"special_lifesteal;basic_power;basic_hp;basic_haste;basic_mr;basic_power;basic_power;basic_armor"
85,0,264,150,0,bot1_2,Volstrov,1,MAGE,magical,0,6,0,0,6072,2618,6059,162,13.1,0.8,173,290,10,11,8,12,1787,406,199,65,0.755,0,0.43,"special_lifesteal;basic_hp;basic_power;basic_mr;basic_haste;basic_armor"
85,0,264,150,0,bot0_3,Cleric,0,SUPPORT,magical,10,0,13,23,5668,4807,1997,6240,18.2,23.6,280,336,38,28,10,4,3779,859,264,0,1,2.3,2.41,"basic_hp;basic_hp;basic_mr;basic_hp;basic_mr;basic_mr;basic_hp;basic_hp;basic_power;basic_mr;basic_power;basic_mr;basic_haste"
85,0,264,150,0,bot1_3,Reaper,1,SPLITPUSHER,magical,0,5,0,0,8201,3196,5407,260,13.4,1.1,356,582,23,11,8,207,1757,399,239,25,0.906,0,0.59,"special_lifesteal;basic_power;basic_power;basic_hp;basic_mr"
85,0,264,150,0,bot0_4,Goliath,0,TANK,physical,7,0,13,20,8072,6653,6618,1887,25.2,7.1,354,652,32,19,10,68,3318,754,264,0,1,1.6,1.01,"basic_hp;basic_hp;basic_mr;basic_mr;basic_hp;basic_power;basic_power;basic_mr;basic_as;basic_haste;basic_hp;basic_armor"
85,0,264,150,0,bot1_4,Mage,1,MAGE,magical,0,6,0,0,8644,2843,6073,223,15.2,1.2,395,467,29,12,8,24,1799,409,187,77,0.709,0,0.47,"special_lifesteal;basic_power;basic_hp;basic_mr;basic_haste;basic_armor"
86,1,299,25,150,bot0_1,Jailer,0,TANK,magical,0,7,7,1,7513,4587,11316,0,22.4,0,480,512,18,16,9,161,2236,448,205,95,0.684,0,0.41,"basic_hp;basic_hp;basic_hp;basic_armor;basic_mr;basic_haste;basic_power;basic_as"
86,1,299,25,150,bot1_1,Kratoma,1,SLAYER,physical,7,2,9,8,11581,5266,5848,0,18.4,0,259,452,23,22,11,160,3560,714,286,13,0.957,1.4,0.9,"basic_hp;basic_hp;basic_hp;basic_hp;basic_mr;basic_power;basic_mr;basic_armor;basic_hp;basic_as;basic_haste;basic_hp"
86,1,299,25,150,bot0_2,Eggchanter,0,SUPPORT,magical,2,5,4,1.2,4323,1626,7236,1821,7,7.9,108,190,19,9,8,132,2307,463,231,68,0.772,0.4,0.22,"basic_hp;basic_hp;basic_hp;basic_hp;basic_armor;basic_armor;basic_mr;basic_haste"
86,1,299,25,150,bot1_2,Oracle,1,MAGE,physical,7,1,15,22,13376,6284,3376,343,21.8,1.2,461,682,19,19,11,16,3816,765,288,11,0.964,1.4,1.86,"special_lifesteal;basic_hp;basic_power;basic_hp;basic_power;basic_as;basic_as;basic_hp;basic_power;basic_mr;basic_mr;basic_hp;basic_armor"
86,1,299,25,150,bot0_3,Summoner,0,MAGE,magical,3,8,3,0.75,4992,2213,7935,138,10.8,0.7,177,257,26,13,9,94,2419,485,205,94,0.686,0.6,0.28,"special_lifesteal;basic_power;basic_hp;basic_power;basic_armor;basic_haste;basic_mr;basic_hp"
86,1,299,25,150,bot1_3,Volstrov,1,MAGE,magical,2,2,12,7,7887,4819,3189,250,16.9,0.9,366,645,7,6,10,15,2765,555,285,14,0.954,0.4,1.51,"special_lifesteal;basic_power;basic_power;basic_power;basic_hp;basic_hp;basic_power;basic_hp;basic_haste"
86,1,299,25,150,bot0_4,Quiller,0,SLAYER,physical,2,5,2,0.8,8627,3313,6319,243,14.1,1,257,431,28,19,9,133,2258,453,235,64,0.785,0.4,0.52,"special_lifesteal;basic_power;basic_hp;basic_power;basic_power;basic_hp;basic_as"
86,1,299,25,150,bot1_4,Lynx,1,SLAYER,physical,9,2,15,12,25054,14092,3529,499,51.7,1.8,606,1445,41,30,12,200,4000,802,273,26,0.912,1.8,3.99,"special_lifesteal;basic_power;basic_power;basic_hp;basic_as;basic_mr;basic_power;basic_as;basic_power;basic_armor;basic_hp;basic_mr;basic_as"
87,1,387,49,150,bot0_1,Pyromancer,0,SLAYER,magical,3,6,4,1.17,9660,4041,6906,97,13.5,0.3,494,696,22,18,10,36,2936,455,299,88,0.773,0.5,0.59,"special_lifesteal;basic_hp;basic_power;basic_haste;basic_mr;basic_hp;basic_power;basic_hp;basic_mr;basic_armor"
87,1,387,49,150,bot1_1,Reaper,1,SPLITPUSHER,magical,5,5,16,4.2,26830,15720,7390,640,48.5,2,742,1171,51,26,11,319,3694,572,324,63,0.837,0.8,2.13,"special_lifesteal;basic_hp;basic_power;basic_haste;basic_power;basic_hp;basic_hp;basic_haste;basic_power;basic_hp;basic_hp"
87,1,387,49,150,bot0_2,Bruiser,0,FIGHTER,physical,4,5,5,1.8,16018,8977,9879,451,28.6,1.4,380,547,43,36,11,36,3211,498,314,73,0.811,0.6,0.91,"special_lifesteal;basic_power;basic_as;basic_power;basic_hp;basic_as;basic_power;basic_hp;basic_mr;basic_armor;basic_mr"
87,1,387,49,150,bot1_2,Oracle,1,MAGE,physical,8,2,11,9.5,14162,8773,9108,0,24.5,0,600,726,29,26,11,333,4008,621,359,28,0.927,1.2,0.96,"basic_hp;basic_hp;basic_hp;basic_hp;basic_hp;basic_mr;basic_armor;basic_as;basic_hp;basic_power;basic_haste;basic_mr;basic_armor"
87,1,387,49,150,bot0_3,Healer,0,SUPPORT,magical,1,6,8,1.5,6256,3987,10669,8363,13.3,27.9,140,200,42,17,10,243,2868,444,299,88,0.773,0.2,0.37,"basic_hp;basic_hp;special_gw;basic_mr;basic_armor;basic_hp;basic_power;basic_mr;basic_haste"
87,1,387,49,150,bot1_3,Hana,1,TANK,magical,5,1,15,20,21243,11278,6127,0,30.2,0,526,939,13,46,11,126,3651,566,373,14,0.965,0.8,1.84,"basic_hp;basic_hp;basic_hp;basic_hp;basic_hp;basic_mr;basic_armor;basic_haste;basic_power;basic_as;basic_hp;basic_hp"
87,1,387,49,150,bot0_4,Ironclad,0,TANK,physical,2,4,8,2.5,18054,10702,14949,0,33.3,0,395,571,36,27,12,108,3358,520,321,66,0.829,0.3,0.72,"special_gw;basic_hp;basic_hp;basic_power;basic_hp;basic_hp;basic_mr;basic_armor;basic_as;basic_mr;basic_mr"
87,1,387,49,150,bot1_4,Eggchanter,1,SUPPORT,magical,3,2,17,10,6807,5333,8436,7469,14.9,20.8,131,202,38,20,11,237,3512,544,359,28,0.927,0.5,0.63,"basic_hp;basic_hp;basic_hp;basic_mr;basic_mr;basic_hp;basic_armor;basic_power;basic_armor;basic_haste;basic_power;basic_mr"
88,0,334,152,2,bot0_1,Fusilier,0,SLAYER,physical,8,0,20,28,18077,11909,4282,575,35.6,1.7,455,740,48,16,12,82,4182,750,334,0,1,1.4,2.78,"special_lifesteal;basic_power;basic_hp;basic_power;basic_power;basic_hp;basic_as;basic_as;basic_mr;basic_armor;basic_hp;basic_as;basic_mr;basic_power"
88,0,334,152,2,bot1_1,Oracle,1,MAGE,physical,0,7,1,0.14,7867,3581,10339,0,14.8,0,222,270,14,15,8,198,2048,367,243,92,0.726,0,0.35,"basic_hp;basic_hp;basic_hp;basic_armor;basic_mr;basic_armor;basic_as"
88,0,334,152,2,bot0_2,Bruiser,0,FIGHTER,physical,8,0,20,28,25325,15836,3118,720,47.4,2.2,770,1339,55,32,12,305,4080,732,334,0,1,1.4,5.08,"special_lifesteal;basic_power;basic_hp;basic_power;basic_hp;basic_as;basic_hp;basic_as;basic_mr;basic_power;basic_as;basic_mr;basic_armor"
88,0,334,152,2,bot1_2,Jailer,1,TANK,magical,1,7,1,0.29,8479,4681,12332,0,19.1,0,362,550,21,18,8,30,2130,382,245,90,0.732,0.2,0.38,"special_gw;basic_hp;basic_hp;basic_hp;basic_power;basic_armor;basic_mr"
88,0,334,152,2,bot0_3,Cleric,0,SUPPORT,magical,4,1,22,26,8636,6495,3951,6161,20.1,19,312,373,50,39,12,226,3801,682,324,11,0.968,0.7,1.64,"basic_hp;basic_hp;basic_mr;basic_mr;basic_armor;basic_hp;basic_armor;basic_mr;basic_haste;basic_hp;basic_armor;basic_haste;basic_power"
88,0,334,152,2,bot1_3,Pyromancer,1,SLAYER,magical,1,6,1,0.33,10429,3977,8614,0,15.7,0,324,501,24,21,8,108,2183,392,253,81,0.758,0.2,0.46,"basic_hp;basic_hp;basic_hp;basic_haste;basic_power;basic_armor;basic_mr;basic_as"
88,0,334,152,2,bot0_4,Hana,0,TANK,magical,8,1,17,25,10184,7579,5154,0,23.5,0,318,466,14,43,12,140,4040,725,323,12,0.965,1.4,1.47,"basic_hp;basic_hp;basic_mr;basic_hp;basic_hp;basic_mr;basic_mr;basic_armor;basic_power;basic_haste;basic_armor;basic_armor;basic_as;basic_hp"
88,0,334,152,2,bot1_4,Eggchanter,1,SUPPORT,magical,0,8,2,0.25,4475,2618,12503,3268,11.2,14,112,179,21,11,8,207,2057,369,233,101,0.697,0,0.21,"special_gw;basic_hp;basic_hp;basic_armor;basic_mr;basic_hp"
89,1,329,6,150,bot0_1,Tamer,0,MAGE,magical,3,9,3,0.67,9387,6690,7584,2328,31.3,10.9,280,399,24,12,9,184,2559,466,214,115,0.65,0.5,0.88,"special_lifesteal;basic_power;basic_power;basic_hp;basic_hp;basic_power;basic_haste;basic_mr"
89,1,329,6,150,bot1_1,Ironclad,1,TANK,physical,4,1,21,25,13422,7628,8229,0,23.8,0,252,537,36,24,11,55,3605,657,321,9,0.974,0.7,0.93,"basic_hp;basic_hp;special_gw;basic_mr;basic_armor;basic_mr;basic_hp;basic_armor;basic_hp;basic_power;basic_power;basic_mr"
89,1,329,6,150,bot0_2,Pyromancer,0,SLAYER,magical,2,8,4,0.75,9419,4290,7606,91,18.4,0.4,381,537,20,16,9,45,2470,450,233,96,0.709,0.4,0.56,"special_lifesteal;basic_power;basic_power;basic_hp;basic_hp;basic_haste;basic_power;basic_hp"
89,1,329,6,150,bot1_2,Hana,1,TANK,magical,10,2,12,11,12541,6476,7740,0,21.5,0,398,704,19,38,11,107,4082,744,302,27,0.917,1.8,0.84,"basic_hp;basic_hp;basic_hp;basic_mr;basic_mr;basic_hp;basic_armor;basic_haste;basic_hp;basic_hp;basic_power;basic_mr;basic_armor;basic_as"
89,1,329,6,150,bot0_3,Vanguard,0,FIGHTER,physical,0,6,6,1,12313,7052,10070,0,27.6,0,342,572,42,25,8,166,2216,404,255,74,0.775,0,0.7,"special_gw;basic_hp;basic_hp;basic_power;basic_armor;basic_mr;basic_as"
89,1,329,6,150,bot1_3,Jirina,1,FIGHTER,magical,5,2,14,9.5,10174,5215,6798,5277,17.1,17.3,363,487,36,20,10,133,3333,608,304,25,0.925,0.9,0.77,"special_lifesteal;basic_power;basic_hp;basic_power;basic_hp;special_gw;basic_hp;basic_mr;basic_armor;basic_power"
89,1,329,6,150,bot0_4,Quiller,0,SLAYER,physical,1,7,4,0.71,8978,4106,7235,242,17,1,221,431,30,19,8,218,2293,418,242,87,0.735,0.2,0.57,"special_lifesteal;basic_power;basic_power;basic_hp;basic_hp;basic_as;basic_armor"
89,1,329,6,150,bot1_4,Kratoma,1,SLAYER,physical,11,1,18,29,14928,9583,4584,541,29.1,1.6,297,550,30,27,12,47,4472,815,329,0,1,2,2.09,"special_lifesteal;basic_power;basic_hp;basic_power;basic_hp;basic_as;basic_power;basic_as;basic_mr;basic_hp;basic_as;basic_power;basic_armor;basic_as;basic_mr"
90,1,258,4,152,bot0_1,Bruiser,0,FIGHTER,physical,0,7,3,0.43,9390,5269,8285,259,30.1,1.5,304,753,24,20,7,17,1817,422,175,83,0.679,0,0.64,"special_lifesteal;basic_power;basic_hp;basic_as;basic_power;basic_mr"
90,1,258,4,152,bot1_1,Lynx,1,SLAYER,physical,2,2,12,7,9668,4026,3772,0,17.5,0,455,610,38,31,9,189,2514,585,230,28,0.89,0.5,1.07,"basic_hp;basic_hp;basic_armor;basic_hp;basic_hp;basic_armor;basic_armor;basic_hp"
90,1,258,4,152,bot0_2,Fusilier,0,SLAYER,physical,1,7,2,0.43,4606,2268,6532,108,13.1,0.6,249,445,20,6,8,116,1941,451,173,85,0.671,0.2,0.35,"special_lifesteal;basic_power;basic_hp;basic_power;basic_as;basic_hp"
90,1,258,4,152,bot1_2,Hana,1,TANK,magical,5,0,16,21,8341,4830,5487,0,18.7,0,326,464,17,31,10,189,3239,753,258,0,1,1.2,0.88,"basic_hp;basic_hp;basic_hp;basic_power;basic_hp;basic_armor;basic_armor;basic_power;basic_armor;basic_haste;basic_power"
90,1,258,4,152,bot0_3,Kratoma,0,SLAYER,physical,1,7,2,0.43,5723,2870,6505,99,16.8,0.6,158,307,11,8,8,151,2001,465,171,87,0.664,0.2,0.44,"special_lifesteal;basic_power;basic_hp;basic_power;basic_power;basic_as"
90,1,258,4,152,bot1_3,Reaper,1,SPLITPUSHER,magical,15,0,11,26,21640,12962,3680,760,50.2,2.9,976,1452,35,17,11,140,4015,933,258,0,1,3.5,3.52,"special_lifesteal;basic_power;basic_hp;basic_haste;basic_power;basic_power;basic_power;basic_hp;basic_armor;basic_power;basic_haste;basic_hp;basic_mr"
90,1,258,4,152,bot0_4,Volstrov,0,MAGE,magical,2,7,1,0.43,7222,3755,6993,145,22,0.9,199,276,14,15,8,235,2035,473,171,88,0.661,0.5,0.54,"special_lifesteal;basic_power;basic_power;basic_hp;basic_mr;basic_haste"
90,1,258,4,152,bot1_4,Jailer,1,TANK,magical,6,2,12,9,6283,4568,4164,0,19.4,0,287,384,18,17,10,77,3177,739,236,22,0.913,1.4,1.1,"basic_hp;basic_hp;basic_hp;basic_hp;basic_armor;basic_armor;basic_mr;basic_armor;basic_mr;basic_hp;basic_power"
91,0,291,150,27,bot0_1,Pyromancer,0,SLAYER,magical,4,1,18,22,12332,5012,5472,177,17.2,0.6,390,563,28,26,11,113,3363,693,291,0,1,0.8,0.92,"basic_hp;basic_hp;special_lifesteal;basic_power;basic_power;basic_hp;basic_power;basic_hp;basic_mr;basic_haste;basic_armor"
91,0,291,150,27,bot1_1,Oracle,1,MAGE,physical,0,6,1,0.17,7939,3065,7581,223,14.3,1,294,489,13,14,8,63,1838,379,215,76,0.739,0,0.4,"special_lifesteal;basic_power;basic_hp;basic_as;basic_armor;basic_mr"
91,0,291,150,27,bot0_2,Vanguard,0,FIGHTER,physical,8,0,13,21,18102,9626,5072,564,33.1,1.9,772,1413,45,28,11,127,3652,753,291,0,1,1.6,1.9,"special_lifesteal;basic_power;basic_power;basic_power;basic_hp;basic_as;basic_as;basic_power;basic_mr;basic_hp;basic_armor;basic_as"
91,0,291,150,27,bot1_2,Reaper,1,SPLITPUSHER,magical,0,5,0,0,6119,3162,5655,157,13.8,0.7,357,627,24,13,7,246,1771,365,230,61,0.789,0,0.56,"special_lifesteal;basic_power;basic_hp;basic_haste;basic_mr"
91,0,291,150,27,bot0_3,Doctor,0,SUPPORT,physical,3,1,18,21,5455,3832,7352,11765,13.6,41.8,143,225,17,19,10,301,3201,660,281,10,0.966,0.6,0.52,"special_gw;basic_hp;basic_hp;basic_mr;basic_power;basic_armor;basic_hp;basic_mr;basic_as;basic_power"
91,0,291,150,27,bot1_3,Cleric,1,SUPPORT,magical,1,7,2,0.43,6305,4443,8811,2701,21.5,13.1,292,348,32,27,8,215,2015,415,206,85,0.709,0.2,0.5,"special_heal_power;basic_hp;basic_mr;basic_armor;basic_haste;basic_hp"
91,0,291,150,27,bot0_4,Hana,0,TANK,magical,8,1,14,22,16895,10580,4592,0,36.4,0,570,976,13,34,11,74,3749,773,291,0,1,1.6,2.3,"basic_hp;basic_hp;basic_hp;basic_mr;basic_mr;basic_mr;basic_hp;basic_armor;basic_power;basic_armor;basic_mr;basic_haste;basic_hp"
91,0,291,150,27,bot1_4,Zephyr,1,SPLITPUSHER,magical,2,5,1,0.6,12067,9030,8947,316,40.2,1.4,389,642,25,26,8,86,2136,440,225,66,0.772,0.4,1.01,"special_lifesteal;basic_power;basic_power;basic_hp;basic_haste;basic_mr;basic_armor"
92,1,287,15,151,bot0_1,Fusilier,0,SLAYER,physical,0,6,4,0.67,10131,2907,6750,320,13.8,1.5,351,415,27,11,8,229,2029,423,211,76,0.735,0,0.43,"special_lifesteal;basic_hp;basic_power;basic_as;basic_mr;basic_hp"
92,1,287,15,151,bot1_1,Lynx,1,SLAYER,physical,11,2,9,10,9854,6173,4389,0,23.8,0,481,882,42,31,11,195,3870,808,259,28,0.902,2.3,1.41,"basic_hp;basic_hp;basic_hp;basic_power;basic_hp;basic_mr;basic_hp;basic_armor;basic_as;basic_power;basic_hp;basic_haste;basic_mr"
92,1,287,15,151,bot0_2,Zephyr,0,SPLITPUSHER,magical,2,5,4,1.2,7100,2769,7048,178,12.6,0.8,415,513,25,26,8,215,2290,478,219,68,0.762,0.4,0.39,"special_lifesteal;basic_hp;basic_power;basic_hp;basic_power;basic_mr;basic_haste"
92,1,287,15,151,bot1_2,Ironclad,1,TANK,physical,4,0,17,21,8919,7372,4460,0,25.7,0,362,525,31,16,10,203,3228,674,287,0,1,0.8,1.65,"special_gw;basic_hp;basic_hp;basic_hp;basic_mr;basic_hp;basic_armor;basic_mr;basic_armor;basic_mr"
92,1,287,15,151,bot0_3,Goliath,0,TANK,physical,2,6,4,1,11189,5690,9968,1146,27.5,5.5,277,363,25,16,9,69,2419,505,207,81,0.719,0.4,0.57,"basic_hp;basic_hp;basic_hp;basic_mr;basic_armor;basic_power;basic_as;basic_haste;basic_mr"
92,1,287,15,151,bot1_3,Summoner,1,MAGE,magical,5,2,16,10.5,6471,3958,3206,214,15.2,0.8,177,241,43,23,10,52,3352,700,261,26,0.909,1,1.23,"special_lifesteal;basic_hp;basic_hp;basic_hp;basic_power;basic_power;basic_haste;basic_mr;basic_hp;basic_hp;basic_armor"
92,1,287,15,151,bot0_4,Mage,0,MAGE,magical,2,6,3,0.83,10208,4384,7745,193,21.3,0.9,551,742,30,13,9,289,2414,504,206,82,0.715,0.4,0.57,"special_lifesteal;basic_power;basic_hp;basic_power;basic_haste;basic_hp;basic_hp"
92,1,287,15,151,bot1_4,Hana,1,TANK,magical,3,2,15,9,13753,8864,5096,0,33.2,0,313,741,15,29,10,139,2939,613,267,20,0.929,0.6,1.74,"special_gw;basic_hp;basic_hp;basic_hp;basic_hp;basic_power;basic_power;basic_mr;basic_hp"
93,1,275,17,151,bot0_1,Ironclad,0,TANK,physical,2,6,2,0.67,3871,2752,11129,0,13.9,0,278,333,18,12,8,54,2129,464,197,78,0.717,0.4,0.25,"basic_hp;basic_hp;basic_hp;basic_mr;basic_armor;basic_power;basic_as;basic_haste"
93,1,275,17,151,bot1_1,Reaper,1,SPLITPUSHER,magical,8,1,18,26,25117,17031,3285,726,64.1,2.7,671,1168,42,20,11,238,3863,842,266,10,0.965,1.7,5.18,"special_lifesteal;basic_power;basic_power;basic_power;basic_hp;basic_hp;basic_haste;basic_power;basic_hp;basic_mr;basic_power;basic_haste"
93,1,275,17,151,bot0_2,Quiller,0,SLAYER,physical,1,7,4,0.71,8962,3899,6788,199,19.9,1,242,386,22,16,8,44,2094,456,196,79,0.713,0.2,0.57,"special_lifesteal;basic_hp;basic_power;basic_as;basic_armor;basic_mr;basic_hp"
93,1,275,17,151,bot1_2,Lynx,1,SLAYER,physical,8,2,12,10,14388,6758,4670,490,25.7,1.9,406,750,48,38,11,344,3594,783,263,13,0.954,1.7,1.45,"special_lifesteal;basic_power;basic_hp;basic_power;basic_power;basic_as;basic_as;basic_armor;basic_power;basic_mr;basic_as"
93,1,275,17,151,bot0_3,Jirina,0,FIGHTER,magical,2,6,0,0.33,8194,3656,10421,1550,18.2,7.7,458,568,26,12,8,196,2021,440,201,74,0.731,0.4,0.35,"basic_hp;basic_hp;basic_power;basic_hp;basic_armor;basic_mr;basic_haste"
93,1,275,17,151,bot1_3,Fusilier,1,SLAYER,physical,6,2,15,10.5,11499,7052,3725,351,28.2,1.4,418,602,35,11,11,204,3479,758,250,25,0.908,1.3,1.89,"special_lifesteal;basic_power;basic_power;basic_power;basic_as;basic_hp;basic_as;basic_hp;basic_power;basic_armor;basic_as"
93,1,275,17,151,bot0_4,Volstrov,0,MAGE,magical,0,7,4,0.57,5174,2582,8012,0,13.8,0,177,290,14,11,8,125,1950,425,188,88,0.681,0,0.32,"basic_hp;basic_hp;basic_armor;basic_mr;basic_haste;basic_power;basic_hp"
93,1,275,17,151,bot1_4,Healer,1,SUPPORT,magical,4,0,16,20,6732,4040,3036,4632,14.7,16.8,145,207,46,9,10,164,3214,700,275,0,1,0.9,1.33,"basic_hp;basic_hp;basic_hp;basic_mr;basic_hp;basic_armor;basic_mr;basic_power;basic_hp;basic_haste;basic_armor"
94,1,220,2,150,bot0_1,Zephyr,0,SPLITPUSHER,magical,0,5,1,0.2,3396,984,7005,0,5.1,0,217,309,22,15,7,23,1548,423,195,25,0.886,0,0.14,"basic_hp;basic_hp;basic_power;basic_haste;basic_mr;basic_armor"
94,1,220,2,150,bot1_1,Hana,1,TANK,magical,1,0,17,18,11873,6185,2392,0,28.1,0,364,671,13,27,9,183,2558,698,220,0,1,0.3,2.59,"basic_hp;basic_hp;basic_mr;basic_mr;basic_power;basic_hp;basic_power;basic_haste;basic_as"
94,1,220,2,150,bot0_2,Jailer,0,TANK,magical,1,5,1,0.4,3800,2112,8393,0,13,0,215,351,14,10,7,281,1681,459,162,57,0.739,0.3,0.25,"basic_hp;basic_hp;basic_hp;basic_hp;basic_mr"
94,1,220,2,150,bot1_2,Mage,1,MAGE,magical,6,0,11,17,9737,5212,1086,383,23.7,1.7,359,416,46,19,10,129,3079,841,220,0,1,1.6,4.8,"special_lifesteal;basic_power;basic_hp;basic_mr;basic_hp;basic_power;basic_hp;basic_mr;basic_haste;basic_power"
94,1,220,2,150,bot0_3,Pyromancer,0,SLAYER,magical,1,6,1,0.33,5058,1848,7115,0,11.4,0,333,414,12,10,7,127,1702,465,162,57,0.738,0.3,0.26,"basic_hp;basic_hp;basic_power;basic_haste;basic_hp;basic_armor"
94,1,220,2,150,bot1_3,Bruiser,1,FIGHTER,physical,4,1,14,18,10632,6444,2094,0,31.4,0,531,818,34,23,10,2,2927,799,205,15,0.933,1.1,3.08,"special_gw;basic_hp;basic_hp;basic_hp;basic_mr;basic_mr;basic_power;basic_power;basic_as;basic_as"
94,1,220,2,150,bot0_4,Eggchanter,0,SUPPORT,magical,0,6,2,0.33,2080,1461,6865,1695,9.5,11,119,188,14,7,6,240,1515,414,154,66,0.698,0,0.21,"special_heal_power;basic_hp;basic_power;basic_haste"
94,1,220,2,150,bot1_4,Lynx,1,SLAYER,physical,11,1,9,20,17357,10641,2691,496,51.9,2.4,747,1400,34,26,10,141,3466,946,205,15,0.933,3,3.95,"special_lifesteal;basic_power;basic_power;basic_as;basic_as;basic_power;basic_hp;basic_power;basic_as;basic_hp;basic_hp"
95,1,233,2,151,bot0_1,Eggchanter,0,SUPPORT,magical,0,4,1,0.25,2523,1003,5726,2666,5.4,14.3,96,144,18,10,6,220,1520,391,186,47,0.799,0,0.18,"special_heal_power;basic_hp;basic_mr;basic_hp"
95,1,233,2,151,bot1_1,Summoner,1,MAGE,magical,3,2,11,7,4247,3294,2716,166,15.8,0.8,192,280,25,13,9,134,2559,659,209,24,0.895,0.8,1.21,"special_lifesteal;basic_power;basic_power;basic_power;basic_hp;basic_hp;basic_hp;basic_mr"
95,1,233,2,151,bot0_2,Kratoma,0,SLAYER,physical,0,6,2,0.33,7336,3180,6997,180,19.9,1.1,191,299,11,9,7,198,1723,444,160,73,0.686,0,0.45,"special_lifesteal;basic_power;basic_hp;basic_as;basic_mr"
95,1,233,2,151,bot1_2,Jailer,1,TANK,magical,3,0,15,18,12141,7451,3169,0,32,0,389,514,25,17,10,96,2821,727,233,0,1,0.8,2.35,"basic_hp;basic_hp;basic_hp;basic_mr;basic_armor;basic_hp;basic_mr;basic_power;basic_mr;basic_haste"
95,1,233,2,151,bot0_3,Pyromancer,0,SLAYER,magical,1,5,0,0.2,5917,1023,4793,72,6,0.4,380,413,16,11,7,220,1770,456,170,62,0.732,0.3,0.21,"special_lifesteal;basic_power;basic_power;basic_hp;basic_mr"
95,1,233,2,151,bot1_3,Oracle,1,MAGE,physical,5,0,5,10,8316,1811,1837,348,7.8,1.5,215,288,15,15,8,216,2541,654,233,0,1,1.3,0.99,"special_lifesteal;basic_power;basic_power;basic_hp;basic_hp;basic_as;basic_mr;basic_armor"
95,1,233,2,151,bot0_4,Cleric,0,SUPPORT,magical,1,6,1,0.33,4360,2166,8353,1246,13.5,7.8,249,303,17,13,7,107,1757,453,161,72,0.69,0.3,0.26,"basic_hp;basic_hp;basic_mr;basic_hp;basic_hp;basic_power"
95,1,233,2,151,bot1_4,Reaper,1,SPLITPUSHER,magical,10,0,8,18,20124,9103,1766,485,39.1,2.1,348,593,34,17,10,123,3348,862,233,0,1,2.6,5.15,"special_lifesteal;basic_power;basic_power;basic_hp;basic_hp;basic_power;basic_haste;basic_power;basic_mr;basic_armor;basic_haste"
96,0,262,150,0,bot0_1,Pyromancer,0,SLAYER,magical,6,0,15,21,8232,4544,1648,117,17.3,0.4,358,579,20,18,10,94,3344,765,262,0,1,1.4,2.76,"special_lifesteal;basic_power;basic_power;basic_hp;basic_power;basic_hp;basic_hp;basic_mr;basic_power;basic_haste;basic_armor"
96,0,262,150,0,bot1_1,Zephyr,1,SPLITPUSHER,magical,0,6,0,0,8511,3917,7553,206,19.2,1,334,635,22,20,6,287,1587,363,204,59,0.777,0,0.52,"special_lifesteal;basic_hp;basic_power;basic_hp"
96,0,262,150,0,bot0_2,Wanderer,0,SLAYER,physical,7,0,15,22,14433,9824,4503,270,37.5,1,518,1138,20,16,10,213,3488,798,262,0,1,1.6,2.18,"basic_hp;basic_hp;special_lifesteal;basic_mr;basic_as;basic_hp;basic_hp;basic_mr;basic_power;basic_as;basic_mr"
96,0,262,150,0,bot1_2,Lynx,1,SLAYER,physical,0,4,0,0,4740,1789,5181,76,8.3,0.4,344,568,31,27,7,146,1671,382,214,48,0.818,0,0.35,"special_lifesteal;basic_power;basic_as;basic_hp;basic_armor"
96,0,262,150,0,bot0_3,Doctor,0,SUPPORT,physical,6,0,17,23,8144,5711,1401,4458,21.8,17,238,367,26,12,10,102,3377,773,262,0,1,1.4,4.08,"special_gw;basic_hp;basic_mr;basic_hp;basic_hp;basic_mr;basic_hp;basic_armor;basic_mr;basic_power;basic_armor"
96,0,262,150,0,bot1_3,Eggchanter,1,SUPPORT,magical,0,6,0,0,3954,925,7797,1983,4.2,9.1,104,189,20,11,7,28,1628,373,218,44,0.832,0,0.12,"basic_hp;basic_hp;basic_hp;basic_armor;basic_armor;basic_mr"
96,0,262,150,0,bot0_4,Oracle,0,MAGE,physical,4,0,18,22,9517,5948,2604,323,22.7,1.2,424,495,19,19,10,7,3182,728,262,0,1,0.9,2.28,"special_lifesteal;basic_power;basic_power;basic_hp;basic_as;basic_hp;basic_as;basic_mr;basic_mr;basic_armor;basic_power"
96,0,262,150,0,bot1_4,Cleric,1,SUPPORT,magical,0,7,0,0,3308,1924,8419,1393,10.3,7.5,290,348,19,15,7,77,1627,372,186,76,0.711,0,0.23,"basic_hp;basic_hp;basic_armor;basic_armor;basic_mr;basic_power"
97,1,305,23,152,bot0_1,Zephyr,0,SPLITPUSHER,magical,3,6,5,1.33,15181,8396,6434,291,37.3,1.3,337,539,26,29,10,109,2734,538,225,80,0.738,0.6,1.3,"special_lifesteal;basic_power;basic_power;basic_hp;basic_haste;basic_armor;basic_mr;basic_power;basic_hp"
97,1,305,23,152,bot1_1,Quiller,1,SLAYER,physical,15,3,8,7.67,16534,9271,5726,494,32,1.7,389,890,41,26,11,186,4486,882,289,16,0.949,3,1.62,"special_lifesteal;basic_power;basic_power;basic_power;basic_as;basic_as;basic_power;basic_hp;basic_as;basic_power;basic_power;basic_hp;basic_hp;basic_armor"
97,1,305,23,152,bot0_2,Kratoma,0,SLAYER,physical,0,7,6,0.86,6803,3695,7816,189,17.6,0.9,200,390,14,11,10,26,2351,462,209,96,0.687,0,0.47,"special_lifesteal;basic_power;basic_hp;basic_as;basic_armor;basic_power;basic_hp;basic_mr"
97,1,305,23,152,bot1_2,Jirina,1,FIGHTER,magical,4,2,17,10.5,13451,8514,6246,3799,30.8,13.7,483,613,38,13,10,244,3319,653,277,28,0.907,0.8,1.36,"special_lifesteal;basic_power;basic_power;basic_power;basic_hp;basic_hp;basic_power;basic_haste;basic_hp;basic_hp"
97,1,305,23,152,bot0_3,Hana,0,TANK,magical,2,5,6,1.6,8981,5694,7983,0,23.7,0,439,691,9,33,10,196,2721,535,240,65,0.787,0.4,0.71,"special_gw;basic_hp;basic_armor;basic_mr;basic_hp;basic_hp;basic_hp;basic_hp"
97,1,305,23,152,bot1_3,Vanguard,1,FIGHTER,physical,4,2,13,8.5,10989,5662,5687,0,20.5,0,846,956,39,26,10,266,3041,598,276,29,0.904,0.8,1,"basic_hp;basic_hp;basic_hp;basic_power;basic_armor;basic_hp;basic_hp;basic_power;basic_mr;basic_as"
97,1,305,23,152,bot0_4,Wanderer,0,SLAYER,physical,3,6,5,1.33,9632,4839,7260,212,19.3,0.8,737,1360,12,11,10,82,2682,528,251,54,0.824,0.6,0.67,"special_lifesteal;basic_power;basic_power;basic_hp;basic_as;basic_armor;basic_mr;basic_hp;basic_as"
97,1,305,23,152,bot1_4,Eggchanter,1,SUPPORT,magical,1,1,21,22,5456,4079,7639,7445,14.1,25.7,149,229,34,17,11,131,3181,626,289,16,0.949,0.2,0.53,"basic_hp;basic_hp;basic_hp;basic_hp;basic_armor;basic_mr;basic_power;basic_hp;basic_armor;basic_mr;basic_haste"
98,1,311,5,151,bot0_1,Pyromancer,0,SLAYER,magical,4,5,1,1,12078,5013,7408,0,20.4,0,477,631,26,20,10,252,2677,517,246,65,0.79,0.8,0.68,"basic_hp;basic_hp;basic_hp;basic_power;basic_mr;basic_haste;basic_hp;basic_armor;basic_mr"
98,1,311,5,151,bot1_1,Ironclad,1,TANK,physical,6,1,13,19,13439,7326,5144,0,24.6,0,344,557,33,22,10,304,3379,652,297,14,0.956,1.2,1.42,"basic_hp;basic_hp;basic_mr;basic_hp;basic_hp;basic_mr;basic_armor;basic_hp;basic_power;basic_mr;basic_as"
98,1,311,5,151,bot0_2,Quiller,0,SLAYER,physical,0,5,5,1,7637,3953,5558,273,15.9,1.1,250,443,29,19,9,160,2235,431,248,62,0.799,0,0.71,"special_lifesteal;basic_power;basic_hp;basic_power;basic_as;basic_mr;basic_hp"
98,1,311,5,151,bot1_2,Eggchanter,1,SUPPORT,magical,3,0,14,17,8256,3765,5396,7382,12.1,23.7,163,239,33,16,10,342,3092,597,311,0,1,0.6,0.7,"basic_hp;basic_hp;basic_hp;basic_mr;basic_power;basic_mr;basic_mr;basic_hp;basic_armor;basic_power"
98,1,311,5,151,bot0_3,Summoner,0,MAGE,magical,0,5,4,0.8,4561,2808,5291,92,11.3,0.4,165,230,30,18,9,75,2200,425,248,63,0.796,0,0.53,"special_lifesteal;basic_power;basic_power;basic_hp;basic_power;basic_hp;basic_mr"
98,1,311,5,151,bot1_3,Zephyr,1,SPLITPUSHER,magical,2,3,9,3.67,9922,3950,6547,331,14.4,1.2,351,461,30,29,9,197,2622,506,274,37,0.881,0.4,0.6,"special_lifesteal;basic_power;basic_power;basic_hp;basic_power;basic_hp;basic_hp;basic_mr"
98,1,311,5,151,bot0_4,Volstrov,0,MAGE,magical,1,5,1,0.4,7942,3762,6623,0,15.3,0,227,451,16,16,9,179,2254,435,246,65,0.79,0.2,0.57,"basic_hp;basic_hp;basic_hp;basic_mr;basic_power;basic_haste;basic_armor;basic_as"
98,1,311,5,151,bot1_4,Reaper,1,SPLITPUSHER,magical,9,1,7,16,15460,6740,4999,0,22.8,0,380,563,41,23,10,127,3527,681,295,16,0.95,1.7,1.35,"basic_hp;basic_hp;basic_hp;basic_hp;basic_mr;basic_mr;basic_mr;basic_mr;basic_haste;basic_hp;basic_armor;basic_power"
99,1,264,0,152,bot0_1,Cleric,0,SUPPORT,magical,0,8,0,0,5051,2237,9660,1277,13,7.4,249,303,22,18,7,82,1682,382,171,92,0.65,0,0.23,"basic_hp;basic_hp;basic_hp;basic_armor;basic_armor;basic_mr"
99,1,264,0,152,bot1_1,Oracle,1,MAGE,physical,4,0,15,19,5512,3471,436,129,13.2,0.5,443,555,14,14,10,368,3068,697,264,0,1,0.9,7.96,"basic_hp;basic_hp;special_lifesteal;basic_mr;basic_hp;basic_mr;basic_as;basic_as;basic_mr"
99,1,264,0,152,bot0_2,Tamer,0,MAGE,magical,0,8,0,0,6174,1277,7251,1358,7.5,8,128,251,18,7,8,237,1787,406,169,94,0.642,0,0.18,"special_lifesteal;basic_power;basic_hp;basic_haste;basic_power"
99,1,264,0,152,bot1_2,Bruiser,1,FIGHTER,physical,3,0,17,20,6650,3922,2705,0,14.9,0,327,440,38,30,10,374,3074,699,264,0,1,0.7,1.45,"basic_hp;basic_hp;basic_hp;basic_mr;basic_mr;basic_power;basic_power;basic_as;basic_as;basic_mr"
99,1,264,0,152,bot0_3,Eggchanter,0,SUPPORT,magical,0,7,0,0,1798,733,8579,1185,4.1,6.6,105,131,13,7,7,49,1649,375,180,84,0.682,0,0.09,"basic_hp;basic_hp;basic_hp;basic_armor;basic_armor;basic_power"
99,1,264,0,152,bot1_3,Reaper,1,SPLITPUSHER,magical,16,0,12,28,27070,14288,1634,445,54.1,1.7,624,1026,41,22,11,331,3906,888,264,0,1,3.6,8.74,"special_lifesteal;basic_power;basic_power;basic_hp;basic_power;basic_haste;basic_mr;basic_hp;basic_haste;basic_power;basic_as;basic_power"
99,1,264,0,152,bot0_4,Pyromancer,0,SLAYER,magical,0,7,0,0,6295,893,6966,65,5,0.4,208,355,16,12,7,180,1730,393,179,85,0.679,0,0.13,"special_lifesteal;basic_power;basic_hp;basic_armor;basic_power"
99,1,264,0,152,bot1_4,Lynx,1,SLAYER,physical,7,0,14,21,18608,9111,1932,0,34.5,0,544,1030,45,33,11,193,3443,783,264,0,1,1.6,4.72,"special_gw;basic_hp;basic_hp;basic_mr;basic_hp;basic_power;basic_as;basic_mr;basic_power;basic_as;basic_hp"