gameIndex,winner,gameDuration,score0,score1,id,className,team,role,dmgType,kills,deaths,assists,kda,dmgDealtTotal,dmgDealtToHeroes,dmgTaken,hpHealed,dpsToHeroes,hpsHealed,maxBurst1s,maxBurst3s,spellCastsQ,spellCastsE,level,gold,totalGold,goldPerMin,timeAlive,timeDead,survivalRate,killsPerMin,dmgEfficiency,items
0,1,238,2,150,bot0_1,Jailer,0,TANK,magical,1,4,1,0.5,7138,4087,5789,0,21.6,0,347,555,17,17,7,251,1801,454,189,49,0.795,0.3,0.71,"special_gw;basic_hp;basic_hp;basic_mr;basic_armor"
0,1,238,2,150,bot1_1,Reaper,1,SPLITPUSHER,magical,8,0,8,16,13682,8620,3780,531,36.2,2.2,498,735,34,17,9,44,3144,792,238,0,1,2,2.28,"special_lifesteal;basic_power;basic_power;basic_hp;basic_power;basic_hp;basic_power;basic_hp;basic_haste;basic_power"
0,1,238,2,150,bot0_2,Pyromancer,0,SLAYER,magical,0,6,2,0.33,6684,2671,5577,76,15.9,0.5,274,465,15,11,7,200,1725,435,168,70,0.706,0,0.48,"special_lifesteal;basic_power;basic_hp;basic_mr;basic_haste"
0,1,238,2,150,bot1_2,Eggchanter,1,SUPPORT,magical,1,0,15,16,4532,1976,572,4128,8.3,17.3,110,168,29,16,8,216,2416,609,238,0,1,0.3,3.45,"basic_hp;basic_hp;basic_mr;basic_power;basic_hp;basic_mr;basic_hp;basic_power"
0,1,238,2,150,bot0_3,Jirina,0,FIGHTER,magical,0,4,1,0.25,6713,2769,7257,1240,14,6.3,260,401,23,9,7,58,1708,430,198,40,0.83,0,0.38,"basic_hp;basic_hp;basic_hp;basic_mr;basic_power;basic_hp"
0,1,238,2,150,bot1_3,Bruiser,1,FIGHTER,physical,6,1,7,13,9404,6707,4176,351,29.7,1.6,313,453,33,20,9,104,2754,694,225,13,0.947,1.5,1.61,"special_lifesteal;basic_power;basic_hp;basic_power;basic_as;basic_mr;basic_hp;basic_hp;basic_as"
0,1,238,2,150,bot0_4,Goliath,0,TANK,physical,1,4,0,0.25,3402,2294,7539,640,12.1,3.4,275,378,22,9,7,142,1742,439,189,49,0.795,0.3,0.3,"basic_hp;basic_hp;basic_hp;basic_mr;basic_armor;basic_mr"
0,1,238,2,150,bot1_4,Hana,1,TANK,magical,3,1,15,18,8733,6960,5650,0,29.2,0,250,460,17,30,9,30,2680,675,238,0,1,0.8,1.23,"basic_hp;basic_hp;basic_mr;basic_hp;basic_armor;basic_mr;basic_armor;basic_haste;basic_haste;basic_power"
1,1,282,12,152,bot0_1,Ironclad,0,TANK,physical,1,8,2,0.38,5649,2924,13394,0,13.3,0,207,292,18,14,8,183,2083,444,220,62,0.781,0.2,0.22,"basic_hp;basic_hp;basic_hp;basic_mr;basic_armor;basic_hp;basic_power"
1,1,282,12,152,bot1_1,Reaper,1,SPLITPUSHER,magical,16,0,13,29,19568,15604,5344,771,55.4,2.7,838,1266,46,24,11,103,4528,964,282,0,1,3.4,2.92,"special_lifesteal;basic_power;basic_hp;basic_power;basic_hp;basic_haste;basic_power;basic_hp;basic_power;basic_haste;basic_armor;basic_armor;basic_mr;basic_mr;basic_power"
1,1,282,12,152,bot0_2,Goliath,0,TANK,physical,1,7,1,0.29,5521,3024,11689,871,15.1,4.3,233,337,23,14,8,47,1972,420,200,82,0.711,0.2,0.26,"basic_hp;basic_hp;basic_mr;basic_hp;basic_mr;basic_armor;basic_hp"
1,1,282,12,152,bot1_2,Eggchanter,1,SUPPORT,magical,6,0,20,26,5410,3680,1878,6145,13.1,21.8,136,198,32,17,11,24,3624,772,282,0,1,1.3,1.96,"special_gw;basic_hp;basic_hp;basic_hp;basic_armor;basic_armor;basic_power;basic_armor;basic_haste;basic_hp;basic_hp;basic_mr"
1,1,282,12,152,bot0_3,Lynx,0,SLAYER,physical,1,8,2,0.38,9070,4559,7917,189,21.4,0.9,462,624,29,26,9,18,2118,451,213,69,0.755,0.2,0.58,"special_lifesteal;basic_power;basic_power;basic_as;basic_hp;basic_power;basic_mr"
1,1,282,12,152,bot1_3,Jailer,1,TANK,magical,4,1,15,19,9555,5835,3683,0,21.9,0,323,444,28,24,10,109,3059,651,266,16,0.945,0.9,1.58,"basic_hp;basic_hp;basic_armor;basic_power;basic_armor;basic_hp;basic_power;basic_haste;basic_haste;basic_armor;basic_mr"
1,1,282,12,152,bot0_4,Quiller,0,SLAYER,physical,0,6,3,0.5,9249,3413,4650,153,16.4,0.7,247,428,24,17,8,127,1977,421,208,74,0.737,0,0.73,"special_lifesteal;basic_power;basic_power;basic_as;basic_power;basic_hp"
1,1,282,12,152,bot1_4,Wanderer,1,SLAYER,physical,3,2,20,11.5,16349,11178,4993,361,43.6,1.4,909,1638,22,16,10,253,3153,671,256,25,0.91,0.6,2.24,"special_lifesteal;basic_power;basic_power;basic_hp;basic_hp;basic_as;basic_armor;basic_power;basic_haste;basic_as"
2,0,376,152,24,bot0_1,Hana,0,TANK,magical,6,3,18,8,14509,10402,8891,0,28.4,0,463,639,21,45,11,263,3888,621,366,10,0.974,1,1.17,"basic_hp;basic_hp;basic_hp;basic_armor;basic_mr;basic_armor;basic_armor;basic_mr;basic_hp;basic_haste;basic_mr;basic_power;basic_armor"
2,0,376,152,24,bot1_1,Kratoma,1,SLAYER,physical,2,7,4,0.86,14013,8003,9729,271,28.4,1,272,506,22,21,10,83,2683,428,282,94,0.751,0.3,0.82,"special_lifesteal;basic_power;basic_power;basic_as;basic_as;basic_hp;basic_armor;basic_mr;basic_hp"
2,0,376,152,24,bot0_2,Lynx,0,SLAYER,physical,13,3,9,7.33,20773,12493,6238,507,37.8,1.5,576,960,60,44,12,243,4518,722,331,45,0.881,2.1,2,"special_lifesteal;basic_power;basic_power;basic_power;basic_power;basic_as;basic_as;basic_as;basic_hp;basic_power;basic_power;basic_armor;basic_hp;basic_armor"
2,0,376,152,24,bot1_2,Quiller,1,SLAYER,physical,2,7,4,0.86,13384,7382,8343,347,26.1,1.2,300,493,38,25,9,215,2665,426,283,93,0.754,0.3,0.88,"special_lifesteal;basic_power;basic_power;basic_as;basic_power;basic_power;basic_hp;basic_as"
2,0,376,152,24,bot0_3,Jirina,0,FIGHTER,magical,3,2,19,11,12906,8921,7122,5113,25.5,14.6,444,545,42,18,11,145,3520,562,350,25,0.933,0.5,1.25,"special_gw;basic_hp;basic_hp;basic_hp;basic_armor;basic_hp;basic_armor;basic_power;basic_armor;basic_power;basic_hp"
2,0,376,152,24,bot1_3,Goliath,1,TANK,physical,4,6,4,1.33,10340,7542,13182,1700,25.8,5.8,349,399,34,23,10,248,2923,467,292,84,0.777,0.6,0.57,"basic_hp;basic_hp;basic_hp;basic_hp;basic_armor;basic_mr;basic_as;basic_armor;basic_power;basic_haste"
2,0,376,152,24,bot0_4,Ironclad,0,TANK,physical,3,1,20,23,9460,7027,8225,0,19.5,0,502,756,37,23,11,249,3599,575,361,15,0.961,0.5,0.85,"basic_hp;basic_hp;basic_hp;basic_armor;basic_mr;basic_armor;basic_hp;basic_power;basic_armor;basic_as;basic_hp;basic_mr"
2,0,376,152,24,bot1_4,Cleric,1,SUPPORT,magical,1,5,8,1.8,8290,4854,9899,7573,16,24.9,279,339,45,33,10,55,2755,440,304,72,0.808,0.2,0.49,"special_gw;basic_hp;basic_hp;basic_hp;basic_hp;basic_armor;basic_armor;basic_mr;basic_power"
3,1,351,43,150,bot0_1,Jailer,0,TANK,magical,1,6,3,0.67,8265,4312,10513,0,15.4,0,439,519,25,18,9,210,2385,408,280,71,0.798,0.2,0.41,"basic_hp;basic_hp;basic_hp;basic_hp;basic_armor;basic_mr;basic_armor;basic_haste"
3,1,351,43,150,bot1_1,Hana,1,TANK,magical,3,1,15,18,11044,6234,7623,0,17.8,0,219,505,19,38,10,108,3158,540,351,0,1,0.5,0.82,"basic_hp;basic_hp;basic_hp;basic_mr;basic_hp;basic_mr;basic_armor;basic_power;basic_mr;basic_armor;basic_armor"
3,1,351,43,150,bot0_2,Doctor,0,SUPPORT,physical,2,6,5,1.17,4346,3237,7579,1543,12.1,5.8,202,244,21,14,9,166,2616,448,267,84,0.761,0.3,0.43,"special_heal_power;basic_hp;basic_hp;basic_hp;basic_hp;basic_armor;basic_mr;basic_armor"
3,1,351,43,150,bot1_2,Oracle,1,MAGE,physical,6,2,15,10.5,13787,9801,6030,331,30.4,1,421,555,23,22,10,148,3598,616,322,28,0.919,1,1.63,"special_lifesteal;special_gw;basic_power;basic_power;basic_hp;basic_as;basic_hp;basic_power;basic_as;basic_mr;basic_mr"
3,1,351,43,150,bot0_3,Volstrov,0,MAGE,magical,1,7,6,1,15558,8842,9129,353,33.4,1.3,274,474,24,21,10,264,2639,451,265,86,0.755,0.2,0.97,"special_lifesteal;basic_power;basic_hp;basic_haste;basic_power;basic_armor;basic_power;basic_hp"
3,1,351,43,150,bot1_3,Quiller,1,SLAYER,physical,9,1,13,22,21284,14289,5247,647,40.8,1.8,308,712,56,31,11,242,4017,687,351,0,1,1.5,2.72,"special_lifesteal;basic_power;basic_power;basic_power;basic_as;basic_hp;basic_as;basic_hp;basic_as;basic_mr;basic_hp;basic_mr;basic_armor"
3,1,351,43,150,bot0_4,Vanguard,0,FIGHTER,physical,3,3,2,1.67,12641,6299,10260,0,19.7,0,505,766,46,29,10,264,2764,473,320,30,0.914,0.5,0.61,"basic_hp;basic_hp;basic_hp;basic_hp;basic_armor;basic_hp;basic_mr;basic_as;basic_power"
3,1,351,43,150,bot1_4,Eggchanter,1,SUPPORT,magical,4,3,17,7,7322,4466,7128,7179,13.1,21.1,148,230,37,19,11,2,3452,591,341,10,0.972,0.7,0.63,"special_gw;basic_hp;basic_mr;basic_hp;basic_hp;basic_armor;basic_hp;basic_mr;basic_hp;basic_hp;basic_armor"
4,1,303,10,151,bot0_1,Ironclad,0,TANK,physical,0,5,1,0.2,7715,3554,11978,0,14.7,0,421,475,22,16,8,39,1889,373,242,61,0.797,0,0.3,"basic_hp;basic_hp;basic_hp;basic_mr;basic_power;basic_mr;basic_as"
4,1,303,10,151,bot1_1,Summoner,1,MAGE,magical,2,0,17,19,6935,5327,2465,122,17.6,0.4,187,265,52,26,10,33,2983,590,303,0,1,0.4,2.16,"special_lifesteal;basic_power;basic_power;basic_hp;basic_mr;basic_hp;basic_hp;basic_haste;basic_power;basic_haste"
4,1,303,10,151,bot0_2,Healer,0,SUPPORT,magical,0,6,1,0.17,5930,3438,8695,3117,13.7,12.4,145,178,36,15,8,89,1939,383,251,53,0.826,0,0.4,"basic_hp;basic_hp;basic_mr;basic_hp;basic_haste;basic_mr;basic_power"
4,1,303,10,151,bot1_2,Jailer,1,TANK,magical,9,1,11,20,10740,8743,5111,0,29.4,0,310,527,33,26,10,225,3700,732,298,6,0.981,1.8,1.71,"basic_hp;basic_hp;basic_hp;basic_hp;basic_mr;basic_armor;basic_mr;basic_mr;basic_hp;basic_armor;basic_hp;basic_haste"
4,1,303,10,151,bot0_3,Bruiser,0,FIGHTER,physical,1,4,0,0.25,8131,4710,7953,0,17.8,0,410,466,36,30,8,206,2031,402,265,38,0.874,0.2,0.59,"basic_hp;basic_hp;basic_mr;basic_power;basic_as;basic_haste;basic_hp"
4,1,303,10,151,bot1_3,Cleric,1,SUPPORT,magical,6,0,14,20,8787,6063,3670,8269,20,27.3,327,387,53,42,11,164,3464,685,303,0,1,1.2,1.65,"basic_hp;basic_hp;basic_hp;basic_mr;basic_mr;basic_hp;basic_mr;basic_armor;basic_armor;basic_haste;basic_power;basic_armor"
4,1,303,10,151,bot0_4,Pyromancer,0,SLAYER,magical,0,6,1,0.17,8928,3257,5742,126,14.3,0.6,427,582,19,13,9,117,2042,404,228,75,0.752,0,0.57,"special_lifesteal;basic_power;basic_power;basic_power;basic_power;basic_hp"
4,1,303,10,151,bot1_4,Jirina,1,FIGHTER,magical,4,0,16,20,12760,8238,5065,3717,27.2,12.3,440,562,45,15,10,15,3215,636,303,0,1,0.8,1.63,"basic_hp;basic_hp;basic_hp;basic_mr;basic_power;basic_power;basic_mr;basic_armor;basic_haste;basic_mr;basic_armor;basic_as"
5,1,423,92,151,bot0_1,Pyromancer,0,SLAYER,magical,8,7,14,3.14,24147,12879,11315,352,33.3,0.9,595,760,44,37,13,108,4533,643,386,36,0.914,1.1,1.14,"special_lifesteal;basic_power;basic_power;basic_hp;basic_power;basic_power;basic_haste;basic_hp;basic_armor;basic_haste;basic_hp;basic_power;basic_armor;basic_mr;basic_mr"
5,1,423,92,151,bot1_1,Bruiser,1,FIGHTER,physical,4,6,15,3.17,11927,9282,12144,393,28.3,1.2,412,508,42,37,11,191,3641,517,328,95,0.776,0.6,0.76,"special_lifesteal;basic_power;basic_hp;basic_as;basic_mr;basic_armor;basic_power;basic_hp;basic_as;basic_hp;basic_armor;basic_mr"
5,1,423,92,151,bot0_2,Healer,0,SUPPORT,magical,3,3,20,7.67,11793,8697,8793,12420,21.9,31.3,157,219,79,25,13,331,4206,597,397,25,0.94,0.4,0.99,"special_gw;basic_hp;basic_armor;basic_mr;basic_power;basic_haste;basic_hp;basic_armor;basic_hp;basic_hp;basic_armor;basic_hp;basic_mr"
5,1,423,92,151,bot1_2,Lynx,1,SLAYER,physical,7,7,7,2,17076,12468,11000,442,38.9,1.4,610,782,50,43,11,220,3670,521,320,102,0.758,1,1.13,"special_lifesteal;basic_power;basic_hp;basic_power;basic_as;basic_armor;basic_hp;basic_mr;basic_as;basic_armor;basic_mr;basic_power"
5,1,423,92,151,bot0_3,Quiller,0,SLAYER,physical,5,6,17,3.67,20406,11436,7774,554,34.1,1.7,292,483,47,26,12,63,4113,584,336,87,0.794,0.7,1.47,"special_lifesteal;basic_power;basic_power;basic_hp;basic_power;basic_as;basic_as;basic_hp;basic_hp;basic_armor;basic_mr;basic_as;basic_mr;basic_armor"
5,1,423,92,151,bot1_3,Eggchanter,1,SUPPORT,magical,3,4,14,4.25,8924,5679,11316,8103,15.7,22.4,149,223,40,18,11,189,3514,499,362,61,0.857,0.4,0.5,"special_heal_power;basic_hp;basic_mr;basic_hp;basic_hp;basic_armor;basic_mr;basic_armor;basic_hp;basic_mr;basic_armor"
5,1,423,92,151,bot0_4,Vanguard,0,FIGHTER,physical,7,3,15,7.33,18340,10178,13362,0,26.3,0,793,957,67,40,13,250,4400,625,387,36,0.915,1,0.76,"special_gw;basic_hp;basic_hp;basic_power;basic_power;basic_hp;basic_hp;basic_hp;basic_armor;basic_mr;basic_as;basic_armor;basic_mr;basic_armor"
5,1,423,92,151,bot1_4,Jirina,1,FIGHTER,magical,5,6,10,2.5,16815,10642,11742,4240,31.9,12.7,470,537,50,17,11,93,3593,510,334,89,0.79,0.7,0.91,"basic_hp;basic_hp;basic_power;basic_mr;basic_armor;basic_power;basic_haste;basic_hp;basic_as;basic_armor;basic_mr;basic_haste;basic_hp"
6,1,235,3,151,bot0_1,Ironclad,0,TANK,physical,0,4,3,0.75,4534,2783,6988,0,15,0,297,349,16,11,7,172,1697,434,185,50,0.788,0,0.4,"basic_hp;basic_hp;basic_armor;basic_power;basic_as;basic_mr"
6,1,235,3,151,bot1_1,Quiller,1,SLAYER,physical,7,1,13,20,10674,7962,1191,130,35.5,0.6,322,622,36,20,10,118,3218,822,224,11,0.954,1.8,6.69,"special_lifesteal;basic_power;basic_as;basic_power;basic_as;basic_power;basic_hp;basic_power;basic_as;basic_power"
6,1,235,3,151,bot0_2,Zephyr,0,SPLITPUSHER,magical,1,3,1,0.67,5437,2713,5526,130,13.6,0.7,398,550,21,22,7,140,1690,432,200,35,0.85,0.3,0.49,"special_lifesteal;basic_power;basic_power;basic_hp;basic_armor"
6,1,235,3,151,bot1_2,Goliath,1,TANK,physical,1,0,19,20,7732,6350,7468,1414,27,6,271,320,28,19,9,157,2682,685,235,0,1,0.3,0.85,"basic_hp;basic_hp;basic_hp;basic_hp;basic_hp;basic_mr;basic_mr;basic_armor;basic_power"
6,1,235,3,151,bot0_3,Volstrov,0,MAGE,magical,2,6,1,0.5,6408,4193,6319,121,25.9,0.7,195,346,12,10,7,137,1912,489,162,73,0.688,0.5,0.66,"special_lifesteal;basic_power;basic_hp;basic_armor;basic_haste;basic_as"
6,1,235,3,151,bot1_3,Kratoma,1,SLAYER,physical,10,1,7,17,8032,4997,2797,259,22.4,1.2,224,434,17,18,10,143,3368,861,223,12,0.95,2.6,1.79,"special_lifesteal;basic_power;basic_hp;basic_power;basic_hp;basic_as;basic_mr;basic_hp;basic_power;basic_as;basic_mr"
6,1,235,3,151,bot0_4,Kratoma,0,SLAYER,physical,0,7,2,0.29,6942,5349,6768,0,32.4,0,215,399,11,10,6,68,1593,407,165,70,0.702,0,0.79,"special_gw;basic_hp;basic_power;basic_armor;basic_as"
6,1,235,3,151,bot1_4,Doctor,1,SUPPORT,physical,2,1,16,18,4629,3812,5530,8734,16.9,38.8,121,194,14,16,9,230,2630,672,225,10,0.958,0.5,0.69,"special_heal_power;basic_hp;basic_hp;basic_mr;basic_mr;basic_armor;basic_hp;basic_armor"
7,0,301,150,17,bot0_1,Healer,0,SUPPORT,magical,8,0,15,23,6974,5409,4187,6196,18,20.6,160,220,58,17,11,262,3787,754,301,0,1,1.6,1.29,"special_gw;basic_hp;basic_hp;basic_hp;basic_mr;basic_mr;basic_armor;basic_power;basic_hp;basic_mr;basic_haste;basic_armor"
7,0,301,150,17,bot1_1,Hana,1,TANK,magical,0,7,4,0.57,7337,4150,10550,0,18.3,0,262,371,8,27,8,117,2042,407,227,74,0.754,0,0.39,"basic_hp;basic_hp;basic_mr;basic_hp;basic_hp;basic_armor;basic_mr"
7,0,301,150,17,bot0_2,Volstrov,0,MAGE,magical,2,1,18,20,11562,5814,4567,413,19.3,1.4,264,591,7,19,10,48,2998,597,301,0,1,0.4,1.27,"special_lifesteal;basic_power;basic_hp;basic_hp;basic_power;basic_mr;basic_mr;basic_hp;basic_haste;basic_power"
7,0,301,150,17,bot1_2,Jailer,1,TANK,magical,0,8,4,0.5,8865,4895,10007,0,21.8,0,357,591,18,19,9,20,2120,422,224,77,0.744,0,0.49,"special_gw;basic_hp;basic_mr;basic_armor;basic_hp;basic_power;basic_hp"
7,0,301,150,17,bot0_3,Summoner,0,MAGE,magical,8,2,16,12,9000,6475,5693,347,22.2,1.2,205,291,47,23,11,3,3828,762,291,10,0.967,1.6,1.14,"special_lifesteal;basic_power;basic_power;basic_hp;basic_power;basic_hp;basic_mr;basic_hp;basic_mr;basic_haste;basic_hp;basic_armor;basic_mr"
7,0,301,150,17,bot1_3,Pyromancer,1,SLAYER,magical,3,5,2,1,7134,1660,5415,93,7.1,0.4,234,359,16,14,9,55,2455,489,233,68,0.773,0.6,0.31,"special_lifesteal;basic_power;basic_power;basic_hp;basic_hp;basic_mr;basic_mr;basic_hp"
7,0,301,150,17,bot0_4,Quiller,0,SLAYER,physical,9,2,15,12,18545,8516,4622,552,29.5,1.9,314,724,41,27,11,31,3881,773,289,13,0.958,1.8,1.84,"special_lifesteal;basic_power;basic_power;basic_as;basic_power;basic_hp;basic_as;basic_hp;basic_as;basic_hp;basic_mr;basic_power;basic_mr"
7,0,301,150,17,bot1_4,Fusilier,1,SLAYER,physical,2,7,3,0.71,15207,6963,6259,235,33.1,1.1,307,583,28,12,9,11,2361,470,211,91,0.699,0.4,1.11,"special_lifesteal;basic_power;basic_power;basic_as;basic_hp;basic_mr;basic_armor;basic_power"
8,0,235,152,2,bot0_1,Ironclad,0,TANK,physical,1,1,14,15,6745,4749,7012,0,20.2,0,350,445,25,20,9,122,2397,613,235,0,1,0.3,0.68,"basic_hp;basic_hp;basic_hp;basic_hp;basic_mr;basic_armor;basic_hp;basic_mr"
8,0,235,152,2,bot1_1,Quiller,1,SLAYER,physical,0,8,2,0.25,6297,3463,6681,173,22.3,1.1,204,408,18,13,6,45,1595,408,155,79,0.662,0,0.52,"special_lifesteal;basic_power;basic_hp;basic_as;basic_power"
8,0,235,152,2,bot0_2,Fusilier,0,SLAYER,physical,10,1,12,22,14902,9475,1698,434,43,2,332,630,41,10,10,103,3303,844,220,15,0.938,2.6,5.58,"special_lifesteal;basic_power;basic_power;basic_as;basic_power;basic_hp;basic_as;basic_mr;basic_as;basic_hp;basic_armor"
8,0,235,152,2,bot1_2,Bruiser,1,FIGHTER,physical,0,6,2,0.33,3807,2212,6378,104,13.2,0.6,202,264,22,18,6,58,1583,405,167,67,0.713,0,0.35,"special_lifesteal;basic_power;basic_hp;basic_armor;basic_as"
8,0,235,152,2,bot0_3,Vanguard,0,FIGHTER,physical,5,0,13,18,8854,4579,3897,0,19.5,0,376,506,38,26,9,363,2888,738,235,0,1,1.3,1.18,"basic_hp;basic_hp;basic_hp;basic_power;basic_hp;basic_armor;basic_power;basic_hp;basic_mr"
8,0,235,152,2,bot1_3,Mage,1,MAGE,magical,2,7,0,0.29,5852,3978,6926,115,22.7,0.7,461,496,25,11,7,47,1822,466,175,59,0.747,0.5,0.57,"special_lifesteal;basic_power;basic_hp;basic_armor;basic_haste;basic_mr"
8,0,235,152,2,bot0_4,Wanderer,0,SLAYER,physical,11,0,10,21,11564,8179,3429,314,34.8,1.3,530,1178,17,13,10,250,3500,895,235,0,1,2.8,2.39,"special_lifesteal;basic_power;basic_hp;basic_power;basic_power;basic_hp;basic_as;basic_mr;basic_hp;basic_as;basic_as"
8,0,235,152,2,bot1_4,Healer,1,SUPPORT,magical,0,6,2,0.33,4167,3747,7835,2983,22.1,17.6,150,184,24,12,6,37,1562,399,170,65,0.723,0,0.48,"basic_hp;basic_hp;basic_armor;basic_power;basic_haste;basic_as"
9,1,282,22,151,bot0_1,Cleric,0,SUPPORT,magical,0,7,1,0.14,5037,2623,8597,1141,12.6,5.5,209,209,22,17,7,224,1774,378,208,74,0.736,0,0.31,"basic_hp;basic_hp;basic_armor;basic_armor;basic_mr;basic_haste"
9,1,282,22,151,bot1_1,Wanderer,1,SLAYER,physical,3,0,15,18,14982,9747,3525,316,34.6,1.1,563,1057,19,19,9,205,2905,618,282,0,1,0.6,2.77,"special_lifesteal;basic_power;basic_power;basic_power;basic_as;basic_as;basic_hp;basic_as;basic_hp"
9,1,282,22,151,bot0_2,Bruiser,0,FIGHTER,physical,0,5,1,0.2,5214,2577,6265,135,11.6,0.6,397,617,31,23,7,192,1717,365,221,60,0.785,0,0.41,"special_lifesteal;basic_power;basic_as;basic_hp;basic_armor"
9,1,282,22,151,bot1_2,Quiller,1,SLAYER,physical,4,0,13,17,14140,5216,2055,449,18.5,1.6,311,626,41,21,9,211,2961,630,282,0,1,0.9,2.54,"special_lifesteal;basic_power;basic_power;basic_power;basic_as;basic_power;basic_as;basic_as;basic_hp"
9,1,282,22,151,bot0_3,Goliath,0,TANK,physical,0,5,1,0.2,4851,1745,8923,830,7.9,3.8,162,272,27,13,7,168,1768,376,220,61,0.782,0,0.2,"basic_hp;basic_hp;basic_hp;basic_armor;basic_mr;basic_armor"
9,1,282,22,151,bot1_3,Doctor,1,SUPPORT,physical,3,1,15,18,3637,2758,3123,6080,10.2,22.6,215,295,17,13,10,265,2965,631,269,13,0.955,0.6,0.88,"special_gw;basic_hp;basic_armor;basic_hp;basic_armor;basic_hp;basic_hp;basic_mr;basic_power"
9,1,282,22,151,bot0_4,Vanguard,0,FIGHTER,physical,1,5,0,0.2,5262,1808,6790,55,8.2,0.2,190,275,34,12,7,255,1805,384,220,62,0.782,0.2,0.27,"special_gw;special_lifesteal;basic_hp;basic_power"
9,1,282,22,151,bot1_4,Tamer,1,MAGE,magical,12,0,8,20,15007,10321,2373,3227,36.6,11.5,283,537,37,11,11,235,3560,758,282,0,1,2.6,4.35,"special_lifesteal;basic_power;basic_power;basic_hp;basic_power;basic_hp;basic_hp;basic_armor;basic_power;basic_hp;basic_haste"
10,1,376,53,150,bot0_1,Vanguard,0,FIGHTER,physical,2,5,9,2.2,15327,7723,11701,0,25.1,0,488,604,43,34,10,139,2914,465,308,68,0.818,0.3,0.66,"basic_hp;basic_hp;basic_hp;basic_power;basic_power;basic_armor;basic_mr;basic_hp;basic_hp;basic_as"
10,1,376,53,150,bot1_1,Fusilier,1,SLAYER,physical,6,3,15,7,26066,11303,4607,652,33.9,2,424,803,53,19,12,162,4087,652,334,42,0.888,1,2.45,"special_lifesteal;basic_power;basic_power;basic_as;basic_power;basic_hp;basic_as;basic_power;basic_armor;basic_as;basic_mr;basic_power;basic_as"
10,1,376,53,150,bot0_2,Lynx,0,SLAYER,physical,8,7,6,2,13040,8574,8003,357,30.3,1.3,469,887,45,35,10,166,3616,577,283,93,0.752,1.3,1.07,"special_lifesteal;basic_power;basic_hp;basic_as;basic_armor;basic_mr;basic_power;basic_hp;basic_power;basic_as;basic_armor;basic_mr"
10,1,376,53,150,bot1_2,Cleric,1,SUPPORT,magical,3,4,15,4.5,8479,4551,6902,5358,14.4,16.9,330,390,34,29,11,241,3466,553,316,59,0.842,0.5,0.66,"special_heal_power;basic_hp;basic_hp;basic_hp;basic_mr;basic_hp;basic_armor;basic_haste;basic_armor;basic_power;basic_mr"
10,1,376,53,150,bot0_3,Summoner,0,MAGE,magical,1,6,11,2,7062,4105,6782,119,14.1,0.4,177,253,48,23,10,55,2955,472,291,85,0.774,0.2,0.61,"special_lifesteal;basic_power;basic_hp;basic_haste;basic_armor;basic_power;basic_hp;basic_mr;basic_haste;basic_power"
10,1,376,53,150,bot1_3,Bruiser,1,FIGHTER,physical,9,3,12,7,12872,8396,8098,0,25.1,0,282,458,55,37,12,330,4205,671,334,42,0.888,1.4,1.04,"basic_hp;basic_hp;basic_power;basic_hp;basic_hp;basic_armor;basic_mr;basic_hp;basic_power;basic_armor;basic_armor;basic_mr;basic_as;basic_haste"
10,1,376,53,150,bot0_4,Healer,0,SUPPORT,magical,3,4,9,3,7668,4251,9630,7175,13.4,22.6,131,188,42,19,11,208,3158,504,317,58,0.844,0.5,0.44,"special_heal_power;basic_hp;basic_armor;basic_hp;basic_hp;basic_mr;basic_haste;basic_armor;basic_hp;basic_power"
10,1,376,53,150,bot1_4,Hana,1,TANK,magical,4,4,17,5.25,14103,8691,11661,0,27.2,0,382,564,16,36,11,308,3608,576,319,57,0.849,0.6,0.75,"basic_hp;basic_hp;basic_hp;basic_mr;basic_hp;basic_armor;basic_haste;basic_hp;basic_power;basic_mr;basic_as;basic_armor"
11,0,519,150,137,bot0_1,Cleric,0,SUPPORT,magical,4,5,21,5,11631,8013,8836,12197,17.8,27.1,298,352,78,54,13,35,4585,531,449,69,0.866,0.5,0.91,"special_heal_power;basic_hp;basic_mr;basic_armor;basic_haste;basic_hp;basic_hp;basic_armor;basic_mr;basic_hp;basic_power;basic_hp;basic_hp;basic_armor;basic_mr"
11,0,519,150,137,bot1_1,Jirina,1,FIGHTER,magical,3,4,15,4.5,17621,11123,15932,8022,24.5,17.7,406,545,55,26,12,279,3904,452,453,65,0.874,0.3,0.7,"basic_hp;basic_hp;special_lifesteal;basic_power;basic_mr;basic_hp;basic_power;basic_armor;basic_power;basic_mr;basic_hp;basic_hp"
11,0,519,150,137,bot0_2,Jailer,0,TANK,magical,5,4,19,6,25635,15961,15640,0,34.5,0,549,707,54,56,13,141,4641,537,462,57,0.891,0.6,1.02,"basic_hp;basic_hp;basic_hp;basic_hp;basic_armor;basic_mr;basic_haste;basic_power;basic_as;basic_mr;basic_armor;basic_mr;basic_hp;basic_haste;basic_armor;basic_armor"
11,0,519,150,137,bot1_2,Eggchanter,1,SUPPORT,magical,1,7,18,2.71,9879,5036,14596,7192,11.8,16.9,138,218,51,25,12,250,3775,437,426,93,0.821,0.1,0.35,"basic_hp;basic_hp;basic_hp;basic_mr;basic_armor;basic_haste;basic_mr;basic_power;basic_hp;basic_mr;basic_as;basic_armor;basic_haste"
11,0,519,150,137,bot0_3,Pyromancer,0,SLAYER,magical,3,6,21,4,18595,11156,9782,261,25.8,0.6,437,773,43,34,13,241,4341,502,433,86,0.834,0.3,1.14,"special_lifesteal;basic_power;basic_power;basic_hp;basic_haste;basic_power;basic_armor;basic_mr;basic_power;basic_hp;basic_haste;basic_armor;basic_hp;basic_haste"
11,0,519,150,137,bot1_3,Wanderer,1,SLAYER,physical,9,8,10,2.38,22465,16330,12653,530,40.8,1.3,800,1337,29,24,12,141,4491,520,400,118,0.771,1,1.29,"special_lifesteal;basic_power;basic_hp;basic_power;basic_power;basic_as;basic_mr;basic_hp;basic_as;basic_armor;basic_hp;basic_as;basic_mr;basic_armor;basic_mr"
11,0,519,150,137,bot0_4,Oracle,0,MAGE,physical,13,4,12,6.25,33292,19344,12435,853,42.3,1.9,666,817,38,37,14,98,5548,642,457,61,0.881,1.5,1.56,"special_lifesteal;basic_power;basic_hp;basic_as;basic_mr;basic_armor;basic_power;basic_hp;basic_as;basic_hp;basic_power;basic_mr;basic_as;basic_power;basic_hp;basic_as;basic_power;basic_hp"
11,0,519,150,137,bot1_4,Vanguard,1,FIGHTER,physical,6,6,11,2.83,17734,10632,14852,0,25.3,0,544,853,72,39,12,79,4104,475,421,98,0.812,0.7,0.72,"basic_hp;basic_hp;basic_hp;basic_mr;basic_armor;basic_hp;basic_mr;basic_hp;basic_mr;basic_hp;basic_as;basic_power;basic_haste;basic_mr"
12,1,270,1,150,bot0_1,Goliath,0,TANK,physical,0,5,1,0.2,3807,2439,8248,876,10.5,3.8,257,353,29,12,7,114,1714,381,233,37,0.862,0,0.3,"basic_hp;basic_hp;special_gw;basic_armor;basic_hp"
12,1,270,1,150,bot1_1,Fusilier,1,SLAYER,physical,6,0,10,16,17994,7925,2796,599,29.4,2.2,506,770,49,15,10,56,3081,685,270,0,1,1.3,2.83,"special_lifesteal;basic_power;basic_as;basic_power;basic_power;basic_hp;basic_as;basic_power;basic_as;basic_hp"
12,1,270,1,150,bot0_2,Volstrov,0,MAGE,magical,0,8,1,0.13,7941,3743,7971,230,18.5,1.1,258,387,15,14,7,236,1786,397,202,68,0.75,0,0.47,"special_lifesteal;basic_power;basic_power;basic_hp;basic_armor"
12,1,270,1,150,bot1_2,Lynx,1,SLAYER,physical,7,1,7,14,10353,6744,3422,369,26.5,1.5,384,651,46,29,9,79,3054,679,254,16,0.942,1.6,1.97,"special_lifesteal;basic_power;basic_power;basic_power;basic_as;basic_power;basic_as;basic_hp;basic_hp;basic_mr"
12,1,270,1,150,bot0_3,Hana,0,TANK,magical,0,4,1,0.25,3066,1845,6973,0,8.3,0,299,415,6,26,7,101,1676,372,223,47,0.827,0,0.26,"basic_hp;basic_hp;basic_hp;basic_armor;basic_mr;basic_power"
12,1,270,1,150,bot1_3,Jirina,1,FIGHTER,magical,5,0,15,20,10440,8697,4115,3571,32.2,13.2,347,464,37,16,10,36,3136,697,270,0,1,1.1,2.11,"basic_hp;basic_hp;basic_hp;basic_mr;basic_hp;basic_mr;basic_hp;basic_power;basic_power;basic_mr;basic_haste"
12,1,270,1,150,bot0_4,Cleric,0,SUPPORT,magical,1,5,0,0.2,4816,2911,6022,1164,14,5.6,325,387,22,19,8,80,1880,418,209,61,0.773,0.2,0.48,"special_gw;basic_hp;basic_armor;basic_mr;basic_power;basic_hp"
12,1,270,1,150,bot1_4,Healer,1,SUPPORT,magical,4,0,14,18,5616,4463,2278,3169,16.5,11.7,150,204,46,8,9,65,2915,648,270,0,1,0.9,1.96,"basic_hp;basic_hp;basic_hp;basic_mr;basic_hp;basic_mr;basic_armor;basic_armor;basic_mr;basic_hp"
13,0,288,152,15,bot0_1,Fusilier,0,SLAYER,physical,10,1,12,22,18271,9962,2888,857,35.7,3.1,284,634,50,13,11,192,3767,786,279,9,0.969,2.1,3.45,"special_lifesteal;special_lifesteal;basic_power;basic_as;basic_power;basic_power;basic_as;basic_hp;basic_as;basic_mr;basic_power"
13,0,288,152,15,bot1_1,Cleric,1,SUPPORT,magical,1,5,2,0.6,5069,2908,7040,1895,12.9,8.4,325,384,24,19,8,175,2025,422,225,62,0.783,0.2,0.41,"special_gw;basic_hp;basic_armor;basic_hp;basic_power;basic_hp"
13,0,288,152,15,bot0_2,Doctor,0,SUPPORT,physical,2,1,17,19,3351,2979,4678,7320,10.8,26.6,216,339,15,12,10,232,2882,601,275,13,0.956,0.4,0.64,"special_heal_power;basic_hp;basic_hp;basic_mr;basic_armor;basic_hp;basic_mr;basic_armor;basic_power"
13,0,288,152,15,bot1_2,Summoner,1,MAGE,magical,0,6,3,0.5,4091,2644,6444,100,12.3,0.5,157,228,27,14,7,52,1852,386,215,73,0.746,0,0.41,"special_lifesteal;basic_power;basic_hp;basic_haste;basic_power;basic_armor"
13,0,288,152,15,bot0_3,Jirina,0,FIGHTER,magical,4,0,17,21,11177,7864,5659,2309,27.3,8,326,399,40,13,10,100,3275,683,288,0,1,0.8,1.39,"basic_hp;basic_hp;basic_hp;basic_mr;basic_hp;basic_mr;basic_hp;basic_mr;basic_power;basic_power;basic_mr"
13,0,288,152,15,bot1_3,Lynx,1,SLAYER,physical,1,5,2,0.6,9307,5279,6311,257,21.2,1,548,874,35,33,8,163,2013,420,249,39,0.864,0.2,0.84,"special_lifesteal;basic_power;basic_power;basic_as;basic_hp;basic_power"
13,0,288,152,15,bot0_4,Ironclad,0,TANK,physical,6,1,8,14,5762,3802,4642,0,13.7,0,245,296,26,19,9,35,3035,633,278,10,0.966,1.3,0.82,"basic_hp;basic_hp;basic_hp;basic_mr;basic_mr;basic_hp;basic_mr;basic_hp;basic_mr;basic_mr"
13,0,288,152,15,bot1_4,Zephyr,1,SPLITPUSHER,magical,1,6,2,0.5,4755,3291,6367,104,15.3,0.5,450,552,22,15,7,97,1947,406,216,72,0.749,0.2,0.52,"special_lifesteal;basic_power;basic_power;basic_hp;basic_haste;basic_power"
14,1,252,0,150,bot0_1,Healer,0,SUPPORT,magical,0,6,0,0,4961,1575,7575,858,8.3,4.5,138,174,27,11,7,39,1614,384,189,63,0.75,0,0.21,"basic_hp;basic_hp;basic_hp;basic_armor;basic_mr;basic_haste"
14,1,252,0,150,bot1_1,Fusilier,1,SLAYER,physical,14,0,8,22,18984,11345,2386,638,45,2.5,454,840,45,16,10,194,3969,944,252,0,1,3.3,4.75,"special_lifesteal;basic_power;basic_power;basic_hp;basic_power;basic_as;basic_as;basic_hp;basic_armor;basic_mr;basic_mr;basic_hp;basic_as"
14,1,252,0,150,bot0_2,Jailer,0,TANK,magical,0,5,0,0,5621,2240,7435,0,11.5,0,256,420,13,14,7,54,1629,387,195,57,0.774,0,0.3,"basic_hp;basic_hp;basic_hp;basic_armor;basic_mr;basic_power"
14,1,252,0,150,bot1_2,Eggchanter,1,SUPPORT,magical,3,0,18,21,4571,3041,524,2985,12,11.8,146,183,31,14,9,37,2937,698,252,0,1,0.7,5.8,"special_gw;basic_hp;basic_armor;basic_hp;basic_mr;basic_hp;basic_armor;basic_power;basic_haste;basic_mr"
14,1,252,0,150,bot0_3,Lynx,0,SLAYER,physical,0,7,0,0,5682,2699,6495,138,16.1,0.8,398,536,21,20,7,89,1614,384,167,85,0.664,0,0.42,"special_lifesteal;basic_power;basic_hp;basic_as;basic_armor"
14,1,252,0,150,bot1_3,Jirina,1,FIGHTER,magical,3,0,19,22,9483,7919,3771,2629,31.4,10.4,420,538,39,12,9,257,2957,703,252,0,1,0.7,2.1,"basic_hp;basic_hp;basic_hp;basic_power;basic_hp;basic_power;basic_armor;basic_mr;basic_haste;basic_armor"
14,1,252,0,150,bot0_4,Bruiser,0,FIGHTER,physical,0,5,0,0,4303,2374,6574,86,12.4,0.5,229,344,22,21,7,164,1689,402,191,61,0.757,0,0.36,"special_lifesteal;basic_power;basic_as;basic_hp;basic_armor"
14,1,252,0,150,bot1_4,Ironclad,1,TANK,physical,3,0,18,21,5480,4231,3633,0,16.8,0,288,373,28,21,9,207,2907,691,252,0,1,0.7,1.16,"basic_hp;basic_hp;basic_hp;basic_armor;basic_mr;basic_mr;basic_armor;basic_power;basic_power;basic_armor"
15,0,397,150,72,bot0_1,Healer,0,SUPPORT,magical,4,2,18,11,10985,7002,6908,5911,19.3,16.3,162,232,63,19,12,8,3833,580,364,33,0.916,0.6,1.01,"special_gw;basic_hp;basic_hp;basic_mr;basic_hp;basic_armor;basic_power;basic_hp;basic_mr;basic_haste;basic_mr;basic_armor;basic_armor"
15,0,397,150,72,bot1_1,Eggchanter,1,SUPPORT,magical,1,6,11,2,8458,3543,8902,4669,11,14.5,152,224,38,19,10,338,2963,448,323,74,0.813,0.2,0.4,"special_gw;basic_hp;basic_hp;basic_mr;basic_armor;basic_power;basic_haste;basic_hp;basic_mr"
15,0,397,150,72,bot0_2,Lynx,0,SLAYER,physical,9,4,11,5,19875,12805,7619,556,33.9,1.5,943,1496,67,54,12,193,4268,645,378,19,0.953,1.4,1.68,"special_lifesteal;basic_power;basic_hp;basic_as;basic_power;basic_hp;basic_hp;basic_as;basic_mr;basic_armor;basic_mr;basic_power;basic_as;basic_mr"
15,0,397,150,72,bot1_2,Bruiser,1,FIGHTER,physical,2,5,11,2.6,10543,6820,10613,330,18.4,0.9,411,565,48,41,10,194,3119,472,371,25,0.936,0.3,0.64,"special_lifesteal;basic_power;basic_power;basic_as;basic_as;basic_power;basic_hp;basic_mr;basic_as;basic_armor"
15,0,397,150,72,bot0_3,Jailer,0,TANK,magical,2,5,18,4,13975,10165,10209,0,30.3,0,484,548,33,32,11,4,3554,537,336,61,0.847,0.3,1,"basic_hp;basic_hp;basic_hp;basic_mr;basic_mr;basic_hp;basic_armor;basic_haste;basic_power;basic_as;basic_mr;basic_armor;basic_armor"
15,0,397,150,72,bot1_3,Reaper,1,SPLITPUSHER,magical,5,6,6,1.83,13938,8770,11399,472,27.6,1.5,426,737,36,19,10,234,3184,481,318,79,0.801,0.8,0.77,"special_lifesteal;basic_power;basic_hp;basic_power;basic_hp;basic_mr;basic_hp;basic_power;basic_haste;basic_mr"
15,0,397,150,72,bot0_4,Pyromancer,0,SLAYER,magical,8,2,14,11,19126,9982,4462,288,27.6,0.8,542,711,35,28,12,10,4360,659,362,35,0.911,1.2,2.24,"special_lifesteal;basic_power;basic_power;basic_hp;basic_power;basic_power;basic_haste;basic_haste;basic_mr;basic_armor;basic_power;basic_power;basic_hp;basic_power"
15,0,397,150,72,bot1_4,Jirina,1,FIGHTER,magical,5,6,8,2.17,14263,8241,11199,3254,25.5,10.1,357,492,41,15,11,61,3386,512,324,73,0.816,0.8,0.74,"basic_hp;basic_hp;basic_hp;basic_mr;basic_power;basic_haste;basic_mr;basic_mr;basic_armor;basic_as;basic_hp;basic_hp"
16,1,405,35,152,bot0_1,Pyromancer,0,SLAYER,magical,2,8,6,1,12097,6236,8475,145,20.9,0.5,432,583,24,18,10,273,2898,429,298,107,0.735,0.3,0.74,"special_lifesteal;basic_power;basic_hp;basic_haste;basic_mr;basic_power;basic_armor;basic_power;basic_hp"
16,1,405,35,152,bot1_1,Kratoma,1,SLAYER,physical,11,2,16,13.5,21110,12552,9266,501,33.2,1.3,316,674,29,29,12,187,4562,676,378,27,0.933,1.6,1.35,"special_lifesteal;basic_power;basic_power;basic_power;basic_hp;basic_hp;basic_as;basic_hp;basic_as;basic_mr;basic_as;special_gw;basic_mr;basic_power"
16,1,405,35,152,bot0_2,Jailer,0,TANK,magical,3,7,7,1.43,16278,9468,12475,0,31.1,0,543,772,29,30,11,115,3165,469,305,100,0.753,0.4,0.76,"basic_hp;basic_hp;basic_hp;basic_hp;basic_mr;basic_armor;basic_armor;basic_haste;basic_hp;basic_power;basic_mr"
16,1,405,35,152,bot1_2,Summoner,1,MAGE,magical,6,4,20,6.5,12121,6035,5513,222,17,0.6,205,291,63,30,12,222,4122,611,354,51,0.875,0.9,1.09,"special_lifesteal;basic_power;basic_power;basic_power;basic_hp;basic_hp;basic_haste;basic_haste;basic_hp;basic_power;basic_power;basic_mr;basic_mr"
16,1,405,35,152,bot0_3,Tamer,0,MAGE,magical,6,8,4,1.25,17957,10661,8371,4140,37.1,14.4,309,548,32,16,12,230,3680,545,287,118,0.709,0.9,1.27,"special_lifesteal;basic_power;basic_power;basic_hp;basic_power;basic_hp;basic_haste;basic_mr;basic_armor;basic_haste;basic_mr;basic_armor"
16,1,405,35,152,bot1_3,Doctor,1,SUPPORT,physical,3,3,24,9,9031,6774,11297,11218,18.4,30.4,300,342,15,27,12,244,3919,580,369,36,0.911,0.4,0.6,"basic_hp;basic_hp;basic_mr;basic_armor;basic_hp;basic_hp;basic_power;basic_mr;basic_hp;basic_armor;basic_hp;basic_as;basic_haste"
16,1,405,35,152,bot0_4,Vanguard,0,FIGHTER,physical,0,7,8,1.14,15012,6524,13085,0,20.5,0,468,511,49,32,10,224,2749,407,319,86,0.787,0,0.5,"basic_hp;basic_hp;basic_power;basic_armor;basic_hp;basic_mr;basic_hp;basic_hp;basic_power"
16,1,405,35,152,bot1_4,Hana,1,TANK,magical,10,2,14,12,14127,9358,9017,0,25,0,637,1128,19,47,12,226,4401,652,375,30,0.925,1.5,1.04,"basic_hp;basic_hp;basic_hp;basic_mr;basic_mr;basic_armor;basic_armor;basic_power;basic_haste;basic_power;basic_mr;basic_as;basic_hp;basic_armor;basic_hp"
17,1,346,9,152,bot0_1,Eggchanter,0,SUPPORT,magical,1,6,2,0.5,6936,4495,11196,4464,16.8,16.7,133,227,28,15,9,192,2267,393,267,79,0.772,0.2,0.4,"basic_hp;basic_hp;basic_hp;basic_mr;basic_armor;basic_haste;basic_power;basic_as"
17,1,346,9,152,bot1_1,Jirina,1,FIGHTER,magical,9,0,13,22,13035,6882,4299,8186,19.9,23.6,299,392,48,22,12,312,4162,721,346,0,1,1.6,1.6,"basic_hp;basic_hp;basic_hp;basic_hp;basic_mr;basic_hp;basic_power;basic_armor;basic_haste;basic_mr;basic_hp;basic_hp;basic_mr"
17,1,346,9,152,bot0_2,Vanguard,0,FIGHTER,physical,1,5,1,0.4,7749,3024,8126,0,10.8,0,301,645,43,22,9,172,2222,385,280,66,0.809,0.2,0.37,"special_gw;basic_hp;basic_mr;basic_hp;basic_power;basic_armor;basic_as"
17,1,346,9,152,bot1_2,Jailer,1,TANK,magical,2,1,20,22,12457,8114,4274,0,23.4,0,447,581,35,30,11,170,3495,605,346,0,1,0.3,1.9,"basic_hp;basic_hp;basic_hp;basic_mr;basic_hp;basic_armor;basic_mr;basic_power;basic_haste;basic_as;basic_hp;basic_mr"
17,1,346,9,152,bot0_3,Pyromancer,0,SLAYER,magical,1,6,1,0.33,10502,4924,7494,127,18.5,0.5,482,667,23,19,9,151,2226,386,266,80,0.769,0.2,0.66,"special_lifesteal;basic_power;basic_hp;basic_power;basic_mr;basic_haste;basic_hp"
17,1,346,9,152,bot1_3,Volstrov,1,MAGE,magical,4,1,18,22,16132,11008,4572,510,32.8,1.5,336,596,13,16,12,173,3698,641,336,11,0.969,0.7,2.41,"special_lifesteal;basic_power;basic_hp;basic_power;basic_hp;basic_mr;basic_mr;basic_hp;basic_haste;basic_armor;basic_power;basic_hp"
17,1,346,9,152,bot0_4,Ironclad,0,TANK,physical,0,6,2,0.33,7550,4730,11433,0,17.6,0,419,512,25,17,9,237,2137,370,268,78,0.775,0,0.41,"basic_hp;basic_hp;basic_hp;basic_mr;basic_armor;basic_hp;basic_power"
17,1,346,9,152,bot1_4,Bruiser,1,FIGHTER,physical,8,1,14,22,15178,9789,5730,478,29.4,1.4,389,636,60,40,12,236,4086,708,333,14,0.96,1.4,1.71,"special_lifesteal;basic_power;basic_power;basic_power;basic_as;basic_hp;basic_power;basic_as;basic_mr;basic_armor;basic_hp;basic_as;basic_as"
18,0,305,150,17,bot0_1,Quiller,0,SLAYER,physical,3,1,17,20,17465,8310,3283,508,27.2,1.7,297,598,45,26,10,111,3086,606,305,0,1,0.6,2.53,"special_lifesteal;basic_power;basic_power;basic_as;basic_as;basic_power;basic_hp;basic_power;basic_hp;basic_armor"
18,0,305,150,17,bot1_1,Wanderer,1,SLAYER,physical,1,8,4,0.63,13954,7093,7940,193,34.1,0.9,848,1587,15,13,9,202,2252,443,208,97,0.682,0.2,0.89,"special_lifesteal;basic_power;basic_as;basic_power;basic_hp;basic_mr;basic_armor"
18,0,305,150,17,bot0_2,Doctor,0,SUPPORT,physical,4,2,17,10.5,5897,5316,7488,10321,19,36.9,178,260,22,19,10,25,3200,629,280,25,0.917,0.8,0.71,"basic_hp;basic_hp;basic_hp;basic_hp;basic_armor;basic_armor;basic_hp;basic_mr;basic_mr;basic_armor;basic_armor"
18,0,305,150,17,bot1_2,Ironclad,1,TANK,physical,1,6,3,0.67,6648,4125,12890,0,17.3,0,426,530,21,14,8,230,2155,423,238,67,0.781,0.2,0.32,"basic_hp;basic_hp;basic_hp;basic_mr;basic_armor;basic_mr;basic_hp"
18,0,305,150,17,bot0_3,Jailer,0,TANK,magical,2,1,17,19,11778,7533,5671,0,25.7,0,384,559,26,28,9,190,2915,573,294,12,0.962,0.4,1.33,"basic_hp;basic_hp;basic_hp;basic_armor;basic_armor;basic_armor;basic_hp;basic_mr;basic_power;basic_haste"
18,0,305,150,17,bot1_3,Healer,1,SUPPORT,magical,2,5,3,1,6017,4532,9491,4502,18.9,18.8,132,191,32,16,8,110,2235,439,240,65,0.786,0.4,0.48,"special_gw;basic_hp;basic_hp;basic_hp;basic_mr;basic_armor;basic_mr"
18,0,305,150,17,bot0_4,Tamer,0,MAGE,magical,17,1,8,25,23538,16235,5269,4505,55.1,15.3,436,710,50,15,11,174,4324,850,295,11,0.965,3.3,3.08,"special_lifesteal;basic_power;basic_power;basic_hp;basic_haste;basic_power;basic_power;basic_armor;basic_hp;basic_haste;basic_hp;basic_armor;basic_power;basic_mr"
18,0,305,150,17,bot1_4,Bruiser,1,FIGHTER,physical,1,7,0,0.14,7767,3526,8977,213,14.5,0.9,215,440,34,26,7,145,1995,392,244,61,0.799,0.2,0.39,"special_lifesteal;basic_power;basic_power;basic_power;basic_as;basic_hp"
19,0,411,151,78,bot0_1,Quiller,0,SLAYER,physical,10,3,18,9.33,25410,14023,4963,836,38.8,2.3,313,707,59,35,13,359,4784,698,361,50,0.879,1.5,2.83,"special_lifesteal;basic_power;basic_power;basic_hp;basic_as;basic_hp;basic_mr;basic_armor;basic_power;basic_as;basic_as;basic_hp;basic_power;basic_mr;basic_hp"
19,0,411,151,78,bot1_1,Eggchanter,1,SUPPORT,magical,3,7,6,1.29,8131,5951,14012,5553,19,17.7,130,206,35,17,10,48,2998,438,313,98,0.763,0.4,0.42,"special_heal_power;basic_hp;basic_hp;basic_hp;basic_armor;basic_armor;basic_hp;basic_haste;basic_power;basic_as"
19,0,411,151,78,bot0_2,Ironclad,0,TANK,physical,5,1,19,24,10797,7872,10431,0,19.8,0,284,396,40,29,12,109,4159,607,397,14,0.967,0.7,0.75,"basic_hp;basic_hp;basic_hp;basic_mr;basic_mr;basic_hp;basic_armor;basic_hp;basic_as;basic_power;basic_mr;basic_armor;basic_hp;basic_mr"
19,0,411,151,78,bot1_2,Jirina,1,FIGHTER,magical,1,7,8,1.29,14933,7241,12309,3915,23.2,12.5,529,656,41,15,10,140,2840,415,312,99,0.76,0.1,0.59,"special_lifesteal;basic_power;basic_hp;basic_power;basic_power;basic_hp;basic_armor;basic_haste;basic_power"
19,0,411,151,78,bot0_3,Lynx,0,SLAYER,physical,10,2,14,12,22943,12567,5806,1286,32.8,3.4,593,875,69,55,12,226,4626,675,383,28,0.931,1.5,2.16,"special_lifesteal;special_lifesteal;basic_power;basic_hp;basic_power;basic_as;basic_power;basic_as;basic_as;basic_hp;basic_mr;basic_armor;basic_power;basic_hp"
19,0,411,151,78,bot1_3,Zephyr,1,SPLITPUSHER,magical,2,8,7,1.13,8634,6013,11252,149,19.8,0.5,352,499,33,27,10,240,2890,422,304,107,0.74,0.3,0.53,"special_lifesteal;basic_power;basic_hp;basic_power;basic_hp;basic_hp;basic_armor;basic_armor;basic_haste"
19,0,411,151,78,bot0_4,Vanguard,0,FIGHTER,physical,5,3,23,9.33,22591,13045,9020,0,36.2,0,803,918,58,41,13,257,4432,647,360,51,0.876,0.7,1.45,"basic_hp;basic_hp;basic_hp;basic_mr;basic_mr;basic_hp;basic_armor;basic_as;basic_power;basic_hp;basic_armor;basic_haste;basic_mr;basic_armor;basic_as"
19,0,411,151,78,bot1_4,Oracle,1,MAGE,physical,3,8,6,1.13,12345,8124,11969,299,26.9,1,546,667,22,21,10,98,2998,438,302,109,0.735,0.4,0.68,"special_lifesteal;basic_power;basic_hp;basic_hp;basic_power;basic_as;basic_hp;basic_armor;basic_mr;basic_armor"
20,0,417,150,43,bot0_1,Cleric,0,SUPPORT,magical,8,4,15,5.75,11206,7859,8313,7273,21.7,20.1,355,397,63,50,12,240,4215,607,362,55,0.869,1.2,0.95,"special_gw;basic_hp;basic_mr;basic_hp;basic_hp;basic_power;basic_haste;basic_mr;basic_hp;basic_armor;basic_mr;basic_hp;basic_hp"
20,0,417,150,43,bot1_1,Vanguard,1,FIGHTER,physical,4,5,7,2.2,14124,7673,10531,90,22.1,0.3,603,770,55,36,10,15,3240,466,346,70,0.831,0.6,0.73,"basic_hp;basic_hp;basic_hp;basic_hp;basic_armor;basic_armor;basic_power;basic_mr;special_lifesteal;basic_as;basic_power"
20,0,417,150,43,bot0_2,Wanderer,0,SLAYER,physical,5,6,16,3.5,19190,9942,8433,433,29.9,1.3,593,1181,21,21,11,14,3789,545,333,84,0.799,0.7,1.18,"special_lifesteal;basic_power;basic_power;basic_hp;basic_as;basic_hp;basic_as;basic_mr;basic_armor;basic_power;basic_hp;basic_as;basic_mr"
20,0,417,150,43,bot1_2,Hana,1,TANK,magical,3,6,11,2.33,11349,7119,14273,0,21.1,0,327,564,16,44,11,341,3291,474,338,79,0.81,0.4,0.5,"basic_hp;basic_hp;basic_hp;basic_armor;basic_mr;basic_haste;basic_armor;basic_power;basic_hp;basic_as;basic_mr"
20,0,417,150,43,bot0_3,Ironclad,0,TANK,physical,7,3,20,9,13110,9577,13497,0,23,0,336,446,50,33,12,240,4390,632,417,0,1,1,0.71,"basic_hp;basic_hp;basic_hp;basic_mr;basic_armor;basic_mr;basic_power;basic_armor;basic_as;basic_haste;basic_power;basic_hp;basic_mr;basic_hp;basic_as"
20,0,417,150,43,bot1_3,Tamer,1,MAGE,magical,9,9,7,1.78,20597,14207,8602,4280,43.5,13.1,479,891,43,17,12,100,4200,605,327,90,0.784,1.3,1.65,"special_lifesteal;basic_power;basic_hp;basic_power;basic_haste;basic_armor;basic_mr;basic_power;basic_hp;basic_power;basic_haste;basic_armor;basic_hp;basic_haste"
20,0,417,150,43,bot0_4,Kratoma,0,SLAYER,physical,8,3,18,8.67,17450,11533,9053,540,30.9,1.4,299,534,33,33,12,254,4354,627,374,43,0.897,1.2,1.27,"special_lifesteal;basic_power;basic_power;basic_hp;basic_power;basic_as;basic_mr;basic_hp;basic_as;basic_armor;basic_hp;basic_as;basic_power;basic_mr"
20,0,417,150,43,bot1_4,Pyromancer,1,SLAYER,magical,0,8,12,1.5,12311,8314,9682,157,27,0.5,454,642,29,22,10,232,2857,411,308,109,0.739,0,0.86,"special_lifesteal;basic_power;basic_hp;basic_haste;basic_armor;basic_power;basic_mr;basic_hp;basic_power"
21,1,282,6,150,bot0_1,Healer,0,SUPPORT,magical,0,6,6,1,3579,2559,8244,2416,12.1,11.4,126,186,26,13,8,174,1999,426,212,70,0.751,0,0.31,"basic_hp;basic_hp;basic_hp;basic_armor;basic_mr;basic_haste;basic_power"
21,1,282,6,150,bot1_1,Oracle,1,MAGE,physical,2,2,18,10,10831,6507,4450,0,24.5,0,383,495,18,15,10,121,3021,643,265,17,0.941,0.4,1.46,"special_gw;basic_hp;basic_mr;basic_hp;basic_power;basic_as;basic_hp;basic_mr;basic_power;basic_armor"
21,1,282,6,150,bot0_2,Pyromancer,0,SLAYER,magical,1,7,5,0.86,8175,3869,7069,103,19.1,0.5,360,527,20,15,8,33,2108,449,202,80,0.717,0.2,0.55,"special_lifesteal;basic_power;basic_hp;basic_power;basic_haste;basic_hp;basic_armor"
21,1,282,6,150,bot1_2,Jailer,1,TANK,magical,5,1,12,17,10612,4743,4498,0,17.8,0,336,406,24,28,10,66,3066,653,267,15,0.948,1.1,1.05,"basic_hp;basic_hp;basic_hp;basic_mr;basic_haste;basic_mr;basic_mr;basic_hp;basic_haste;basic_power;basic_as"
21,1,282,6,150,bot0_3,Tamer,0,MAGE,magical,4,7,1,0.71,9868,4151,6404,1479,19.2,6.8,341,545,25,12,9,122,2497,532,216,65,0.768,0.9,0.65,"special_lifesteal;basic_power;basic_hp;basic_haste;basic_mr;basic_power;basic_power;basic_hp"
21,1,282,6,150,bot1_3,Lynx,1,SLAYER,physical,10,2,9,9.5,16512,8846,4519,528,35.2,2.1,614,917,46,34,11,192,3717,791,252,30,0.893,2.1,1.96,"special_lifesteal;basic_power;basic_power;basic_hp;basic_power;basic_hp;basic_as;basic_as;basic_hp;basic_mr;basic_armor;basic_power"
21,1,282,6,150,bot0_4,Summoner,0,MAGE,magical,1,6,5,1,3511,2189,5614,77,10.5,0.4,163,239,27,14,8,20,2120,451,209,73,0.741,0.2,0.39,"special_lifesteal;basic_power;basic_hp;basic_haste;basic_power;basic_power;basic_armor"
21,1,282,6,150,bot1_4,Zephyr,1,SPLITPUSHER,magical,9,1,13,22,8939,5591,4215,300,21,1.1,328,443,29,29,11,251,3826,815,266,16,0.945,1.9,1.33,"special_lifesteal;basic_power;basic_hp;basic_mr;basic_power;basic_hp;basic_mr;basic_power;basic_hp;basic_mr;basic_hp;basic_haste"
22,0,276,151,3,bot0_1,Kratoma,0,SLAYER,physical,6,1,12,18,10740,7658,3728,281,27.8,1,302,564,23,23,10,227,3177,691,276,0,1,1.3,2.05,"special_lifesteal;basic_power;basic_hp;basic_as;basic_power;basic_hp;basic_armor;basic_as;basic_power;basic_hp"
22,0,276,151,3,bot1_1,Healer,1,SUPPORT,magical,0,5,2,0.4,3933,2491,7339,1819,11.6,8.5,155,214,27,12,7,222,1797,391,214,61,0.777,0,0.34,"basic_hp;basic_hp;basic_hp;basic_armor;basic_power;basic_haste"
22,0,276,151,3,bot0_2,Bruiser,0,FIGHTER,physical,3,2,10,6.5,7306,4481,3792,189,17.8,0.8,229,430,38,26,9,227,2577,560,252,24,0.912,0.7,1.18,"basic_hp;basic_hp;special_lifesteal;basic_power;basic_power;basic_as;basic_armor;basic_as"
22,0,276,151,3,bot1_2,Oracle,1,MAGE,physical,1,5,2,0.6,7630,2980,4891,85,14,0.4,374,499,11,13,8,259,2059,448,212,63,0.77,0.2,0.61,"special_lifesteal;basic_power;basic_power;basic_hp;basic_as;basic_armor"
22,0,276,151,3,bot0_3,Cleric,0,SUPPORT,magical,4,0,10,14,6232,4471,3400,5448,16.2,19.7,310,366,39,34,9,228,2753,599,276,0,1,0.9,1.32,"special_heal_power;basic_hp;basic_hp;basic_hp;basic_armor;basic_mr;basic_hp;basic_hp"
22,0,276,151,3,bot1_3,Vanguard,1,FIGHTER,physical,2,4,1,0.75,7017,3181,8219,86,14.2,0.4,742,797,33,20,8,225,2050,446,224,52,0.813,0.4,0.39,"basic_hp;basic_hp;special_lifesteal;basic_power;basic_power;basic_as"
22,0,276,151,3,bot0_4,Quiller,0,SLAYER,physical,6,0,13,19,14503,10776,2296,512,39.1,1.9,278,551,43,22,10,239,3189,693,276,0,1,1.3,4.69,"special_lifesteal;basic_power;basic_power;basic_as;basic_as;basic_hp;basic_hp;basic_armor;basic_power;basic_as"
22,0,276,151,3,bot1_4,Ironclad,1,TANK,physical,0,5,3,0.6,4568,2674,10109,0,12.5,0,285,379,20,13,7,220,1820,396,213,62,0.774,0,0.26,"basic_hp;basic_hp;basic_hp;basic_armor;basic_mr;basic_armor"
23,0,464,150,135,bot0_1,Pyromancer,0,SLAYER,magical,5,7,14,2.71,18636,8852,7808,273,21.7,0.7,475,728,36,32,12,296,4046,523,408,56,0.88,0.6,1.13,"special_lifesteal;basic_power;basic_hp;basic_power;basic_haste;basic_hp;basic_armor;basic_power;basic_hp;basic_armor;basic_haste;basic_mr;basic_mr"
23,0,464,150,135,bot1_1,Summoner,1,MAGE,magical,4,6,12,2.67,12019,5717,7657,258,15.4,0.7,199,283,55,26,12,279,3804,492,371,93,0.8,0.5,0.75,"special_lifesteal;basic_power;basic_hp;basic_power;basic_power;basic_hp;basic_haste;basic_power;basic_mr;basic_haste;basic_armor;basic_hp"
23,0,464,150,135,bot0_2,Cleric,0,SUPPORT,magical,5,5,14,3.8,15357,8232,10024,6162,21.2,15.9,372,430,60,52,12,203,4128,534,388,76,0.836,0.6,0.82,"basic_hp;basic_hp;basic_armor;basic_hp;basic_armor;basic_mr;basic_haste;basic_mr;basic_power;basic_hp;basic_haste;basic_armor;basic_hp;basic_mr"
23,0,464,150,135,bot1_2,Kratoma,1,SLAYER,physical,9,7,11,2.86,22677,10918,10600,632,27.6,1.6,320,598,32,30,12,50,4450,576,396,68,0.853,1.2,1.03,"special_lifesteal;basic_power;basic_power;basic_power;basic_as;basic_as;basic_hp;basic_hp;basic_mr;basic_armor;basic_mr;basic_as;basic_power;basic_as;basic_armor"
23,0,464,150,135,bot0_3,Quiller,0,SLAYER,physical,6,4,16,5.5,25896,10967,6212,629,26.8,1.5,293,570,64,38,13,104,4454,576,409,55,0.882,0.8,1.77,"special_lifesteal;basic_power;basic_power;basic_hp;basic_as;basic_armor;basic_mr;basic_power;basic_hp;basic_as;basic_hp;basic_armor;basic_as;basic_armor;basic_mr"
23,0,464,150,135,bot1_3,Bruiser,1,FIGHTER,physical,2,6,14,2.67,11271,7317,12104,367,19.5,1,387,560,55,37,11,222,3422,443,376,88,0.811,0.3,0.6,"special_lifesteal;basic_power;basic_hp;basic_power;basic_hp;basic_as;basic_hp;basic_armor;basic_as;basic_mr;basic_power"
23,0,464,150,135,bot0_4,Ironclad,0,TANK,physical,7,5,16,4.6,14847,7953,18930,0,20.4,0,393,562,47,31,13,96,4496,582,391,73,0.842,0.9,0.42,"basic_hp;basic_hp;basic_hp;basic_armor;basic_armor;basic_mr;basic_power;basic_armor;basic_mr;basic_power;basic_hp;basic_as;basic_hp;basic_hp;basic_hp"
23,0,464,150,135,bot1_4,Vanguard,1,FIGHTER,physical,6,4,13,4.75,16659,8526,10538,454,21.2,1.1,333,558,53,36,12,328,4128,534,401,62,0.865,0.8,0.81,"special_lifesteal;basic_power;basic_hp;basic_power;basic_as;basic_hp;basic_hp;basic_mr;basic_armor;basic_as;basic_mr;basic_power;basic_hp"
24,1,223,2,150,bot0_1,Cleric,0,SUPPORT,magical,0,5,2,0.4,4702,2554,5824,1032,15.3,6.2,290,349,19,15,7,44,1619,435,167,56,0.747,0,0.44,"special_heal_power;basic_hp;basic_mr;basic_hp;basic_mr"
24,1,223,2,150,bot1_1,Doctor,1,SUPPORT,physical,2,1,9,11,5197,3715,5399,5384,16.7,24.1,125,211,14,15,8,286,2186,588,223,0,1,0.5,0.69,"basic_hp;basic_hp;basic_hp;basic_hp;basic_mr;basic_armor;basic_power"
24,1,223,2,150,bot0_2,Jirina,0,FIGHTER,magical,0,4,2,0.5,6911,1926,6728,1037,10.9,5.9,236,307,18,8,7,288,1613,434,177,46,0.794,0,0.29,"basic_hp;basic_hp;basic_hp;basic_mr;basic_power"
24,1,223,2,150,bot1_2,Hana,1,TANK,magical,5,1,7,12,4979,3391,3828,0,16,0,268,474,6,24,8,204,2529,680,211,12,0.947,1.3,0.89,"basic_hp;basic_hp;basic_hp;basic_hp;basic_mr;basic_mr;basic_hp;basic_mr"
24,1,223,2,150,bot0_3,Tamer,0,MAGE,magical,1,5,1,0.4,6574,3311,4441,1571,19.1,9,284,524,21,10,7,199,1749,470,174,49,0.779,0.3,0.75,"special_lifesteal;basic_power;basic_hp;basic_power;basic_haste"
24,1,223,2,150,bot1_3,Summoner,1,MAGE,magical,2,0,14,16,7311,4122,2836,259,18.5,1.2,184,262,40,21,9,34,2484,668,223,0,1,0.5,1.45,"special_lifesteal;basic_power;basic_hp;basic_power;basic_hp;basic_power;basic_haste;basic_power"
24,1,223,2,150,bot0_4,Wanderer,0,SLAYER,physical,1,3,1,0.67,8414,5838,4753,0,31.1,0,484,1008,11,8,7,101,1701,457,188,35,0.842,0.3,1.23,"special_gw;basic_hp;basic_hp;basic_hp;basic_power"
24,1,223,2,150,bot1_4,Jirina,1,FIGHTER,magical,8,0,7,15,9763,5959,3529,3177,26.7,14.2,310,396,36,14,9,235,2985,803,223,0,1,2.2,1.69,"basic_hp;basic_hp;basic_hp;basic_mr;basic_hp;basic_power;basic_mr;basic_mr;basic_power;basic_armor"
25,0,288,150,52,bot0_1,Cleric,0,SUPPORT,magical,4,1,12,16,8136,5135,3746,5314,17.9,18.5,326,386,46,34,10,311,3086,644,288,0,1,0.8,1.37,"basic_hp;basic_hp;basic_hp;basic_hp;basic_hp;basic_mr;basic_armor;basic_mr;basic_haste;basic_power"
25,0,288,150,52,bot1_1,Bruiser,1,FIGHTER,physical,0,4,2,0.5,7597,3346,5911,210,14.1,0.9,328,561,33,27,7,218,1818,379,238,50,0.827,0,0.57,"special_lifesteal;basic_power;basic_hp;basic_power;basic_power"
25,0,288,150,52,bot0_2,Hana,0,TANK,magical,3,0,13,16,11181,7352,6609,0,25.6,0,288,454,14,37,10,237,3037,633,288,0,1,0.6,1.11,"basic_hp;basic_hp;special_gw;basic_hp;basic_hp;basic_mr;basic_mr;basic_hp;basic_armor"
25,0,288,150,52,bot1_2,Goliath,1,TANK,physical,0,5,4,0.8,6091,4120,8199,704,18.2,3.1,309,427,28,12,7,77,1902,397,226,61,0.786,0,0.5,"basic_hp;basic_hp;basic_mr;basic_power;basic_hp;basic_as;basic_armor"
25,0,288,150,52,bot0_3,Zephyr,0,SPLITPUSHER,magical,6,2,9,7.5,7530,4872,3946,370,16.9,1.3,310,418,29,29,10,159,3134,654,288,0,1,1.3,1.23,"special_lifesteal;special_lifesteal;basic_power;basic_power;basic_hp;basic_power;basic_hp;basic_haste;basic_haste"
25,0,288,150,52,bot1_3,Eggchanter,1,SUPPORT,magical,2,4,2,1,4362,3337,6517,2603,14.2,11.1,119,226,23,12,8,237,2112,440,235,53,0.817,0.4,0.51,"special_gw;basic_hp;basic_hp;basic_hp;basic_mr;basic_mr"
25,0,288,150,52,bot0_4,Jirina,0,FIGHTER,magical,4,1,12,16,15536,8445,5389,3689,30.5,13.3,406,572,47,14,10,170,3095,645,277,11,0.963,0.8,1.57,"special_lifesteal;basic_power;basic_hp;basic_mr;basic_haste;basic_power;basic_hp;basic_hp;basic_power;basic_armor"
25,0,288,150,52,bot1_4,Pyromancer,1,SLAYER,magical,2,4,2,1,8426,5682,6792,140,24.3,0.6,333,503,19,14,8,325,2150,448,234,54,0.814,0.4,0.84,"special_lifesteal;basic_power;basic_hp;basic_power;basic_mr;basic_hp"
26,1,352,36,152,bot0_1,Eggchanter,0,SUPPORT,magical,2,5,7,1.8,8566,3053,9499,4599,9.8,14.7,114,196,35,18,9,198,2648,451,312,40,0.886,0.3,0.32,"special_heal_power;basic_hp;basic_hp;basic_hp;basic_hp;basic_mr;basic_mr;basic_armor"
26,1,352,36,152,bot1_1,Ironclad,1,TANK,physical,1,2,20,10.5,8537,5694,7967,0,17.6,0,346,425,36,27,11,92,3342,569,323,29,0.917,0.2,0.71,"basic_hp;basic_hp;basic_hp;basic_armor;basic_mr;basic_armor;basic_mr;basic_power;basic_hp;basic_as;basic_haste;basic_armor"
26,1,352,36,152,bot0_2,Fusilier,0,SLAYER,physical,2,8,7,1.13,14460,9943,9661,293,38,1.1,460,664,39,15,10,134,2759,470,262,90,0.743,0.3,1.03,"special_lifesteal;basic_power;basic_power;basic_hp;basic_as;basic_mr;basic_hp;basic_hp;basic_armor"
26,1,352,36,152,bot1_2,Lynx,1,SLAYER,physical,3,3,15,6,17341,9010,5208,480,28.9,1.5,516,743,53,40,11,137,3337,568,312,40,0.886,0.5,1.73,"special_lifesteal;basic_power;basic_hp;basic_power;basic_power;basic_as;basic_armor;basic_hp;basic_mr;basic_hp;basic_as"
26,1,352,36,152,bot0_3,Vanguard,0,FIGHTER,physical,0,5,8,1.6,12824,5219,9219,0,18.2,0,400,640,38,33,10,164,2539,432,287,65,0.815,0,0.57,"basic_hp;basic_hp;basic_hp;basic_power;basic_mr;basic_armor;basic_as;basic_power;basic_mr"
26,1,352,36,152,bot1_3,Mage,1,MAGE,magical,17,1,7,24,21049,12049,4601,474,36,1.4,537,743,77,28,13,271,5046,860,335,18,0.95,2.9,2.62,"special_lifesteal;basic_power;basic_power;basic_hp;basic_haste;basic_power;basic_hp;basic_armor;basic_mr;basic_power;basic_haste;basic_hp;basic_armor;basic_haste;basic_hp;basic_power"
26,1,352,36,152,bot0_4,Hana,0,TANK,magical,5,6,3,1.33,11384,5770,12147,0,20.5,0,372,657,15,34,10,227,2952,503,281,71,0.797,0.9,0.48,"basic_hp;basic_hp;basic_hp;basic_mr;basic_hp;basic_armor;basic_haste;basic_power;basic_mr;basic_mr"
26,1,352,36,152,bot1_4,Jailer,1,TANK,magical,3,3,20,7.67,13093,9714,8269,0,31.2,0,544,672,29,29,11,248,3573,609,311,41,0.884,0.5,1.17,"basic_hp;basic_hp;basic_hp;basic_armor;basic_mr;basic_hp;basic_hp;basic_power;basic_armor;basic_mr;basic_power;basic_haste"
27,1,252,1,151,bot0_1,Vanguard,0,FIGHTER,physical,1,5,0,0.2,6639,3328,9773,0,15.2,0,327,429,35,18,7,269,1819,432,219,33,0.868,0.2,0.34,"basic_hp;basic_hp;basic_armor;basic_power;basic_as;basic_armor"
27,1,252,1,151,bot1_1,Doctor,1,SUPPORT,physical,1,0,21,22,5562,4917,6180,9395,19.5,37.2,363,573,21,18,9,87,2762,657,252,0,1,0.2,0.8,"special_heal_power;basic_hp;basic_hp;basic_armor;basic_mr;basic_hp;basic_power;basic_as;basic_hp"
27,1,252,1,151,bot0_2,Bruiser,0,FIGHTER,physical,0,7,1,0.14,6151,3617,7780,0,20.5,0,429,555,26,17,7,137,1662,395,176,76,0.698,0,0.46,"basic_hp;basic_hp;basic_armor;basic_power;basic_as;basic_mr"
27,1,252,1,151,bot1_2,Jailer,1,TANK,magical,3,0,16,19,8402,6156,2488,0,24.4,0,432,601,27,21,9,204,2854,678,252,0,1,0.7,2.47,"basic_hp;basic_hp;basic_hp;basic_hp;basic_armor;basic_armor;basic_hp;basic_hp;basic_mr"
27,1,252,1,151,bot0_3,Ironclad,0,TANK,physical,0,6,1,0.17,4139,3046,10198,0,16.2,0,346,409,17,12,7,62,1662,395,188,65,0.743,0,0.3,"basic_hp;basic_hp;basic_hp;basic_armor;basic_mr;basic_armor"
27,1,252,1,151,bot1_3,Kratoma,1,SLAYER,physical,8,0,13,21,11203,8387,3000,361,33.2,1.4,318,736,21,22,10,99,3424,814,252,0,1,1.9,2.8,"special_lifesteal;basic_power;basic_hp;basic_as;basic_power;basic_hp;basic_power;basic_as;basic_hp;basic_as;basic_power"
27,1,252,1,151,bot0_4,Mage,0,MAGE,magical,0,6,1,0.17,7793,4419,5543,145,24,0.8,601,770,34,15,7,158,1683,400,184,68,0.73,0,0.8,"special_lifesteal;basic_power;basic_hp;basic_armor;basic_haste"
27,1,252,1,151,bot1_4,Lynx,1,SLAYER,physical,12,1,9,21,16304,11525,4971,519,48.7,2.2,731,1386,50,31,10,271,3796,902,237,16,0.938,2.9,2.32,"special_lifesteal;basic_power;basic_hp;basic_as;basic_armor;basic_mr;basic_power;basic_hp;basic_hp;basic_as;basic_power;basic_power"
28,1,305,29,150,bot0_1,Cleric,0,SUPPORT,magical,0,6,2,0.33,5400,2984,7279,1964,13,8.6,208,268,29,23,8,160,1985,390,229,76,0.751,0,0.41,"basic_hp;basic_hp;basic_armor;basic_mr;basic_haste;basic_power;basic_hp"
28,1,305,29,150,bot1_1,Oracle,1,MAGE,physical,4,0,17,21,10749,7882,2344,351,25.8,1.1,494,636,23,23,10,125,3325,653,305,0,1,0.8,3.36,"special_lifesteal;basic_power;basic_hp;basic_as;basic_power;basic_hp;basic_mr;basic_as;basic_armor;basic_power;basic_hp"
28,1,305,29,150,bot0_2,Jailer,0,TANK,magical,1,6,1,0.33,6033,3197,9609,0,14,0,357,448,19,16,8,102,2002,393,229,76,0.751,0.2,0.33,"basic_hp;basic_hp;basic_hp;basic_armor;basic_hp;basic_mr;basic_haste"
28,1,305,29,150,bot1_2,Healer,1,SUPPORT,magical,2,0,18,20,6802,4238,3454,3587,13.9,11.8,161,196,48,12,10,80,3130,615,305,0,1,0.4,1.23,"special_heal_power;basic_hp;basic_hp;basic_mr;basic_armor;basic_hp;basic_hp;basic_mr;basic_hp;basic_haste"
28,1,305,29,150,bot0_3,Kratoma,0,SLAYER,physical,1,6,0,0.17,8153,3340,6203,111,14.6,0.5,180,396,16,16,8,273,2048,402,228,77,0.747,0.2,0.54,"special_lifesteal;basic_power;basic_as;basic_hp;basic_armor;basic_mr"
28,1,305,29,150,bot1_3,Bruiser,1,FIGHTER,physical,7,1,15,22,9538,6020,4785,320,19.7,1,284,554,52,34,10,98,3598,707,305,0,1,1.4,1.26,"special_lifesteal;basic_power;basic_hp;basic_power;basic_hp;basic_hp;basic_as;basic_mr;basic_as;basic_armor;basic_power;basic_as"
28,1,305,29,150,bot0_4,Zephyr,0,SPLITPUSHER,magical,0,5,2,0.4,3706,2851,7003,114,11.7,0.5,253,317,27,13,8,95,1895,372,243,62,0.796,0,0.41,"special_lifesteal;basic_power;basic_hp;basic_armor;basic_power;basic_haste"
28,1,305,29,150,bot1_4,Fusilier,1,SLAYER,physical,10,1,12,22,17597,10219,4145,592,33.5,1.9,321,579,45,18,11,87,3862,759,305,0,1,2,2.47,"special_lifesteal;basic_power;basic_power;basic_hp;basic_power;basic_as;basic_hp;basic_as;basic_mr;basic_hp;basic_as;basic_mr;basic_armor"
29,1,294,1,152,bot0_1,Hana,0,TANK,magical,0,6,1,0.17,4673,2887,9990,0,12.9,0,195,484,9,25,7,195,1795,367,223,70,0.761,0,0.29,"basic_hp;basic_hp;basic_hp;basic_mr;basic_armor;basic_mr"
29,1,294,1,152,bot1_1,Goliath,1,TANK,physical,3,0,16,19,9082,6230,4509,1898,21.2,6.5,353,430,36,21,11,107,3207,656,294,0,1,0.6,1.38,"basic_hp;basic_hp;basic_hp;basic_mr;basic_armor;basic_power;basic_mr;basic_hp;basic_armor;basic_hp;basic_mr"
29,1,294,1,152,bot0_2,Kratoma,0,SLAYER,physical,1,6,0,0.17,8459,3477,5901,203,15.5,0.9,194,334,16,15,8,146,1946,398,224,69,0.764,0.2,0.59,"special_lifesteal;basic_power;basic_as;basic_power;basic_hp;basic_mr"
29,1,294,1,152,bot1_2,Pyromancer,1,SLAYER,magical,4,1,18,22,11919,5802,3394,156,20.9,0.6,540,590,29,21,11,343,3343,683,278,16,0.947,0.8,1.71,"special_lifesteal;basic_power;basic_power;basic_hp;basic_mr;basic_hp;basic_hp;basic_power;basic_haste;basic_power"
29,1,294,1,152,bot0_3,Jirina,0,FIGHTER,magical,0,5,1,0.2,8463,4269,9056,1814,18.3,7.8,368,427,29,9,8,37,1862,381,233,60,0.794,0,0.47,"basic_hp;basic_hp;basic_hp;basic_power;basic_mr;basic_armor;basic_haste"
29,1,294,1,152,bot1_3,Cleric,1,SUPPORT,magical,3,0,17,20,8081,5013,2114,5771,17.1,19.7,234,285,48,41,11,332,3232,661,294,0,1,0.6,2.37,"basic_hp;basic_hp;basic_hp;basic_mr;basic_mr;basic_hp;basic_mr;basic_armor;basic_mr;basic_hp"
29,1,294,1,152,bot0_4,Eggchanter,0,SUPPORT,magical,0,6,1,0.17,4148,2020,8073,1743,9,7.8,103,164,18,10,7,187,1787,365,224,69,0.764,0,0.25,"special_heal_power;basic_hp;basic_hp;basic_hp;basic_armor"
29,1,294,1,152,bot1_4,Wanderer,1,SLAYER,physical,13,0,10,23,21386,13491,5166,552,46,1.9,762,1519,27,19,11,124,3974,812,294,0,1,2.7,2.61,"special_lifesteal;basic_power;basic_power;basic_hp;basic_as;basic_hp;basic_as;basic_power;basic_mr;basic_as;basic_hp;basic_power;basic_mr"
30,0,340,152,26,bot0_1,Kratoma,0,SLAYER,physical,7,1,18,25,17049,10342,5277,439,31.9,1.4,375,689,25,26,11,169,3969,699,324,17,0.951,1.2,1.96,"special_lifesteal;basic_power;basic_power;basic_as;basic_power;basic_as;basic_hp;basic_hp;basic_armor;basic_power;basic_as;basic_mr;basic_armor"
30,0,340,152,26,bot1_1,Oracle,1,MAGE,physical,0,8,5,0.63,9133,5453,9069,240,19.8,0.9,297,411,19,18,10,65,2390,421,275,65,0.808,0,0.6,"special_lifesteal;basic_power;basic_hp;basic_as;basic_power;basic_armor;basic_mr;basic_hp"
30,0,340,152,26,bot0_2,Healer,0,SUPPORT,magical,3,1,20,23,10114,6541,6889,11827,20.2,36.5,155,211,59,23,11,256,3481,613,324,17,0.951,0.5,0.95,"special_heal_power;basic_hp;basic_hp;basic_armor;basic_hp;basic_armor;basic_armor;basic_haste;basic_power;basic_haste;basic_power"
30,0,340,152,26,bot1_2,Goliath,1,TANK,physical,3,7,2,0.71,9291,5811,12213,1346,22.5,5.2,424,518,30,21,9,190,2590,456,258,83,0.757,0.5,0.48,"basic_hp;basic_hp;basic_mr;basic_armor;basic_hp;basic_power;basic_as;basic_hp;basic_haste"
30,0,340,152,26,bot0_3,Jailer,0,TANK,magical,2,2,20,11,16770,9812,7263,0,31.3,0,614,930,34,36,10,18,3268,576,313,27,0.92,0.4,1.35,"basic_hp;basic_hp;basic_armor;basic_armor;basic_haste;basic_hp;basic_armor;basic_haste;basic_power;basic_as;basic_mr;basic_hp"
30,0,340,152,26,bot1_3,Kratoma,1,SLAYER,physical,1,6,4,0.83,9893,6632,7613,253,25.4,1,275,418,18,15,8,220,2295,404,261,79,0.768,0.2,0.87,"special_lifesteal;basic_power;basic_hp;basic_as;basic_armor;basic_power;basic_hp"
30,0,340,152,26,bot0_4,Bruiser,0,FIGHTER,physical,14,1,10,24,12722,9257,6133,0,28.7,0,536,694,54,38,12,64,4564,804,323,18,0.948,2.5,1.51,"basic_hp;basic_hp;basic_armor;basic_power;basic_hp;basic_armor;basic_armor;basic_hp;basic_armor;basic_power;basic_power;basic_as;basic_as;basic_mr;basic_hp;basic_haste"
30,0,340,152,26,bot1_4,Vanguard,1,FIGHTER,physical,1,5,4,1,8301,3715,10191,0,13.3,0,458,557,40,23,9,224,2324,409,279,61,0.82,0.2,0.36,"basic_hp;basic_hp;basic_hp;basic_power;basic_armor;basic_mr;basic_power;basic_as"
31,1,299,2,150,bot0_1,Goliath,0,TANK,physical,0,6,2,0.33,7425,4518,11888,1278,17.9,5.1,345,351,27,17,8,236,1886,378,253,47,0.843,0,0.38,"basic_hp;basic_hp;basic_hp;basic_armor;basic_mr;basic_hp"
31,1,299,2,150,bot1_1,Lynx,1,SLAYER,physical,6,1,14,20,14470,9467,4146,466,33.2,1.6,575,1030,56,36,10,245,3420,685,285,15,0.951,1.2,2.28,"special_lifesteal;special_gw;basic_power;basic_power;basic_hp;basic_hp;basic_as;basic_armor;basic_power;basic_as"
31,1,299,2,150,bot0_2,Doctor,0,SUPPORT,physical,0,6,2,0.33,4408,3298,7354,2614,14.5,11.5,183,339,16,11,7,47,1847,370,228,71,0.762,0,0.45,"special_gw;basic_hp;basic_armor;basic_power;basic_hp;basic_mr"
31,1,299,2,150,bot1_2,Ironclad,1,TANK,physical,4,0,18,22,7408,6025,6638,0,20.1,0,400,504,33,19,11,259,3359,673,299,0,1,0.8,0.91,"basic_hp;basic_hp;basic_hp;basic_armor;basic_hp;basic_armor;basic_armor;basic_hp;basic_mr;basic_mr;basic_power"
31,1,299,2,150,bot0_3,Kratoma,0,SLAYER,physical,2,6,0,0.33,9069,5218,6635,171,23.6,0.8,298,531,13,11,8,244,2119,425,221,78,0.739,0.4,0.79,"special_lifesteal;basic_power;basic_power;basic_as;basic_as;basic_power"
31,1,299,2,150,bot1_3,Cleric,1,SUPPORT,magical,4,1,17,21,8297,6506,5431,6111,22.9,21.5,282,342,42,35,11,225,3325,666,284,16,0.948,0.8,1.2,"special_gw;basic_hp;basic_hp;basic_armor;basic_armor;basic_hp;basic_hp;basic_hp;basic_mr;basic_armor"
31,1,299,2,150,bot0_4,Jirina,0,FIGHTER,magical,0,4,2,0.5,9444,5277,6844,1564,21.3,6.3,535,586,26,7,7,37,1862,373,248,52,0.828,0,0.77,"basic_hp;basic_hp;special_lifesteal;basic_power;basic_power;basic_armor"
31,1,299,2,150,bot1_4,Bruiser,1,FIGHTER,physical,8,0,12,20,10391,7059,3703,331,23.6,1.1,586,662,50,33,11,57,3582,718,299,0,1,1.6,1.91,"special_lifesteal;basic_power;basic_as;basic_hp;basic_power;basic_power;basic_as;basic_as;basic_hp;basic_armor;basic_hp;basic_armor"
32,0,390,150,44,bot0_1,Tamer,0,MAGE,magical,4,5,16,4,15292,7682,5443,1965,22,5.6,323,549,42,7,11,159,3659,564,349,40,0.897,0.6,1.41,"special_lifesteal;basic_power;basic_power;basic_hp;basic_haste;basic_armor;basic_mr;basic_hp;basic_power;basic_power;basic_haste;basic_armor"
32,0,390,150,44,bot1_1,Goliath,1,TANK,physical,2,6,9,1.83,7417,3062,13503,1591,9.9,5.2,293,351,34,19,10,239,2964,457,308,81,0.791,0.3,0.23,"basic_hp;basic_hp;basic_hp;basic_mr;basic_hp;basic_armor;basic_mr;basic_power;basic_as;basic_mr"
32,0,390,150,44,bot0_2,Jailer,0,TANK,magical,4,3,18,7.33,13792,7643,9132,0,21.9,0,435,629,33,30,11,224,3749,577,349,41,0.895,0.6,0.84,"basic_hp;basic_hp;basic_hp;basic_armor;basic_armor;basic_mr;basic_power;basic_mr;basic_haste;basic_power;basic_as;basic_hp;basic_armor"
32,0,390,150,44,bot1_2,Quiller,1,SLAYER,physical,6,7,5,1.57,16474,8872,8525,447,30.9,1.6,327,539,40,24,10,186,3361,518,287,103,0.737,0.9,1.04,"special_lifesteal;basic_power;basic_power;basic_hp;basic_as;basic_hp;basic_power;basic_mr;basic_as;basic_armor;basic_mr"
32,0,390,150,44,bot0_3,Fusilier,0,SLAYER,physical,20,3,8,9.33,35435,17862,6445,997,51.8,2.9,530,994,57,19,13,134,5434,837,345,45,0.885,3.1,2.77,"special_lifesteal;basic_power;basic_power;basic_as;basic_power;basic_as;basic_power;basic_as;basic_hp;basic_as;basic_power;basic_power;basic_as;basic_hp;basic_hp;basic_hp;basic_armor"
32,0,390,150,44,bot1_3,Bruiser,1,FIGHTER,physical,2,7,11,1.86,8200,5259,10428,242,17.5,0.8,278,486,42,34,10,316,3016,465,300,90,0.77,0.3,0.5,"special_lifesteal;basic_power;basic_power;basic_as;basic_power;basic_power;basic_hp;basic_mr;basic_as"
32,0,390,150,44,bot0_4,Healer,0,SUPPORT,magical,1,3,25,8.67,9692,6296,8046,5586,16.7,14.8,179,247,63,18,11,91,3616,557,377,13,0.967,0.2,0.78,"basic_hp;basic_hp;basic_hp;basic_armor;basic_armor;basic_mr;basic_haste;basic_power;basic_as;basic_mr;basic_hp;basic_haste;basic_armor"
32,0,390,150,44,bot1_4,Summoner,1,MAGE,magical,4,9,8,1.33,8760,4083,9372,205,15.1,0.8,198,282,40,20,11,72,3247,500,271,119,0.695,0.6,0.44,"special_lifesteal;basic_power;basic_hp;basic_haste;basic_power;basic_power;basic_hp;basic_haste;basic_mr;basic_armor;basic_mr"
33,0,252,151,0,bot0_1,Cleric,0,SUPPORT,magical,2,0,19,21,5871,4997,2207,5349,19.8,21.2,294,342,43,33,9,136,2811,668,252,0,1,0.5,2.26,"special_gw;basic_hp;basic_armor;basic_hp;basic_hp;basic_power;basic_haste;basic_armor;basic_armor"
33,0,252,151,0,bot1_1,Goliath,1,TANK,physical,0,5,0,0,4974,1971,8946,627,10,3.2,410,460,25,13,7,279,1604,381,197,56,0.78,0,0.22,"basic_hp;basic_hp;basic_hp;basic_mr;basic_armor"
33,0,252,151,0,bot0_2,Jailer,0,TANK,magical,6,0,14,20,10438,7809,3034,0,30.9,0,451,625,24,27,10,157,3157,751,252,0,1,1.4,2.57,"basic_hp;basic_hp;basic_armor;basic_hp;basic_armor;basic_power;basic_armor;basic_power;basic_haste;basic_hp;basic_as"
33,0,252,151,0,bot1_2,Ironclad,1,TANK,physical,0,6,0,0,5290,2450,11954,0,13.4,0,320,369,18,12,7,306,1631,388,183,69,0.725,0,0.2,"basic_hp;basic_hp;basic_hp;basic_mr;basic_armor"
33,0,252,151,0,bot0_3,Kratoma,0,SLAYER,physical,11,0,8,19,10715,8946,2719,200,35.4,0.8,233,472,21,21,10,348,3523,838,252,0,1,2.6,3.29,"special_lifesteal;basic_power;basic_power;basic_as;basic_as;basic_hp;basic_hp;basic_power;basic_armor;basic_armor;basic_haste"
33,0,252,151,0,bot1_3,Doctor,1,SUPPORT,physical,0,6,0,0,2836,1521,6052,891,8.1,4.8,109,191,12,8,6,297,1572,374,187,65,0.741,0,0.25,"special_heal_power;basic_hp;basic_mr;basic_armor"
33,0,252,151,0,bot0_4,Summoner,0,MAGE,magical,2,0,17,19,7344,4734,1194,175,18.8,0.7,185,264,41,20,9,344,2744,652,252,0,1,0.5,3.96,"special_lifesteal;basic_power;basic_hp;basic_power;basic_armor;basic_power;basic_hp;basic_armor"
33,0,252,151,0,bot1_4,Vanguard,1,FIGHTER,physical,0,4,0,0,6162,1782,7864,0,8.7,0,310,398,32,15,6,247,1572,374,206,47,0.814,0,0.23,"basic_hp;basic_hp;basic_hp;basic_mr;basic_power"
34,0,382,151,62,bot0_1,Fusilier,0,SLAYER,physical,4,4,15,4.75,21781,13967,5207,498,42.6,1.5,396,739,54,16,11,231,3606,567,328,54,0.859,0.6,2.68,"special_lifesteal;basic_power;basic_power;basic_power;basic_as;basic_hp;basic_as;basic_power;basic_as;basic_hp;basic_power"
34,0,382,151,62,bot1_1,Quiller,1,SLAYER,physical,7,7,7,2,23381,12450,8552,681,45,2.5,297,579,37,28,11,193,3668,577,277,105,0.726,1.1,1.46,"special_lifesteal;basic_power;basic_power;basic_power;basic_as;basic_hp;basic_mr;basic_as;basic_armor;basic_hp;basic_as;basic_mr"
34,0,382,151,62,bot0_2,Eggchanter,0,SUPPORT,magical,3,3,18,7,6763,4014,6024,5785,11.9,17.1,151,230,42,20,12,160,3735,587,339,43,0.887,0.5,0.67,"special_gw;basic_hp;basic_hp;basic_armor;basic_mr;basic_hp;basic_power;basic_armor;basic_haste;basic_hp;basic_mr;basic_hp"
34,0,382,151,62,bot1_2,Eggchanter,1,SUPPORT,magical,0,5,12,2.4,6052,3856,8212,3461,12.5,11.3,128,207,30,16,11,254,2929,460,307,74,0.806,0,0.47,"special_gw;basic_hp;basic_hp;basic_hp;basic_armor;basic_mr;basic_hp;basic_power;basic_haste"
34,0,382,151,62,bot0_3,Volstrov,0,MAGE,magical,9,3,13,7.33,16414,9745,6364,442,28.8,1.3,361,721,15,17,13,299,4424,696,339,43,0.888,1.4,1.53,"special_lifesteal;basic_power;basic_hp;basic_power;basic_hp;basic_haste;basic_hp;basic_power;basic_mr;basic_hp;basic_armor;basic_haste;basic_power;basic_armor"
34,0,382,151,62,bot1_3,Vanguard,1,FIGHTER,physical,2,6,9,1.83,14423,6321,12663,0,21,0,416,468,43,30,11,88,3138,493,302,80,0.791,0.3,0.5,"special_gw;basic_hp;basic_hp;basic_hp;basic_hp;basic_power;basic_hp;basic_armor;basic_mr;basic_power"
34,0,382,151,62,bot0_4,Goliath,0,TANK,physical,7,4,11,4.5,11068,6826,10947,2318,20.4,6.9,374,506,37,26,11,218,3793,596,335,46,0.879,1.1,0.62,"basic_hp;basic_hp;basic_hp;basic_hp;basic_armor;basic_hp;basic_hp;basic_mr;basic_armor;basic_as;basic_mr;basic_hp"
34,0,382,151,62,bot1_4,Zephyr,1,SPLITPUSHER,magical,5,5,5,2,10237,3541,8522,223,11.2,0.7,322,446,38,31,11,36,3311,521,315,66,0.826,0.8,0.42,"special_lifesteal;basic_power;basic_power;basic_hp;basic_haste;basic_hp;basic_mr;basic_power;basic_haste;basic_hp;basic_hp"
35,0,393,151,37,bot0_1,Hana,0,TANK,magical,8,2,12,10,11150,8584,6948,0,23.3,0,392,573,22,45,11,336,3911,597,368,25,0.936,1.2,1.24,"basic_hp;basic_hp;basic_hp;basic_mr;basic_mr;basic_hp;basic_armor;basic_mr;basic_power;basic_haste;basic_armor;basic_as;basic_mr"
35,0,393,151,37,bot1_1,Pyromancer,1,SLAYER,magical,0,8,8,1,11448,4711,8468,123,16.4,0.4,333,479,30,20,10,326,2651,404,287,106,0.73,0,0.56,"special_lifesteal;basic_power;basic_hp;basic_power;basic_haste;basic_armor;basic_mr;basic_hp"
35,0,393,151,37,bot0_2,Cleric,0,SUPPORT,magical,2,2,21,11.5,10083,7238,5712,5499,19.8,15,318,345,55,44,11,250,3525,538,366,27,0.931,0.3,1.27,"basic_hp;basic_hp;basic_hp;basic_mr;basic_hp;basic_armor;basic_mr;basic_mr;basic_hp;basic_mr;basic_hp"
35,0,393,151,37,bot1_2,Jirina,1,FIGHTER,magical,2,5,4,1.2,8853,5487,10844,2537,16.9,7.8,356,454,28,13,9,216,2616,399,325,68,0.826,0.3,0.51,"special_gw;special_lifesteal;basic_hp;basic_power;basic_hp;basic_power;basic_hp"
35,0,393,151,37,bot0_3,Wanderer,0,SLAYER,physical,8,2,15,11.5,26728,17202,6648,611,47.3,1.7,966,1900,30,25,12,50,4225,645,364,29,0.926,1.2,2.59,"special_lifesteal;basic_power;basic_power;basic_as;basic_power;basic_hp;basic_as;basic_as;basic_power;basic_hp;basic_hp;basic_mr;basic_power;basic_armor"
35,0,393,151,37,bot1_3,Mage,1,MAGE,magical,2,7,6,1.14,12057,6089,7752,188,20.7,0.6,497,707,39,16,10,249,2874,438,294,99,0.747,0.3,0.79,"special_lifesteal;basic_power;basic_hp;basic_power;basic_power;basic_haste;basic_armor;basic_mr;basic_hp"
35,0,393,151,37,bot0_4,Bruiser,0,FIGHTER,physical,8,2,14,11,15476,8896,6483,493,24.1,1.3,398,529,64,43,12,72,4147,633,369,24,0.938,1.2,1.37,"special_lifesteal;basic_power;basic_hp;basic_power;basic_as;basic_hp;basic_as;basic_mr;basic_mr;basic_hp;basic_power;basic_armor;basic_as;basic_mr"
35,0,393,151,37,bot1_4,Ironclad,1,TANK,physical,4,6,4,1.33,8491,6912,16765,0,22.4,0,379,476,31,25,10,73,3023,461,309,85,0.784,0.6,0.41,"basic_hp;basic_hp;basic_hp;basic_armor;basic_mr;basic_hp;basic_as;basic_armor;basic_power;basic_haste;basic_mr"
36,1,371,57,150,bot0_1,Cleric,0,SUPPORT,magical,1,5,6,1.4,9240,5370,7376,2322,17.8,7.7,362,426,38,33,9,124,2499,404,302,69,0.813,0.2,0.73,"special_gw;basic_hp;basic_hp;basic_armor;basic_power;basic_armor;basic_haste;basic_hp"
36,1,371,57,150,bot1_1,Jailer,1,TANK,magical,7,3,15,7.33,12242,8174,8539,0,24.5,0,475,610,34,29,11,149,3874,626,334,37,0.9,1.1,0.96,"basic_hp;basic_hp;basic_hp;basic_mr;basic_mr;basic_armor;basic_armor;basic_hp;basic_mr;basic_mr;basic_armor;basic_power;basic_hp"
36,1,371,57,150,bot0_2,Mage,0,MAGE,magical,1,7,6,1,14274,7645,7576,326,28,1.2,622,722,54,21,10,50,2675,432,273,99,0.735,0.2,1.01,"special_lifesteal;basic_power;basic_power;basic_hp;basic_haste;basic_power;basic_armor;basic_mr;basic_hp"
36,1,371,57,150,bot1_2,Doctor,1,SUPPORT,physical,6,3,18,8,7101,5546,8259,13534,16.4,39.9,181,274,19,24,11,71,3871,625,339,32,0.913,1,0.67,"special_heal_power;basic_hp;basic_mr;basic_hp;basic_hp;basic_mr;basic_hp;basic_armor;basic_power;basic_as;basic_mr;basic_armor;basic_power"
36,1,371,57,150,bot0_3,Quiller,0,SLAYER,physical,2,7,5,1,16228,7633,8363,498,28,1.8,250,508,36,24,9,60,2685,434,273,98,0.735,0.3,0.91,"special_lifesteal;basic_power;basic_power;basic_hp;basic_as;basic_hp;basic_armor;basic_power;basic_mr"
36,1,371,57,150,bot1_3,Vanguard,1,FIGHTER,physical,5,0,14,19,11073,6669,7516,380,18,1,277,375,53,31,10,211,3486,563,371,0,1,0.8,0.89,"basic_hp;basic_hp;special_lifesteal;basic_power;basic_as;basic_power;basic_hp;basic_mr;basic_mr;basic_power;basic_hp"
36,1,371,57,150,bot0_4,Volstrov,0,MAGE,magical,5,6,4,1.5,10923,8248,8618,243,29,0.9,319,589,19,15,10,164,3089,499,285,87,0.767,0.8,0.96,"special_lifesteal;basic_power;basic_hp;basic_power;basic_armor;basic_hp;basic_hp;basic_power;basic_haste;basic_mr"
36,1,371,57,150,bot1_4,Bruiser,1,FIGHTER,physical,7,3,11,6,15882,9250,7283,482,26.1,1.4,352,586,55,41,11,147,3722,601,355,17,0.955,1.1,1.27,"special_lifesteal;basic_power;basic_power;basic_power;basic_as;basic_power;basic_hp;basic_as;basic_as;basic_mr;basic_as;basic_armor"
37,1,367,65,150,bot0_1,Ironclad,0,TANK,physical,4,6,9,2.17,5144,3409,14119,0,10.6,0,402,502,27,16,10,200,3150,515,323,44,0.88,0.7,0.24,"basic_hp;basic_hp;basic_hp;basic_armor;basic_hp;basic_mr;basic_armor;basic_power;basic_mr;basic_as;basic_haste"
37,1,367,65,150,bot1_1,Quiller,1,SLAYER,physical,9,3,14,7.67,21574,11748,4616,709,33.5,2,308,732,55,34,12,173,4248,695,351,16,0.957,1.5,2.55,"special_lifesteal;basic_power;basic_power;basic_as;basic_hp;basic_power;basic_as;basic_power;basic_as;basic_hp;basic_power;basic_power;basic_as"
37,1,367,65,150,bot0_2,Jirina,0,FIGHTER,magical,1,6,12,2.17,7787,5352,11124,3088,18.7,10.8,454,506,25,14,9,177,2777,454,286,81,0.779,0.2,0.48,"special_lifesteal;basic_power;basic_hp;basic_power;basic_armor;basic_haste;basic_mr;basic_hp;basic_armor"
37,1,367,65,150,bot1_2,Lynx,1,SLAYER,physical,9,4,14,5.75,13133,9206,7461,405,29.7,1.3,554,850,57,42,11,104,4154,680,310,57,0.846,1.5,1.23,"special_lifesteal;basic_power;basic_hp;basic_power;basic_hp;basic_as;basic_power;basic_mr;basic_hp;basic_as;basic_as;basic_armor;basic_mr;basic_armor"
37,1,367,65,150,bot0_3,Oracle,0,MAGE,physical,3,9,10,1.44,12725,7211,9965,230,29.3,0.9,507,649,18,14,10,209,3084,505,246,121,0.671,0.5,0.72,"special_lifesteal;basic_power;basic_hp;basic_as;basic_hp;basic_armor;basic_power;basic_mr;basic_as;basic_armor"
37,1,367,65,150,bot1_3,Wanderer,1,SLAYER,physical,6,3,20,8.67,17677,12489,6761,426,38.3,1.3,911,1648,22,17,11,151,3976,650,326,41,0.888,1,1.85,"special_lifesteal;basic_power;basic_as;basic_hp;basic_power;basic_as;basic_mr;basic_armor;basic_hp;basic_power;basic_power;basic_as;basic_hp"
37,1,367,65,150,bot0_4,Reaper,0,SPLITPUSHER,magical,5,7,6,1.57,9764,6651,8663,232,24.5,0.9,376,590,28,15,10,196,3146,515,271,96,0.739,0.8,0.77,"special_lifesteal;basic_power;basic_hp;basic_power;basic_hp;basic_hp;basic_armor;basic_power;basic_armor;basic_haste"
37,1,367,65,150,bot1_4,Jailer,1,TANK,magical,4,3,20,8,13385,8777,5917,0,27.3,0,480,662,33,31,11,219,3744,613,322,45,0.878,0.7,1.48,"basic_hp;basic_hp;basic_hp;basic_mr;basic_armor;basic_haste;basic_power;basic_mr;basic_as;basic_armor;basic_haste;basic_hp;basic_mr"
38,1,262,2,150,bot0_1,Hana,0,TANK,magical,1,6,1,0.33,6684,3796,8731,0,18.9,0,507,640,7,23,7,278,1853,424,201,61,0.766,0.2,0.43,"basic_hp;basic_hp;basic_hp;basic_mr;basic_armor;basic_power"
38,1,262,2,150,bot1_1,Ironclad,1,TANK,physical,4,0,15,19,6810,5290,6415,0,20.2,0,216,383,29,21,9,241,2966,678,262,0,1,0.9,0.82,"basic_hp;basic_hp;basic_hp;basic_mr;basic_hp;basic_mr;basic_armor;basic_power;basic_as;basic_mr"
38,1,262,2,150,bot0_2,Wanderer,0,SLAYER,physical,0,3,0,0,8589,2993,3983,182,13.3,0.8,468,571,14,12,7,98,1698,388,224,38,0.855,0,0.75,"special_lifesteal;special_lifesteal;basic_power;basic_as"
38,1,262,2,150,bot1_2,Healer,1,SUPPORT,magical,4,0,15,19,6281,4720,2837,4329,18,16.5,173,211,40,11,9,16,2966,678,262,0,1,0.9,1.66,"special_gw;basic_hp;basic_hp;basic_hp;basic_mr;basic_power;basic_mr;basic_hp;basic_armor;basic_haste"
38,1,262,2,150,bot0_3,Cleric,0,SUPPORT,magical,1,5,1,0.4,5137,3599,7237,2039,17.4,9.9,276,328,23,19,7,227,1877,429,207,56,0.788,0.2,0.5,"basic_hp;basic_hp;basic_hp;basic_mr;basic_mr;basic_mr"
38,1,262,2,150,bot1_3,Summoner,1,MAGE,magical,8,1,11,19,6567,4831,1767,205,19.2,0.8,203,271,40,21,10,88,3363,769,252,11,0.959,1.8,2.73,"special_lifesteal;basic_power;basic_hp;basic_power;basic_power;basic_haste;basic_hp;basic_power;basic_haste;basic_mr;basic_hp"
38,1,262,2,150,bot0_4,Jirina,0,FIGHTER,magical,0,5,2,0.4,7891,3960,8096,949,17.4,4.2,445,588,21,7,8,190,1840,421,227,35,0.866,0,0.49,"basic_hp;basic_hp;basic_hp;basic_mr;basic_mr;basic_mr"
38,1,262,2,150,bot1_4,Zephyr,1,SPLITPUSHER,magical,3,1,12,15,8886,5575,4927,342,22.1,1.4,317,413,27,31,9,226,2651,606,252,11,0.959,0.7,1.13,"special_lifesteal;basic_power;basic_power;basic_hp;basic_power;basic_hp;basic_hp;basic_mr"
39,1,276,4,151,bot0_1,Summoner,0,MAGE,magical,2,6,1,0.5,3962,2026,5299,99,10,0.5,147,215,24,12,8,238,2038,443,202,74,0.732,0.4,0.38,"special_lifesteal;special_gw;basic_power;basic_hp;basic_armor"
39,1,276,4,151,bot1_1,Goliath,1,TANK,physical,1,1,15,16,8090,5597,6500,2101,21.1,7.9,285,511,30,20,9,144,2619,569,265,11,0.961,0.2,0.86,"basic_hp;basic_hp;basic_hp;basic_mr;basic_mr;basic_mr;basic_hp;basic_power;basic_as"
39,1,276,4,151,bot0_2,Jirina,0,FIGHTER,magical,0,3,3,1,8951,4278,8713,2151,18.1,9.1,357,559,30,15,8,251,1901,413,237,39,0.859,0,0.49,"basic_hp;basic_hp;basic_hp;basic_hp;basic_armor;basic_power"
39,1,276,4,151,bot1_2,Lynx,1,SLAYER,physical,9,2,7,8,15798,7849,4716,545,31.3,2.2,623,973,50,35,10,294,3394,738,251,25,0.908,2,1.66,"special_lifesteal;basic_power;basic_as;basic_hp;basic_power;basic_power;basic_power;basic_as;basic_as;basic_power"
39,1,276,4,151,bot0_3,Jailer,0,TANK,magical,2,5,2,0.8,6349,3958,8598,0,18.5,0,435,503,19,13,8,49,2124,462,214,62,0.774,0.4,0.46,"basic_hp;basic_hp;basic_hp;basic_armor;basic_mr;basic_power;basic_haste;basic_as"
39,1,276,4,151,bot1_3,Cleric,1,SUPPORT,magical,4,0,14,18,6550,4982,3609,5503,18.1,19.9,314,376,43,32,10,299,3049,663,276,0,1,0.9,1.38,"basic_hp;basic_hp;basic_hp;basic_mr;basic_mr;basic_haste;basic_mr;basic_power;basic_haste;basic_hp"
39,1,276,4,151,bot0_4,Mage,0,MAGE,magical,0,5,4,0.8,10306,6267,4911,219,29.3,1,452,522,33,18,8,163,1963,427,214,62,0.774,0,1.28,"special_lifesteal;basic_power;basic_hp;basic_armor;basic_power;basic_haste"
39,1,276,4,151,bot1_4,Vanguard,1,FIGHTER,physical,5,1,12,17,11071,7409,5819,0,28.4,0,428,725,41,26,10,369,3119,678,261,15,0.947,1.1,1.27,"basic_hp;basic_hp;basic_hp;basic_mr;basic_mr;basic_hp;basic_power;basic_mr;basic_power;basic_as"
40,0,358,151,39,bot0_1,Hana,0,TANK,magical,8,3,10,6,9301,5772,8923,0,18.3,0,591,630,17,37,11,54,3729,625,316,42,0.883,1.3,0.65,"basic_hp;basic_hp;basic_hp;basic_armor;basic_mr;basic_power;basic_armor;basic_hp;basic_hp;basic_armor;basic_mr;basic_haste;basic_armor"
40,0,358,151,39,bot1_1,Goliath,1,TANK,physical,3,2,9,6,12034,5391,10440,2222,16.6,6.8,499,615,44,22,11,244,3294,552,325,33,0.907,0.5,0.52,"basic_hp;basic_hp;basic_hp;basic_hp;basic_mr;basic_mr;basic_armor;basic_power;basic_as;basic_hp;basic_armor"
40,0,358,151,39,bot0_2,Jirina,0,FIGHTER,magical,4,3,11,5,10969,6294,6780,3926,19.9,12.4,364,452,43,15,10,179,3179,533,317,41,0.886,0.7,0.93,"special_lifesteal;basic_power;basic_power;basic_hp;basic_haste;basic_armor;basic_hp;basic_power;basic_power;basic_hp"
40,0,358,151,39,bot1_2,Quiller,1,SLAYER,physical,5,6,7,2,17708,10731,6347,547,39.1,2,288,537,37,24,11,109,3359,563,274,84,0.766,0.8,1.69,"special_lifesteal;basic_power;basic_power;basic_power;basic_as;basic_hp;basic_hp;basic_as;basic_hp;basic_as;basic_mr"
40,0,358,151,39,bot0_3,Wanderer,0,SLAYER,physical,4,4,12,4,16079,10166,7398,391,33.4,1.3,516,884,22,19,10,32,3232,542,304,54,0.85,0.7,1.37,"special_lifesteal;basic_power;basic_power;basic_hp;basic_power;basic_as;basic_armor;basic_hp;basic_mr;basic_as;basic_hp"
40,0,358,151,39,bot1_3,Kratoma,1,SLAYER,physical,1,6,10,1.83,10611,5279,6285,183,18.9,0.7,246,414,20,18,11,39,2914,488,279,79,0.779,0.2,0.84,"special_gw;special_lifesteal;basic_power;basic_hp;basic_power;basic_hp;basic_as;basic_as;basic_mr"
40,0,358,151,39,bot0_4,Eggchanter,0,SUPPORT,magical,3,2,13,8,6225,4271,9698,9639,13,29.4,183,289,34,16,10,98,3173,532,328,30,0.915,0.5,0.44,"basic_hp;basic_hp;basic_armor;basic_hp;basic_armor;basic_hp;basic_power;basic_mr;basic_armor;basic_armor;basic_power"
40,0,358,151,39,bot1_4,Volstrov,1,MAGE,magical,3,5,8,2.2,15066,7901,5813,395,27.8,1.4,371,598,20,20,11,285,3235,542,284,74,0.793,0.5,1.36,"special_lifesteal;basic_power;basic_hp;basic_mr;basic_haste;basic_power;basic_armor;basic_hp;basic_power;basic_power"
41,0,294,152,9,bot0_1,Doctor,0,SUPPORT,physical,2,1,18,20,3985,2954,7025,10245,10.1,34.9,190,274,11,15,10,131,2931,599,294,0,1,0.4,0.42,"special_heal_power;basic_hp;basic_hp;basic_hp;basic_mr;basic_armor;basic_hp;basic_hp;basic_mr"
41,0,294,152,9,bot1_1,Tamer,1,MAGE,magical,0,9,3,0.33,9362,3194,7274,2869,14.8,13.3,283,478,24,12,9,19,2119,433,216,78,0.735,0,0.44,"special_lifesteal;basic_power;basic_hp;basic_haste;basic_power;basic_mr;basic_power"
41,0,294,152,9,bot0_2,Reaper,0,SPLITPUSHER,magical,7,2,10,8.5,14198,6474,5839,550,24.4,2.1,375,738,37,21,10,150,3375,690,265,28,0.903,1.4,1.11,"special_lifesteal;basic_power;basic_power;basic_hp;basic_haste;basic_armor;basic_power;basic_hp;basic_mr;basic_power;basic_haste"
41,0,294,152,9,bot1_2,Mage,1,MAGE,magical,0,6,3,0.5,8794,4279,6892,158,19.6,0.7,492,692,37,13,8,238,2038,417,218,75,0.744,0,0.62,"special_lifesteal;basic_power;basic_hp;basic_haste;basic_mr;basic_power"
41,0,294,152,9,bot0_3,Summoner,0,MAGE,magical,8,0,18,26,8061,4438,2213,306,15.1,1,216,308,50,24,11,25,3850,787,294,0,1,1.6,2.01,"special_lifesteal;basic_power;basic_hp;basic_power;basic_haste;basic_mr;basic_armor;basic_power;basic_hp;basic_haste;basic_power;basic_hp;basic_haste"
41,0,294,152,9,bot1_3,Lynx,1,SLAYER,physical,2,7,1,0.43,10116,4701,6925,352,20.8,1.6,424,654,36,29,9,138,2238,457,226,67,0.771,0.4,0.68,"special_lifesteal;special_lifesteal;basic_power;basic_hp;basic_as;basic_mr"
41,0,294,152,9,bot0_4,Bruiser,0,FIGHTER,physical,13,0,10,23,13327,9064,5737,398,30.9,1.4,371,673,49,32,11,104,4179,854,294,0,1,2.7,1.58,"special_lifesteal;basic_power;basic_power;basic_power;basic_as;basic_hp;basic_as;basic_hp;basic_power;basic_as;basic_power;basic_as;basic_power"
41,0,294,152,9,bot1_4,Fusilier,1,SLAYER,physical,1,8,2,0.38,14155,6736,6856,342,31.4,1.6,476,747,28,14,9,16,2216,453,215,79,0.731,0.2,0.98,"special_lifesteal;basic_power;basic_as;basic_power;basic_power;basic_as;basic_power"
42,1,302,54,151,bot0_1,Bruiser,0,FIGHTER,physical,1,4,3,1,7110,3075,7216,0,11.9,0,232,342,37,27,8,230,2155,428,258,44,0.854,0.2,0.43,"special_gw;basic_hp;basic_hp;basic_hp;basic_power;basic_hp"
42,1,302,54,151,bot1_1,Eggchanter,1,SUPPORT,magical,1,2,14,7.5,4564,2757,4496,4134,9.5,14.2,115,186,28,15,9,128,2628,522,291,11,0.964,0.2,0.61,"basic_hp;basic_hp;basic_armor;basic_hp;basic_armor;basic_hp;basic_mr;basic_mr;basic_armor"
42,1,302,54,151,bot0_2,Lynx,0,SLAYER,physical,1,4,2,0.75,9547,4612,5972,273,18.5,1.1,432,777,37,31,8,43,2093,416,249,53,0.826,0.2,0.77,"special_lifesteal;basic_power;basic_hp;basic_power;basic_as;basic_armor;basic_mr"
42,1,302,54,151,bot1_2,Fusilier,1,SLAYER,physical,3,2,14,8.5,13278,9648,3731,295,34.3,1,340,557,46,11,10,248,2948,585,282,21,0.932,0.6,2.59,"special_lifesteal;basic_power;basic_power;basic_power;basic_as;basic_hp;basic_as;basic_hp;basic_as"
42,1,302,54,151,bot0_3,Cleric,0,SUPPORT,magical,1,5,4,1,6553,3988,6730,3068,17.2,13.3,311,375,35,26,9,200,2275,452,231,71,0.765,0.2,0.59,"special_heal_power;basic_hp;basic_hp;basic_armor;basic_mr;basic_haste;basic_armor"
42,1,302,54,151,bot1_3,Jirina,1,FIGHTER,magical,5,0,11,16,8951,6802,5207,5718,22.5,18.9,297,357,32,21,10,62,3087,613,302,0,1,1,1.31,"basic_hp;basic_hp;special_lifesteal;basic_power;basic_power;basic_armor;basic_armor;basic_hp;basic_power;basic_hp"
42,1,302,54,151,bot0_4,Goliath,0,TANK,physical,2,4,3,1.25,7087,4659,10569,1160,19,4.7,334,386,30,15,9,172,2347,466,246,57,0.813,0.4,0.44,"basic_hp;basic_hp;basic_armor;basic_mr;basic_hp;basic_hp;basic_power;basic_armor"
42,1,302,54,151,bot1_4,Kratoma,1,SLAYER,physical,8,1,8,16,9908,7993,3481,178,26.5,0.6,257,577,22,23,10,37,3387,673,302,0,1,1.6,2.3,"special_lifesteal;basic_power;basic_power;basic_power;basic_as;basic_power;basic_as;basic_as;basic_as;basic_hp;basic_hp"
43,0,376,152,55,bot0_1,Oracle,0,MAGE,physical,7,3,13,6.67,16827,9723,6452,492,28.8,1.5,549,695,26,22,11,73,3823,610,338,38,0.899,1.1,1.51,"special_lifesteal;basic_power;basic_power;basic_hp;basic_as;basic_hp;basic_as;basic_mr;basic_armor;basic_power;basic_mr;basic_armor;basic_hp"
43,0,376,152,55,bot1_1,Quiller,1,SLAYER,physical,3,7,5,1.14,15942,7519,6795,400,27.4,1.5,289,574,37,22,10,81,2981,476,274,101,0.73,0.5,1.11,"special_lifesteal;basic_power;basic_power;basic_hp;basic_power;basic_as;basic_as;basic_hp;basic_mr;basic_armor"
43,0,376,152,55,bot0_2,Cleric,0,SUPPORT,magical,2,3,18,6.67,8443,6876,5680,6128,20.1,17.9,271,329,53,43,11,249,3299,527,342,34,0.909,0.3,1.21,"basic_hp;basic_hp;basic_mr;basic_armor;basic_hp;basic_hp;basic_mr;basic_armor;basic_haste;basic_armor;basic_mr"
43,0,376,152,55,bot1_2,Reaper,1,SPLITPUSHER,magical,4,6,6,1.67,10023,8012,9061,327,27.6,1.1,589,724,33,18,10,27,2977,475,291,85,0.774,0.6,0.88,"special_lifesteal;basic_power;basic_hp;basic_power;basic_hp;basic_hp;basic_power;basic_mr;basic_mr;basic_haste"
43,0,376,152,55,bot0_3,Jirina,0,FIGHTER,magical,6,2,13,9.5,13445,8080,6860,3571,23.1,10.2,518,638,46,12,11,150,3675,587,349,26,0.93,1,1.18,"special_lifesteal;basic_power;basic_power;basic_hp;basic_haste;basic_power;basic_armor;basic_mr;basic_hp;basic_haste;basic_power;basic_hp"
43,0,376,152,55,bot1_3,Zephyr,1,SPLITPUSHER,magical,3,5,6,1.8,8134,5724,8688,212,18.7,0.7,409,517,33,28,10,13,2888,461,306,70,0.814,0.5,0.66,"special_lifesteal;basic_power;basic_power;basic_hp;basic_mr;basic_hp;basic_haste;basic_mr;basic_armor;basic_haste"
43,0,376,152,55,bot0_4,Hana,0,TANK,magical,9,2,15,12,15910,12222,10719,0,34.9,0,661,1220,22,47,11,332,4207,672,350,25,0.932,1.4,1.14,"basic_hp;basic_hp;basic_hp;basic_mr;basic_armor;basic_mr;basic_haste;basic_power;basic_armor;basic_hp;basic_as;basic_haste;basic_mr;basic_hp"
43,0,376,152,55,bot1_4,Ironclad,1,TANK,physical,0,6,8,1.33,6713,5974,13944,0,20.3,0,303,351,26,21,9,74,2474,395,295,81,0.785,0,0.43,"basic_hp;basic_hp;basic_mr;basic_mr;basic_armor;basic_power;basic_hp;basic_mr;basic_as"
44,1,270,18,151,bot0_1,Goliath,0,TANK,physical,0,5,1,0.2,4666,3233,7958,410,15.5,2,326,454,27,9,7,59,1709,380,209,61,0.772,0,0.41,"basic_hp;basic_hp;basic_hp;basic_hp;basic_armor;basic_mr"
44,1,270,18,151,bot1_1,Kratoma,1,SLAYER,physical,6,1,13,19,15995,9348,5857,439,36.2,1.7,388,733,22,21,10,220,3195,710,258,12,0.957,1.3,1.6,"special_lifesteal;basic_power;basic_power;basic_as;basic_hp;basic_power;basic_as;basic_hp;basic_mr;basic_power"
44,1,270,18,151,bot0_2,Cleric,0,SUPPORT,magical,1,5,0,0.2,5939,2434,6022,906,11.8,4.4,279,339,25,21,8,67,1892,420,207,63,0.765,0.2,0.4,"basic_hp;basic_hp;basic_armor;basic_hp;basic_mr;basic_haste;basic_power"
44,1,270,18,151,bot1_2,Healer,1,SUPPORT,magical,3,0,17,20,5121,3372,2322,3468,12.5,12.8,128,188,40,6,9,245,2945,654,270,0,1,0.7,1.45,"special_heal_power;basic_hp;basic_hp;basic_hp;basic_mr;basic_hp;basic_armor;basic_mr;basic_haste"
44,1,270,18,151,bot0_3,Jailer,0,TANK,magical,0,5,1,0.2,7357,3716,6824,0,16,0,483,573,21,17,7,215,1765,392,233,37,0.863,0,0.54,"basic_hp;basic_hp;basic_armor;basic_armor;basic_mr;basic_power"
44,1,270,18,151,bot1_3,Oracle,1,MAGE,physical,7,0,12,19,12218,9404,4074,362,34.8,1.3,402,585,19,18,10,99,3299,733,270,0,1,1.6,2.31,"special_lifesteal;basic_power;basic_power;basic_hp;basic_as;basic_hp;basic_as;basic_power;basic_as;basic_mr;basic_armor"
44,1,270,18,151,bot0_4,Hana,0,TANK,magical,0,5,1,0.2,6790,3968,9902,0,18.8,0,345,422,10,26,7,89,1664,370,212,58,0.783,0,0.4,"basic_hp;basic_hp;basic_hp;basic_mr;basic_armor;basic_power"
44,1,270,18,151,bot1_4,Zephyr,1,SPLITPUSHER,magical,4,0,12,16,8502,5483,2717,308,20.3,1.1,296,441,31,32,9,427,2827,628,270,0,1,0.9,2.02,"special_lifesteal;basic_power;basic_power;basic_hp;basic_hp;basic_mr;basic_hp;basic_mr"
45,0,282,152,8,bot0_1,Lynx,0,SLAYER,physical,14,1,9,23,20053,11566,4413,611,43.3,2.3,547,1032,57,37,11,92,3892,829,267,15,0.948,3,2.62,"special_lifesteal;basic_power;basic_as;basic_power;basic_power;basic_power;basic_as;basic_as;basic_hp;basic_mr;basic_hp;basic_armor;basic_mr"
45,0,282,152,8,bot1_1,Hana,1,TANK,magical,1,6,1,0.33,7153,4565,8243,0,21.9,0,468,579,6,25,7,35,1860,396,209,73,0.741,0.2,0.55,"basic_hp;basic_hp;basic_hp;basic_armor;basic_mr;basic_power;basic_haste"
45,0,282,152,8,bot0_2,Ironclad,0,TANK,physical,5,0,21,26,8883,6343,4674,0,22.5,0,284,443,33,26,11,279,3429,730,282,0,1,1.1,1.36,"basic_hp;basic_hp;basic_hp;basic_mr;basic_armor;basic_mr;basic_mr;basic_as;basic_hp;basic_mr;basic_hp"
45,0,282,152,8,bot1_2,Eggchanter,1,SUPPORT,magical,0,7,1,0.14,4492,2415,8178,2391,12,11.9,117,169,18,11,7,218,1743,371,201,81,0.712,0,0.3,"special_heal_power;basic_hp;basic_mr;basic_armor;basic_haste"
45,0,282,152,8,bot0_3,Reaper,0,SPLITPUSHER,magical,5,1,12,17,11507,5949,3007,0,22.1,0,514,946,34,17,10,184,3159,673,269,13,0.955,1.1,1.98,"special_gw;basic_hp;basic_hp;basic_hp;basic_mr;basic_hp;basic_mr;basic_power;basic_power;basic_haste"
45,0,282,152,8,bot1_3,Bruiser,1,FIGHTER,physical,1,6,1,0.33,3768,2760,7118,94,13.3,0.5,212,333,27,25,7,63,1863,397,208,74,0.737,0.2,0.39,"special_lifesteal;basic_power;basic_hp;basic_as;basic_armor;basic_power"
45,0,282,152,8,bot0_4,Healer,0,SUPPORT,magical,2,0,23,25,8202,5114,2806,4087,18.1,14.5,173,213,56,13,11,212,3212,684,282,0,1,0.4,1.82,"special_heal_power;basic_hp;basic_hp;basic_mr;basic_mr;basic_armor;basic_hp;basic_hp;basic_mr;basic_haste"
45,0,282,152,8,bot1_4,Pyromancer,1,SLAYER,magical,0,7,2,0.29,5771,3121,6521,70,14.1,0.3,264,372,17,13,7,38,1838,391,221,60,0.786,0,0.48,"special_lifesteal;basic_power;basic_power;basic_hp;basic_haste;basic_armor"
46,1,384,78,150,bot0_1,Lynx,0,SLAYER,physical,7,7,8,2.14,16623,9056,8350,413,32.5,1.5,756,1181,46,36,11,209,3684,575,279,106,0.725,1.1,1.08,"special_lifesteal;basic_power;basic_hp;basic_power;basic_power;basic_as;basic_hp;basic_armor;basic_hp;basic_mr;basic_as;basic_armor"
46,1,384,78,150,bot1_1,Hana,1,TANK,magical,8,4,14,5.5,12057,8276,10007,0,24.5,0,305,476,13,46,11,169,4044,631,338,47,0.878,1.2,0.83,"basic_hp;basic_hp;basic_hp;basic_hp;basic_armor;basic_mr;basic_armor;basic_mr;basic_armor;basic_haste;basic_mr;basic_haste;basic_power;basic_haste"
46,1,384,78,150,bot0_2,Goliath,0,TANK,physical,3,5,12,3,9866,6810,13479,2061,22.3,6.7,322,419,42,23,11,32,3282,512,305,79,0.794,0.5,0.51,"basic_hp;basic_hp;basic_hp;basic_armor;basic_hp;basic_armor;basic_mr;basic_power;basic_mr;basic_armor;basic_as;basic_haste"
46,1,384,78,150,bot1_2,Doctor,1,SUPPORT,physical,2,3,18,6.67,6346,4748,8519,9161,12.8,24.8,203,261,24,23,11,172,3447,538,370,15,0.962,0.3,0.56,"basic_hp;basic_hp;basic_armor;basic_hp;basic_armor;basic_mr;basic_mr;basic_armor;basic_hp;basic_power;basic_power;basic_as"
46,1,384,78,150,bot0_3,Quiller,0,SLAYER,physical,5,7,11,2.29,15690,8896,7600,371,32,1.3,292,537,40,24,11,82,3607,563,278,106,0.724,0.8,1.17,"special_lifesteal;basic_power;basic_hp;basic_power;basic_as;basic_armor;basic_mr;basic_power;basic_as;basic_hp;basic_as;basic_power"
46,1,384,78,150,bot1_3,Fusilier,1,SLAYER,physical,13,3,12,8.33,29748,17891,6342,824,51.2,2.4,378,922,62,20,12,289,4739,740,349,35,0.909,2,2.82,"special_lifesteal;basic_power;basic_power;basic_power;basic_hp;basic_as;basic_hp;basic_as;basic_armor;basic_hp;basic_mr;basic_as;basic_power;basic_power;basic_armor"
46,1,384,78,150,bot0_4,Zephyr,0,SPLITPUSHER,magical,1,6,10,1.83,9522,6484,10309,307,21.8,1,457,649,35,34,10,148,2773,433,298,87,0.774,0.2,0.63,"special_lifesteal;basic_power;basic_power;basic_hp;basic_armor;basic_haste;basic_mr;basic_hp;basic_hp"
46,1,384,78,150,bot1_4,Kratoma,1,SLAYER,physical,2,6,15,2.83,10238,5863,7891,237,19.3,0.8,243,525,23,22,10,323,3198,499,305,80,0.792,0.3,0.74,"special_lifesteal;basic_power;basic_power;basic_hp;basic_as;basic_hp;basic_as;basic_armor;basic_armor;basic_mr"
47,1,255,0,151,bot0_1,Cleric,0,SUPPORT,magical,0,6,0,0,4090,1897,5938,813,10.3,4.4,210,254,20,15,7,146,1696,399,184,71,0.721,0,0.32,"special_heal_power;basic_hp;basic_hp;basic_armor;basic_mr"
47,1,255,0,151,bot1_1,Doctor,1,SUPPORT,physical,5,0,16,21,4576,3446,2892,7540,13.5,29.6,166,247,11,17,10,72,3147,741,255,0,1,1.2,1.19,"basic_hp;basic_hp;basic_hp;basic_mr;basic_hp;basic_mr;basic_hp;basic_mr;basic_armor;basic_power;basic_as"
47,1,255,0,151,bot0_2,Reaper,0,SPLITPUSHER,magical,0,6,0,0,7274,3527,6896,203,19.2,1.1,608,711,16,8,7,168,1693,399,184,71,0.721,0,0.51,"special_lifesteal;basic_power;basic_hp;basic_haste;basic_armor"
47,1,255,0,151,bot1_2,Jailer,1,TANK,magical,7,0,14,21,9664,7753,4495,0,30.4,0,347,453,28,23,10,278,3303,778,255,0,1,1.6,1.72,"basic_hp;basic_hp;basic_hp;basic_mr;basic_hp;basic_armor;basic_mr;basic_armor;basic_mr;basic_power;basic_power"
47,1,255,0,151,bot0_3,Bruiser,0,FIGHTER,physical,0,5,0,0,4901,3419,6170,128,17.7,0.7,204,425,27,23,7,80,1630,384,193,61,0.759,0,0.55,"special_lifesteal;basic_power;basic_hp;basic_power;basic_as"
47,1,255,0,151,bot1_3,Kratoma,1,SLAYER,physical,9,0,13,22,13568,8970,3132,328,35.2,1.3,308,660,22,22,10,174,3424,806,255,0,1,2.1,2.86,"special_lifesteal;basic_power;basic_power;basic_power;basic_as;basic_as;basic_power;basic_hp;basic_mr;basic_as;basic_armor"
47,1,255,0,151,bot0_4,Zephyr,0,SPLITPUSHER,magical,0,6,0,0,4247,3788,7010,77,20.6,0.4,425,562,20,12,6,54,1579,372,184,71,0.721,0,0.54,"special_lifesteal;basic_power;basic_hp;basic_armor;basic_haste"
47,1,255,0,151,bot1_4,Goliath,1,TANK,physical,2,0,12,14,6388,2990,4580,2126,11.7,8.3,192,283,27,21,8,53,2453,578,255,0,1,0.5,0.65,"basic_hp;basic_hp;basic_hp;basic_mr;basic_armor;basic_mr;basic_power;basic_armor;basic_power"
48,1,323,20,152,bot0_1,Eggchanter,0,SUPPORT,magical,0,6,3,0.5,5149,2165,7017,2421,8.6,9.6,110,233,27,13,8,54,2104,391,252,71,0.779,0,0.31,"special_heal_power;basic_hp;basic_armor;basic_haste;basic_mr;basic_hp;basic_power"
48,1,323,20,152,bot1_1,Cleric,1,SUPPORT,magical,2,1,24,26,9227,5248,6785,5720,17.1,18.7,300,359,45,37,12,251,3551,660,306,17,0.949,0.4,0.77,"special_heal_power;basic_hp;basic_hp;basic_hp;basic_mr;basic_hp;basic_armor;basic_haste;basic_mr;basic_power;basic_hp"
48,1,323,20,152,bot0_2,Kratoma,0,SLAYER,physical,2,7,3,0.71,8540,5356,7891,238,22.6,1,214,390,15,16,8,1,2326,432,237,86,0.734,0.4,0.68,"special_lifesteal;basic_power;basic_hp;basic_as;basic_armor;basic_power;basic_mr;basic_hp"
48,1,323,20,152,bot1_2,Goliath,1,TANK,physical,4,1,17,21,10719,5082,6173,1602,16.6,5.2,353,419,38,22,12,87,3612,671,306,17,0.949,0.7,0.82,"basic_hp;basic_hp;basic_hp;basic_mr;basic_armor;basic_mr;basic_power;basic_armor;basic_hp;basic_as;basic_haste;basic_mr;basic_power"
48,1,323,20,152,bot0_3,Summoner,0,MAGE,magical,1,6,4,0.83,6311,2814,6716,143,11.3,0.6,166,230,32,14,9,165,2265,421,249,74,0.771,0.2,0.42,"special_lifesteal;basic_power;basic_power;basic_hp;basic_hp;basic_haste;basic_haste"
48,1,323,20,152,bot1_3,Oracle,1,MAGE,physical,11,1,13,24,18930,9288,6391,473,30.4,1.5,418,560,24,22,12,230,4005,744,305,18,0.946,2,1.45,"special_lifesteal;basic_hp;basic_power;basic_as;basic_power;basic_hp;basic_as;basic_hp;basic_power;basic_mr;basic_as;basic_mr;basic_armor"
48,1,323,20,152,bot0_4,Mage,0,MAGE,magical,2,7,3,0.71,10402,5482,7115,240,23.3,1,559,635,47,15,9,58,2383,443,235,88,0.728,0.4,0.77,"special_lifesteal;basic_power;basic_hp;basic_armor;basic_haste;basic_mr;basic_power;basic_hp"
48,1,323,20,152,bot1_4,Quiller,1,SLAYER,physical,9,2,10,9.5,20405,7944,2502,573,26.9,1.9,330,653,47,27,12,124,3999,743,296,27,0.915,1.7,3.18,"special_lifesteal;basic_power;basic_power;basic_power;basic_as;basic_as;basic_power;basic_hp;basic_mr;basic_armor;basic_as;basic_hp;basic_power"
49,1,238,1,150,bot0_1,Pyromancer,0,SLAYER,magical,0,7,1,0.14,4472,3277,5823,33,19.2,0.2,312,420,11,8,6,277,1577,397,171,67,0.718,0,0.56,"special_lifesteal;basic_power;basic_power;basic_hp"
49,1,238,1,150,bot1_1,Wanderer,1,SLAYER,physical,4,0,17,21,17906,11629,3420,464,48.8,1.9,569,1201,24,15,10,254,3004,756,238,0,1,1,3.4,"special_lifesteal;basic_power;basic_power;basic_power;basic_as;basic_as;basic_as;basic_power;basic_hp"
49,1,238,1,150,bot0_2,Goliath,0,TANK,physical,1,6,0,0.17,3946,2693,8740,582,15.3,3.3,355,403,21,9,6,62,1662,418,176,63,0.737,0.3,0.31,"basic_hp;basic_hp;basic_hp;basic_armor;basic_power;basic_armor"
49,1,238,1,150,bot1_2,Fusilier,1,SLAYER,physical,17,0,6,23,15068,9181,1906,481,38.5,2,352,764,40,13,10,28,3903,982,238,0,1,4.3,4.82,"special_lifesteal;basic_power;basic_as;basic_hp;basic_power;basic_power;basic_power;basic_mr;basic_as;basic_armor;basic_as;basic_power;basic_hp"
49,1,238,1,150,bot0_3,Healer,0,SUPPORT,magical,0,6,1,0.17,4483,2843,8363,1771,16,10,125,178,24,12,7,4,1604,403,177,61,0.743,0,0.34,"basic_hp;basic_hp;basic_hp;basic_armor;basic_armor;basic_haste"
49,1,238,1,150,bot1_3,Vanguard,1,FIGHTER,physical,3,0,16,19,8546,5169,3551,0,21.7,0,452,556,32,27,9,122,2772,697,238,0,1,0.8,1.46,"basic_hp;basic_hp;basic_hp;basic_power;basic_mr;basic_power;basic_armor;basic_mr;basic_armor;basic_as"
49,1,238,1,150,bot0_4,Bruiser,0,FIGHTER,physical,0,6,1,0.17,5813,2327,7341,0,12.2,0,280,392,23,23,7,148,1673,421,191,47,0.802,0,0.32,"basic_hp;basic_hp;basic_armor;basic_power;basic_as;basic_haste"
49,1,238,1,150,bot1_4,Doctor,1,SUPPORT,physical,1,1,15,16,3728,3024,4405,5501,13.4,24.4,120,202,18,13,9,86,2436,613,226,13,0.947,0.3,0.69,"special_gw;basic_hp;basic_mr;basic_hp;basic_mr;basic_armor;basic_power;basic_armor"
50,1,376,43,150,bot0_1,Ironclad,0,TANK,physical,1,7,9,1.43,7418,5617,13467,0,19.6,0,261,342,25,21,9,107,2657,424,286,90,0.761,0.2,0.42,"basic_hp;basic_hp;basic_armor;basic_armor;basic_mr;basic_hp;basic_hp;basic_hp;basic_mr"
50,1,376,43,150,bot1_1,Jailer,1,TANK,magical,7,4,14,5.25,15982,11333,9280,0,31.6,0,480,610,32,30,12,116,4041,645,359,17,0.956,1.1,1.22,"basic_hp;basic_hp;basic_hp;basic_armor;basic_armor;basic_mr;basic_hp;basic_power;basic_mr;basic_armor;basic_haste;basic_armor;basic_as;basic_hp"
50,1,376,43,150,bot0_2,Eggchanter,0,SUPPORT,magical,1,5,9,2,7194,4366,10496,4974,14,15.9,108,173,33,17,10,123,2748,439,312,63,0.831,0.2,0.42,"basic_hp;basic_hp;basic_hp;basic_armor;basic_mr;basic_haste;basic_power;basic_as;basic_armor;basic_mr"
50,1,376,43,150,bot1_2,Wanderer,1,SLAYER,physical,6,2,15,10.5,17714,13444,5771,405,38.9,1.2,647,885,26,21,12,167,3967,633,345,30,0.92,1,2.33,"special_lifesteal;basic_power;basic_power;basic_hp;basic_power;basic_hp;basic_as;basic_as;basic_armor;basic_hp;basic_power;basic_armor;basic_mr"
50,1,376,43,150,bot0_3,Vanguard,0,FIGHTER,physical,4,6,5,1.5,9515,6117,11627,0,20.7,0,454,589,48,24,9,213,2913,465,295,81,0.785,0.6,0.53,"special_gw;basic_hp;basic_hp;basic_hp;basic_power;basic_hp;basic_armor;basic_mr;basic_power"
50,1,376,43,150,bot1_3,Goliath,1,TANK,physical,5,2,13,9,9317,5671,6904,2162,16.3,6.2,403,452,43,24,11,72,3697,590,348,27,0.927,0.8,0.82,"basic_hp;basic_hp;basic_hp;basic_armor;basic_armor;basic_mr;basic_armor;basic_mr;basic_power;basic_mr;basic_hp;basic_as;basic_armor"
50,1,376,43,150,bot0_4,Fusilier,0,SLAYER,physical,4,6,6,1.67,16192,10739,6957,473,36.4,1.6,349,730,41,16,10,52,3002,479,295,81,0.785,0.6,1.54,"special_lifesteal;basic_power;basic_power;basic_power;basic_as;basic_as;basic_hp;basic_armor;basic_power;basic_mr"
50,1,376,43,150,bot1_4,Jirina,1,FIGHTER,magical,6,2,15,10.5,17929,10737,6467,6670,29.9,18.6,463,570,50,21,12,211,3986,636,359,17,0.956,1,1.66,"special_lifesteal;special_lifesteal;basic_power;basic_power;basic_hp;basic_armor;basic_haste;basic_mr;basic_hp;basic_armor;basic_hp;basic_power"
51,0,500,150,115,bot0_1,Healer,0,SUPPORT,magical,4,4,19,5.75,9926,6321,9463,11436,14,25.4,163,212,66,26,12,34,4184,502,451,49,0.902,0.5,0.67,"special_heal_power;basic_hp;basic_mr;basic_hp;basic_hp;basic_armor;basic_haste;basic_mr;basic_hp;basic_power;basic_mr;basic_armor;basic_mr;basic_armor"
51,0,500,150,115,bot1_1,Pyromancer,1,SLAYER,magical,6,7,12,2.57,18854,11458,12130,216,29.3,0.6,550,844,43,32,12,83,4158,499,392,108,0.784,0.7,0.94,"special_lifesteal;basic_power;basic_power;basic_hp;basic_power;basic_haste;basic_hp;basic_power;basic_haste;basic_armor;basic_mr;basic_hp;basic_armor;basic_mr"
51,0,500,150,115,bot0_2,Vanguard,0,FIGHTER,physical,7,4,16,5.75,18701,9196,10478,546,20.4,1.2,721,721,67,44,12,349,4399,528,450,50,0.9,0.8,0.88,"special_gw;special_lifesteal;basic_power;basic_hp;basic_as;basic_power;basic_hp;basic_mr;basic_as;basic_hp;basic_mr;basic_power;basic_as"
51,0,500,150,115,bot1_2,Mage,1,MAGE,magical,8,6,11,3.17,24796,13057,10336,489,33.1,1.2,878,1084,86,35,12,105,4480,538,394,105,0.789,1,1.26,"special_lifesteal;basic_power;basic_power;basic_hp;basic_haste;basic_armor;basic_power;basic_hp;basic_haste;basic_power;basic_hp;basic_mr;basic_haste;basic_armor;basic_mr"
51,0,500,150,115,bot0_3,Jailer,0,TANK,magical,3,6,18,3.5,13452,9869,11258,0,23.3,0,513,567,38,31,12,66,3966,476,424,76,0.848,0.4,0.88,"basic_hp;basic_hp;basic_hp;basic_mr;basic_mr;basic_mr;basic_armor;basic_haste;basic_power;basic_as;basic_armor;basic_hp;basic_hp;basic_armor"
51,0,500,150,115,bot1_3,Cleric,1,SUPPORT,magical,2,8,16,2.25,11940,6862,12920,7722,15.9,17.9,363,408,65,52,12,317,3842,461,430,69,0.861,0.2,0.53,"special_heal_power;special_heal_power;basic_hp;basic_mr;basic_hp;basic_hp;basic_hp;basic_armor;basic_haste;basic_power;basic_armor"
51,0,500,150,115,bot0_4,Lynx,0,SLAYER,physical,13,5,13,5.2,28918,19068,10562,800,43.8,1.8,791,1559,82,59,13,246,5221,627,435,64,0.871,1.6,1.81,"special_lifesteal;basic_power;basic_power;basic_as;basic_hp;basic_mr;basic_armor;basic_power;basic_as;basic_power;basic_as;basic_power;basic_as;basic_power;basic_hp;basic_power"
51,0,500,150,115,bot1_4,Bruiser,1,FIGHTER,physical,3,6,12,2.5,13688,7046,12183,460,17.3,1.1,303,433,62,46,11,229,3679,442,406,94,0.813,0.4,0.58,"special_lifesteal;special_gw;basic_power;basic_power;basic_hp;basic_as;basic_hp;basic_armor;basic_as;basic_armor;basic_hp"
52,0,433,151,68,bot0_1,Kratoma,0,SLAYER,physical,5,4,22,6.75,16091,8655,7196,520,23.1,1.4,394,691,28,27,12,63,4213,584,374,59,0.865,0.7,1.2,"special_lifesteal;basic_power;basic_power;basic_as;basic_hp;basic_mr;basic_armor;basic_power;basic_as;basic_power;basic_hp;basic_as;basic_power;basic_armor"
52,0,433,151,68,bot1_1,Cleric,1,SUPPORT,magical,5,7,11,2.29,9371,6114,12527,5018,18.8,15.4,342,375,48,39,12,196,3796,527,325,108,0.751,0.7,0.49,"basic_hp;basic_hp;basic_hp;basic_armor;basic_armor;basic_power;basic_armor;basic_hp;basic_armor;basic_mr;basic_power;basic_haste;basic_mr"
52,0,433,151,68,bot0_2,Bruiser,0,FIGHTER,physical,10,3,20,10,16365,8469,10909,0,21.7,0,402,584,59,46,13,179,4929,684,390,43,0.901,1.4,0.78,"basic_hp;basic_hp;basic_hp;basic_hp;basic_power;basic_power;basic_hp;basic_armor;basic_armor;basic_mr;basic_power;basic_armor;basic_as;basic_mr;basic_mr;basic_haste;basic_as"
52,0,433,151,68,bot1_2,Wanderer,1,SLAYER,physical,4,9,10,1.56,19075,9259,10907,398,30.5,1.3,638,1158,24,18,11,151,3601,500,303,129,0.701,0.6,0.85,"special_lifesteal;basic_power;basic_power;basic_hp;basic_power;basic_as;basic_armor;basic_mr;basic_hp;basic_as;basic_armor;basic_mr"
52,0,433,151,68,bot0_3,Jailer,0,TANK,magical,6,6,19,4.17,13135,7415,10069,0,20.9,0,376,565,33,29,12,131,4306,597,355,78,0.82,0.8,0.74,"special_gw;basic_hp;basic_armor;basic_hp;basic_mr;basic_hp;basic_power;basic_armor;basic_haste;basic_mr;basic_armor;basic_hp;basic_mr;basic_hp"
52,0,433,151,68,bot1_3,Tamer,1,MAGE,magical,4,9,11,1.67,13205,6868,8805,3648,23,12.2,348,612,35,14,12,141,3666,509,299,134,0.691,0.6,0.78,"special_lifesteal;basic_power;basic_hp;basic_haste;basic_power;basic_power;basic_hp;basic_haste;basic_power;basic_armor;basic_mr;basic_hp"
52,0,433,151,68,bot0_4,Fusilier,0,SLAYER,physical,10,4,20,7.5,22968,12415,5095,613,33.5,1.7,433,852,59,19,13,260,4960,688,371,62,0.858,1.4,2.44,"special_lifesteal;basic_power;basic_power;basic_hp;basic_hp;basic_as;basic_as;basic_power;basic_armor;basic_mr;basic_hp;basic_as;basic_power;basic_armor;basic_mr;basic_hp"
52,0,433,151,68,bot1_4,Quiller,1,SLAYER,physical,4,6,12,2.67,20236,8950,7816,572,25.9,1.7,297,584,45,27,12,200,3725,517,345,87,0.798,0.6,1.15,"special_lifesteal;basic_power;basic_power;basic_power;basic_as;basic_hp;basic_as;basic_hp;basic_as;basic_power;basic_armor;basic_mr"
53,0,520,150,123,bot0_1,Quiller,0,SLAYER,physical,9,6,21,5,31443,17455,9520,965,41.4,2.3,335,643,60,38,14,34,5359,618,422,99,0.811,1,1.83,"special_lifesteal;basic_power;basic_power;basic_hp;basic_hp;basic_as;basic_power;basic_as;basic_mr;basic_hp;basic_as;basic_mr;basic_armor;basic_power;basic_armor;basic_mr;basic_hp;basic_as"
53,0,520,150,123,bot1_1,Hana,1,TANK,magical,8,7,11,2.71,13867,8418,15590,0,20.4,0,547,591,16,52,12,4,4429,511,413,108,0.793,0.9,0.54,"basic_hp;basic_hp;basic_hp;basic_hp;basic_mr;basic_hp;basic_armor;basic_power;basic_mr;basic_armor;basic_power;basic_haste;basic_haste;basic_as;basic_as;basic_mr"
53,0,520,150,123,bot0_2,Bruiser,0,FIGHTER,physical,5,6,22,4.5,18968,12051,11435,595,28.1,1.4,349,666,67,52,13,95,4770,550,430,91,0.826,0.6,1.05,"special_lifesteal;basic_power;basic_hp;basic_power;basic_mr;basic_as;basic_hp;basic_hp;basic_mr;basic_power;basic_haste;basic_as;basic_haste;basic_mr;basic_hp;basic_as"
53,0,520,150,123,bot1_2,Eggchanter,1,SUPPORT,magical,3,9,17,2.22,12179,6156,16893,11548,13.7,25.7,147,248,55,26,12,260,4060,468,450,70,0.865,0.3,0.36,"special_heal_power;basic_hp;basic_mr;basic_armor;basic_hp;basic_haste;basic_mr;basic_power;basic_hp;basic_hp;basic_armor;basic_haste;basic_mr"
53,0,520,150,123,bot0_3,Tamer,0,MAGE,magical,12,6,20,5.33,31096,19398,9271,9094,46.2,21.7,369,635,60,27,15,163,5863,676,420,100,0.807,1.4,2.09,"special_lifesteal;basic_power;basic_power;basic_power;basic_hp;basic_power;basic_haste;basic_hp;basic_mr;basic_mr;basic_hp;basic_as;basic_mr;basic_haste;basic_haste;basic_as;basic_power;basic_power;basic_as"
53,0,520,150,123,bot1_3,Mage,1,MAGE,magical,6,8,14,2.5,33795,14585,12038,709,36,1.8,844,1082,98,37,12,176,4426,510,405,115,0.778,0.7,1.21,"special_lifesteal;basic_power;basic_hp;basic_power;basic_haste;basic_mr;basic_armor;basic_power;basic_power;basic_power;basic_hp;basic_haste;basic_power;basic_hp"
53,0,520,150,123,bot0_4,Zephyr,0,SPLITPUSHER,magical,6,2,20,13,19111,9257,10150,571,19.1,1.2,465,833,60,60,13,189,4889,564,484,36,0.931,0.7,0.91,"special_lifesteal;basic_power;basic_power;basic_hp;basic_power;basic_hp;basic_mr;basic_hp;basic_mr;basic_haste;basic_haste;basic_armor;basic_power;basic_mr;basic_hp;basic_armor"
53,0,520,150,123,bot1_4,Jailer,1,TANK,magical,3,8,15,2.25,16555,8990,16171,0,21.8,0,561,617,37,36,12,57,3957,456,412,108,0.792,0.3,0.56,"basic_hp;basic_hp;basic_hp;basic_hp;basic_mr;basic_armor;basic_hp;basic_mr;basic_mr;basic_power;basic_haste;basic_as;basic_armor;basic_armor"
54,0,476,152,100,bot0_1,Lynx,0,SLAYER,physical,17,4,7,6,27472,21378,11239,0,51.9,0,645,931,83,60,12,182,5307,670,412,63,0.867,2.1,1.9,"special_gw;basic_hp;basic_power;basic_hp;basic_armor;basic_as;basic_hp;basic_mr;basic_power;basic_hp;basic_power;basic_mr;basic_power;basic_hp;basic_armor;basic_as;basic_hp"
54,0,476,152,100,bot1_1,Doctor,1,SUPPORT,physical,2,7,12,2,10607,8348,15084,10996,21.2,28,331,492,28,27,11,216,3441,434,393,82,0.827,0.3,0.55,"special_gw;basic_hp;basic_mr;basic_armor;basic_power;basic_hp;basic_as;basic_hp;basic_hp;basic_mr;basic_armor"
54,0,476,152,100,bot0_2,Cleric,0,SUPPORT,magical,2,4,18,5,8709,5529,6605,6886,13.3,16.6,353,385,60,43,11,242,3717,469,415,60,0.873,0.3,0.84,"special_gw;basic_hp;basic_hp;basic_armor;basic_mr;basic_power;basic_haste;basic_armor;basic_mr;basic_power;basic_hp;basic_mr"
54,0,476,152,100,bot1_2,Zephyr,1,SPLITPUSHER,magical,3,6,10,2.17,11367,6743,11493,229,16.2,0.6,453,597,54,35,11,300,3500,442,415,60,0.873,0.4,0.59,"special_lifesteal;basic_power;basic_hp;basic_haste;basic_mr;basic_power;basic_armor;basic_hp;basic_haste;basic_hp;basic_power"
54,0,476,152,100,bot0_3,Goliath,0,TANK,physical,4,3,16,6.67,14357,10166,12799,3087,23.4,7.1,519,577,51,35,11,159,3884,490,434,42,0.912,0.5,0.79,"basic_hp;basic_hp;basic_hp;basic_hp;basic_armor;basic_mr;basic_hp;basic_hp;basic_mr;basic_armor;basic_as;basic_mr;basic_power"
54,0,476,152,100,bot1_3,Wanderer,1,SLAYER,physical,6,9,6,1.33,19230,12627,12031,340,36.7,1,708,1361,21,19,12,51,3826,483,344,132,0.723,0.8,1.05,"special_lifesteal;basic_power;basic_power;basic_hp;basic_power;basic_hp;basic_as;basic_hp;basic_as;basic_mr;basic_as;basic_armor;basic_mr"
54,0,476,152,100,bot0_4,Jirina,0,FIGHTER,magical,3,3,22,8.33,20211,14144,13018,8566,32.9,19.9,584,724,65,32,12,180,4055,512,430,46,0.904,0.4,1.09,"basic_hp;basic_hp;basic_hp;basic_power;basic_power;basic_armor;basic_hp;basic_mr;basic_haste;basic_as;basic_armor;basic_mr;basic_armor;basic_hp"
54,0,476,152,100,bot1_4,Jirina,1,FIGHTER,magical,3,4,11,3.5,19196,12841,15071,4402,30.7,10.5,473,575,60,23,11,201,3551,448,418,57,0.879,0.4,0.85,"basic_hp;basic_hp;special_lifesteal;basic_power;basic_power;basic_hp;basic_hp;basic_armor;basic_power;basic_hp;basic_mr"
55,0,337,151,37,bot0_1,Goliath,0,TANK,physical,5,2,16,10.5,11518,7988,7620,3290,25.7,10.6,354,570,35,29,11,301,3551,633,311,25,0.925,0.9,1.05,"basic_hp;basic_hp;basic_hp;basic_mr;basic_armor;basic_power;basic_as;basic_hp;basic_haste;basic_armor;basic_mr;basic_mr"
55,0,337,151,37,bot1_1,Healer,1,SUPPORT,magical,6,6,2,1.33,6519,5161,10578,5348,20.3,21.1,193,225,38,18,9,177,2902,517,254,83,0.754,1.1,0.49,"basic_hp;basic_hp;basic_armor;basic_armor;basic_power;basic_hp;basic_haste;basic_armor;basic_as;basic_armor"
55,0,337,151,37,bot0_2,Quiller,0,SLAYER,physical,10,2,14,12,20253,12862,3881,553,41.1,1.8,300,586,51,29,12,145,4245,756,313,23,0.93,1.8,3.31,"special_lifesteal;basic_power;basic_hp;basic_power;basic_power;basic_as;basic_hp;basic_as;basic_hp;basic_armor;basic_as;basic_mr;basic_power;basic_mr"
55,0,337,151,37,bot1_2,Jirina,1,FIGHTER,magical,0,6,8,1.33,7087,4211,10325,2065,16.5,8.1,455,599,22,11,9,207,2332,416,256,81,0.76,0,0.41,"basic_hp;basic_hp;basic_armor;basic_hp;basic_armor;basic_power;basic_haste;basic_power"
55,0,337,151,37,bot0_3,Vanguard,0,FIGHTER,physical,4,3,16,6.67,11524,7308,6172,370,22.6,1.1,374,708,47,31,10,159,3359,599,324,13,0.962,0.7,1.18,"special_lifesteal;basic_power;basic_hp;basic_hp;basic_as;basic_power;basic_hp;basic_as;basic_armor;basic_power;basic_mr"
55,0,337,151,37,bot1_3,Kratoma,1,SLAYER,physical,2,7,8,1.43,8707,4958,8305,230,20.4,0.9,240,485,19,17,9,32,2632,469,243,94,0.722,0.4,0.6,"special_lifesteal;basic_power;basic_hp;basic_power;basic_as;basic_hp;basic_armor;basic_haste;basic_as"
55,0,337,151,37,bot0_4,Wanderer,0,SLAYER,physical,6,3,17,7.67,22337,13837,4973,560,46.5,1.9,985,1808,24,18,11,68,3743,667,298,39,0.884,1.1,2.78,"special_lifesteal;basic_power;basic_power;basic_as;basic_power;basic_power;basic_as;basic_as;basic_power;basic_as;basic_hp;basic_mr"
55,0,337,151,37,bot1_4,Ironclad,1,TANK,physical,2,6,8,1.67,6723,4806,13923,0,18.9,0,268,370,23,15,9,152,2602,464,254,83,0.754,0.4,0.35,"basic_hp;basic_hp;basic_armor;basic_armor;basic_hp;basic_power;basic_as;basic_power;basic_hp"
56,1,288,3,151,bot0_1,Goliath,0,TANK,physical,0,5,0,0,3253,1709,8057,490,7.3,2.1,255,353,21,8,7,69,1669,348,234,53,0.815,0,0.21,"basic_hp;basic_hp;basic_hp;basic_armor;basic_mr;basic_armor"
56,1,288,3,151,bot1_1,Quiller,1,SLAYER,physical,5,0,17,22,11327,7870,1333,451,27.4,1.6,269,443,46,20,10,161,3361,701,288,0,1,1,5.9,"special_lifesteal;special_lifesteal;basic_power;basic_power;basic_as;basic_as;basic_hp;basic_mr;basic_armor;basic_power"
56,1,288,3,151,bot0_2,Cleric,0,SUPPORT,magical,0,6,0,0,5020,3246,7417,1337,15.1,6.2,274,318,28,23,7,155,1705,356,216,72,0.749,0,0.44,"special_gw;basic_hp;basic_hp;basic_armor;basic_mr"
56,1,288,3,151,bot1_2,Healer,1,SUPPORT,magical,3,0,18,21,8201,6595,3219,4072,22.9,14.2,163,223,53,15,10,110,3060,638,288,0,1,0.6,2.05,"special_gw;basic_hp;basic_hp;basic_hp;basic_mr;basic_mr;basic_mr;basic_power;basic_armor;basic_armor"
56,1,288,3,151,bot0_3,Zephyr,0,SPLITPUSHER,magical,0,6,0,0,3962,1840,6989,118,7.7,0.5,197,283,29,21,7,192,1742,363,238,50,0.827,0,0.26,"special_lifesteal;basic_power;basic_power;basic_hp;basic_haste"
56,1,288,3,151,bot1_3,Hana,1,TANK,magical,8,0,13,21,7405,6791,3903,0,23.6,0,362,674,12,35,10,210,3560,742,288,0,1,1.7,1.74,"basic_hp;basic_hp;basic_hp;basic_mr;basic_mr;basic_armor;basic_power;basic_mr;basic_hp;basic_armor;basic_haste;basic_hp"
56,1,288,3,151,bot0_4,Jirina,0,FIGHTER,magical,0,6,0,0,4816,2149,8931,1079,10,5,304,351,20,10,7,127,1702,355,216,72,0.749,0,0.24,"basic_hp;basic_hp;basic_hp;basic_power;basic_armor;basic_mr"
56,1,288,3,151,bot1_4,Fusilier,1,SLAYER,physical,7,0,16,23,13435,8576,1315,0,29.8,0,282,533,51,13,10,26,3551,741,288,0,1,1.5,6.52,"special_gw;basic_hp;basic_hp;basic_power;basic_hp;basic_mr;basic_power;basic_mr;basic_as;basic_armor;basic_hp;basic_mr"
57,0,402,150,50,bot0_1,Fusilier,0,SLAYER,physical,10,3,14,8,22128,11017,5191,494,30,1.3,448,630,54,14,12,121,4546,679,367,35,0.913,1.5,2.12,"special_lifesteal;basic_power;basic_hp;basic_power;basic_as;basic_hp;basic_mr;basic_power;basic_as;basic_mr;basic_hp;basic_as;basic_power;basic_as;basic_armor"
57,0,402,150,50,bot1_1,Tamer,1,MAGE,magical,3,9,7,1.11,16690,8468,8363,3005,31.3,11.1,334,526,37,13,11,54,3204,478,270,131,0.673,0.4,1.01,"special_lifesteal;basic_power;basic_power;basic_hp;basic_armor;basic_hp;basic_haste;basic_as;basic_armor;basic_haste;basic_as"
57,0,402,150,50,bot0_2,Doctor,0,SUPPORT,physical,4,2,20,12,9395,6697,11470,13908,17.7,36.8,190,271,24,30,12,104,3904,583,378,23,0.942,0.6,0.58,"basic_hp;basic_hp;basic_hp;basic_hp;basic_mr;basic_mr;basic_hp;basic_mr;special_gw;basic_mr;basic_power;basic_hp"
57,0,402,150,50,bot1_2,Pyromancer,1,SLAYER,magical,1,8,8,1.13,9748,5087,8055,147,17.5,0.5,566,746,23,17,10,246,2871,429,290,112,0.722,0.1,0.63,"special_lifesteal;basic_power;basic_hp;basic_armor;basic_haste;basic_as;basic_power;basic_hp;basic_power"
57,0,402,150,50,bot0_3,Kratoma,0,SLAYER,physical,12,2,17,14.5,22019,12689,9918,584,32.6,1.5,405,694,32,37,13,10,4985,744,389,13,0.968,1.8,1.28,"special_lifesteal;basic_power;basic_power;basic_power;basic_as;basic_hp;basic_mr;basic_power;basic_armor;basic_as;basic_as;basic_power;basic_hp;basic_as;basic_power;basic_power"
57,0,402,150,50,bot1_3,Volstrov,1,MAGE,magical,1,8,8,1.13,14080,11329,10127,372,38.9,1.3,272,580,24,22,10,243,2843,424,291,111,0.724,0.1,1.12,"special_lifesteal;basic_power;basic_power;basic_hp;basic_armor;basic_hp;basic_haste;basic_as;basic_armor"
57,0,402,150,50,bot0_4,Vanguard,0,FIGHTER,physical,5,3,18,7.67,11720,6468,8940,0,17.8,0,461,568,53,30,11,205,3805,568,364,38,0.905,0.7,0.72,"basic_hp;basic_hp;basic_mr;basic_hp;basic_armor;basic_power;basic_hp;basic_mr;basic_armor;basic_as;basic_mr;basic_hp;basic_haste"
57,0,402,150,50,bot1_4,Bruiser,1,FIGHTER,physical,5,6,1,1,16285,7763,14140,490,23.6,1.5,431,683,48,39,10,395,3070,458,329,73,0.818,0.7,0.55,"special_lifesteal;basic_power;basic_power;basic_power;basic_as;basic_as;basic_hp;basic_as;basic_armor"
58,0,264,150,5,bot0_1,Goliath,0,TANK,physical,6,1,11,17,6135,4391,5080,1610,17.7,6.5,290,399,28,16,9,247,3047,692,249,16,0.941,1.4,0.86,"basic_hp;basic_hp;basic_hp;basic_armor;basic_hp;basic_armor;basic_mr;basic_mr;basic_armor;basic_mr"
58,0,264,150,5,bot1_1,Doctor,1,SUPPORT,physical,1,4,4,1.25,2426,1601,5507,1597,7.5,7.4,269,347,18,7,8,219,2019,459,214,50,0.812,0.2,0.29,"special_heal_power;basic_hp;basic_armor;basic_mr;basic_hp;basic_power"
58,0,264,150,5,bot0_2,Eggchanter,0,SUPPORT,magical,3,0,15,18,4010,3538,2276,3753,13.4,14.2,133,208,26,11,9,44,2794,635,264,0,1,0.7,1.55,"basic_hp;basic_hp;basic_hp;basic_armor;basic_armor;basic_mr;basic_armor;basic_mr;basic_hp;basic_haste"
58,0,264,150,5,bot1_2,Bruiser,1,FIGHTER,physical,1,5,3,0.8,6357,2131,7409,0,9.4,0,273,390,29,25,8,144,2044,464,227,37,0.86,0.2,0.29,"basic_hp;basic_hp;basic_hp;basic_power;basic_armor;basic_mr;basic_hp"
58,0,264,150,5,bot0_3,Wanderer,0,SLAYER,physical,5,3,11,5.33,11346,7424,3995,304,31.5,1.3,456,860,17,13,9,159,2909,661,236,28,0.893,1.1,1.86,"special_lifesteal;basic_power;basic_power;basic_power;basic_as;basic_as;basic_as;basic_power;basic_hp"
58,0,264,150,5,bot1_3,Pyromancer,1,SLAYER,magical,2,5,3,1,11755,4176,6218,139,21.2,0.7,610,719,18,15,9,213,2338,531,197,67,0.745,0.5,0.67,"special_lifesteal;basic_power;basic_hp;basic_power;basic_power;basic_haste;basic_hp"
58,0,264,150,5,bot0_4,Summoner,0,MAGE,magical,5,1,11,16,7169,5463,2789,155,20.7,0.6,210,299,36,16,9,181,2906,660,264,0,1,1.1,1.96,"special_lifesteal;basic_power;basic_power;basic_power;basic_power;basic_haste;basic_hp;basic_hp;basic_haste"
58,0,264,150,5,bot1_4,Oracle,1,MAGE,physical,1,5,4,1,11173,4565,6489,351,22.7,1.7,273,400,13,13,9,38,2163,491,201,63,0.76,0.2,0.7,"special_lifesteal;basic_power;basic_as;basic_power;basic_hp;basic_as;basic_power"
59,1,399,54,150,bot0_1,Fusilier,0,SLAYER,physical,3,5,12,3,19634,12148,6843,849,37.4,2.6,543,777,53,22,12,89,3614,543,325,74,0.814,0.5,1.78,"special_lifesteal;special_lifesteal;basic_power;basic_as;basic_power;basic_hp;basic_power;basic_as;basic_hp;basic_as;basic_mr"
59,1,399,54,150,bot1_1,Ironclad,1,TANK,physical,4,3,13,5.67,9353,5996,11914,0,16.8,0,451,545,36,24,10,238,3413,513,356,43,0.893,0.6,0.5,"basic_hp;basic_hp;basic_hp;basic_armor;basic_mr;basic_hp;basic_armor;basic_hp;basic_mr;basic_power;basic_hp"
59,1,399,54,150,bot0_2,Goliath,0,TANK,physical,3,4,11,3.5,10516,6227,8720,2006,18.2,5.9,605,662,39,24,12,290,3490,525,343,57,0.858,0.5,0.71,"basic_hp;basic_hp;special_gw;basic_hp;basic_mr;basic_armor;basic_power;basic_mr;basic_mr;basic_power;basic_as"
59,1,399,54,150,bot1_2,Zephyr,1,SPLITPUSHER,magical,4,6,10,2.33,8999,4282,10435,260,13.4,0.8,246,350,39,35,10,54,3229,485,320,79,0.801,0.6,0.41,"special_lifesteal;basic_power;basic_hp;basic_power;basic_armor;basic_hp;basic_armor;basic_haste;basic_hp;basic_haste;basic_mr"
59,1,399,54,150,bot0_3,Quiller,0,SLAYER,physical,7,4,9,4,24612,13240,6859,797,35.7,2.1,286,588,53,29,12,221,4071,612,371,28,0.929,1.1,1.93,"special_lifesteal;basic_power;basic_power;basic_power;basic_hp;basic_as;basic_mr;basic_hp;basic_as;basic_mr;basic_hp;basic_as;basic_power"
59,1,399,54,150,bot1_3,Eggchanter,1,SUPPORT,magical,4,3,14,6,7815,4811,10758,10076,13.5,28.4,124,215,36,20,11,169,3469,521,355,44,0.89,0.6,0.45,"basic_hp;basic_hp;basic_hp;basic_hp;basic_hp;basic_armor;basic_mr;basic_armor;basic_power;basic_haste;basic_as;basic_mr"
59,1,399,54,150,bot0_4,Mage,0,MAGE,magical,3,6,13,2.67,22222,12799,6671,427,41.4,1.4,839,1038,59,25,12,180,3680,553,309,90,0.775,0.5,1.92,"special_lifesteal;basic_power;basic_hp;basic_power;basic_power;basic_haste;basic_mr;basic_armor;basic_hp;basic_haste;basic_mr;basic_power"
59,1,399,54,150,bot1_4,Hana,1,TANK,magical,7,4,12,4.75,14590,10886,14168,0,31.6,0,357,698,23,40,11,31,3831,576,345,55,0.863,1.1,0.77,"basic_hp;basic_hp;basic_hp;basic_armor;basic_armor;basic_hp;basic_armor;basic_hp;basic_armor;basic_mr;basic_hp;basic_mr;basic_power"
60,0,387,152,31,bot0_1,Wanderer,0,SLAYER,physical,11,2,11,11,18221,13928,6932,745,38.6,2.1,569,854,26,21,11,248,4298,666,361,26,0.932,1.7,2.01,"special_lifesteal;special_lifesteal;basic_power;basic_power;basic_as;basic_hp;basic_as;basic_mr;basic_power;basic_hp;basic_mr;basic_as;basic_armor"
60,0,387,152,31,bot1_1,Pyromancer,1,SLAYER,magical,1,6,3,0.67,9813,3658,6928,171,12,0.6,333,568,28,20,9,84,2509,388,306,82,0.789,0.2,0.53,"special_lifesteal;basic_power;basic_hp;basic_power;basic_power;basic_power;basic_haste;basic_armor"
60,0,387,152,31,bot0_2,Jirina,0,FIGHTER,magical,3,2,19,11,11214,7056,7000,1957,19.6,5.4,368,462,47,7,11,293,3493,541,359,28,0.927,0.5,1.01,"special_lifesteal;basic_power;basic_power;basic_hp;basic_haste;basic_hp;basic_power;basic_haste;basic_mr;basic_armor;basic_hp"
60,0,387,152,31,bot1_2,Hana,1,TANK,magical,1,6,6,1.17,10543,6221,11556,0,20.6,0,459,693,14,40,10,23,2698,418,303,85,0.781,0.2,0.54,"basic_hp;basic_hp;basic_hp;basic_armor;basic_mr;basic_power;basic_hp;basic_haste;basic_as;basic_armor"
60,0,387,152,31,bot0_3,Oracle,0,MAGE,physical,3,1,17,20,14341,7045,4796,374,18.7,1,392,496,30,32,11,63,3538,548,376,12,0.97,0.5,1.47,"special_lifesteal;special_gw;basic_power;basic_hp;basic_power;basic_as;basic_hp;basic_as;basic_mr;basic_power;basic_as"
60,0,387,152,31,bot1_3,Bruiser,1,FIGHTER,physical,1,6,4,0.83,9383,4884,9108,254,15.5,0.8,285,528,51,37,9,189,2514,389,315,73,0.812,0.2,0.54,"special_lifesteal;basic_power;basic_hp;basic_as;basic_power;basic_armor;basic_mr;basic_hp"
60,0,387,152,31,bot0_4,Doctor,0,SUPPORT,physical,7,2,12,9.5,6808,4059,6919,6032,11.1,16.5,127,227,20,26,11,53,3728,577,365,22,0.942,1.1,0.59,"basic_hp;basic_hp;basic_hp;basic_mr;basic_mr;basic_armor;basic_hp;basic_armor;basic_hp;basic_power;basic_mr;basic_mr;basic_as"
60,0,387,152,31,bot1_4,Volstrov,1,MAGE,magical,4,6,3,1.17,14336,8306,7062,274,27.8,0.9,344,552,17,23,11,170,3095,479,299,89,0.771,0.6,1.18,"special_lifesteal;basic_power;basic_hp;basic_armor;basic_power;basic_hp;basic_haste;basic_power;basic_mr;basic_hp"
61,1,440,45,150,bot0_1,Lynx,0,SLAYER,physical,7,9,4,1.22,19144,10506,10269,372,30.2,1.1,501,1088,53,43,11,120,3795,517,348,93,0.79,1,1.02,"special_lifesteal;basic_power;basic_power;basic_power;basic_power;basic_as;basic_as;basic_as;basic_hp;basic_as;basic_power;basic_armor"
61,1,440,45,150,bot1_1,Cleric,1,SUPPORT,magical,3,3,22,8.33,12555,7214,8395,7296,17.9,18.1,348,402,65,52,11,331,3906,532,403,37,0.916,0.4,0.86,"basic_hp;basic_hp;basic_hp;basic_armor;basic_hp;basic_mr;basic_power;basic_haste;basic_armor;basic_as;basic_armor;basic_mr;basic_armor"
61,1,440,45,150,bot0_2,Ironclad,0,TANK,physical,1,6,10,1.83,9171,6136,16250,0,17.6,0,520,711,32,24,10,353,3053,416,349,91,0.794,0.1,0.38,"basic_hp;basic_hp;basic_hp;basic_armor;basic_mr;basic_hp;basic_armor;basic_mr;basic_power;basic_as"
61,1,440,45,150,bot1_2,Kratoma,1,SLAYER,physical,8,4,17,6.25,16738,10492,7485,396,27.2,1,287,587,28,31,12,303,4403,600,386,55,0.876,1.1,1.4,"special_lifesteal;basic_power;basic_power;basic_power;basic_as;basic_hp;basic_as;basic_armor;basic_hp;basic_power;basic_as;basic_hp;basic_armor;basic_mr"
61,1,440,45,150,bot0_3,Tamer,0,MAGE,magical,2,8,9,1.38,17541,10885,8631,4375,34,13.7,329,517,36,15,12,262,3437,468,320,120,0.727,0.3,1.26,"special_lifesteal;basic_power;basic_power;basic_power;basic_hp;basic_haste;basic_armor;basic_hp;basic_mr;basic_haste;basic_armor"
61,1,440,45,150,bot1_3,Hana,1,TANK,magical,2,2,24,13,14914,8847,10426,0,21.3,0,166,415,15,43,12,70,3870,527,416,24,0.945,0.3,0.85,"basic_hp;basic_hp;basic_hp;basic_armor;basic_armor;basic_mr;basic_haste;basic_power;basic_as;basic_armor;basic_mr;basic_hp;basic_haste;basic_power"
61,1,440,45,150,bot0_4,Vanguard,0,FIGHTER,physical,2,5,6,1.6,14378,4495,9415,255,12.3,0.7,744,744,48,32,11,177,3077,419,365,75,0.829,0.3,0.48,"basic_hp;basic_hp;special_lifesteal;basic_power;basic_power;basic_as;basic_hp;basic_armor;basic_as;basic_mr"
61,1,440,45,150,bot1_4,Oracle,1,MAGE,physical,15,3,11,8.67,23032,12928,7348,487,32.4,1.2,423,618,31,32,13,179,5279,719,399,41,0.907,2,1.76,"special_lifesteal;basic_power;basic_power;basic_hp;basic_as;basic_armor;basic_hp;basic_mr;basic_as;basic_power;basic_hp;basic_as;basic_armor;basic_power;basic_as;basic_hp;basic_power"
62,1,258,0,152,bot0_1,Healer,0,SUPPORT,magical,0,6,0,0,3103,1562,7855,2024,8.3,10.8,167,194,17,11,7,30,1605,373,188,70,0.728,0,0.2,"basic_hp;basic_hp;basic_hp;basic_armor;basic_mr;basic_power"
62,1,258,0,152,bot1_1,Quiller,1,SLAYER,physical,7,0,15,22,14549,8770,2326,512,34,2,295,676,41,22,10,312,3312,769,258,0,1,1.6,3.77,"special_lifesteal;basic_power;basic_hp;basic_power;basic_as;basic_power;basic_as;basic_hp;basic_as;basic_hp"
62,1,258,0,152,bot0_2,Jirina,0,FIGHTER,magical,0,5,0,0,5748,1922,9309,1620,9.7,8.2,246,294,22,11,7,74,1599,372,199,60,0.769,0,0.21,"special_lifesteal;basic_power;basic_hp;basic_armor;basic_mr"
62,1,258,0,152,bot1_2,Wanderer,1,SLAYER,physical,6,0,9,15,14826,8209,3019,434,31.8,1.7,443,871,20,15,9,273,2998,697,258,0,1,1.4,2.72,"special_lifesteal;basic_power;basic_power;basic_power;basic_as;basic_hp;basic_as;basic_hp;basic_power"
62,1,258,0,152,bot0_3,Mage,0,MAGE,magical,0,7,0,0,9022,2437,7528,211,13.7,1.2,463,663,32,12,7,116,1641,381,177,81,0.687,0,0.32,"special_lifesteal;basic_power;basic_hp;basic_haste;basic_armor"
62,1,258,0,152,bot1_3,Cleric,1,SUPPORT,magical,2,0,18,20,4982,2927,1267,3861,11.3,15,239,299,35,31,9,180,2830,658,258,0,1,0.5,2.31,"basic_hp;basic_hp;basic_hp;basic_mr;basic_mr;basic_armor;basic_armor;basic_haste;basic_power;basic_haste"
62,1,258,0,152,bot0_4,Goliath,0,TANK,physical,0,5,0,0,3237,1657,7993,350,8.2,1.7,269,326,24,9,7,266,1591,370,202,57,0.781,0,0.21,"basic_hp;basic_hp;basic_hp;basic_armor;basic_mr"
62,1,258,0,152,bot1_4,Tamer,1,MAGE,magical,8,0,15,23,12308,10613,2398,3096,41.1,12,293,493,35,10,10,208,3408,792,258,0,1,1.9,4.43,"special_lifesteal;basic_power;basic_hp;basic_mr;basic_power;basic_hp;basic_hp;basic_power;basic_haste;basic_mr;basic_armor"
63,0,311,150,3,bot0_1,Wanderer,0,SLAYER,physical,9,1,14,23,16875,11770,3473,360,39.8,1.2,932,1557,20,17,11,36,3961,764,296,16,0.95,1.7,3.39,"special_lifesteal;basic_power;basic_hp;basic_power;basic_hp;basic_as;basic_as;basic_power;basic_hp;basic_power;basic_as;basic_power;basic_armor"
63,0,311,150,3,bot1_1,Eggchanter,1,SUPPORT,magical,0,7,3,0.43,4857,2597,9493,3496,11.6,15.6,130,203,23,12,8,199,1999,385,223,88,0.718,0,0.27,"special_heal_power;basic_hp;basic_hp;basic_armor;basic_mr;basic_haste"
63,0,311,150,3,bot0_2,Fusilier,0,SLAYER,physical,10,2,17,13.5,20904,15085,5565,540,53.3,1.9,509,914,45,15,11,104,4204,811,283,28,0.91,1.9,2.71,"special_lifesteal;basic_power;basic_power;basic_hp;basic_as;basic_hp;basic_as;basic_armor;basic_power;basic_as;basic_hp;basic_power;basic_armor;basic_mr"
63,0,311,150,3,bot1_2,Goliath,1,TANK,physical,1,9,2,0.33,6035,3582,13856,438,15.7,1.9,327,382,29,14,8,171,2096,404,228,83,0.734,0.2,0.26,"basic_hp;basic_hp;basic_hp;basic_armor;basic_mr;basic_hp;basic_armor"
63,0,311,150,3,bot0_3,Cleric,0,SUPPORT,magical,7,0,16,23,8434,5744,2640,4179,18.5,13.4,328,384,47,39,11,142,3817,736,311,0,1,1.3,2.18,"special_gw;basic_hp;basic_hp;basic_hp;basic_hp;basic_armor;basic_armor;basic_power;basic_armor;basic_armor;basic_mr;basic_hp"
63,0,311,150,3,bot1_3,Lynx,1,SLAYER,physical,0,8,3,0.38,10018,4823,8358,243,19.8,1,345,578,37,33,8,204,1979,382,244,67,0.784,0,0.58,"special_lifesteal;basic_power;basic_as;basic_hp;basic_armor;basic_mr"
63,0,311,150,3,bot0_4,Jirina,0,FIGHTER,magical,4,0,18,22,13444,5378,4540,3051,17.3,9.8,367,477,45,15,11,263,3438,663,311,0,1,0.8,1.18,"special_gw;special_lifesteal;basic_power;basic_hp;basic_power;basic_armor;basic_hp;basic_armor;basic_hp;basic_haste"
63,0,311,150,3,bot1_4,Bruiser,1,FIGHTER,physical,2,6,1,0.5,6696,2483,8364,174,9.5,0.7,309,449,36,29,8,100,2225,429,261,50,0.84,0.4,0.3,"special_lifesteal;basic_power;basic_hp;basic_power;basic_hp;basic_as;basic_hp"
64,1,387,34,151,bot0_1,Vanguard,0,FIGHTER,physical,2,5,5,1.4,11441,5486,11046,67,16.9,0.2,437,748,50,28,10,49,2749,426,325,62,0.839,0.3,0.5,"basic_hp;basic_hp;basic_hp;basic_power;basic_armor;basic_mr;basic_hp;special_lifesteal;basic_power"
64,1,387,34,151,bot1_1,Wanderer,1,SLAYER,physical,7,5,11,3.6,15899,12427,7996,340,38.6,1.1,763,1540,21,17,11,247,3722,576,322,65,0.831,1.1,1.55,"special_lifesteal;basic_power;basic_hp;basic_as;basic_mr;basic_power;basic_hp;basic_armor;basic_hp;basic_as;basic_mr;basic_power"
64,1,387,34,151,bot0_2,Reaper,0,SPLITPUSHER,magical,1,5,8,1.8,11512,7984,8964,396,24.4,1.2,504,699,32,18,10,32,2732,423,327,60,0.845,0.2,0.89,"special_lifesteal;basic_power;basic_power;basic_hp;basic_haste;basic_power;basic_hp;basic_armor;basic_power"
64,1,387,34,151,bot1_2,Hana,1,TANK,magical,5,2,8,6.5,9959,5446,6989,0,15,0,351,668,17,40,10,147,3247,503,363,24,0.937,0.8,0.78,"basic_hp;basic_hp;basic_hp;basic_mr;basic_mr;basic_hp;basic_armor;basic_mr;basic_hp;basic_haste;basic_armor"
64,1,387,34,151,bot0_3,Jailer,0,TANK,magical,3,6,4,1.17,10195,6035,10834,0,19.9,0,460,563,30,18,10,74,2849,441,303,85,0.781,0.5,0.56,"basic_hp;basic_hp;basic_hp;basic_hp;basic_hp;basic_armor;basic_mr;basic_haste;basic_power;basic_armor"
64,1,387,34,151,bot1_3,Doctor,1,SUPPORT,physical,6,3,14,6.67,7847,6630,9723,12175,18.3,33.6,227,350,12,25,11,262,3787,586,362,25,0.935,0.9,0.68,"special_heal_power;basic_hp;basic_mr;basic_armor;basic_hp;basic_mr;basic_hp;basic_armor;basic_power;basic_as;basic_hp;basic_mr"
64,1,387,34,151,bot0_4,Mage,0,MAGE,magical,4,6,6,1.67,18537,11764,8873,362,39.5,1.2,674,750,59,24,11,245,3195,495,298,90,0.769,0.6,1.33,"special_lifesteal;basic_power;basic_power;basic_hp;basic_haste;basic_power;basic_armor;basic_power;basic_mr;basic_hp"
64,1,387,34,151,bot1_4,Jirina,1,FIGHTER,magical,4,0,17,21,16187,12306,9714,2920,31.8,7.5,416,522,57,15,11,50,3650,565,387,0,1,0.6,1.27,"basic_hp;basic_hp;basic_hp;basic_hp;basic_mr;basic_mr;basic_power;basic_haste;basic_armor;basic_as;basic_mr;basic_hp;basic_power"
65,0,320,151,2,bot0_1,Eggchanter,0,SUPPORT,magical,1,1,16,17,7646,3672,4353,5182,12,16.9,128,173,38,18,9,60,2760,518,307,13,0.96,0.2,0.84,"basic_hp;basic_hp;special_heal_power;basic_mr;basic_hp;basic_mr;basic_haste;basic_haste;basic_mr"
65,0,320,151,2,bot1_1,Mage,1,MAGE,magical,2,6,0,0.33,12865,5984,6768,204,24.8,0.8,454,653,46,20,9,151,2251,422,242,78,0.756,0.4,0.88,"special_lifesteal;basic_power;basic_hp;basic_power;basic_haste;basic_armor;basic_power"
65,0,320,151,2,bot0_2,Hana,0,TANK,magical,7,0,9,16,11415,6119,7053,0,19.1,0,254,464,20,36,10,51,3376,634,320,0,1,1.3,0.87,"basic_hp;basic_hp;basic_hp;basic_mr;basic_mr;basic_mr;basic_power;basic_power;basic_hp;basic_mr;basic_haste;basic_as"
65,0,320,151,2,bot1_2,Jailer,1,TANK,magical,0,5,2,0.4,10426,6589,8984,0,26.1,0,391,503,21,23,9,183,2183,410,253,67,0.791,0,0.73,"basic_hp;basic_hp;basic_hp;basic_hp;basic_armor;basic_hp;basic_mr"
65,0,320,151,2,bot0_3,Quiller,0,SLAYER,physical,13,0,7,20,17101,10390,2063,496,32.5,1.6,332,561,48,28,11,254,4179,784,320,0,1,2.4,5.04,"special_lifesteal;basic_power;basic_as;basic_power;basic_power;basic_as;basic_hp;basic_mr;basic_as;basic_armor;basic_power;basic_power;basic_as"
65,0,320,151,2,bot1_3,Zephyr,1,SPLITPUSHER,magical,0,5,2,0.4,6495,3520,6942,176,13.9,0.7,295,344,25,23,8,203,2003,376,253,66,0.793,0,0.51,"special_lifesteal;basic_power;basic_power;basic_hp;basic_haste;basic_mr"
65,0,320,151,2,bot0_4,Ironclad,0,TANK,physical,2,1,19,21,8035,6459,8505,0,20.2,0,283,311,38,22,10,198,3123,586,320,0,1,0.4,0.76,"basic_hp;basic_hp;basic_mr;basic_power;basic_hp;basic_mr;basic_as;basic_mr;basic_as;basic_haste;basic_armor"
65,0,320,151,2,bot1_4,Pyromancer,1,SLAYER,magical,0,7,2,0.29,8838,3219,6542,122,12.7,0.5,256,429,25,16,8,227,2027,380,253,66,0.792,0,0.49,"special_lifesteal;basic_power;basic_power;basic_hp;basic_haste;basic_armor"
66,0,305,151,3,bot0_1,Jirina,0,FIGHTER,magical,3,1,14,17,11206,6702,5225,6816,23.1,23.5,421,513,43,25,10,52,2977,585,290,16,0.949,0.6,1.28,"basic_hp;basic_hp;basic_hp;basic_armor;basic_power;basic_haste;basic_armor;basic_mr;basic_as;basic_armor;basic_power"
66,0,305,151,3,bot1_1,Goliath,1,TANK,physical,0,5,3,0.6,5472,2728,8301,850,11.3,3.5,419,520,29,13,8,123,1948,383,242,63,0.792,0,0.33,"basic_hp;basic_hp;basic_hp;basic_mr;basic_armor;basic_as;basic_power"
66,0,305,151,3,bot0_2,Zephyr,0,SPLITPUSHER,magical,7,1,9,16,11028,8008,5277,401,27.5,1.4,534,708,34,38,10,285,3310,651,292,14,0.955,1.4,1.52,"special_lifesteal;basic_power;basic_power;basic_hp;basic_power;basic_haste;basic_hp;basic_haste;basic_power;basic_hp"
66,0,305,151,3,bot1_2,Jailer,1,TANK,magical,2,6,1,0.5,11751,9167,9459,0,39.5,0,384,599,23,21,8,235,2160,424,232,73,0.76,0.4,0.97,"basic_hp;basic_hp;basic_mr;basic_hp;basic_hp;basic_armor;basic_mr"
66,0,305,151,3,bot0_3,Ironclad,0,TANK,physical,5,1,15,20,7071,6162,7189,0,21.1,0,364,511,33,22,10,14,3339,656,293,13,0.958,1,0.86,"basic_hp;basic_hp;basic_hp;basic_hp;basic_armor;basic_armor;basic_mr;basic_as;basic_armor;basic_mr;basic_power;basic_armor"
66,0,305,151,3,bot1_3,Vanguard,1,FIGHTER,physical,0,3,3,1,7651,2930,7038,111,11,0.4,427,536,42,21,8,142,1942,382,267,38,0.875,0,0.42,"basic_hp;basic_hp;special_lifesteal;basic_power;basic_as;basic_armor"
66,0,305,151,3,bot0_4,Kratoma,0,SLAYER,physical,5,0,14,19,10652,7562,4769,387,24.8,1.3,366,603,24,25,10,56,3256,640,305,0,1,1,1.59,"special_lifesteal;basic_power;basic_hp;basic_as;basic_armor;basic_power;basic_hp;basic_mr;basic_hp;basic_power;basic_as"
66,0,305,151,3,bot1_4,Wanderer,1,SLAYER,physical,1,6,2,0.5,9984,6048,6798,125,25.2,0.5,580,912,14,13,8,82,2132,419,240,65,0.787,0.2,0.89,"special_lifesteal;basic_power;basic_hp;basic_as;basic_mr;basic_armor;basic_power"
67,0,417,151,95,bot0_1,Volstrov,0,MAGE,magical,7,6,17,4,19692,12608,8164,618,34.3,1.7,332,616,18,28,12,211,4286,617,368,49,0.883,1,1.54,"special_lifesteal;basic_power;basic_power;basic_hp;basic_mr;basic_haste;basic_hp;basic_mr;basic_power;basic_hp;basic_armor;basic_haste;basic_armor;basic_power"
67,0,417,151,95,bot1_1,Hana,1,TANK,magical,3,7,18,3,17114,10710,15822,0,32.5,0,612,1070,16,42,11,149,3724,536,329,88,0.79,0.4,0.68,"basic_hp;basic_hp;basic_hp;basic_hp;basic_mr;basic_armor;basic_power;basic_mr;basic_haste;basic_armor;basic_power;basic_as;basic_hp"
67,0,417,151,95,bot0_2,Goliath,0,TANK,physical,4,5,17,4.2,13387,8776,12185,1928,25.7,5.6,391,451,44,26,11,160,3810,548,342,75,0.82,0.6,0.72,"basic_hp;basic_hp;basic_hp;basic_mr;basic_hp;basic_armor;basic_mr;basic_power;basic_mr;basic_mr;basic_as;basic_hp;basic_haste"
67,0,417,151,95,bot1_2,Kratoma,1,SLAYER,physical,15,6,7,3.67,26959,12782,9871,610,39.1,1.9,693,1397,27,28,13,29,5004,720,327,90,0.785,2.2,1.29,"special_lifesteal;basic_power;basic_power;basic_power;basic_as;basic_as;basic_hp;basic_power;basic_as;basic_hp;basic_power;basic_as;basic_power;basic_mr;basic_hp;basic_as"
67,0,417,151,95,bot0_3,Bruiser,0,FIGHTER,physical,2,6,14,2.67,10760,5953,9051,0,17.8,0,362,556,44,35,10,303,3253,468,334,83,0.801,0.3,0.66,"special_gw;basic_hp;basic_power;basic_mr;basic_hp;basic_armor;basic_as;basic_power;basic_hp;basic_hp"
67,0,417,151,95,bot1_3,Zephyr,1,SPLITPUSHER,magical,4,4,13,4.25,10812,5943,9028,296,16.4,0.8,402,595,42,37,10,178,3428,493,362,55,0.869,0.6,0.66,"special_lifesteal;basic_power;basic_power;basic_hp;basic_hp;basic_mr;basic_power;basic_haste;basic_hp;basic_hp;basic_armor"
67,0,417,151,95,bot0_4,Tamer,0,MAGE,magical,11,6,12,3.83,20082,14774,8755,4937,43.9,14.7,366,649,42,19,12,283,4683,674,336,80,0.807,1.6,1.69,"special_lifesteal;basic_power;basic_power;basic_power;basic_hp;basic_hp;basic_mr;basic_hp;basic_haste;basic_mr;basic_hp;basic_armor;basic_haste;basic_armor;basic_power"
67,0,417,151,95,bot1_4,Healer,1,SUPPORT,magical,1,7,20,3,8347,5194,10146,5734,15.6,17.2,140,200,52,16,11,150,3500,504,333,84,0.799,0.1,0.51,"special_gw;basic_hp;basic_mr;basic_hp;basic_armor;basic_hp;basic_mr;basic_power;basic_hp;basic_hp;basic_mr"
68,0,393,151,63,bot0_1,Goliath,0,TANK,physical,1,4,23,6,13129,8306,11160,2894,24.7,8.6,282,344,46,30,12,157,3732,569,337,57,0.856,0.2,0.74,"basic_hp;basic_hp;basic_hp;basic_mr;basic_armor;basic_power;basic_mr;basic_armor;basic_hp;basic_power;basic_as;basic_haste;basic_hp"
68,0,393,151,63,bot1_1,Eggchanter,1,SUPPORT,magical,1,7,10,1.57,8429,4905,10333,5280,16,17.2,133,197,40,19,10,6,2956,451,307,86,0.782,0.2,0.47,"special_heal_power;basic_hp;basic_hp;basic_armor;basic_mr;basic_haste;basic_armor;basic_power;basic_hp;basic_hp"
68,0,393,151,63,bot0_2,Quiller,0,SLAYER,physical,10,4,15,6.25,17523,12287,4587,445,36.2,1.3,282,584,53,28,13,271,4646,709,340,54,0.864,1.5,2.68,"special_lifesteal;basic_power;basic_hp;basic_power;basic_power;basic_as;basic_hp;basic_as;basic_armor;basic_as;basic_mr;basic_mr;basic_hp;basic_armor;basic_power"
68,0,393,151,63,bot1_2,Hana,1,TANK,magical,6,7,5,1.57,15333,8762,16612,0,27,0,470,705,22,42,11,86,3411,520,325,68,0.826,0.9,0.53,"basic_hp;basic_hp;basic_hp;basic_armor;basic_hp;basic_mr;basic_power;basic_haste;basic_as;basic_armor;basic_armor;basic_hp"
68,0,393,151,63,bot0_3,Jirina,0,FIGHTER,magical,5,2,17,11,14163,7853,6420,5734,21.5,15.7,452,675,48,18,12,128,3978,607,366,27,0.931,0.8,1.22,"special_gw;basic_hp;basic_power;basic_mr;basic_armor;basic_hp;basic_hp;basic_power;basic_armor;basic_haste;basic_hp;basic_hp;basic_mr"
68,0,393,151,63,bot1_3,Vanguard,1,FIGHTER,physical,3,7,6,1.29,15725,6763,11903,0,20.2,0,608,687,49,37,10,152,3052,466,334,59,0.849,0.5,0.57,"special_gw;basic_hp;basic_hp;basic_armor;basic_power;basic_as;basic_hp;basic_mr;basic_armor;basic_power"
68,0,393,151,63,bot0_4,Kratoma,0,SLAYER,physical,12,2,16,14,24926,15828,7344,751,43.2,2.1,327,614,30,31,13,217,5092,777,366,27,0.931,1.8,2.16,"special_lifesteal;basic_power;basic_as;basic_power;basic_hp;basic_as;basic_hp;basic_power;basic_power;basic_armor;basic_mr;basic_as;basic_power;basic_as;basic_hp;basic_power"
68,0,393,151,63,bot1_4,Bruiser,1,FIGHTER,physical,2,7,8,1.43,14611,7119,12477,385,22.1,1.2,315,589,50,37,10,341,2966,452,322,71,0.819,0.3,0.57,"special_lifesteal;basic_power;basic_power;basic_as;basic_hp;basic_power;basic_as;basic_armor;basic_mr"
69,1,358,29,152,bot0_1,Zephyr,0,SPLITPUSHER,magical,1,7,7,1.14,6744,4807,8681,161,18.3,0.6,435,541,27,23,9,204,2579,432,262,96,0.733,0.2,0.55,"special_lifesteal;basic_power;basic_power;basic_hp;basic_haste;basic_hp;basic_mr;basic_power"
69,1,358,29,152,bot1_1,Cleric,1,SUPPORT,magical,4,2,19,11.5,10473,7041,6062,6454,21.2,19.4,423,497,53,49,11,286,3611,605,333,25,0.929,0.7,1.16,"basic_hp;basic_hp;basic_hp;basic_hp;basic_mr;basic_armor;basic_hp;basic_mr;basic_power;basic_armor;basic_haste;basic_power"
69,1,358,29,152,bot0_2,Bruiser,0,FIGHTER,physical,2,6,5,1.17,8398,5392,9211,190,19.5,0.7,383,460,39,34,9,206,2631,441,276,82,0.771,0.3,0.59,"special_lifesteal;basic_power;basic_power;basic_as;basic_power;basic_power;basic_hp;basic_armor"
69,1,358,29,152,bot1_2,Reaper,1,SPLITPUSHER,magical,9,0,16,25,20612,14900,5249,728,41.6,2,1055,1504,51,29,11,347,4172,699,358,0,1,1.5,2.84,"special_lifesteal;basic_power;basic_power;basic_power;basic_hp;basic_power;basic_hp;basic_haste;basic_armor;basic_haste;basic_mr;basic_hp;basic_haste"
69,1,358,29,152,bot0_3,Jailer,0,TANK,magical,1,7,7,1.14,10037,6557,11089,0,22.4,0,353,595,22,23,9,164,2539,425,293,65,0.817,0.2,0.59,"basic_hp;basic_hp;basic_mr;basic_hp;basic_armor;basic_mr;basic_armor;basic_power;basic_haste"
69,1,358,29,152,bot1_3,Lynx,1,SLAYER,physical,7,4,15,5.5,14990,8415,5336,472,25.7,1.4,455,829,64,40,11,98,3873,649,327,31,0.913,1.2,1.58,"special_lifesteal;basic_power;basic_power;basic_as;basic_hp;basic_armor;basic_mr;basic_power;basic_as;basic_hp;basic_armor;basic_power;basic_mr"
69,1,358,29,152,bot0_4,Vanguard,0,FIGHTER,physical,4,5,4,1.6,11559,5932,9017,147,20.7,0.5,469,563,47,24,10,157,2857,479,287,71,0.801,0.7,0.66,"basic_hp;basic_hp;special_lifesteal;basic_power;basic_power;basic_hp;basic_as;basic_power;basic_as"
69,1,358,29,152,bot1_4,Ironclad,1,TANK,physical,5,2,16,10.5,8026,6145,8377,0,18.7,0,363,514,34,24,11,284,3584,601,329,29,0.918,0.8,0.73,"basic_hp;basic_hp;basic_hp;basic_hp;basic_mr;basic_armor;basic_power;basic_as;basic_armor;basic_mr;basic_armor;basic_mr"
70,1,269,2,150,bot0_1,Ironclad,0,TANK,physical,1,5,1,0.4,6124,3804,11546,0,16.5,0,360,510,23,16,8,323,1898,424,231,38,0.858,0.2,0.33,"basic_hp;basic_hp;basic_hp;basic_mr;basic_armor;basic_as"
70,1,269,2,150,bot1_1,Lynx,1,SLAYER,physical,7,1,7,14,10275,6078,2903,329,23.7,1.3,379,613,53,30,9,77,3027,676,256,13,0.953,1.6,2.09,"special_lifesteal;basic_power;basic_hp;basic_as;basic_mr;basic_power;basic_hp;basic_power;basic_as;basic_hp"
70,1,269,2,150,bot0_2,Reaper,0,SPLITPUSHER,magical,0,6,2,0.33,7493,2530,6759,215,12.9,1.1,375,501,18,9,8,11,1861,415,196,73,0.728,0,0.37,"special_lifesteal;basic_power;basic_power;basic_power;basic_hp;basic_haste"
70,1,269,2,150,bot1_2,Summoner,1,MAGE,magical,9,1,11,20,8584,6051,3103,267,23.5,1,205,291,44,22,10,258,3608,805,257,12,0.957,2,1.95,"special_lifesteal;basic_power;basic_hp;basic_power;basic_haste;basic_hp;basic_hp;basic_power;basic_power;basic_haste;basic_hp"
70,1,269,2,150,bot0_3,Bruiser,0,FIGHTER,physical,0,6,2,0.33,6136,2200,6803,157,10,0.7,221,351,26,24,7,35,1810,404,219,50,0.815,0,0.32,"special_lifesteal;basic_power;basic_hp;basic_as;basic_mr;basic_armor"
70,1,269,2,150,bot1_3,Cleric,1,SUPPORT,magical,2,0,13,15,8015,6315,3564,4820,23.5,17.9,301,363,46,40,9,305,2580,576,269,0,1,0.4,1.77,"basic_hp;basic_hp;basic_hp;basic_mr;basic_hp;basic_mr;basic_armor;basic_hp"
70,1,269,2,150,bot0_4,Zephyr,0,SPLITPUSHER,magical,1,4,1,0.5,5290,1276,4630,142,5.9,0.7,282,429,23,20,8,148,1973,440,216,53,0.804,0.2,0.28,"special_lifesteal;special_gw;basic_power;basic_hp;basic_power"
70,1,269,2,150,bot1_4,Pyromancer,1,SLAYER,magical,3,0,14,17,6655,5175,1285,126,19.3,0.5,430,589,19,15,9,129,2779,620,269,0,1,0.7,4.03,"special_lifesteal;basic_power;basic_power;basic_hp;basic_haste;basic_mr;basic_hp;basic_power;basic_haste"
71,1,258,11,150,bot0_1,Pyromancer,0,SLAYER,magical,1,5,1,0.4,7846,2821,5341,110,14.5,0.6,311,487,20,13,8,31,1881,437,195,63,0.754,0.2,0.53,"special_lifesteal;basic_power;basic_power;basic_hp;basic_power;basic_haste"
71,1,258,11,150,bot1_1,Summoner,1,MAGE,magical,8,0,7,15,5992,3157,1016,86,12.2,0.3,192,280,45,22,10,14,3239,752,258,0,1,1.9,3.11,"special_lifesteal;basic_power;basic_power;basic_hp;basic_haste;basic_mr;basic_power;basic_armor;basic_hp;basic_power;basic_haste"
71,1,258,11,150,bot0_2,Ironclad,0,TANK,physical,0,3,2,0.67,5712,1781,7949,0,8.1,0,259,357,21,16,7,50,1700,395,220,38,0.852,0,0.22,"basic_hp;basic_hp;basic_hp;basic_hp;basic_mr;basic_armor"
71,1,258,11,150,bot1_2,Doctor,1,SUPPORT,physical,4,1,13,17,5169,4237,4495,4611,17.1,18.6,180,223,15,20,9,228,2878,669,248,10,0.962,0.9,0.94,"basic_hp;basic_hp;basic_mr;basic_hp;basic_armor;basic_power;basic_mr;basic_mr;basic_as;basic_haste"
71,1,258,11,150,bot0_3,Cleric,0,SUPPORT,magical,0,6,2,0.33,4745,3614,7118,1467,19.7,8,282,342,23,16,7,217,1767,410,183,75,0.709,0,0.51,"special_gw;basic_hp;basic_mr;basic_armor;basic_hp"
71,1,258,11,150,bot1_3,Jirina,1,FIGHTER,magical,4,0,12,16,8317,5426,3099,1948,21,7.5,266,372,34,10,9,256,2831,658,258,0,1,0.9,1.75,"basic_hp;basic_hp;basic_hp;basic_mr;basic_power;basic_mr;basic_hp;basic_hp;basic_mr"
71,1,258,11,150,bot0_4,Vanguard,0,FIGHTER,physical,1,4,0,0.25,7447,1741,5185,0,7.9,0,505,559,33,20,7,1,1801,418,220,38,0.852,0.2,0.34,"special_gw;basic_hp;basic_power;basic_hp;basic_armor;basic_mr"
71,1,258,11,150,bot1_4,Wanderer,1,SLAYER,physical,2,1,9,11,9120,5356,2946,232,21.9,0.9,392,652,14,15,8,205,2330,541,245,14,0.947,0.5,1.82,"special_lifesteal;basic_power;basic_power;basic_as;basic_power;basic_as;basic_hp"
72,0,229,150,0,bot0_1,Quiller,0,SLAYER,physical,15,0,7,22,14213,10130,2376,399,44.3,1.7,310,755,38,20,10,180,3755,984,229,0,1,3.9,4.26,"special_lifesteal;basic_power;basic_power;basic_as;basic_power;basic_hp;basic_as;basic_hp;basic_hp;basic_as;basic_power;basic_mr"
72,0,229,150,0,bot1_1,Jailer,1,TANK,magical,0,5,0,0,3721,1562,5919,0,9.1,0,405,418,11,9,6,218,1493,391,171,58,0.749,0,0.26,"special_gw;basic_hp;basic_armor;basic_mr"
72,0,229,150,0,bot0_2,Jirina,0,FIGHTER,magical,1,0,16,17,7871,3980,3176,2260,17.4,9.9,280,338,35,13,8,295,2420,634,229,0,1,0.3,1.25,"special_gw;basic_hp;basic_hp;basic_mr;basic_power;basic_hp;basic_mr"
72,0,229,150,0,bot1_2,Fusilier,1,SLAYER,physical,0,7,0,0,6315,3133,6260,96,21.3,0.7,375,459,18,7,7,28,1553,407,147,82,0.642,0,0.5,"special_lifesteal;basic_power;basic_hp;basic_as;basic_armor"
72,0,229,150,0,bot0_3,Kratoma,0,SLAYER,physical,4,0,18,22,8122,6278,2541,177,27.4,0.8,292,536,18,20,9,272,2997,786,229,0,1,1,2.47,"special_lifesteal;basic_power;basic_as;basic_power;basic_power;basic_as;basic_power;basic_hp;basic_hp"
72,0,229,150,0,bot1_3,Healer,1,SUPPORT,magical,0,6,0,0,4061,3216,6706,1415,19.9,8.8,133,195,22,10,6,212,1487,390,162,67,0.706,0,0.48,"special_gw;basic_hp;basic_armor;basic_power"
72,0,229,150,0,bot0_4,Doctor,0,SUPPORT,physical,2,0,14,16,4155,3667,3819,4389,16,19.2,124,195,15,16,9,207,2482,651,229,0,1,0.5,0.96,"special_heal_power;basic_hp;basic_hp;basic_hp;basic_hp;basic_mr;basic_hp"
72,0,229,150,0,bot1_4,Hana,1,TANK,magical,0,4,0,0,3508,2291,7219,0,11.1,0,364,456,3,28,6,117,1517,398,206,22,0.902,0,0.32,"basic_hp;basic_hp;basic_hp;basic_hp;basic_armor"
73,0,352,150,49,bot0_1,Oracle,0,MAGE,physical,7,3,12,6.33,14842,9658,5461,498,31,1.6,423,574,23,21,11,188,3713,632,311,41,0.884,1.2,1.77,"special_lifesteal;basic_power;basic_power;basic_power;basic_as;basic_hp;basic_as;basic_armor;basic_mr;basic_hp;basic_power;basic_as"
73,0,352,150,49,bot1_1,Doctor,1,SUPPORT,physical,4,6,7,1.83,4454,2880,10571,5211,9.8,17.7,165,258,19,16,9,250,2925,498,295,58,0.836,0.7,0.27,"special_heal_power;basic_hp;basic_hp;basic_armor;basic_mr;basic_hp;basic_hp;basic_power;basic_as"
73,0,352,150,49,bot0_2,Jirina,0,FIGHTER,magical,2,2,16,9,10229,6505,6749,4675,19.8,14.3,358,463,38,15,10,149,3074,524,328,24,0.931,0.3,0.96,"basic_hp;basic_hp;special_lifesteal;basic_power;basic_mr;basic_hp;basic_armor;basic_haste;basic_power;basic_power"
73,0,352,150,49,bot1_2,Hana,1,TANK,magical,8,4,4,3,10117,6744,12019,0,23.4,0,422,548,14,39,10,92,3417,582,289,63,0.82,1.4,0.56,"basic_hp;basic_hp;basic_hp;basic_armor;basic_hp;basic_armor;basic_mr;basic_hp;basic_haste;basic_power;basic_mr;basic_haste"
73,0,352,150,49,bot0_3,Lynx,0,SLAYER,physical,8,3,7,5,15995,8249,5181,468,26.2,1.5,448,624,57,39,10,244,3519,599,315,37,0.895,1.4,1.59,"special_lifesteal;basic_power;basic_as;basic_power;basic_hp;basic_power;basic_as;basic_power;basic_as;basic_mr;basic_hp"
73,0,352,150,49,bot1_3,Jirina,1,FIGHTER,magical,0,5,11,2.2,12417,4754,9944,3911,16.9,13.9,398,514,37,18,9,226,2576,439,281,71,0.798,0,0.48,"special_lifesteal;basic_power;basic_hp;basic_haste;basic_power;basic_power;basic_armor;basic_mr"
73,0,352,150,49,bot0_4,Tamer,0,MAGE,magical,4,5,17,4.2,16004,12969,5540,3319,41.1,10.5,291,529,36,13,11,295,3520,600,315,37,0.895,0.7,2.34,"special_lifesteal;basic_power;basic_power;basic_hp;basic_power;basic_haste;basic_hp;basic_armor;basic_mr;basic_haste;basic_power"
73,0,352,150,49,bot1_4,Wanderer,1,SLAYER,physical,1,6,11,2,13894,6275,7522,277,20.5,0.9,637,668,20,16,10,116,2816,480,306,46,0.87,0.2,0.83,"special_lifesteal;basic_power;basic_as;basic_power;basic_as;basic_power;basic_power;basic_hp;basic_armor"
74,0,329,151,13,bot0_1,Kratoma,0,SLAYER,physical,10,1,15,25,15492,9063,5226,390,29.2,1.3,344,658,28,21,12,97,4247,775,310,19,0.944,1.8,1.73,"special_lifesteal;basic_power;basic_as;basic_hp;basic_power;basic_power;basic_as;basic_mr;basic_hp;basic_as;basic_power;basic_armor;basic_mr;basic_power"
74,0,329,151,13,bot1_1,Kratoma,1,SLAYER,physical,0,8,4,0.5,9500,5632,9061,192,22.3,0.8,274,530,19,17,9,182,2232,407,253,76,0.769,0,0.62,"special_lifesteal;basic_power;basic_hp;basic_power;basic_as;basic_armor;basic_mr"
74,0,329,151,13,bot0_2,Wanderer,0,SLAYER,physical,7,1,18,25,19049,10619,4907,480,34.1,1.5,602,1118,25,19,12,283,4058,741,311,18,0.947,1.3,2.16,"special_lifesteal;basic_power;basic_power;basic_hp;basic_hp;basic_as;basic_hp;basic_as;basic_mr;basic_power;basic_armor;basic_mr;basic_as"
74,0,329,151,13,bot1_2,Hana,1,TANK,magical,1,5,2,0.6,8189,4732,11173,0,17.7,0,473,694,9,30,8,281,2206,403,267,61,0.813,0.2,0.42,"basic_hp;basic_hp;basic_hp;basic_armor;basic_armor;basic_hp;basic_mr"
74,0,329,151,13,bot0_3,Jirina,0,FIGHTER,magical,9,0,18,27,17464,10306,6302,5420,31.4,16.5,555,615,50,19,13,149,4249,775,329,0,1,1.6,1.64,"special_lifesteal;basic_power;basic_hp;basic_mr;basic_hp;basic_power;basic_haste;basic_hp;basic_armor;basic_power;basic_mr;basic_hp;basic_haste;basic_mr"
74,0,329,151,13,bot1_3,Summoner,1,MAGE,magical,2,7,2,0.57,7742,4073,7017,178,16.8,0.7,172,230,37,19,9,306,2356,430,242,87,0.736,0.4,0.58,"special_lifesteal;basic_power;basic_hp;basic_haste;basic_armor;basic_mr;basic_power"
74,0,329,151,13,bot0_4,Cleric,0,SUPPORT,magical,1,2,20,10.5,7219,4052,5884,5187,12.3,15.8,273,335,47,31,12,144,3419,624,329,0,1,0.2,0.69,"special_heal_power;basic_hp;basic_mr;basic_hp;basic_armor;basic_hp;basic_hp;basic_mr;basic_mr;basic_armor;basic_haste"
74,0,329,151,13,bot1_4,Eggchanter,1,SUPPORT,magical,1,7,3,0.57,5358,2925,10226,3088,11.7,12.4,148,235,25,13,9,176,2251,411,250,79,0.759,0.2,0.29,"basic_hp;basic_hp;basic_hp;basic_armor;basic_mr;basic_haste;basic_power;basic_as"
75,0,346,152,22,bot0_1,Hana,0,TANK,magical,7,0,14,21,11086,6592,5549,0,19,0,509,602,24,44,11,125,3725,645,346,0,1,1.2,1.19,"basic_hp;basic_hp;basic_hp;basic_mr;basic_mr;basic_hp;basic_armor;basic_power;basic_mr;basic_armor;basic_hp;basic_haste;basic_as"
75,0,346,152,22,bot1_1,Zephyr,1,SPLITPUSHER,magical,0,7,2,0.29,6500,3108,9081,141,12.2,0.6,342,429,29,22,8,66,2116,367,255,92,0.735,0,0.34,"special_lifesteal;basic_power;basic_hp;basic_haste;basic_mr;basic_armor;basic_power"
75,0,346,152,22,bot0_2,Volstrov,0,MAGE,magical,8,1,17,25,12148,9140,3828,470,27.6,1.4,308,453,12,14,11,232,4057,703,332,15,0.958,1.4,2.39,"special_lifesteal;basic_power;basic_power;basic_hp;basic_mr;basic_power;basic_hp;basic_mr;basic_haste;basic_hp;basic_armor;basic_mr;basic_power"
75,0,346,152,22,bot1_2,Healer,1,SUPPORT,magical,0,7,4,0.57,5244,3736,10357,3490,14.3,13.4,136,191,28,15,8,21,2196,380,261,85,0.754,0,0.36,"basic_hp;basic_hp;basic_hp;basic_armor;basic_mr;basic_armor;basic_mr;basic_armor"
75,0,346,152,22,bot0_3,Wanderer,0,SLAYER,physical,9,1,14,23,16598,10130,5228,434,30.4,1.3,702,1280,22,17,11,249,4049,701,334,13,0.963,1.6,1.94,"special_lifesteal;basic_power;basic_power;basic_power;basic_as;basic_hp;basic_as;basic_hp;special_gw;basic_power;basic_as;basic_mr"
75,0,346,152,22,bot1_3,Jirina,1,FIGHTER,magical,2,7,2,0.57,6935,4149,9555,1246,16.2,4.9,445,495,24,8,8,45,2370,411,256,90,0.739,0.3,0.43,"special_lifesteal;special_gw;basic_power;basic_hp;basic_armor;basic_hp;basic_mr"
75,0,346,152,22,bot0_4,Oracle,0,MAGE,physical,5,2,19,12,14856,8199,4256,454,25.5,1.4,434,592,25,23,11,165,3665,635,321,25,0.927,0.9,1.93,"special_lifesteal;basic_power;basic_hp;basic_power;basic_as;basic_mr;basic_armor;basic_hp;basic_as;basic_hp;basic_power;basic_as"
75,0,346,152,22,bot1_4,Fusilier,1,SLAYER,physical,2,8,1,0.38,13462,4858,7295,279,18.5,1.1,340,545,38,12,10,83,2508,434,262,84,0.758,0.3,0.67,"special_lifesteal;basic_power;basic_power;basic_power;basic_as;basic_hp;basic_armor;basic_power"
76,1,331,4,150,bot0_1,Bruiser,0,FIGHTER,physical,1,6,3,0.67,7668,3751,11917,0,14,0,256,500,34,31,8,123,2248,408,268,62,0.811,0.2,0.31,"special_gw;basic_hp;basic_hp;basic_power;basic_hp;basic_armor;basic_power"
76,1,331,4,150,bot1_1,Cleric,1,SUPPORT,magical,4,0,25,29,8581,7477,3430,7349,22.6,22.2,412,480,50,44,11,245,3795,689,331,0,1,0.7,2.18,"basic_hp;basic_hp;basic_hp;basic_mr;basic_mr;basic_hp;basic_armor;basic_armor;basic_armor;basic_power;basic_haste;basic_power;basic_haste"
76,1,331,4,150,bot0_2,Oracle,0,MAGE,physical,1,8,2,0.38,10132,3638,9131,204,14.5,0.8,367,442,16,16,9,19,2344,425,251,79,0.761,0.2,0.4,"special_lifesteal;basic_power;basic_hp;basic_power;basic_hp;basic_as;basic_armor;basic_mr"
76,1,331,4,150,bot1_2,Lynx,1,SLAYER,physical,15,2,12,13.5,26296,15633,6083,708,47.3,2.1,895,1306,69,48,12,265,4690,851,331,0,1,2.7,2.57,"special_lifesteal;basic_power;basic_power;basic_hp;basic_power;basic_hp;basic_as;basic_as;basic_hp;basic_as;basic_power;basic_armor;basic_hp;basic_mr;basic_mr"
76,1,331,4,150,bot0_3,Volstrov,0,MAGE,magical,1,8,3,0.5,10477,5692,8941,214,22.7,0.9,208,487,16,15,9,14,2389,434,251,80,0.758,0.2,0.64,"special_lifesteal;basic_power;basic_hp;basic_power;basic_hp;basic_haste;basic_power;basic_mr"
76,1,331,4,150,bot1_3,Goliath,1,TANK,physical,5,0,22,27,11712,7938,8055,2684,24,8.1,415,523,42,27,11,202,3777,685,331,0,1,0.9,0.99,"basic_hp;basic_hp;basic_hp;basic_armor;basic_mr;basic_power;basic_mr;basic_as;basic_haste;basic_hp;basic_armor;basic_hp;basic_as"
76,1,331,4,150,bot0_4,Jailer,0,TANK,magical,1,7,3,0.57,8657,4831,10959,0,20.3,0,561,677,17,15,9,118,2293,416,238,93,0.72,0.2,0.44,"basic_hp;basic_hp;basic_hp;basic_hp;basic_mr;basic_armor;basic_power;basic_mr"
76,1,331,4,150,bot1_4,Summoner,1,MAGE,magical,5,2,19,12,7243,4786,3384,197,15.7,0.6,206,261,47,24,11,152,3627,658,304,26,0.92,0.9,1.41,"special_lifesteal;basic_power;basic_power;basic_hp;basic_haste;basic_hp;basic_armor;basic_mr;basic_hp;basic_haste;basic_mr;basic_power"
77,1,376,42,151,bot0_1,Summoner,0,MAGE,magical,1,9,9,1.11,6972,3609,8971,124,12,0.4,192,261,34,18,10,120,2745,438,302,74,0.803,0.2,0.4,"special_lifesteal;basic_power;basic_hp;basic_power;basic_power;basic_haste;basic_armor;basic_mr;basic_hp"
77,1,376,42,151,bot1_1,Cleric,1,SUPPORT,magical,1,4,15,4,11465,6322,6854,6132,19.2,18.6,325,387,50,44,11,146,3196,510,329,47,0.875,0.2,0.92,"special_heal_power;basic_hp;basic_hp;basic_armor;basic_armor;basic_mr;basic_hp;basic_hp;basic_hp;basic_haste"
77,1,376,42,151,bot0_2,Lynx,0,SLAYER,physical,5,7,5,1.43,16085,9544,9231,431,34.2,1.5,418,857,48,35,10,301,3201,511,279,97,0.743,0.8,1.03,"special_lifesteal;basic_power;basic_as;basic_power;basic_hp;basic_power;basic_as;basic_armor;basic_mr;basic_hp"
77,1,376,42,151,bot1_2,Jailer,1,TANK,magical,5,3,18,7.67,16779,9261,9461,0,27.9,0,480,781,29,33,12,332,3932,628,332,44,0.883,0.8,0.98,"basic_hp;basic_hp;basic_hp;basic_hp;basic_armor;basic_mr;basic_armor;basic_power;basic_hp;basic_armor;basic_mr;basic_haste;basic_as"
77,1,376,42,151,bot0_3,Oracle,0,MAGE,physical,3,6,9,2,15875,7045,8428,0,24.6,0,437,555,23,21,11,327,3202,511,286,90,0.761,0.5,0.84,"special_gw;basic_hp;basic_power;basic_hp;basic_power;basic_armor;basic_as;basic_mr;basic_armor;basic_as"
77,1,376,42,151,bot1_3,Kratoma,1,SLAYER,physical,10,2,13,11.5,20559,11761,8201,590,33.8,1.7,363,697,30,26,12,46,4396,702,348,27,0.927,1.6,1.43,"special_lifesteal;basic_power;basic_power;basic_hp;basic_power;basic_as;basic_armor;basic_hp;basic_mr;basic_as;basic_armor;basic_hp;basic_as;basic_armor;basic_mr"
77,1,376,42,151,bot0_4,Ironclad,0,TANK,physical,3,4,7,2.5,9191,4290,12298,0,13.5,0,273,414,33,25,10,220,2995,478,318,58,0.847,0.5,0.35,"basic_hp;basic_hp;basic_hp;basic_hp;basic_hp;basic_armor;basic_mr;special_gw;basic_power"
77,1,376,42,151,bot1_4,Bruiser,1,FIGHTER,physical,10,3,12,7.33,12791,7575,6513,378,22.9,1.1,282,527,48,37,12,251,4326,691,331,45,0.881,1.6,1.16,"special_lifesteal;basic_power;basic_hp;basic_as;basic_power;basic_armor;basic_mr;basic_hp;basic_as;basic_hp;basic_power;basic_as;basic_armor;basic_armor"
78,1,340,5,152,bot0_1,Quiller,0,SLAYER,physical,2,5,3,1,14750,6324,6770,472,23.2,1.7,246,417,38,24,9,206,2531,446,273,67,0.802,0.4,0.93,"special_lifesteal;basic_power;basic_power;basic_hp;special_gw;basic_as;basic_mr"
78,1,340,5,152,bot1_1,Kratoma,1,SLAYER,physical,10,2,9,9.5,13687,10421,6330,334,33.1,1.1,406,738,26,23,11,356,3881,684,315,25,0.926,1.8,1.65,"special_lifesteal;basic_power;basic_as;basic_power;basic_hp;basic_armor;basic_power;basic_mr;basic_as;basic_power;basic_hp;basic_as"
78,1,340,5,152,bot0_2,Hana,0,TANK,magical,0,8,5,0.63,10022,7473,13130,0,31.4,0,466,761,10,31,9,322,2247,396,238,103,0.699,0,0.57,"basic_hp;basic_hp;basic_hp;basic_hp;basic_mr;basic_mr;basic_armor"
78,1,340,5,152,bot1_2,Jirina,1,FIGHTER,magical,6,0,15,21,12036,8742,7092,4788,25.7,14.1,325,427,45,22,10,346,3521,620,340,0,1,1.1,1.23,"basic_hp;basic_hp;basic_hp;basic_hp;basic_power;basic_power;basic_armor;basic_hp;basic_hp;basic_armor;basic_mr"
78,1,340,5,152,bot0_3,Vanguard,0,FIGHTER,physical,0,3,3,1,7785,2731,6511,0,9.1,0,402,510,44,25,8,202,2102,370,300,40,0.883,0,0.42,"basic_hp;basic_hp;basic_hp;basic_mr;basic_power;basic_hp;basic_armor"
78,1,340,5,152,bot1_3,Healer,1,SUPPORT,magical,4,1,18,22,8292,6390,6193,8245,18.8,24.2,157,214,59,19,10,108,3383,596,340,0,1,0.7,1.03,"basic_hp;basic_hp;basic_hp;basic_armor;basic_hp;basic_mr;basic_armor;basic_mr;basic_armor;basic_power;basic_power;basic_haste"
78,1,340,5,152,bot0_4,Jailer,0,TANK,magical,3,6,2,0.83,9080,5716,8964,0,22.1,0,452,569,19,19,9,149,2574,454,259,82,0.76,0.5,0.64,"special_gw;basic_hp;basic_hp;basic_hp;basic_mr;basic_armor;basic_power;basic_hp"
78,1,340,5,152,bot1_4,Volstrov,1,MAGE,magical,2,2,16,9,9806,6303,4216,358,19.2,1.1,190,382,5,6,10,122,3022,533,329,12,0.966,0.4,1.5,"special_lifesteal;basic_power;basic_hp;basic_haste;basic_power;basic_power;basic_hp;basic_armor;basic_mr;basic_haste"
79,1,299,30,152,bot0_1,Healer,0,SUPPORT,magical,1,4,4,1.25,4794,3239,8251,3779,12.9,15,145,202,32,15,8,145,2070,415,252,48,0.84,0.2,0.39,"basic_hp;basic_hp;basic_hp;basic_armor;basic_hp;basic_armor;basic_mr"
79,1,299,30,152,bot1_1,Wanderer,1,SLAYER,physical,6,1,7,13,13842,10660,4075,352,37.2,1.2,569,935,20,18,9,291,2991,599,287,13,0.958,1.2,2.62,"special_lifesteal;basic_power;basic_hp;basic_power;basic_hp;basic_as;basic_power;basic_hp;basic_as"
79,1,299,30,152,bot0_2,Hana,0,TANK,magical,0,4,6,1.5,8730,4659,8788,0,18.7,0,317,572,14,26,8,220,2070,415,250,50,0.834,0,0.53,"basic_hp;basic_hp;basic_hp;basic_armor;basic_mr;basic_armor;basic_power"
79,1,299,30,152,bot1_2,Cleric,1,SUPPORT,magical,4,1,12,16,8147,6448,4274,5747,22.6,20.1,342,381,45,40,10,311,3036,608,286,14,0.954,0.8,1.51,"basic_hp;basic_hp;basic_mr;basic_hp;basic_mr;basic_armor;basic_hp;basic_haste;basic_mr;basic_power"
79,1,299,30,152,bot0_3,Ironclad,0,TANK,physical,4,3,2,2,5301,4139,8352,0,15.9,0,304,403,27,14,8,253,2428,487,260,39,0.87,0.8,0.5,"basic_hp;basic_hp;basic_hp;basic_armor;basic_armor;basic_hp;basic_mr;basic_as"
79,1,299,30,152,bot1_3,Goliath,1,TANK,physical,2,1,12,14,8561,6442,5172,1591,22.5,5.5,365,460,31,21,9,255,2680,537,287,13,0.958,0.4,1.25,"basic_hp;basic_hp;basic_hp;basic_mr;basic_armor;basic_mr;basic_mr;basic_as;basic_armor"
79,1,299,30,152,bot0_4,Pyromancer,0,SLAYER,magical,1,5,4,1,7780,3569,6248,115,14.9,0.5,364,487,23,15,8,232,2082,417,239,60,0.798,0.2,0.57,"special_lifesteal;basic_power;basic_hp;basic_power;basic_power;basic_armor"
79,1,299,30,152,bot1_4,Quiller,1,SLAYER,physical,4,3,6,3.33,12601,5733,3706,552,21.5,2.1,273,451,37,22,9,234,2659,533,267,33,0.891,0.8,1.55,"special_lifesteal;special_lifesteal;basic_power;basic_power;basic_as;basic_hp;basic_power"
80,0,241,152,2,bot0_1,Tamer,0,MAGE,magical,7,1,9,16,12080,7167,3379,2425,31.7,10.7,307,508,30,9,9,424,2924,729,226,15,0.939,1.7,2.12,"special_lifesteal;basic_power;basic_power;basic_hp;basic_power;basic_hp;basic_hp;basic_hp"
80,0,241,152,2,bot1_1,Jirina,1,FIGHTER,magical,1,4,1,0.5,5306,2242,7425,1105,11.6,5.7,433,574,19,9,7,168,1768,441,194,47,0.805,0.2,0.3,"basic_hp;basic_hp;basic_hp;basic_power;basic_armor;basic_power"
80,0,241,152,2,bot0_2,Oracle,0,MAGE,physical,6,0,15,21,10148,6504,2840,0,27,0,225,338,20,19,10,248,3223,804,241,0,1,1.5,2.29,"special_gw;basic_hp;basic_hp;basic_hp;basic_power;basic_mr;basic_hp;basic_power;basic_armor;basic_mr"
80,0,241,152,2,bot1_2,Volstrov,1,MAGE,magical,1,5,1,0.4,7161,2655,5993,152,14.7,0.8,142,327,13,12,8,290,1840,459,181,60,0.753,0.2,0.44,"special_lifesteal;basic_power;basic_power;basic_hp;basic_haste"
80,0,241,152,2,bot0_3,Wanderer,0,SLAYER,physical,5,1,13,18,13882,8805,4596,377,36.6,1.6,637,868,22,15,9,223,2923,729,241,0,1,1.2,1.92,"special_lifesteal;basic_power;basic_power;basic_hp;basic_as;basic_hp;basic_power;basic_hp;basic_as"
80,0,241,152,2,bot1_3,Lynx,1,SLAYER,physical,0,8,2,0.25,6451,4731,7540,124,26.5,0.7,452,602,24,22,7,94,1644,410,178,62,0.741,0,0.63,"special_lifesteal;basic_power;basic_hp;basic_power;basic_as"
80,0,241,152,2,bot0_4,Healer,0,SUPPORT,magical,6,0,17,23,6692,5172,2251,2717,21.5,11.3,156,218,44,8,10,145,3295,821,241,0,1,1.5,2.3,"basic_hp;basic_hp;basic_hp;basic_mr;basic_hp;basic_armor;basic_hp;basic_mr;basic_armor;basic_mr;basic_armor"
80,0,241,152,2,bot1_4,Doctor,1,SUPPORT,physical,0,7,2,0.29,2441,1788,7535,1615,9.7,8.8,180,223,14,8,6,58,1608,401,184,56,0.765,0,0.24,"special_gw;basic_hp;basic_hp;basic_armor;basic_mr"
81,0,311,152,3,bot0_1,Cleric,0,SUPPORT,magical,4,1,20,24,9030,7638,5216,6143,25.6,20.6,308,366,50,44,11,127,3452,666,298,13,0.959,0.8,1.46,"basic_hp;basic_hp;basic_hp;basic_mr;basic_hp;basic_mr;basic_mr;basic_mr;basic_armor;basic_haste;basic_armor;basic_power"
81,0,311,152,3,bot1_1,Hana,1,TANK,magical,1,5,2,0.6,6731,3491,9936,0,14.1,0,315,428,15,31,8,181,2081,401,247,64,0.793,0.2,0.35,"basic_hp;basic_hp;basic_hp;basic_armor;basic_armor;basic_armor;basic_power"
81,0,311,152,3,bot0_2,Fusilier,0,SLAYER,physical,3,1,14,17,12917,8355,3452,316,28.1,1.1,521,655,49,14,10,37,2962,571,297,14,0.956,0.6,2.42,"special_lifesteal;special_gw;basic_power;basic_hp;basic_as;basic_power;basic_hp;basic_as;basic_power"
81,0,311,152,3,bot1_2,Healer,1,SUPPORT,magical,1,7,2,0.43,5521,3931,10895,2630,15.8,10.6,152,210,32,15,8,189,2039,393,249,63,0.799,0.2,0.36,"basic_hp;basic_hp;basic_hp;basic_armor;basic_power;basic_armor;basic_haste"
81,0,311,152,3,bot0_3,Quiller,0,SLAYER,physical,8,1,15,23,14870,8631,2652,0,28.9,0,249,427,44,26,11,211,3786,730,298,13,0.959,1.5,3.25,"special_gw;basic_hp;basic_hp;basic_power;basic_mr;basic_as;basic_power;basic_hp;basic_hp;basic_mr;basic_hp;basic_armor"
81,0,311,152,3,bot1_3,Goliath,1,TANK,physical,1,5,2,0.6,4794,3235,8948,470,13,1.9,261,518,32,10,8,111,2036,393,248,63,0.799,0.2,0.36,"basic_hp;basic_hp;basic_hp;basic_armor;basic_mr;basic_armor;basic_hp"
81,0,311,152,3,bot0_4,Oracle,0,MAGE,physical,10,0,11,21,13617,10977,4065,418,35.3,1.3,444,559,24,23,11,33,3708,715,311,0,1,1.9,2.7,"special_lifesteal;basic_power;basic_power;basic_as;basic_as;basic_hp;basic_power;basic_power;basic_as;basic_power;basic_as;basic_mr"
81,0,311,152,3,bot1_4,Mage,1,MAGE,magical,0,8,3,0.38,8843,3615,7871,158,14.8,0.6,339,405,43,18,8,6,2056,396,244,67,0.783,0,0.46,"special_lifesteal;basic_power;basic_hp;basic_armor;basic_haste;basic_mr;basic_power"
82,0,628,151,138,bot0_1,Doctor,0,SUPPORT,physical,6,7,21,3.86,18179,13402,21793,19689,23,33.8,319,479,40,49,13,144,5069,484,583,45,0.928,0.6,0.61,"basic_hp;basic_hp;basic_hp;basic_mr;basic_armor;basic_mr;basic_power;basic_as;basic_hp;basic_mr;basic_mr;basic_hp;basic_armor;basic_armor;basic_haste;basic_armor;basic_hp"
82,0,628,151,138,bot1_1,Goliath,1,TANK,physical,10,5,13,4.6,22869,17153,24231,6153,31.5,11.3,496,956,64,49,14,172,5372,513,545,83,0.868,1,0.71,"basic_hp;basic_hp;basic_hp;basic_armor;basic_armor;basic_hp;basic_mr;basic_as;basic_armor;basic_hp;basic_armor;basic_power;basic_mr;basic_haste;basic_as;basic_hp;basic_armor;basic_power"
82,0,628,151,138,bot0_2,Jailer,0,TANK,magical,8,8,15,2.88,25656,16500,20139,0,33.2,0,648,772,59,47,13,252,5102,487,496,132,0.79,0.8,0.82,"basic_hp;basic_hp;basic_hp;basic_mr;basic_mr;basic_armor;basic_haste;basic_hp;basic_mr;basic_armor;basic_power;basic_hp;basic_as;basic_mr;basic_haste;basic_armor;basic_mr"
82,0,628,151,138,bot1_2,Pyromancer,1,SLAYER,magical,3,6,22,4.17,29354,20860,11058,295,39.2,0.6,613,1124,53,40,13,39,4714,450,533,96,0.848,0.3,1.89,"special_lifesteal;basic_power;basic_power;basic_hp;basic_power;basic_hp;basic_haste;basic_armor;basic_power;basic_haste;basic_hp;basic_armor;basic_mr;basic_mr;basic_haste;basic_armor"
82,0,628,151,138,bot0_3,Bruiser,0,FIGHTER,physical,11,6,13,4,30406,21845,20163,868,40.5,1.6,538,789,85,62,13,185,5310,507,539,89,0.859,1.1,1.08,"special_lifesteal;basic_power;basic_as;basic_power;basic_as;basic_power;basic_hp;basic_power;basic_mr;basic_armor;basic_as;basic_hp;basic_mr;basic_power;basic_armor;basic_power;basic_as"
82,0,628,151,138,bot1_3,Mage,1,MAGE,magical,9,9,16,2.78,34310,23630,13489,532,45.1,1,908,1123,125,45,13,181,5306,507,524,104,0.834,0.9,1.75,"special_lifesteal;basic_power;basic_power;basic_power;basic_hp;basic_haste;basic_armor;basic_mr;basic_hp;basic_power;basic_haste;basic_hp;basic_armor;basic_power;basic_haste;basic_power;basic_armor"
82,0,628,151,138,bot0_4,Ironclad,0,TANK,physical,2,5,24,5.2,20030,14553,20290,0,26.2,0,331,530,63,48,13,164,4589,438,555,73,0.884,0.2,0.72,"basic_hp;basic_hp;basic_hp;basic_mr;basic_power;basic_hp;basic_mr;basic_armor;basic_armor;basic_power;basic_as;basic_as;basic_mr;basic_mr;basic_haste;basic_armor"
82,0,628,151,138,bot1_4,Cleric,1,SUPPORT,magical,4,7,22,3.71,20049,17179,19939,19103,29.6,32.9,325,387,108,79,13,232,4832,462,580,48,0.924,0.4,0.86,"basic_hp;basic_hp;basic_hp;basic_armor;basic_armor;basic_hp;basic_mr;basic_haste;basic_power;basic_as;basic_mr;basic_hp;basic_armor;basic_mr;basic_armor;basic_hp"
83,1,264,1,152,bot0_1,Lynx,0,SLAYER,physical,0,5,1,0.2,7923,2143,5876,175,10.8,0.9,310,524,31,25,8,96,1871,425,199,65,0.752,0,0.36,"special_lifesteal;basic_power;basic_hp;basic_as;basic_armor;basic_mr"
83,1,264,1,152,bot1_1,Quiller,1,SLAYER,physical,7,0,8,15,14715,10209,2044,355,38.7,1.3,289,657,43,23,9,125,3075,699,264,0,1,1.6,4.99,"special_lifesteal;basic_power;basic_hp;basic_power;basic_power;basic_as;basic_hp;basic_as;basic_armor;basic_hp"
83,1,264,1,152,bot0_2,Doctor,0,SUPPORT,physical,0,5,1,0.2,2755,1690,5761,1236,7.9,5.8,184,270,24,8,7,171,1721,391,214,50,0.81,0,0.29,"special_heal_power;basic_hp;basic_armor;basic_mr;basic_hp"
83,1,264,1,152,bot1_2,Eggchanter,1,SUPPORT,magical,0,0,12,12,2968,1859,1772,4006,7,15.2,144,259,25,15,8,32,2157,490,264,0,1,0,1.05,"special_heal_power;basic_hp;basic_hp;basic_hp;basic_armor;basic_armor;basic_haste"
83,1,264,1,152,bot0_3,Bruiser,0,FIGHTER,physical,1,3,0,0.33,7288,2202,5882,212,9.7,0.9,212,362,31,24,8,131,1956,444,227,37,0.859,0.2,0.37,"special_lifesteal;basic_hp;basic_power;basic_power;basic_hp;basic_as"
83,1,264,1,152,bot1_3,Fusilier,1,SLAYER,physical,7,1,4,11,10670,6358,1832,265,25.5,1.1,378,581,39,11,9,232,2857,649,249,15,0.945,1.6,3.47,"special_lifesteal;basic_power;basic_power;basic_as;basic_hp;basic_power;basic_as;basic_armor;basic_haste"
83,1,264,1,152,bot0_4,Ironclad,0,TANK,physical,0,3,1,0.33,4220,1792,8781,0,7.9,0,363,462,18,14,7,142,1742,396,227,37,0.86,0,0.2,"basic_hp;basic_hp;basic_hp;basic_armor;basic_mr;basic_armor"
83,1,264,1,152,bot1_4,Hana,1,TANK,magical,2,0,10,12,7590,4843,4162,0,18.3,0,306,492,13,26,8,298,2398,545,264,0,1,0.5,1.16,"basic_hp;basic_hp;basic_hp;basic_armor;basic_armor;basic_haste;basic_power;basic_as"
84,0,299,152,14,bot0_1,Tamer,0,MAGE,magical,4,2,17,10.5,14675,9963,4279,3455,36,12.5,350,620,35,13,10,55,3305,662,277,22,0.925,0.8,2.33,"special_lifesteal;basic_power;basic_power;basic_hp;basic_power;basic_hp;basic_power;basic_haste;basic_haste;basic_mr;basic_mr"
84,0,299,152,14,bot1_1,Cleric,1,SUPPORT,magical,1,7,1,0.29,5188,3636,9440,1735,17.3,8.2,286,348,26,19,8,151,2001,401,211,89,0.703,0.2,0.39,"special_gw;basic_hp;basic_hp;basic_hp;basic_mr;basic_armor"
84,0,299,152,14,bot0_2,Jirina,0,FIGHTER,magical,7,0,10,17,11309,5821,4132,5392,19.4,18,319,377,48,20,10,70,3345,670,299,0,1,1.4,1.41,"special_lifesteal;basic_power;basic_power;basic_hp;basic_power;basic_power;basic_hp;basic_hp;basic_haste;basic_haste;basic_mr"
84,0,299,152,14,bot1_2,Volstrov,1,MAGE,magical,1,6,0,0.17,8347,2160,6404,170,8.8,0.7,197,329,12,11,9,42,2117,424,245,55,0.817,0.2,0.34,"special_lifesteal;basic_power;basic_hp;basic_haste;basic_mr;basic_power;basic_hp"
84,0,299,152,14,bot0_3,Fusilier,0,SLAYER,physical,10,0,14,24,20004,12657,2693,544,42.3,1.8,516,910,53,17,11,259,3884,778,299,0,1,2,4.7,"special_lifesteal;basic_power;basic_hp;basic_power;basic_as;basic_as;basic_power;basic_power;basic_as;basic_hp;basic_mr;basic_power"
84,0,299,152,14,bot1_3,Bruiser,1,FIGHTER,physical,0,5,0,0,4001,2395,7248,95,10,0.4,241,307,31,28,7,201,1751,351,239,60,0.799,0,0.33,"special_lifesteal;basic_power;basic_power;basic_as;basic_hp"
84,0,299,152,14,bot0_4,Ironclad,0,TANK,physical,5,0,12,17,7074,4352,4994,0,14.5,0,245,295,34,21,10,39,3164,634,299,0,1,1,0.87,"basic_hp;basic_hp;basic_hp;basic_mr;basic_mr;basic_armor;basic_hp;basic_armor;basic_mr;basic_armor;basic_mr"
84,0,299,152,14,bot1_4,Hana,1,TANK,magical,0,8,2,0.25,9973,5160,11440,0,23,0,332,554,14,25,7,50,1875,376,224,75,0.749,0,0.45,"basic_hp;basic_hp;basic_hp;basic_mr;basic_armor;basic_power;basic_haste"
85,0,329,150,26,bot0_1,Eggchanter,0,SUPPORT,magical,4,2,11,7.5,7753,4587,5479,5171,14,15.7,143,211,38,20,10,76,3076,561,329,0,1,0.7,0.84,"basic_hp;basic_hp;basic_hp;basic_armor;basic_power;basic_armor;basic_armor;basic_hp;basic_haste;basic_power;basic_mr"
85,0,329,150,26,bot1_1,Goliath,1,TANK,physical,2,5,6,1.6,10386,4956,9748,1520,19,5.8,256,358,35,18,10,168,2793,510,260,68,0.792,0.4,0.51,"basic_hp;basic_hp;basic_mr;basic_power;basic_mr;basic_as;basic_hp;special_gw;basic_haste"
85,0,329,150,26,bot0_2,Pyromancer,0,SLAYER,magical,2,2,10,6,8240,3525,2735,137,11.6,0.5,284,354,25,18,9,91,2716,496,303,25,0.923,0.4,1.29,"special_lifesteal;basic_power;basic_hp;basic_haste;basic_power;basic_power;basic_armor;basic_hp;basic_mr"
85,0,329,150,26,bot1_2,Quiller,1,SLAYER,physical,2,5,4,1.2,13045,5184,6350,459,20.1,1.8,265,532,33,23,10,292,2642,482,258,71,0.783,0.4,0.82,"special_lifesteal;basic_power;basic_power;basic_as;basic_hp;basic_power;basic_mr;basic_armor"
85,0,329,150,26,bot0_3,Summoner,0,MAGE,magical,5,2,9,7,9786,4589,3616,359,14,1.1,198,286,54,26,10,147,3147,574,329,0,1,0.9,1.27,"special_lifesteal;basic_power;basic_hp;basic_power;basic_armor;basic_power;basic_hp;basic_power;basic_haste;basic_hp"
85,0,329,150,26,bot1_3,Vanguard,1,FIGHTER,physical,3,2,5,4,12631,3480,6503,0,11.7,0,283,441,45,28,11,173,3023,552,298,30,0.908,0.5,0.54,"basic_hp;basic_hp;basic_mr;basic_hp;basic_power;basic_mr;basic_power;basic_hp;basic_mr;basic_hp"
85,0,329,150,26,bot0_4,Hana,0,TANK,magical,5,2,11,8,10949,8090,7841,0,26.7,0,425,659,20,31,10,117,3217,587,303,25,0.923,0.9,1.03,"basic_hp;basic_hp;basic_hp;basic_armor;basic_hp;basic_armor;basic_mr;basic_armor;basic_mr;basic_hp;basic_power"
85,0,329,150,26,bot1_4,Zephyr,1,SPLITPUSHER,magical,1,4,6,1.75,10143,3536,5874,502,12.9,1.8,340,432,26,32,10,161,2536,463,274,55,0.834,0.2,0.6,"special_lifesteal;special_lifesteal;basic_power;basic_hp;basic_power;basic_mr;basic_haste"
86,1,270,15,150,bot0_1,Wanderer,0,SLAYER,physical,1,6,1,0.33,6854,2242,6799,113,11.1,0.6,450,450,12,8,8,39,1914,425,202,68,0.749,0.2,0.33,"special_lifesteal;basic_power;basic_power;basic_hp;basic_power;basic_hp"
86,1,270,15,150,bot1_1,Oracle,1,MAGE,physical,10,1,14,24,10713,7482,2920,208,27.7,0.8,343,487,19,19,11,35,3810,847,270,0,1,2.2,2.56,"special_lifesteal;basic_hp;basic_power;basic_as;basic_power;basic_hp;basic_mr;basic_hp;basic_armor;basic_as;basic_power;basic_as;basic_armor"
86,1,270,15,150,bot0_2,Pyromancer,0,SLAYER,magical,1,6,2,0.5,4639,2079,5015,36,10.8,0.2,312,459,13,10,8,151,1976,439,193,77,0.715,0.2,0.41,"special_lifesteal;basic_power;basic_hp;basic_haste;basic_power;basic_hp"
86,1,270,15,150,bot1_2,Lynx,1,SLAYER,physical,4,1,9,13,10101,4372,4069,340,17.1,1.3,467,760,44,32,9,91,2741,609,256,14,0.95,0.9,1.07,"special_lifesteal;basic_power;basic_power;basic_hp;basic_power;basic_hp;basic_as;basic_mr;basic_as"
86,1,270,15,150,bot0_3,Summoner,0,MAGE,magical,0,6,3,0.5,4771,2766,6114,99,13.7,0.5,168,244,23,12,7,5,1805,401,202,68,0.75,0,0.45,"special_lifesteal;basic_power;basic_power;basic_hp;basic_haste;basic_mr"
86,1,270,15,150,bot1_3,Cleric,1,SUPPORT,magical,5,1,18,23,5108,3232,3967,4202,12,15.6,215,275,38,30,11,188,3413,758,270,0,1,1.1,0.81,"basic_hp;basic_hp;basic_hp;basic_mr;basic_hp;basic_hp;basic_armor;basic_hp;basic_mr;basic_mr;basic_armor"
86,1,270,15,150,bot0_4,Vanguard,0,FIGHTER,physical,1,6,1,0.33,5698,2269,9650,0,11.5,0,374,577,29,16,7,44,1869,415,197,73,0.731,0.2,0.24,"basic_hp;basic_hp;basic_power;basic_mr;basic_armor;basic_hp;basic_as"
86,1,270,15,150,bot1_4,Mage,1,MAGE,magical,5,0,18,23,16977,9462,2350,418,35,1.5,564,782,69,20,11,78,3403,756,270,0,1,1.1,4.03,"special_lifesteal;basic_power;basic_power;basic_power;basic_power;basic_hp;basic_haste;basic_hp;basic_haste;basic_power;basic_mr"
87,1,305,15,150,bot0_1,Eggchanter,0,SUPPORT,magical,2,7,1,0.43,6255,2580,8904,2831,11.9,13.1,127,182,22,12,8,176,2226,437,216,89,0.709,0.4,0.29,"special_gw;basic_hp;basic_hp;basic_mr;basic_armor;basic_power;basic_haste"
87,1,305,15,150,bot1_1,Hana,1,TANK,magical,6,0,14,20,13159,5682,6410,0,18.6,0,420,608,13,30,11,331,3531,694,305,0,1,1.2,0.89,"basic_hp;basic_hp;basic_hp;basic_mr;basic_mr;basic_hp;basic_hp;basic_armor;basic_mr;basic_hp;basic_power"
87,1,305,15,150,bot0_2,Fusilier,0,SLAYER,physical,0,7,3,0.43,11916,6204,6120,179,28.3,0.8,347,513,31,13,8,43,2093,411,219,86,0.719,0,1.01,"special_lifesteal;basic_power;basic_as;basic_hp;basic_mr;basic_armor;basic_power"
87,1,305,15,150,bot1_2,Doctor,1,SUPPORT,physical,4,0,21,25,6612,4553,4940,9454,14.9,31,208,335,20,19,11,200,3625,712,305,0,1,0.8,0.92,"basic_hp;basic_hp;basic_hp;basic_mr;basic_armor;basic_mr;basic_hp;basic_hp;basic_mr;basic_armor;basic_power;basic_mr"
87,1,305,15,150,bot0_3,Jailer,0,TANK,magical,1,7,2,0.43,10202,4717,11094,0,18.9,0,602,759,20,17,9,70,2220,436,249,56,0.817,0.2,0.43,"basic_hp;basic_hp;basic_hp;basic_mr;basic_armor;basic_power;basic_hp;basic_haste"
87,1,305,15,150,bot1_3,Summoner,1,MAGE,magical,4,2,17,10.5,9425,6961,4961,286,25.4,1,213,289,49,23,11,191,3416,671,274,31,0.898,0.8,1.4,"special_lifesteal;basic_power;basic_hp;basic_power;basic_power;basic_hp;basic_haste;basic_haste;basic_mr;basic_power;basic_armor"
87,1,305,15,150,bot0_4,Zephyr,0,SPLITPUSHER,magical,0,6,2,0.33,9556,4758,6892,196,20.6,0.8,461,567,26,21,8,147,1997,392,231,74,0.757,0,0.69,"special_lifesteal;basic_power;basic_power;basic_hp;basic_power;basic_haste"
87,1,305,15,150,bot1_4,Bruiser,1,FIGHTER,physical,13,1,9,22,17920,9486,6535,485,31.1,1.6,529,799,52,36,11,163,4313,848,305,0,1,2.6,1.45,"special_lifesteal;basic_power;basic_hp;basic_power;basic_as;basic_hp;basic_mr;basic_armor;basic_hp;basic_power;basic_as;basic_hp;basic_as;basic_power"
88,1,288,5,150,bot0_1,Doctor,0,SUPPORT,physical,1,7,4,0.71,4054,1635,7839,1673,8.1,8.3,198,237,19,14,8,78,2128,444,202,86,0.702,0.2,0.21,"special_heal_power;basic_hp;basic_armor;basic_mr;basic_power;basic_as;basic_hp"
88,1,288,5,150,bot1_1,Tamer,1,MAGE,magical,10,1,15,25,15530,10983,4550,3927,40.1,14.3,299,534,41,12,11,47,3897,813,274,14,0.953,2.1,2.41,"special_lifesteal;basic_hp;basic_hp;basic_power;basic_power;basic_haste;basic_hp;basic_power;basic_hp;basic_haste;basic_mr;basic_haste;basic_mr"
88,1,288,5,150,bot0_2,Hana,0,TANK,magical,0,5,5,1,6339,3159,8730,0,14.1,0,351,477,8,31,8,154,2004,418,224,63,0.779,0,0.36,"basic_hp;basic_hp;basic_hp;basic_armor;basic_mr;basic_mr;basic_power"
88,1,288,5,150,bot1_2,Lynx,1,SLAYER,physical,9,2,12,10.5,13548,8032,3998,364,31.1,1.4,652,925,49,35,10,170,3695,771,258,29,0.898,1.9,2.01,"special_lifesteal;basic_power;basic_power;basic_hp;basic_power;basic_as;basic_hp;basic_as;basic_hp;basic_mr;basic_as;basic_mr"
88,1,288,5,150,bot0_3,Bruiser,0,FIGHTER,physical,2,6,3,0.83,4657,2340,8332,129,10.6,0.6,263,337,28,25,8,75,2150,448,220,68,0.764,0.4,0.28,"special_lifesteal;basic_power;basic_hp;basic_hp;basic_power;basic_as;basic_armor"
88,1,288,5,150,bot1_3,Quiller,1,SLAYER,physical,5,2,12,8.5,9940,7455,3118,377,27.4,1.4,280,487,39,21,9,55,3030,632,272,16,0.946,1,2.39,"special_lifesteal;basic_power;basic_power;basic_hp;basic_power;basic_hp;basic_as;basic_as;special_lifesteal"
88,1,288,5,150,bot0_4,Mage,0,MAGE,magical,2,8,3,0.63,12550,5344,8179,226,24.9,1.1,490,686,40,16,9,219,2294,478,214,73,0.745,0.4,0.65,"special_lifesteal;basic_power;basic_hp;basic_power;basic_haste;basic_armor;basic_hp"
88,1,288,5,150,bot1_4,Cleric,1,SUPPORT,magical,2,0,18,20,8361,4492,3403,5636,15.6,19.6,308,367,49,40,10,48,2973,620,288,0,1,0.4,1.32,"basic_hp;basic_hp;basic_mr;basic_mr;basic_armor;basic_haste;basic_hp;basic_power;basic_armor;basic_as;basic_mr"
89,1,295,32,150,bot0_1,Mage,0,MAGE,magical,3,6,1,0.67,9146,6398,5800,230,29.3,1.1,756,830,38,14,8,263,2313,470,218,77,0.739,0.6,1.1,"special_lifesteal;basic_power;basic_power;basic_hp;basic_haste;basic_armor;basic_mr"
89,1,295,32,150,bot1_1,Bruiser,1,FIGHTER,physical,4,2,8,6,8513,3841,3932,385,13,1.3,347,572,50,32,9,57,2732,555,295,0,1,0.8,0.98,"special_lifesteal;basic_power;basic_power;special_lifesteal;basic_power;basic_as;basic_hp;basic_mr"
89,1,295,32,150,bot0_2,Pyromancer,0,SLAYER,magical,0,7,3,0.43,8097,4341,6501,80,18.9,0.3,449,592,20,15,8,86,1936,394,230,65,0.779,0,0.67,"special_lifesteal;basic_power;basic_power;basic_power;basic_hp;basic_haste"
89,1,295,32,150,bot1_2,Doctor,1,SUPPORT,physical,5,1,18,23,8863,7552,8564,13893,26.5,48.7,235,327,20,23,11,128,3478,707,285,10,0.967,1,0.88,"basic_hp;basic_hp;basic_mr;basic_power;basic_hp;basic_as;basic_mr;basic_hp;basic_mr;basic_hp;basic_haste;basic_power"
89,1,295,32,150,bot0_3,Jailer,0,TANK,magical,1,7,3,0.57,7558,5656,9610,0,26.5,0,547,603,15,17,7,133,2008,408,213,82,0.723,0.2,0.59,"basic_hp;basic_hp;basic_hp;basic_armor;basic_mr;basic_armor;basic_mr"
89,1,295,32,150,bot1_3,Goliath,1,TANK,physical,1,0,18,19,9779,7640,8590,1905,25.9,6.5,322,383,40,21,9,115,2790,567,295,0,1,0.2,0.89,"basic_hp;basic_hp;basic_hp;basic_mr;basic_power;basic_mr;basic_as;basic_mr;basic_as;basic_armor"
89,1,295,32,150,bot0_4,Zephyr,0,SPLITPUSHER,magical,1,3,1,0.67,10115,6404,7802,296,25.1,1.2,352,496,27,30,7,110,1935,393,255,40,0.865,0.2,0.82,"special_lifesteal;basic_power;basic_hp;basic_power;basic_hp;basic_armor"
89,1,295,32,150,bot1_4,Volstrov,1,MAGE,magical,13,2,7,10,13606,8395,4689,416,31.1,1.5,314,470,8,12,11,60,3885,790,270,25,0.914,2.6,1.79,"special_lifesteal;basic_power;basic_hp;basic_power;basic_power;basic_hp;basic_mr;basic_haste;basic_as;basic_mr;basic_hp;basic_mr;basic_power"
90,0,393,151,84,bot0_1,Vanguard,0,FIGHTER,physical,7,2,18,12.5,19723,11925,11410,353,32.2,1,454,612,50,44,12,37,4137,631,370,23,0.941,1.1,1.05,"basic_hp;basic_hp;special_lifesteal;basic_power;basic_power;basic_as;basic_hp;basic_power;basic_mr;basic_as;basic_mr;basic_as;basic_armor;basic_hp"
90,0,393,151,84,bot1_1,Jailer,1,TANK,magical,1,8,7,1,15860,9652,12517,0,33.5,0,534,868,27,28,10,24,2699,412,288,105,0.733,0.2,0.77,"basic_hp;basic_hp;basic_armor;basic_hp;basic_armor;basic_power;basic_haste;basic_as;basic_armor;basic_power"
90,0,393,151,84,bot0_2,Doctor,0,SUPPORT,physical,1,3,23,8,9418,7335,8786,13917,19.8,37.5,167,314,20,27,11,23,3548,541,371,22,0.943,0.2,0.83,"special_heal_power;basic_hp;basic_hp;basic_mr;basic_armor;basic_power;basic_hp;basic_as;basic_hp;basic_mr;basic_mr;basic_armor"
90,0,393,151,84,bot1_2,Hana,1,TANK,magical,3,6,5,1.33,11719,8646,11292,0,27.7,0,376,571,14,31,9,105,2830,432,312,81,0.794,0.5,0.77,"basic_hp;basic_hp;basic_hp;basic_armor;basic_haste;basic_power;basic_armor;basic_armor;basic_hp;basic_as"
90,0,393,151,84,bot0_3,Ironclad,0,TANK,physical,7,1,15,22,11153,8275,9290,0,21.7,0,432,579,37,31,11,24,4024,614,382,12,0.97,1.1,0.89,"basic_hp;basic_hp;basic_hp;basic_mr;basic_mr;basic_armor;basic_hp;basic_mr;basic_power;basic_hp;basic_hp;basic_as;basic_armor;basic_as"
90,0,393,151,84,bot1_3,Bruiser,1,FIGHTER,physical,4,6,3,1.17,11127,8280,10662,286,27,0.9,483,634,40,35,9,253,2853,435,307,87,0.779,0.6,0.78,"special_lifesteal;basic_power;basic_hp;basic_power;basic_hp;basic_armor;basic_as;basic_haste;basic_armor"
90,0,393,151,84,bot0_4,Lynx,0,SLAYER,physical,12,3,11,7.67,16628,11560,6219,535,32.9,1.5,533,803,68,49,11,90,4465,681,351,42,0.893,1.8,1.86,"special_lifesteal;special_gw;basic_power;basic_power;basic_hp;basic_hp;basic_as;basic_power;basic_as;basic_hp;basic_mr;basic_as;basic_power;basic_mr"
90,0,393,151,84,bot1_4,Pyromancer,1,SLAYER,magical,1,7,6,1,9246,5217,7150,129,17.5,0.4,454,624,21,15,9,16,2616,399,298,96,0.757,0.2,0.73,"special_lifesteal;basic_power;basic_power;basic_hp;basic_armor;basic_haste;basic_as;basic_hp;basic_armor"
91,0,352,152,24,bot0_1,Quiller,0,SLAYER,physical,9,4,12,5.25,13538,10305,5418,350,33.9,1.1,292,565,43,24,11,99,3924,668,304,48,0.864,1.5,1.9,"special_lifesteal;basic_power;basic_hp;basic_power;basic_power;basic_as;basic_as;basic_hp;basic_hp;basic_armor;basic_as;basic_mr;basic_power"
91,0,352,152,24,bot1_1,Jailer,1,TANK,magical,2,6,5,1.17,8205,5001,10748,0,18.4,0,444,581,22,18,9,113,2538,432,272,80,0.772,0.3,0.47,"basic_hp;basic_hp;basic_hp;basic_armor;basic_mr;basic_hp;basic_haste;basic_armor;basic_power"
91,0,352,152,24,bot0_2,Cleric,0,SUPPORT,magical,2,1,20,22,8421,6085,4554,6113,17.8,17.9,269,325,55,44,10,207,3307,563,341,11,0.97,0.3,1.34,"basic_hp;basic_hp;basic_hp;basic_armor;basic_mr;basic_haste;basic_armor;basic_mr;basic_hp;basic_hp;basic_armor"
91,0,352,152,24,bot1_2,Healer,1,SUPPORT,magical,3,5,5,1.6,8902,5937,10374,5179,21.4,18.6,166,215,44,22,9,3,2728,465,278,74,0.789,0.5,0.57,"basic_hp;basic_hp;basic_hp;basic_armor;basic_armor;basic_power;basic_armor;basic_hp;basic_haste;basic_mr"
91,0,352,152,24,bot0_3,Kratoma,0,SLAYER,physical,10,3,13,7.67,16346,11690,5971,451,35.5,1.4,324,716,26,26,11,146,4096,698,330,23,0.936,1.7,1.96,"special_lifesteal;basic_power;basic_power;basic_power;basic_as;basic_hp;basic_power;basic_as;basic_as;basic_hp;basic_armor;basic_power;basic_as"
91,0,352,152,24,bot1_3,Oracle,1,MAGE,physical,3,6,3,1,10444,5771,8314,228,21.7,0.9,449,591,18,17,9,64,2664,454,266,86,0.756,0.5,0.69,"special_lifesteal;basic_power;basic_power;basic_hp;basic_as;basic_armor;basic_mr;basic_hp;basic_as"
91,0,352,152,24,bot0_4,Goliath,0,TANK,physical,2,1,18,20,7607,5406,7795,2357,15.4,6.7,345,393,43,23,10,59,3159,538,352,0,1,0.3,0.69,"basic_hp;basic_hp;basic_hp;basic_armor;basic_armor;basic_hp;basic_mr;basic_mr;basic_hp;basic_armor;basic_power"
91,0,352,152,24,bot1_4,Wanderer,1,SLAYER,physical,1,6,7,1.33,11585,5742,7717,237,21.6,0.9,900,1048,17,14,9,216,2591,441,266,86,0.756,0.2,0.74,"special_lifesteal;basic_power;basic_power;basic_power;basic_as;basic_hp;basic_as;basic_armor"
92,1,264,4,150,bot0_1,Cleric,0,SUPPORT,magical,1,6,3,0.67,5116,2691,6261,1065,14.3,5.7,286,348,23,20,9,54,2104,478,188,76,0.712,0.2,0.43,"special_gw;basic_hp;basic_armor;basic_mr;basic_hp;basic_power;basic_haste"
92,1,264,4,150,bot1_1,Summoner,1,MAGE,magical,4,0,12,16,6564,3637,2670,218,13.8,0.8,198,286,45,18,9,125,2825,642,264,0,1,0.9,1.36,"special_lifesteal;basic_power;basic_power;basic_hp;basic_hp;basic_power;basic_power;basic_haste;basic_mr"
92,1,264,4,150,bot0_2,Hana,0,TANK,magical,0,5,3,0.6,7143,3493,9034,0,17.3,0,453,654,6,24,8,72,1897,431,202,62,0.763,0,0.39,"basic_hp;basic_hp;basic_hp;basic_mr;basic_armor;basic_haste;basic_power"
92,1,264,4,150,bot1_2,Jailer,1,TANK,magical,4,1,12,16,6370,4529,3149,0,18.1,0,355,499,25,17,9,289,2789,633,250,14,0.948,0.9,1.44,"basic_hp;basic_hp;basic_hp;basic_mr;basic_mr;basic_armor;basic_mr;basic_armor;basic_hp"
92,1,264,4,150,bot0_3,Lynx,0,SLAYER,physical,2,4,1,0.75,10298,3148,4694,205,15,1,498,551,31,27,9,77,2202,500,210,54,0.797,0.5,0.67,"special_lifesteal;basic_power;basic_power;basic_as;basic_power;basic_as;basic_hp"
92,1,264,4,150,bot1_3,Kratoma,1,SLAYER,physical,9,1,9,18,13016,7126,4058,358,28.6,1.4,312,695,19,17,10,123,3473,789,250,15,0.945,2,1.76,"special_lifesteal;basic_power;basic_as;basic_power;basic_power;basic_as;basic_power;basic_hp;basic_as;basic_as;basic_hp"
92,1,264,4,150,bot0_4,Mage,0,MAGE,magical,1,6,3,0.67,11072,4306,5830,161,22.8,0.9,610,686,28,12,8,21,2071,470,189,75,0.716,0.2,0.74,"special_lifesteal;basic_power;basic_hp;basic_haste;basic_power;basic_mr;basic_armor"
92,1,264,4,150,bot1_4,Doctor,1,SUPPORT,physical,4,2,12,8,3743,3593,4999,3978,14.9,16.5,117,197,14,14,9,141,2816,640,241,23,0.911,0.9,0.72,"special_gw;basic_hp;basic_mr;basic_hp;basic_mr;basic_hp;basic_mr;basic_armor;basic_power"
93,1,217,1,151,bot0_1,Bruiser,0,FIGHTER,physical,0,3,1,0.33,6154,2710,4319,171,15,0.9,236,449,20,21,6,227,1527,422,181,36,0.834,0,0.63,"special_lifesteal;basic_power;basic_power;basic_as"
93,1,217,1,151,bot1_1,Eggchanter,1,SUPPORT,magical,6,0,10,16,2839,1773,1089,4217,8.2,19.4,135,183,21,13,9,82,2882,796,217,0,1,1.7,1.63,"basic_hp;basic_hp;basic_mr;basic_hp;basic_armor;basic_mr;basic_hp;basic_mr;basic_armor;basic_armor"
93,1,217,1,151,bot0_2,Cleric,0,SUPPORT,magical,0,5,1,0.2,4040,1851,5655,1667,11,9.9,191,255,19,15,6,243,1518,419,169,48,0.778,0,0.33,"special_heal_power;basic_hp;basic_mr;basic_armor"
93,1,217,1,151,bot1_2,Goliath,1,TANK,physical,2,0,13,15,6660,4479,4607,1870,20.6,8.6,396,450,21,17,8,198,2398,662,217,0,1,0.6,0.97,"basic_hp;basic_hp;basic_hp;basic_hp;basic_mr;basic_mr;basic_armor;basic_armor"
93,1,217,1,151,bot0_3,Ironclad,0,TANK,physical,1,4,0,0.25,3817,2689,7585,0,15.8,0,274,377,13,11,6,22,1597,441,170,47,0.785,0.3,0.35,"basic_hp;basic_hp;basic_hp;basic_mr;basic_armor;basic_power"
93,1,217,1,151,bot1_3,Wanderer,1,SLAYER,physical,7,0,9,16,13562,9263,3175,327,42.7,1.5,473,761,19,14,9,228,2978,823,217,0,1,1.9,2.92,"special_lifesteal;basic_power;basic_power;basic_power;basic_as;basic_as;basic_hp;basic_power;basic_as"
93,1,217,1,151,bot0_4,Pyromancer,0,SLAYER,magical,0,6,1,0.17,6379,2234,5021,60,13,0.4,344,472,17,13,7,53,1578,436,171,46,0.789,0,0.44,"special_lifesteal;basic_power;basic_hp;basic_haste;basic_armor"
93,1,217,1,151,bot1_4,Tamer,1,MAGE,magical,3,1,10,13,7562,4996,2725,1819,24.4,8.9,300,470,23,8,8,190,2365,653,204,13,0.942,0.8,1.83,"special_lifesteal;basic_power;basic_power;basic_hp;basic_power;basic_hp;basic_hp"
94,1,346,6,151,bot0_1,Eggchanter,0,SUPPORT,magical,0,8,0,0,6014,3095,13839,4066,10.9,14.3,143,252,29,14,8,82,2007,348,285,61,0.822,0,0.22,"basic_hp;basic_hp;basic_hp;basic_mr;basic_mr;basic_armor;basic_hp"
94,1,346,6,151,bot1_1,Cleric,1,SUPPORT,magical,2,0,25,27,9983,5132,4161,8006,14.8,23.1,312,368,55,43,12,222,3672,636,346,0,1,0.3,1.23,"basic_hp;basic_hp;basic_hp;basic_mr;basic_mr;basic_mr;basic_armor;basic_hp;basic_haste;basic_hp;basic_hp;basic_power"
94,1,346,6,151,bot0_2,Summoner,0,MAGE,magical,0,6,0,0,6410,2091,6884,164,7.8,0.6,165,234,33,17,8,14,2064,358,270,77,0.779,0,0.3,"special_lifesteal;basic_power;basic_hp;basic_haste;basic_power;basic_mr;basic_armor"
94,1,346,6,151,bot1_2,Tamer,1,MAGE,magical,12,0,14,26,22660,13842,4266,4315,40,12.5,320,594,54,13,12,190,4340,752,346,0,1,2.1,3.24,"special_lifesteal;basic_power;basic_hp;basic_mr;basic_power;basic_haste;basic_armor;basic_hp;basic_hp;basic_mr;basic_power;basic_hp;basic_power;basic_mr"
94,1,346,6,151,bot0_3,Goliath,0,TANK,physical,0,7,0,0,8172,3425,13058,1300,13.3,5,291,367,28,18,8,193,2043,354,258,89,0.744,0,0.26,"basic_hp;basic_hp;basic_hp;basic_mr;basic_mr;basic_armor;basic_power"
94,1,346,6,151,bot1_3,Ironclad,1,TANK,physical,6,0,22,28,10507,6090,5723,0,17.6,0,408,513,39,26,12,104,4079,707,346,0,1,1,1.06,"basic_hp;basic_hp;basic_hp;basic_mr;basic_mr;basic_armor;basic_mr;basic_armor;basic_power;basic_hp;basic_hp;basic_hp;basic_as;basic_haste"
94,1,346,6,151,bot0_4,Volstrov,0,MAGE,magical,0,8,0,0,11982,4868,8561,221,19,0.9,244,484,17,22,8,16,2066,358,256,90,0.739,0,0.57,"special_lifesteal;basic_power;basic_hp;basic_mr;basic_power;basic_haste;basic_armor"
94,1,346,6,151,bot1_4,Mage,1,MAGE,magical,9,0,19,28,26931,14645,4064,684,42.3,2,581,854,93,31,12,149,4224,732,346,0,1,1.6,3.6,"special_lifesteal;basic_power;basic_power;basic_hp;basic_power;basic_hp;basic_hp;basic_mr;basic_haste;basic_armor;basic_mr;basic_haste;basic_armor;basic_power"
95,0,352,152,38,bot0_1,Fusilier,0,SLAYER,physical,3,5,12,3,10807,8130,5906,266,28.5,0.9,537,873,43,11,10,18,2993,510,286,66,0.811,0.5,1.38,"special_lifesteal;basic_power;basic_power;basic_as;basic_hp;basic_power;basic_as;basic_power;basic_hp;basic_armor"
95,0,352,152,38,bot1_1,Vanguard,1,FIGHTER,physical,1,6,6,1.17,10665,4698,9237,284,17.4,1.1,388,607,44,24,9,142,2467,420,270,82,0.767,0.2,0.51,"special_lifesteal;basic_power;basic_hp;basic_as;basic_power;basic_hp;basic_mr;basic_armor"
95,0,352,152,38,bot0_2,Cleric,0,SUPPORT,magical,3,1,18,21,7588,6164,3812,6979,18.2,20.6,292,348,51,42,10,53,3328,567,339,13,0.964,0.5,1.62,"basic_hp;basic_hp;basic_armor;basic_hp;basic_armor;basic_mr;basic_haste;basic_mr;basic_hp;basic_armor;basic_haste;basic_power"
95,0,352,152,38,bot1_2,Hana,1,TANK,magical,1,7,5,0.86,9888,4697,12037,0,17.2,0,415,459,15,29,9,18,2468,420,274,78,0.777,0.2,0.39,"basic_hp;basic_hp;basic_mr;basic_hp;special_gw;basic_armor;basic_mr;basic_hp"
95,0,352,152,38,bot0_3,Tamer,0,MAGE,magical,7,3,12,6.33,16891,10617,6812,4066,34,13,372,660,43,14,11,109,3684,628,312,40,0.887,1.2,1.56,"special_lifesteal;basic_power;basic_hp;basic_armor;basic_haste;basic_mr;basic_power;basic_hp;basic_hp;basic_power;basic_power;basic_hp"
95,0,352,152,38,bot1_3,Ironclad,1,TANK,physical,2,5,7,1.8,7079,3738,11733,0,13.2,0,264,382,25,19,10,69,2719,463,283,69,0.803,0.3,0.32,"basic_hp;basic_hp;basic_hp;basic_mr;basic_mr;basic_armor;basic_mr;basic_power;basic_as;basic_haste"
95,0,352,152,38,bot0_4,Mage,0,MAGE,magical,10,2,12,11,17716,11837,6161,457,36.1,1.4,676,838,74,24,11,57,4157,708,328,24,0.931,1.7,1.92,"special_lifesteal;basic_power;basic_hp;basic_armor;basic_haste;basic_power;basic_power;basic_mr;basic_hp;basic_power;basic_hp;basic_armor;basic_haste;basic_armor"
95,0,352,152,38,bot1_4,Quiller,1,SLAYER,physical,7,5,4,2.2,16863,8166,6857,501,29.2,1.8,321,623,36,23,10,91,3316,565,280,72,0.795,1.2,1.19,"special_lifesteal;basic_power;basic_power;basic_hp;basic_power;basic_as;basic_hp;basic_mr;basic_as;basic_hp;basic_mr"
96,1,434,57,151,bot0_1,Jailer,0,TANK,magical,6,6,13,3.17,15691,8358,13914,0,24.3,0,643,767,33,27,12,32,4007,553,345,90,0.793,0.8,0.6,"basic_hp;basic_hp;basic_hp;basic_mr;basic_mr;basic_armor;basic_hp;basic_hp;basic_armor;basic_mr;basic_mr;basic_power;basic_armor;basic_haste"
96,1,434,57,151,bot1_1,Zephyr,1,SPLITPUSHER,magical,4,6,17,3.5,15337,9922,8598,390,25.3,1,542,628,49,48,11,255,3830,529,392,42,0.903,0.6,1.15,"special_lifesteal;basic_power;basic_power;basic_hp;basic_haste;basic_mr;basic_armor;basic_hp;basic_power;basic_hp;basic_power;basic_hp"
96,1,434,57,151,bot0_2,Cleric,0,SUPPORT,magical,5,6,14,3.17,10277,4278,10748,5156,12.3,14.8,382,448,48,39,11,271,3871,535,347,87,0.8,0.7,0.4,"basic_hp;basic_hp;special_heal_power;basic_mr;basic_armor;basic_hp;basic_hp;basic_haste;basic_hp;basic_mr;basic_power;basic_mr"
96,1,434,57,151,bot1_2,Volstrov,1,MAGE,magical,5,6,12,2.83,13949,10029,8117,746,28.6,2.1,281,596,11,17,11,217,3717,513,351,83,0.809,0.7,1.24,"special_lifesteal;special_lifesteal;basic_power;basic_power;basic_hp;basic_haste;basic_hp;basic_armor;basic_mr;basic_power;basic_hp"
96,1,434,57,151,bot0_3,Goliath,0,TANK,physical,2,6,12,2.33,10286,3606,14095,2309,10.3,6.6,359,386,37,26,11,227,3252,449,348,86,0.802,0.3,0.26,"basic_hp;basic_hp;basic_hp;basic_mr;basic_mr;basic_armor;basic_power;basic_hp;basic_mr;basic_armor;basic_power"
96,1,434,57,151,bot1_3,Summoner,1,MAGE,magical,4,4,18,5.5,8564,5531,6024,348,13.6,0.9,173,249,44,24,11,75,3825,528,407,27,0.937,0.6,0.92,"special_lifesteal;special_gw;basic_power;basic_hp;basic_power;basic_hp;basic_haste;basic_hp;basic_armor;basic_armor;basic_power;basic_haste"
96,1,434,57,151,bot0_4,Quiller,0,SLAYER,physical,8,5,12,4,24292,10913,9292,761,30.7,2.1,306,601,51,29,12,46,4296,593,355,79,0.818,1.1,1.17,"special_lifesteal;basic_power;basic_power;basic_as;basic_power;basic_as;basic_as;basic_hp;basic_mr;basic_armor;basic_hp;basic_power;basic_power;basic_power"
96,1,434,57,151,bot1_4,Fusilier,1,SLAYER,physical,10,5,12,4.4,21920,13181,5863,625,36.3,1.7,429,800,50,19,12,247,4497,621,363,71,0.835,1.4,2.25,"special_lifesteal;basic_power;basic_power;basic_as;basic_power;basic_power;basic_hp;basic_as;basic_as;basic_power;basic_hp;basic_power;basic_armor;basic_mr"
97,0,426,150,42,bot0_1,Lynx,0,SLAYER,physical,15,2,11,13,20415,14055,6071,571,35.6,1.4,663,1125,72,52,13,72,5097,718,395,31,0.927,2.1,2.32,"special_lifesteal;special_gw;basic_power;basic_power;basic_hp;basic_hp;basic_as;basic_mr;basic_hp;basic_power;basic_as;basic_power;basic_as;basic_mr;basic_hp;basic_as"
97,0,426,150,42,bot1_1,Eggchanter,1,SUPPORT,magical,1,6,5,1,8906,4582,10430,3841,13.2,11.1,131,216,36,19,9,308,2683,378,347,79,0.814,0.1,0.44,"special_gw;basic_hp;basic_armor;basic_hp;basic_hp;basic_armor;basic_power;basic_haste"
97,0,426,150,42,bot0_2,Kratoma,0,SLAYER,physical,4,2,23,13.5,19412,11251,7309,544,28.7,1.4,331,651,34,31,12,234,4309,607,392,34,0.92,0.6,1.54,"special_lifesteal;basic_power;basic_hp;basic_power;basic_hp;basic_as;basic_hp;basic_as;basic_mr;basic_armor;basic_mr;basic_armor;basic_power;basic_power"
97,0,426,150,42,bot1_2,Pyromancer,1,SLAYER,magical,3,7,3,0.86,15925,6835,8179,188,20.6,0.6,540,727,31,25,10,82,2982,420,331,95,0.778,0.4,0.84,"special_lifesteal;basic_power;basic_hp;basic_power;basic_power;basic_armor;basic_haste;basic_hp;basic_mr;basic_armor"
97,0,426,150,42,bot0_3,Goliath,0,TANK,physical,4,1,23,27,16023,9607,9828,2546,23.5,6.2,580,800,52,29,13,234,4334,611,408,18,0.959,0.6,0.98,"basic_hp;basic_hp;basic_hp;basic_mr;basic_hp;basic_mr;basic_armor;basic_mr;basic_armor;special_gw;basic_armor;basic_power;basic_power;basic_as"
97,0,426,150,42,bot1_3,Oracle,1,MAGE,physical,1,8,5,0.75,15663,7739,10263,331,23.3,1,463,575,23,21,10,121,2746,387,332,94,0.78,0.1,0.75,"special_lifesteal;basic_power;basic_hp;basic_as;basic_hp;basic_power;basic_armor;basic_hp;basic_mr"
97,0,426,150,42,bot0_4,Healer,0,SUPPORT,magical,6,1,18,24,12348,8365,6741,7742,20.4,18.9,167,304,72,22,12,70,4320,609,409,17,0.961,0.8,1.24,"basic_hp;basic_hp;basic_hp;basic_hp;basic_mr;basic_armor;basic_mr;basic_hp;basic_armor;basic_haste;basic_hp;basic_power;basic_armor;basic_haste;basic_as"
97,0,426,150,42,bot1_4,Ironclad,1,TANK,physical,1,8,5,0.75,10392,8683,17879,0,26,0,382,489,34,24,9,16,2641,372,335,91,0.786,0.1,0.49,"basic_hp;basic_hp;basic_hp;basic_armor;basic_mr;basic_power;basic_as;basic_haste;basic_armor;basic_mr"
98,0,459,150,79,bot0_1,Doctor,0,SUPPORT,physical,3,5,21,4.8,9773,6193,11637,10153,15.9,26,420,502,26,31,12,202,4077,532,390,69,0.849,0.4,0.53,"special_gw;basic_hp;basic_mr;basic_armor;basic_power;basic_as;basic_hp;basic_mr;basic_hp;basic_hp;basic_armor;basic_hp;basic_armor"
98,0,459,150,79,bot1_1,Hana,1,TANK,magical,3,7,16,2.71,12759,8297,15339,0,22.6,0,456,683,16,48,11,337,3662,478,368,92,0.8,0.4,0.54,"basic_hp;basic_hp;basic_hp;basic_hp;basic_armor;basic_mr;basic_hp;basic_armor;basic_armor;basic_power;basic_haste;basic_as"
98,0,459,150,79,bot0_2,Vanguard,0,FIGHTER,physical,8,4,17,6.25,15554,8606,12620,0,21.3,0,305,499,67,37,12,255,4505,588,404,56,0.879,1,0.68,"basic_hp;basic_hp;basic_hp;basic_hp;basic_hp;basic_hp;basic_power;basic_armor;basic_mr;basic_power;basic_mr;basic_armor;basic_as;basic_mr;basic_haste"
98,0,459,150,79,bot1_2,Bruiser,1,FIGHTER,physical,2,5,15,3.4,12884,7290,8962,390,19.1,1,309,578,60,42,11,95,3570,466,381,78,0.83,0.3,0.81,"special_lifesteal;basic_hp;basic_power;basic_power;basic_as;basic_hp;basic_hp;basic_power;basic_armor;basic_as;basic_mr;basic_armor"
98,0,459,150,79,bot0_3,Fusilier,0,SLAYER,physical,6,5,15,4.2,24904,9776,7124,709,22.7,1.6,510,666,62,20,12,66,4241,554,430,29,0.936,0.8,1.37,"special_lifesteal;basic_power;basic_hp;basic_power;basic_as;basic_armor;basic_power;basic_mr;basic_as;basic_hp;basic_power;basic_as;basic_hp;basic_power"
98,0,459,150,79,bot1_3,Summoner,1,MAGE,magical,2,8,16,2.25,10775,5934,9600,313,17,0.9,199,281,53,26,11,151,3626,473,348,111,0.758,0.3,0.62,"special_lifesteal;basic_power;basic_power;basic_hp;basic_hp;basic_armor;basic_armor;basic_haste;basic_mr;basic_power;basic_hp;basic_haste"
98,0,459,150,79,bot0_4,Reaper,0,SPLITPUSHER,magical,9,5,17,5.2,25087,16938,10951,597,43.3,1.5,755,1017,59,28,13,86,4861,635,391,68,0.851,1.2,1.55,"special_lifesteal;basic_power;basic_hp;basic_power;basic_power;basic_haste;basic_armor;basic_hp;basic_hp;basic_hp;basic_mr;basic_haste;basic_power;basic_hp;basic_armor;basic_haste"
98,0,459,150,79,bot1_4,Lynx,1,SLAYER,physical,12,6,7,3.17,21071,13989,9624,488,38.9,1.4,867,1244,57,48,12,294,4694,613,360,99,0.784,1.6,1.45,"special_lifesteal;basic_power;basic_power;basic_hp;basic_hp;basic_as;basic_hp;basic_power;basic_as;basic_armor;basic_mr;basic_as;basic_armor;basic_power;basic_armor"
99,0,394,150,63,bot0_1,Wanderer,0,SLAYER,physical,8,6,14,3.67,20637,15275,9439,386,43.6,1.1,685,1207,24,20,11,20,4120,627,350,44,0.889,1.2,1.62,"special_lifesteal;basic_power;basic_power;basic_hp;basic_as;basic_hp;basic_hp;basic_mr;basic_power;basic_as;basic_as;basic_armor;basic_mr;basic_power"
99,0,394,150,63,bot1_1,Pyromancer,1,SLAYER,magical,3,6,10,2.17,12892,9119,9408,183,29.9,0.6,354,543,32,25,10,221,3121,475,305,90,0.773,0.5,0.97,"special_lifesteal;basic_power;basic_hp;basic_armor;basic_power;basic_hp;basic_haste;basic_power;basic_armor;basic_mr"
99,0,394,150,63,bot0_2,Ironclad,0,TANK,physical,4,2,17,10.5,10029,6426,9912,0,16.8,0,343,489,46,25,11,229,3704,563,382,13,0.968,0.6,0.65,"basic_hp;basic_hp;basic_hp;basic_mr;basic_hp;basic_mr;basic_armor;basic_power;basic_mr;basic_armor;basic_hp;basic_hp"
99,0,394,150,63,bot1_2,Jailer,1,TANK,magical,5,6,8,2.17,13897,9381,11511,0,29.8,0,684,796,26,28,10,82,3357,511,315,79,0.799,0.8,0.81,"special_gw;basic_hp;basic_hp;basic_hp;basic_armor;basic_armor;basic_mr;basic_mr;basic_hp;basic_armor;basic_power"
99,0,394,150,63,bot0_3,Cleric,0,SUPPORT,magical,4,2,21,12.5,13118,9298,8126,9778,25,26.3,318,376,70,53,11,143,3868,588,372,22,0.943,0.6,1.14,"basic_hp;basic_hp;basic_hp;basic_mr;basic_hp;basic_mr;basic_armor;basic_haste;basic_hp;basic_mr;basic_power;basic_armor;basic_hp"
99,0,394,150,63,bot1_3,Doctor,1,SUPPORT,physical,3,7,10,1.86,7805,6436,14844,8829,18.3,25.1,194,320,32,21,10,391,3091,470,352,42,0.894,0.5,0.43,"special_gw;basic_hp;basic_hp;basic_armor;basic_power;basic_hp;basic_hp;basic_mr;basic_armor"
99,0,394,150,63,bot0_4,Bruiser,0,FIGHTER,physical,10,3,12,7.33,18931,12250,9755,572,34.3,1.6,379,671,56,40,11,123,4223,642,357,37,0.906,1.5,1.26,"special_lifesteal;basic_power;basic_hp;basic_power;basic_hp;basic_as;basic_as;basic_mr;basic_hp;basic_power;basic_as;basic_armor;basic_mr;basic_power"
99,0,394,150,63,bot1_4,Volstrov,1,MAGE,magical,2,7,11,1.86,15335,9910,9999,397,33.5,1.3,292,583,20,26,10,164,3064,466,296,99,0.75,0.3,0.99,"special_lifesteal;basic_power;basic_power;basic_power;basic_hp;basic_hp;basic_armor;basic_haste;basic_mr;basic_armor"
100,1,470,88,150,bot0_1,Fusilier,0,SLAYER,physical,10,7,10,2.86,27734,17714,9348,646,48.4,1.8,449,848,55,21,12,208,4583,585,366,103,0.78,1.3,1.89,"special_lifesteal;basic_power;basic_power;basic_hp;basic_as;basic_mr;basic_hp;basic_armor;basic_as;basic_power;basic_mr;basic_as;basic_armor;basic_hp;basic_power"
100,1,470,88,150,bot1_1,Reaper,1,SPLITPUSHER,magical,5,6,16,3.5,18321,10478,10051,612,27.7,1.6,482,846,49,27,12,199,4124,527,379,91,0.807,0.6,1.04,"special_lifesteal;basic_power;basic_power;basic_hp;basic_power;basic_haste;basic_power;basic_hp;basic_hp;basic_haste;basic_power;basic_armor;basic_haste"
100,1,470,88,150,bot0_2,Tamer,0,MAGE,magical,8,8,12,2.5,21216,11760,8989,4263,33.6,12.2,396,595,57,17,12,28,4428,566,350,120,0.746,1,1.31,"special_lifesteal;basic_power;basic_hp;basic_haste;basic_mr;basic_power;basic_hp;basic_power;basic_armor;basic_haste;basic_power;basic_mr;basic_hp;basic_haste;basic_mr"
100,1,470,88,150,bot1_2,Bruiser,1,FIGHTER,physical,10,7,12,3.14,21058,13226,12797,594,31.1,1.4,489,860,67,44,13,14,4739,605,426,44,0.906,1.3,1.03,"special_lifesteal;basic_power;basic_as;basic_power;basic_power;basic_as;basic_hp;basic_hp;basic_armor;basic_as;basic_mr;basic_hp;basic_power;basic_mr;basic_power;basic_armor"
100,1,470,88,150,bot0_3,Ironclad,0,TANK,physical,2,4,18,5,10707,7884,16133,0,19.3,0,437,552,39,28,12,25,3750,479,408,61,0.869,0.3,0.49,"basic_hp;basic_hp;basic_hp;basic_mr;basic_hp;basic_mr;basic_hp;basic_mr;basic_mr;basic_armor;basic_armor;basic_as;basic_armor"
100,1,470,88,150,bot1_3,Hana,1,TANK,magical,5,4,18,5.75,21300,13212,18257,0,31.8,0,536,769,25,50,12,52,4227,540,416,54,0.886,0.6,0.72,"basic_hp;basic_hp;basic_hp;basic_mr;basic_hp;basic_armor;basic_mr;basic_haste;basic_power;basic_as;basic_hp;basic_armor;basic_mr;basic_haste;basic_armor"
100,1,470,88,150,bot0_4,Jailer,0,TANK,magical,1,7,18,2.71,19270,11416,13897,0,27.9,0,509,693,40,41,12,128,3703,473,410,60,0.872,0.1,0.82,"basic_hp;basic_hp;basic_hp;basic_mr;basic_armor;basic_mr;basic_mr;basic_armor;basic_haste;basic_haste;basic_hp;basic_armor;basic_power"
100,1,470,88,150,bot1_4,Cleric,1,SUPPORT,magical,6,4,16,5.5,15496,9046,11235,14441,21.5,34.4,288,342,72,60,12,88,4313,551,420,49,0.895,0.8,0.81,"basic_hp;basic_hp;basic_hp;basic_hp;basic_mr;basic_armor;basic_haste;basic_power;basic_mr;basic_armor;basic_as;basic_hp;basic_haste;basic_power;basic_hp"
101,0,382,152,15,bot0_1,Bruiser,0,FIGHTER,physical,9,1,20,29,16798,10905,7447,0,28.6,0,491,665,75,45,12,49,4499,707,382,0,1,1.4,1.46,"basic_hp;basic_hp;basic_hp;basic_armor;basic_power;basic_as;basic_haste;basic_armor;basic_power;basic_mr;basic_armor;basic_as;basic_power;basic_as;basic_hp;basic_armor"
101,0,382,152,15,bot1_1,Doctor,1,SUPPORT,physical,2,9,3,0.56,4407,3634,12970,2863,11.8,9.3,205,205,22,17,9,70,2520,396,307,74,0.806,0.3,0.28,"special_gw;basic_hp;basic_hp;basic_mr;basic_hp;basic_armor;basic_hp;basic_armor"
101,0,382,152,15,bot0_2,Lynx,0,SLAYER,physical,11,3,15,8.67,20363,14985,5699,534,44,1.6,542,946,79,44,12,37,4537,713,341,41,0.893,1.7,2.63,"special_lifesteal;basic_power;basic_power;basic_as;basic_power;basic_hp;basic_as;basic_hp;basic_as;basic_armor;basic_power;basic_power;basic_hp;basic_as;basic_haste"
101,0,382,152,15,bot1_2,Oracle,1,MAGE,physical,2,10,3,0.5,11324,6445,11535,228,22.5,0.8,436,501,19,19,9,270,2595,408,287,95,0.752,0.3,0.56,"special_lifesteal;basic_power;basic_hp;basic_as;basic_armor;basic_mr;basic_power;basic_hp"
101,0,382,152,15,bot0_3,Jirina,0,FIGHTER,magical,10,1,21,31,20244,15802,8334,6542,41.4,17.1,482,653,65,27,12,234,4534,713,382,0,1,1.6,1.9,"basic_hp;basic_hp;basic_hp;basic_armor;basic_armor;basic_power;basic_hp;basic_power;basic_haste;basic_haste;basic_armor;basic_armor;basic_power;basic_hp;basic_haste"
101,0,382,152,15,bot1_3,Quiller,1,SLAYER,physical,1,11,4,0.45,14890,9487,11594,424,34.7,1.6,220,435,33,22,9,215,2540,399,273,108,0.716,0.2,0.82,"special_lifesteal;basic_power;basic_hp;basic_as;basic_armor;basic_mr;basic_power;basic_hp"
101,0,382,152,15,bot0_4,Cleric,0,SUPPORT,magical,5,1,19,24,12347,7998,6153,7665,21.9,20.9,356,420,58,50,11,258,3858,607,366,16,0.959,0.8,1.3,"special_gw;basic_hp;basic_hp;basic_armor;basic_armor;basic_power;basic_haste;basic_hp;basic_hp;basic_armor;basic_hp;basic_as"
101,0,382,152,15,bot1_4,Ironclad,1,TANK,physical,1,5,4,1,7572,5699,14595,0,18,0,282,366,30,21,9,29,2479,390,316,65,0.829,0.2,0.39,"basic_hp;basic_hp;basic_hp;basic_mr;basic_armor;basic_power;basic_armor;basic_mr;basic_hp"
102,0,303,150,25,bot0_1,Lynx,0,SLAYER,physical,8,3,16,8,15226,11266,6585,496,42.7,1.9,394,821,51,37,11,62,3837,758,264,40,0.868,1.6,1.71,"special_lifesteal;basic_power;basic_hp;basic_as;basic_power;basic_mr;basic_armor;basic_hp;basic_as;basic_power;basic_mr;basic_hp;basic_as"
102,0,303,150,25,bot1_1,Goliath,1,TANK,physical,0,6,6,1,7778,4489,11011,1191,19.2,5.1,381,443,28,17,8,43,2143,424,234,70,0.77,0,0.41,"basic_hp;basic_hp;basic_armor;basic_as;basic_armor;basic_power;basic_hp;basic_haste"
102,0,303,150,25,bot0_2,Vanguard,0,FIGHTER,physical,11,2,15,13,12006,7993,6031,0,26.3,0,422,541,49,28,11,77,4227,836,303,0,1,2.2,1.33,"basic_hp;basic_hp;basic_power;basic_hp;basic_mr;basic_armor;basic_hp;basic_power;basic_armor;basic_mr;basic_as;basic_armor;basic_as;basic_haste;basic_hp"
102,0,303,150,25,bot1_2,Fusilier,1,SLAYER,physical,3,6,3,1,13053,7670,7159,312,33.5,1.4,334,659,31,16,9,159,2509,496,229,75,0.754,0.6,1.07,"special_lifesteal;basic_power;basic_hp;basic_as;basic_power;basic_hp;basic_armor;basic_as"
102,0,303,150,25,bot0_3,Bruiser,0,FIGHTER,physical,5,1,17,22,9324,6678,4563,0,23.3,0,350,584,42,28,10,217,3442,680,287,17,0.945,1,1.46,"special_gw;basic_hp;basic_hp;basic_power;basic_mr;basic_armor;basic_as;basic_hp;basic_hp;basic_power;basic_mr"
102,0,303,150,25,bot1_3,Cleric,1,SUPPORT,magical,3,8,4,0.88,6269,4250,8702,1663,20,7.8,346,406,25,21,9,124,2499,494,213,91,0.701,0.6,0.49,"special_heal_power;basic_hp;basic_armor;basic_haste;basic_hp;basic_armor;basic_hp;basic_power"
102,0,303,150,25,bot0_4,Ironclad,0,TANK,physical,3,1,22,25,6345,5369,5497,0,18.7,0,372,518,26,20,11,86,3386,669,287,17,0.945,0.6,0.98,"basic_hp;basic_hp;basic_hp;basic_mr;basic_armor;basic_armor;basic_hp;basic_as;basic_power;basic_mr;basic_hp;basic_haste"
102,0,303,150,25,bot1_4,Volstrov,1,MAGE,magical,1,7,5,0.86,8233,4627,7148,208,18.5,0.8,216,408,16,15,9,205,2255,446,250,53,0.825,0.2,0.65,"special_lifesteal;basic_power;basic_hp;basic_power;basic_armor;basic_haste;basic_as"
103,0,450,150,61,bot0_1,Oracle,0,MAGE,physical,7,2,18,12.5,24663,15404,7028,479,35.3,1.1,417,573,35,36,12,62,4412,589,437,13,0.972,0.9,2.19,"special_lifesteal;basic_power;basic_hp;basic_as;basic_power;basic_hp;basic_armor;basic_as;basic_armor;basic_mr;basic_mr;basic_power;basic_hp;basic_as;basic_armor"
103,0,450,150,61,bot1_1,Vanguard,1,FIGHTER,physical,3,6,7,1.67,16190,8945,12491,0,24.7,0,596,690,57,35,11,39,3289,439,362,88,0.805,0.4,0.72,"special_gw;basic_hp;basic_hp;basic_hp;basic_armor;basic_power;basic_as;basic_armor;basic_mr;basic_hp;basic_armor"
103,0,450,150,61,bot0_2,Hana,0,TANK,magical,4,3,19,7.67,15074,10502,9977,0,25.5,0,348,706,16,46,11,28,3928,524,412,38,0.916,0.5,1.05,"basic_hp;basic_hp;basic_hp;basic_armor;basic_mr;basic_hp;basic_armor;basic_hp;basic_mr;basic_armor;basic_mr;basic_power;basic_haste;basic_as"
103,0,450,150,61,bot1_2,Cleric,1,SUPPORT,magical,4,8,6,1.25,11492,8224,12458,6750,23,18.9,312,371,50,40,10,5,3230,431,358,92,0.796,0.5,0.66,"special_gw;basic_hp;basic_hp;basic_armor;basic_hp;basic_power;basic_haste;basic_hp;basic_mr;basic_armor;basic_power"
103,0,450,150,61,bot0_3,Doctor,0,SUPPORT,physical,6,2,19,12.5,9664,8575,10973,8226,20.1,19.3,192,296,29,31,12,219,4194,560,427,22,0.95,0.8,0.78,"basic_hp;basic_hp;basic_hp;basic_hp;basic_armor;basic_hp;basic_armor;special_heal_power;basic_mr;basic_hp;basic_armor;basic_power;basic_as"
103,0,450,150,61,bot1_3,Goliath,1,TANK,physical,1,7,7,1.14,8863,6419,13952,1718,18.5,4.9,324,487,42,20,10,266,2916,389,347,102,0.772,0.1,0.46,"basic_hp;basic_hp;basic_hp;basic_armor;basic_armor;basic_mr;basic_power;basic_armor;basic_as;basic_haste"
103,0,450,150,61,bot0_4,Kratoma,0,SLAYER,physical,8,3,17,8.33,23053,17396,7418,547,39.8,1.3,378,639,35,35,12,216,4466,596,437,13,0.972,1.1,2.35,"special_lifesteal;basic_power;basic_as;basic_power;basic_power;basic_hp;basic_armor;basic_as;basic_as;basic_power;basic_mr;basic_hp;basic_power;basic_power"
103,0,450,150,61,bot1_4,Ironclad,1,TANK,physical,2,4,8,2.5,12935,9169,17101,0,23.6,0,434,521,41,30,10,69,3069,409,388,61,0.863,0.3,0.54,"basic_hp;basic_hp;basic_hp;basic_armor;basic_hp;basic_armor;basic_armor;basic_mr;basic_mr;basic_as;basic_power"
104,1,282,9,150,bot0_1,Doctor,0,SUPPORT,physical,0,10,0,0,3097,2235,9929,929,11.5,4.8,106,195,16,10,7,169,1719,365,194,88,0.689,0,0.23,"special_heal_power;basic_hp;basic_hp;basic_armor;basic_mr"
104,1,282,9,150,bot1_1,Oracle,1,MAGE,physical,5,0,15,20,13757,7446,2863,471,26.4,1.7,586,750,22,20,10,34,3209,682,282,0,1,1.1,2.6,"special_lifesteal;basic_power;basic_power;basic_as;basic_power;basic_as;basic_as;basic_power;basic_power;basic_as"
104,1,282,9,150,bot0_2,Goliath,0,TANK,physical,0,5,0,0,4690,2013,8891,1058,9,4.7,229,272,24,15,7,107,1682,357,223,60,0.789,0,0.23,"basic_hp;basic_hp;basic_hp;basic_armor;basic_mr;basic_power"
104,1,282,9,150,bot1_2,Healer,1,SUPPORT,magical,3,0,21,24,5753,4140,2523,3194,14.7,11.3,147,209,43,9,10,80,3180,675,282,0,1,0.6,1.64,"special_gw;basic_hp;basic_hp;basic_hp;basic_hp;basic_armor;basic_armor;basic_armor;basic_mr;basic_hp"
104,1,282,9,150,bot0_3,Vanguard,0,FIGHTER,physical,0,4,0,0,6207,2493,7831,0,10.7,0,453,497,39,19,7,107,1707,363,234,49,0.827,0,0.32,"basic_hp;basic_hp;basic_hp;basic_armor;basic_power;basic_armor"
104,1,282,9,150,bot1_3,Jailer,1,TANK,magical,4,0,16,20,8604,5911,2176,0,20.9,0,330,423,25,24,10,231,3131,665,282,0,1,0.8,2.72,"basic_hp;basic_hp;basic_armor;basic_mr;basic_hp;basic_hp;basic_hp;basic_power;basic_armor;basic_hp"
104,1,282,9,150,bot0_4,Pyromancer,0,SLAYER,magical,0,6,0,0,7128,2590,6386,58,11.9,0.3,220,417,19,12,8,265,1815,386,218,64,0.772,0,0.41,"special_lifesteal;basic_power;basic_power;basic_hp;basic_haste"
104,1,282,9,150,bot1_4,Wanderer,1,SLAYER,physical,13,0,10,23,17208,12773,3187,435,45.2,1.5,710,1103,20,17,11,108,3858,819,282,0,1,2.8,4.01,"special_lifesteal;basic_power;basic_power;basic_power;basic_as;basic_as;basic_power;basic_as;basic_hp;basic_power;basic_power;basic_hp"
105,0,319,150,12,bot0_1,Kratoma,0,SLAYER,physical,8,1,13,21,13484,7367,4380,660,24.4,2.2,257,471,23,27,10,185,3660,689,302,17,0.948,1.5,1.68,"special_lifesteal;special_lifesteal;basic_power;basic_power;basic_power;basic_as;basic_as;basic_hp;basic_hp;basic_armor;basic_mr"
105,0,319,150,12,bot1_1,Ironclad,1,TANK,physical,0,6,3,0.5,7026,4248,12093,0,16.9,0,368,468,20,17,8,203,2053,386,251,67,0.789,0,0.35,"basic_hp;basic_hp;basic_hp;basic_armor;basic_mr;basic_power;basic_armor"
105,0,319,150,12,bot0_2,Hana,0,TANK,magical,5,1,16,21,10916,9183,9056,0,29.7,0,355,662,16,38,10,67,3392,639,309,10,0.969,0.9,1.01,"basic_hp;basic_hp;basic_hp;basic_mr;basic_hp;basic_armor;basic_mr;basic_armor;basic_power;basic_hp;basic_haste;basic_power"
105,0,319,150,12,bot1_2,Healer,1,SUPPORT,magical,1,5,2,0.6,4720,3203,7922,3116,12.5,12.2,136,190,27,15,8,47,2147,404,255,63,0.801,0.2,0.4,"special_heal_power;basic_hp;basic_hp;basic_hp;basic_armor;basic_mr;basic_haste"
105,0,319,150,12,bot0_3,Cleric,0,SUPPORT,magical,3,0,15,18,7028,4965,2051,4714,15.6,14.8,226,289,46,39,10,258,3033,571,319,0,1,0.6,2.42,"basic_hp;basic_hp;basic_hp;basic_mr;basic_hp;basic_armor;basic_haste;basic_hp;basic_armor;basic_power"
105,0,319,150,12,bot1_3,Fusilier,1,SLAYER,physical,1,6,2,0.5,14154,6941,5821,315,27.2,1.2,314,549,36,15,8,340,2165,408,255,63,0.801,0.2,1.19,"special_lifesteal;basic_power;basic_power;basic_hp;basic_as;basic_hp"
105,0,319,150,12,bot0_4,Oracle,0,MAGE,physical,6,1,13,19,13304,8872,3381,198,27.8,0.6,391,525,25,24,10,194,3394,639,319,0,1,1.1,2.62,"special_lifesteal;basic_power;basic_power;basic_hp;basic_hp;basic_as;basic_as;basic_power;basic_armor;basic_mr;basic_as"
105,0,319,150,12,bot1_4,Zephyr,1,SPLITPUSHER,magical,1,5,0,0.2,4156,2454,6646,98,9.6,0.4,161,243,26,19,8,155,1980,373,254,64,0.798,0.2,0.37,"special_lifesteal;basic_power;basic_hp;basic_haste;basic_power;basic_hp"
106,1,305,5,152,bot0_1,Hana,0,TANK,magical,0,8,5,0.63,8559,5406,13128,0,25.3,0,531,965,10,26,8,199,2024,398,214,92,0.7,0,0.41,"basic_hp;basic_hp;basic_hp;basic_mr;basic_armor;basic_power;basic_haste"
106,1,305,5,152,bot1_1,Jirina,1,FIGHTER,magical,8,0,17,25,11844,8063,5319,7659,26.4,25.1,462,566,45,28,11,162,3887,764,305,0,1,1.6,1.52,"basic_hp;basic_hp;basic_hp;basic_armor;basic_armor;basic_power;basic_power;basic_hp;basic_haste;basic_armor;basic_armor;basic_hp;basic_power"
106,1,305,5,152,bot0_2,Goliath,0,TANK,physical,0,6,3,0.5,6126,3860,9128,893,16.2,3.7,507,618,29,11,7,71,1921,377,239,66,0.783,0,0.42,"basic_hp;basic_hp;basic_hp;basic_mr;basic_armor;basic_mr;basic_as"
106,1,305,5,152,bot1_2,Lynx,1,SLAYER,physical,10,2,13,11.5,18017,11341,6046,579,41.2,2.1,547,985,53,38,11,67,3942,775,275,30,0.901,2,1.88,"special_lifesteal;basic_power;basic_power;basic_power;basic_as;basic_hp;basic_as;basic_armor;basic_as;basic_mr;basic_hp;basic_power;basic_power"
106,1,305,5,152,bot0_3,Fusilier,0,SLAYER,physical,4,8,1,0.63,12292,6910,8703,259,32.1,1.2,333,605,27,12,9,202,2577,506,215,90,0.705,0.8,0.79,"special_lifesteal;basic_power;basic_power;basic_hp;basic_hp;basic_as;basic_hp;basic_mr"
106,1,305,5,152,bot1_3,Jailer,1,TANK,magical,3,2,18,10.5,9612,7393,5638,0,24.2,0,418,479,28,24,10,98,3173,624,305,0,1,0.6,1.31,"basic_hp;basic_hp;basic_armor;basic_hp;basic_power;basic_armor;basic_hp;basic_armor;basic_mr;basic_haste;basic_hp"
106,1,305,5,152,bot0_4,Bruiser,0,FIGHTER,physical,1,5,3,0.8,6044,2541,8052,164,10.3,0.7,197,320,34,29,8,184,2059,405,246,59,0.805,0.2,0.32,"special_lifesteal;basic_power;basic_hp;basic_power;basic_hp;basic_hp"
106,1,305,5,152,bot1_4,Tamer,1,MAGE,magical,6,1,19,25,15188,11135,3829,3398,38.3,11.7,395,579,45,11,11,128,3678,723,291,15,0.952,1.2,2.91,"special_lifesteal;basic_power;basic_hp;basic_power;basic_haste;basic_power;basic_hp;basic_haste;basic_hp;basic_armor;basic_armor;basic_power"
107,0,318,150,30,bot0_1,Quiller,0,SLAYER,physical,11,1,12,23,24922,11408,4791,823,37.5,2.7,322,631,53,30,11,240,4140,781,304,14,0.957,2.1,2.38,"special_lifesteal;basic_power;basic_power;basic_hp;basic_power;basic_as;basic_hp;basic_as;basic_hp;basic_armor;basic_as;basic_power;basic_as"
107,0,318,150,30,bot1_1,Bruiser,1,FIGHTER,physical,2,5,3,1,7927,4911,7796,219,18.8,0.8,368,500,37,28,8,2,2327,439,262,56,0.823,0.4,0.63,"special_lifesteal;basic_power;basic_hp;basic_power;basic_hp;basic_as;basic_armor;basic_mr"
107,0,318,150,30,bot0_2,Doctor,0,SUPPORT,physical,2,2,18,10,6755,5728,9543,9938,19.4,33.6,122,271,18,21,10,207,3007,567,296,22,0.929,0.4,0.6,"basic_hp;basic_hp;basic_hp;basic_armor;basic_armor;basic_mr;basic_hp;basic_mr;basic_hp;basic_power"
107,0,318,150,30,bot1_2,Ironclad,1,TANK,physical,1,6,4,0.83,6370,2896,11499,0,12,0,299,427,21,17,8,285,2160,408,241,77,0.758,0.2,0.25,"basic_hp;basic_hp;basic_hp;basic_mr;basic_armor;basic_armor;basic_mr"
107,0,318,150,30,bot0_3,Volstrov,0,MAGE,magical,7,1,13,20,9600,7856,3160,233,25.8,0.8,276,548,6,8,11,83,3608,681,304,14,0.957,1.3,2.49,"special_lifesteal;basic_power;basic_hp;basic_power;basic_armor;basic_hp;basic_haste;basic_hp;basic_mr;basic_armor;basic_power;basic_hp"
107,0,318,150,30,bot1_3,Cleric,1,SUPPORT,magical,2,7,4,0.86,8541,6815,9915,2690,28.4,11.2,346,405,30,26,9,266,2391,451,240,78,0.755,0.4,0.69,"basic_hp;basic_hp;basic_hp;basic_armor;basic_mr;basic_mr;basic_haste;basic_armor"
107,0,318,150,30,bot0_4,Jailer,0,TANK,magical,4,2,17,10.5,9541,7592,5633,0,25,0,452,584,24,25,10,222,3322,627,303,15,0.954,0.8,1.35,"basic_hp;basic_hp;basic_hp;basic_armor;basic_hp;basic_armor;basic_mr;basic_power;basic_armor;basic_mr;basic_hp"
107,0,318,150,30,bot1_4,Quiller,1,SLAYER,physical,1,6,4,0.83,14563,7000,5873,326,26.7,1.2,260,499,33,22,9,27,2352,444,262,56,0.825,0.2,1.19,"special_lifesteal;basic_power;basic_as;basic_power;basic_hp;basic_armor;basic_as;basic_mr"
108,0,282,151,13,bot0_1,Lynx,0,SLAYER,physical,13,1,8,21,18882,13549,4258,969,51.1,3.7,702,782,55,40,11,27,3777,804,265,17,0.941,2.8,3.18,"special_lifesteal;special_lifesteal;basic_power;basic_power;basic_as;basic_hp;basic_power;basic_mr;basic_as;basic_hp;basic_armor;basic_mr"
108,0,282,151,13,bot1_1,Eggchanter,1,SUPPORT,magical,0,6,1,0.17,5626,3246,9450,4671,14.9,21.5,117,203,23,11,7,190,1740,370,217,65,0.771,0,0.34,"special_gw;basic_hp;basic_mr;basic_hp;basic_armor"
108,0,282,151,13,bot0_2,Ironclad,0,TANK,physical,1,0,19,20,9040,6372,4139,0,22.6,0,247,363,29,23,10,20,2995,638,282,0,1,0.2,1.54,"basic_hp;basic_hp;basic_hp;basic_mr;basic_mr;basic_armor;basic_armor;basic_power;basic_hp;basic_as;basic_power"
108,0,282,151,13,bot1_2,Jailer,1,TANK,magical,0,6,1,0.17,5908,3928,7836,0,16.9,0,403,590,20,13,7,259,1784,380,232,50,0.824,0,0.5,"basic_hp;basic_hp;basic_mr;basic_armor;basic_power;basic_haste"
108,0,282,151,13,bot0_3,Cleric,0,SUPPORT,magical,3,0,14,17,8247,4682,2562,6430,16.6,22.8,276,304,41,38,10,102,3002,639,282,0,1,0.6,1.83,"basic_hp;basic_hp;basic_hp;basic_mr;basic_hp;basic_mr;basic_hp;basic_mr;basic_mr;basic_armor"
108,0,282,151,13,bot1_3,Vanguard,1,FIGHTER,physical,0,5,1,0.2,6060,3720,8582,0,16,0,352,584,37,17,7,175,1700,362,233,49,0.827,0,0.43,"basic_hp;basic_hp;basic_armor;basic_mr;basic_as;basic_power"
108,0,282,151,13,bot0_4,Zephyr,0,SPLITPUSHER,magical,5,0,12,17,11043,6750,4723,397,24,1.4,316,487,33,38,10,265,3190,679,282,0,1,1.1,1.43,"special_lifesteal;basic_power;basic_power;basic_hp;basic_mr;basic_hp;basic_power;basic_haste;basic_hp;basic_armor"
108,0,282,151,13,bot1_4,Hana,1,TANK,magical,1,5,0,0.2,3930,2861,7159,0,12.9,0,221,406,6,29,7,246,1821,388,221,60,0.786,0.2,0.4,"basic_hp;basic_hp;basic_mr;basic_armor;basic_haste;basic_hp"
109,0,434,151,58,bot0_1,Kratoma,0,SLAYER,physical,16,4,14,7.5,30502,20470,10860,801,48.9,1.9,478,1019,36,33,13,89,5614,775,419,16,0.964,2.2,1.88,"special_lifesteal;basic_power;basic_power;basic_as;basic_power;basic_as;basic_hp;basic_hp;basic_power;basic_as;basic_power;basic_armor;basic_armor;basic_mr;basic_mr;basic_power;basic_as;basic_power"
109,0,434,151,58,bot1_1,Vanguard,1,FIGHTER,physical,5,8,7,1.5,17421,10066,15731,0,31.9,0,461,621,44,37,11,297,3522,486,315,119,0.726,0.7,0.64,"basic_hp;basic_hp;basic_hp;basic_armor;basic_armor;basic_armor;basic_power;basic_power;basic_mr;basic_power;basic_as;basic_haste"
109,0,434,151,58,bot0_2,Goliath,0,TANK,physical,5,2,24,14.5,15967,9254,11898,3783,22.7,9.3,336,488,44,36,13,329,4654,643,407,27,0.937,0.7,0.78,"basic_hp;basic_hp;basic_hp;basic_armor;basic_mr;basic_power;basic_armor;basic_hp;basic_armor;basic_as;basic_mr;basic_hp;basic_armor;basic_hp;basic_power"
109,0,434,151,58,bot1_2,Lynx,1,SLAYER,physical,4,9,7,1.22,17450,11195,9751,402,36.1,1.3,397,821,43,38,11,151,3351,463,310,124,0.715,0.6,1.15,"special_lifesteal;special_gw;basic_power;basic_hp;basic_as;basic_armor;basic_power;basic_hp;basic_power;basic_hp"
109,0,434,151,58,bot0_3,Cleric,0,SUPPORT,magical,2,3,27,9.67,11880,6884,6554,8789,17.6,22.5,358,420,56,46,12,338,4188,578,390,44,0.899,0.3,1.05,"basic_hp;basic_hp;special_gw;basic_armor;basic_mr;basic_armor;basic_hp;basic_haste;basic_hp;basic_power;basic_armor;basic_mr;basic_armor"
109,0,434,151,58,bot1_3,Ironclad,1,TANK,physical,3,7,8,1.57,11193,7727,17553,0,20.6,0,360,492,34,25,11,32,3257,450,376,59,0.865,0.4,0.44,"basic_hp;basic_hp;basic_hp;basic_armor;basic_mr;basic_power;basic_hp;basic_armor;basic_as;basic_haste;basic_mr;basic_power"
109,0,434,151,58,bot0_4,Bruiser,0,FIGHTER,physical,8,3,20,9.33,18687,11643,7641,521,30,1.3,596,778,55,43,13,89,4789,661,388,47,0.892,1.1,1.52,"special_lifesteal;basic_power;basic_as;basic_hp;basic_armor;basic_power;basic_power;basic_as;basic_as;basic_power;basic_hp;basic_mr;basic_armor;basic_mr;basic_hp;basic_as"
109,0,434,151,58,bot1_4,Eggchanter,1,SUPPORT,magical,0,7,12,1.71,8974,4906,9755,4731,14.8,14.3,164,222,39,20,11,114,3064,423,331,103,0.762,0,0.5,"special_heal_power;basic_hp;basic_hp;basic_hp;basic_armor;basic_mr;basic_armor;basic_haste;basic_power;basic_hp"
110,0,316,151,18,bot0_1,Mage,0,MAGE,magical,6,1,17,23,15877,11029,4138,440,34.9,1.4,506,594,82,22,11,198,3673,698,316,0,1,1.1,2.67,"special_lifesteal;special_gw;basic_power;basic_hp;basic_haste;basic_power;basic_armor;basic_hp;basic_power;basic_hp;basic_haste"
110,0,316,151,18,bot1_1,Wanderer,1,SLAYER,physical,1,7,2,0.43,8475,5424,6987,177,21.8,0.7,431,816,12,13,8,4,2104,400,248,67,0.787,0.2,0.78,"special_lifesteal;basic_power;basic_power;basic_power;basic_as;basic_hp;basic_mr"
110,0,316,151,18,bot0_2,Jirina,0,FIGHTER,magical,5,0,17,22,13970,6587,6075,5543,20.9,17.6,326,391,46,21,11,72,3547,674,316,0,1,1,1.08,"special_gw;basic_hp;basic_power;basic_armor;basic_hp;basic_hp;basic_power;basic_armor;basic_mr;basic_mr;basic_haste;basic_armor"
110,0,316,151,18,bot1_2,Hana,1,TANK,magical,0,7,3,0.43,7751,5019,10534,0,20,0,322,652,8,31,8,102,1952,371,251,64,0.796,0,0.48,"basic_hp;basic_hp;basic_mr;basic_mr;basic_armor;basic_hp;basic_power"
110,0,316,151,18,bot0_3,Quiller,0,SLAYER,physical,8,2,15,11.5,17164,9371,4100,929,32.4,3.2,304,623,46,27,11,81,3856,733,289,26,0.916,1.5,2.29,"special_lifesteal;special_lifesteal;basic_power;basic_power;basic_as;basic_as;basic_hp;basic_power;basic_as;basic_hp;basic_armor;basic_mr"
110,0,316,151,18,bot1_3,Vanguard,1,FIGHTER,physical,0,5,3,0.6,7038,2555,8646,0,10.1,0,593,690,39,22,8,132,1982,377,253,62,0.802,0,0.3,"basic_hp;basic_hp;basic_mr;basic_mr;basic_armor;basic_power;basic_hp"
110,0,316,151,18,bot0_4,Healer,0,SUPPORT,magical,5,0,16,21,7074,5006,3723,5303,15.9,16.8,143,207,57,15,11,208,3533,671,316,0,1,1,1.34,"special_heal_power;basic_hp;basic_hp;basic_armor;basic_hp;basic_armor;basic_mr;basic_hp;basic_armor;basic_mr;basic_mr"
110,0,316,151,18,bot1_4,Eggchanter,1,SUPPORT,magical,2,5,1,0.6,4893,2959,8278,3112,11.8,12.4,138,206,22,11,8,56,2156,410,251,64,0.796,0.4,0.36,"special_gw;basic_hp;basic_hp;basic_hp;basic_mr;basic_power;basic_armor"
111,0,300,150,1,bot0_1,Healer,0,SUPPORT,magical,2,0,22,24,8498,5663,2252,3890,18.9,13,155,215,56,10,11,2,3327,665,300,0,1,0.4,2.51,"basic_hp;basic_hp;basic_hp;basic_mr;basic_armor;basic_haste;basic_hp;basic_mr;basic_mr;basic_armor;basic_haste;basic_armor"
111,0,300,150,1,bot1_1,Pyromancer,1,SLAYER,magical,1,8,0,0.13,8469,5206,7992,97,22.2,0.4,528,820,18,15,8,152,1952,390,234,66,0.781,0.2,0.65,"special_lifesteal;basic_power;basic_power;basic_hp;basic_armor;basic_haste"
111,0,300,150,1,bot0_2,Goliath,0,TANK,physical,3,0,25,28,9906,7025,5183,2380,23.4,7.9,482,532,38,22,11,133,3558,711,300,0,1,0.6,1.36,"basic_hp;basic_hp;basic_hp;basic_mr;basic_hp;basic_mr;basic_mr;basic_armor;basic_power;basic_hp;basic_armor;basic_mr"
111,0,300,150,1,bot1_2,Ironclad,1,TANK,physical,0,8,1,0.13,5646,3396,12924,0,14.9,0,410,511,19,13,7,51,1826,365,228,72,0.759,0,0.26,"basic_hp;basic_hp;basic_armor;basic_mr;basic_power;basic_as;basic_haste"
111,0,300,150,1,bot0_3,Lynx,0,SLAYER,physical,20,1,8,28,18307,12633,5150,496,44.2,1.7,575,917,55,40,12,194,4569,913,286,15,0.951,4,2.45,"special_lifesteal;basic_power;basic_as;basic_power;basic_hp;basic_power;basic_as;basic_mr;basic_power;basic_power;basic_armor;basic_as;basic_power;basic_power"
111,0,300,150,1,bot1_3,Zephyr,1,SPLITPUSHER,magical,0,9,1,0.11,7547,3990,10297,209,20.5,1.1,395,474,21,20,8,49,1874,374,195,105,0.649,0,0.39,"special_lifesteal;basic_power;basic_power;basic_hp;basic_armor;basic_hp"
111,0,300,150,1,bot0_4,Kratoma,0,SLAYER,physical,8,0,22,30,17397,12398,3703,517,41.3,1.7,369,736,25,28,11,120,3970,793,300,0,1,1.6,3.35,"special_lifesteal;basic_power;basic_power;basic_power;basic_as;basic_as;basic_power;basic_as;basic_hp;basic_mr;basic_hp;basic_hp;basic_mr"
111,0,300,150,1,bot1_4,Eggchanter,1,SUPPORT,magical,0,8,1,0.13,6201,2520,9510,2243,11.8,10.5,130,215,20,12,8,333,1883,376,214,87,0.711,0,0.26,"special_gw;basic_hp;basic_hp;basic_armor;basic_power"
112,0,352,151,24,bot0_1,Jailer,0,TANK,magical,6,2,18,12,19038,12456,10063,0,38.3,0,562,677,32,37,12,94,4069,693,325,27,0.922,1,1.24,"basic_hp;basic_hp;basic_mr;basic_mr;basic_hp;basic_hp;basic_mr;basic_armor;basic_hp;basic_haste;basic_power;basic_as;basic_hp;basic_armor"
112,0,352,151,24,bot1_1,Lynx,1,SLAYER,physical,3,7,5,1.14,11598,7560,7934,370,28.6,1.4,526,1087,40,34,9,38,2663,454,264,88,0.75,0.5,0.95,"special_lifesteal;basic_power;basic_power;basic_hp;basic_power;basic_as;basic_mr;basic_armor;basic_hp"
112,0,352,151,24,bot0_2,Doctor,0,SUPPORT,physical,4,1,15,19,7611,4787,8232,9855,14.2,29.3,205,301,20,23,11,220,3570,608,337,16,0.956,0.7,0.58,"basic_hp;basic_hp;basic_hp;basic_hp;basic_mr;basic_armor;basic_mr;basic_power;basic_as;basic_hp;basic_armor;basic_mr"
112,0,352,151,24,bot1_2,Hana,1,TANK,magical,2,5,5,1.4,9429,5915,10985,0,20.8,0,348,528,14,32,9,15,2540,433,284,68,0.806,0.3,0.54,"basic_hp;basic_hp;basic_hp;basic_hp;basic_mr;basic_armor;basic_armor;basic_hp;basic_haste"
112,0,352,151,24,bot0_3,Quiller,0,SLAYER,physical,9,4,12,5.25,23752,11019,6142,763,37.7,2.6,294,631,45,28,11,253,4028,686,293,60,0.831,1.5,1.79,"special_lifesteal;basic_power;basic_hp;basic_power;basic_as;basic_hp;basic_mr;basic_power;basic_as;basic_as;basic_hp;basic_armor;basic_mr"
112,0,352,151,24,bot1_3,Eggchanter,1,SUPPORT,magical,1,5,8,1.8,8707,4771,11936,6902,14.6,21.1,160,238,35,15,9,36,2561,436,328,24,0.931,0.2,0.4,"basic_hp;basic_hp;basic_hp;basic_armor;basic_mr;basic_hp;basic_armor;basic_hp;basic_power"
112,0,352,151,24,bot0_4,Pyromancer,0,SLAYER,magical,5,2,19,12,16873,8119,5076,259,25.1,0.8,689,856,34,29,12,130,3980,678,324,28,0.92,0.9,1.6,"special_lifesteal;basic_power;basic_hp;basic_power;basic_power;basic_hp;basic_hp;basic_mr;basic_haste;basic_armor;basic_power;basic_hp;basic_mr"
112,0,352,151,24,bot1_4,Tamer,1,MAGE,magical,3,7,5,1.14,12589,8435,8440,2184,31,8,267,447,35,12,9,77,2752,469,272,80,0.773,0.5,1,"special_lifesteal;basic_hp;basic_power;basic_hp;basic_haste;basic_mr;basic_armor;basic_hp;basic_hp"
113,1,499,116,150,bot0_1,Wanderer,0,SLAYER,physical,3,11,11,1.27,24628,17679,12336,424,51.4,1.2,822,1399,28,20,11,86,3561,428,344,155,0.689,0.4,1.43,"special_lifesteal;basic_power;basic_power;basic_power;basic_as;basic_as;basic_as;basic_hp;basic_armor;basic_mr;basic_hp;basic_mr"
113,1,499,116,150,bot1_1,Ironclad,1,TANK,physical,7,3,23,10,15915,10435,15369,0,22.6,0,466,614,53,42,14,143,5168,621,461,38,0.924,0.8,0.68,"basic_hp;basic_hp;basic_hp;basic_hp;basic_armor;basic_armor;basic_armor;basic_mr;basic_hp;basic_mr;basic_power;basic_hp;basic_hp;basic_as;basic_power;basic_mr;basic_armor"
113,1,499,116,150,bot0_2,Bruiser,0,FIGHTER,physical,5,8,10,1.88,13703,10532,15449,339,27.6,0.9,412,532,56,42,11,33,3783,455,381,118,0.764,0.6,0.68,"special_lifesteal;basic_power;basic_hp;basic_hp;basic_power;basic_hp;basic_as;basic_armor;basic_as;basic_mr;basic_power;basic_armor;basic_mr"
113,1,499,116,150,bot1_2,Jailer,1,TANK,magical,7,5,19,5.2,28043,15487,13092,0,33,0,587,959,51,55,14,204,5054,608,470,29,0.941,0.8,1.18,"special_gw;basic_hp;basic_hp;basic_hp;basic_armor;basic_armor;basic_mr;basic_power;basic_haste;basic_hp;basic_armor;basic_armor;basic_hp;basic_mr;basic_power;basic_hp"
113,1,499,116,150,bot0_3,Eggchanter,0,SUPPORT,magical,3,7,13,2.29,8837,5351,13931,7004,13.6,17.8,123,201,43,23,11,124,3699,445,393,106,0.787,0.4,0.38,"special_heal_power;basic_hp;basic_hp;basic_hp;basic_hp;basic_armor;basic_mr;basic_haste;basic_hp;basic_armor;basic_power;basic_mr"
113,1,499,116,150,bot1_3,Fusilier,1,SLAYER,physical,13,6,16,4.83,33523,20435,7717,825,49.3,2,471,873,62,24,14,189,5639,678,414,85,0.83,1.6,2.65,"special_lifesteal;basic_power;basic_power;basic_hp;basic_as;basic_hp;basic_as;basic_power;basic_armor;basic_mr;basic_as;basic_hp;basic_power;basic_as;basic_armor;basic_hp;basic_power;basic_as"
113,1,499,116,150,bot0_4,Vanguard,0,FIGHTER,physical,7,6,11,3,15687,10286,15203,225,25.6,0.6,448,533,59,35,11,317,4142,498,401,98,0.804,0.8,0.68,"basic_hp;basic_hp;basic_hp;basic_power;special_lifesteal;basic_power;basic_as;basic_as;basic_armor;basic_power;basic_mr;basic_hp;basic_as"
113,1,499,116,150,bot1_4,Healer,1,SUPPORT,magical,5,4,21,6.5,13151,8195,11267,12000,18.4,26.9,150,216,78,28,13,88,4663,561,445,54,0.893,0.6,0.73,"special_gw;basic_hp;basic_armor;basic_hp;basic_hp;basic_power;basic_hp;basic_mr;basic_armor;basic_armor;basic_hp;basic_haste;basic_hp;basic_armor;basic_mr"
114,0,322,150,41,bot0_1,Quiller,0,SLAYER,physical,11,1,14,25,22513,14633,2784,736,48,2.4,342,818,48,29,12,239,4114,766,305,18,0.946,2,5.26,"special_lifesteal;basic_power;basic_power;basic_power;basic_as;basic_as;basic_hp;basic_as;basic_mr;basic_armor;basic_power;basic_power;basic_hp"
114,0,322,150,41,bot1_1,Eggchanter,1,SUPPORT,magical,0,6,4,0.67,4932,2313,10826,4743,9.2,18.8,108,168,24,13,8,190,2115,394,252,70,0.782,0,0.21,"basic_hp;basic_hp;basic_hp;basic_hp;basic_mr;basic_armor;basic_armor"
114,0,322,150,41,bot0_2,Jailer,0,TANK,magical,5,1,17,22,10864,6559,4411,0,21.5,0,489,606,29,26,11,86,3611,672,306,17,0.949,0.9,1.49,"basic_hp;basic_hp;basic_hp;basic_mr;basic_hp;basic_mr;basic_armor;basic_haste;basic_power;basic_armor;basic_mr;basic_as;basic_haste"
114,0,322,150,41,bot1_2,Kratoma,1,SLAYER,physical,2,7,2,0.57,8174,5005,9244,188,20.5,0.8,250,574,15,15,9,144,2344,436,244,78,0.757,0.4,0.54,"special_lifesteal;basic_power;basic_power;basic_power;basic_power;basic_as;basic_as"
114,0,322,150,41,bot0_3,Bruiser,0,FIGHTER,physical,4,1,16,20,11579,5497,5355,0,18,0,405,568,52,32,11,18,3468,646,306,17,0.949,0.7,1.03,"basic_hp;basic_hp;basic_hp;basic_mr;basic_power;basic_armor;basic_mr;basic_power;basic_hp;basic_hp;basic_hp;basic_armor"
114,0,322,150,41,bot1_3,Zephyr,1,SPLITPUSHER,magical,1,7,2,0.43,5848,1893,8033,106,7.7,0.4,263,388,28,22,8,14,2114,394,246,76,0.764,0.2,0.24,"special_lifesteal;basic_power;basic_power;basic_hp;basic_power;basic_haste;basic_mr"
114,0,322,150,41,bot0_4,Mage,0,MAGE,magical,6,1,18,24,16351,9426,2837,531,30.9,1.7,424,519,66,25,12,241,3766,701,305,18,0.946,1.1,3.32,"special_lifesteal;basic_power;basic_power;basic_hp;basic_hp;basic_power;basic_hp;basic_power;basic_mr;basic_mr;basic_haste;basic_armor"
114,0,322,150,41,bot1_4,Jirina,1,FIGHTER,magical,1,6,3,0.67,8217,3558,10221,2611,13.5,9.9,383,435,29,13,8,374,2199,409,263,60,0.815,0.2,0.35,"special_lifesteal;basic_hp;basic_power;basic_hp;basic_mr;basic_power"
115,0,317,152,27,bot0_1,Healer,0,SUPPORT,magical,5,1,20,25,6645,5488,4789,4535,17.3,14.3,140,194,51,12,11,153,3653,691,317,0,1,0.9,1.15,"special_gw;basic_hp;basic_hp;basic_hp;basic_mr;basic_mr;basic_armor;basic_armor;basic_hp;basic_power;basic_haste;basic_power"
115,0,317,152,27,bot1_1,Bruiser,1,FIGHTER,physical,0,7,3,0.43,7001,3445,8729,0,15.2,0,379,600,32,28,8,185,1985,376,226,91,0.714,0,0.39,"special_gw;basic_hp;basic_mr;basic_hp;basic_power;basic_as"
115,0,317,152,27,bot0_2,Tamer,0,MAGE,magical,8,1,18,26,12715,10573,2663,3907,34.7,12.8,323,504,38,13,11,90,3965,750,304,13,0.96,1.5,3.97,"special_lifesteal;basic_power;basic_power;basic_hp;basic_mr;basic_hp;basic_hp;basic_power;basic_power;basic_hp;basic_haste;basic_haste;basic_mr"
115,0,317,152,27,bot1_2,Pyromancer,1,SLAYER,magical,1,6,2,0.5,8197,3276,6430,105,13.2,0.4,262,532,19,15,8,12,2112,400,249,68,0.785,0.2,0.51,"special_lifesteal;basic_power;basic_hp;basic_power;basic_haste;basic_mr;basic_power"
115,0,317,152,27,bot0_3,Jirina,0,FIGHTER,magical,4,0,19,23,14266,7211,5373,5118,22.7,16.1,322,413,56,22,11,107,3432,650,317,0,1,0.8,1.34,"basic_hp;basic_hp;basic_hp;basic_power;basic_hp;basic_mr;basic_hp;basic_power;basic_mr;basic_armor;basic_armor;basic_haste"
115,0,317,152,27,bot1_3,Hana,1,TANK,magical,2,7,1,0.43,8874,4744,13550,0,18.5,0,660,1015,11,28,8,114,2164,410,257,60,0.811,0.4,0.35,"basic_hp;basic_hp;basic_mr;basic_power;basic_mr;basic_haste;basic_as;basic_armor"
115,0,317,152,27,bot0_4,Mage,0,MAGE,magical,10,1,15,25,16646,11344,3806,371,35.8,1.2,582,703,86,21,11,272,4147,785,317,0,1,1.9,2.98,"special_lifesteal;basic_power;basic_power;basic_hp;basic_power;basic_haste;basic_hp;basic_hp;basic_mr;basic_power;basic_haste;basic_armor;basic_power"
115,0,317,152,27,bot1_4,Doctor,1,SUPPORT,physical,0,7,3,0.43,4203,2941,8811,2197,12.5,9.3,100,176,25,13,7,126,1926,364,235,82,0.742,0,0.33,"special_heal_power;basic_hp;basic_hp;basic_mr;basic_power;basic_as"
116,0,282,150,4,bot0_1,Ironclad,0,TANK,physical,4,0,10,14,4868,4529,4344,0,16.1,0,251,302,22,16,9,14,2764,588,282,0,1,0.9,1.04,"basic_hp;basic_hp;basic_hp;basic_mr;basic_armor;basic_as;basic_mr;basic_mr;basic_armor;basic_hp"
116,0,282,150,4,bot1_1,Goliath,1,TANK,physical,1,4,2,0.75,5523,3417,6555,506,14.7,2.2,286,399,28,12,7,66,1916,408,233,49,0.827,0.2,0.52,"basic_hp;basic_hp;special_gw;basic_armor;basic_mr;basic_hp"
116,0,282,150,4,bot0_2,Kratoma,0,SLAYER,physical,6,2,8,7,9161,5458,4111,247,21.4,1,304,446,20,20,9,13,2938,625,255,26,0.906,1.3,1.33,"special_lifesteal;special_gw;basic_power;basic_power;basic_hp;basic_as;basic_hp;basic_hp;basic_as"
116,0,282,150,4,bot1_2,Healer,1,SUPPORT,magical,0,5,4,0.8,4544,2582,6132,2375,11.7,10.7,139,199,27,13,7,108,1908,406,221,61,0.785,0,0.42,"special_gw;special_heal_power;basic_hp;basic_armor;basic_power"
116,0,282,150,4,bot0_3,Reaper,0,SPLITPUSHER,magical,6,2,7,6.5,11559,8361,4507,472,31.8,1.8,372,736,35,19,9,37,2937,625,263,19,0.932,1.3,1.86,"special_lifesteal;basic_power;basic_power;basic_hp;basic_power;basic_haste;basic_mr;basic_hp;basic_armor;basic_haste"
116,0,282,150,4,bot1_3,Jirina,1,FIGHTER,magical,1,4,3,1,6946,3966,6238,2199,16.6,9.2,425,603,19,11,8,101,2026,431,239,43,0.846,0.2,0.64,"special_lifesteal;basic_power;basic_power;basic_power;basic_hp;basic_power"
116,0,282,150,4,bot0_4,Doctor,0,SUPPORT,physical,1,0,13,14,4342,3815,4393,5599,13.5,19.9,127,211,10,14,9,48,2473,526,282,0,1,0.2,0.87,"basic_hp;basic_hp;special_gw;basic_mr;basic_mr;basic_hp;basic_mr;basic_armor"
116,0,282,150,4,bot1_4,Pyromancer,1,SLAYER,magical,2,4,2,1,11085,5716,6215,98,23.3,0.4,359,548,22,17,8,257,2132,454,246,36,0.872,0.4,0.92,"special_lifesteal;basic_power;basic_power;basic_hp;basic_hp;basic_hp"
117,1,329,11,151,bot0_1,Summoner,0,MAGE,magical,1,7,4,0.71,5736,2014,6359,87,8.2,0.4,161,233,30,14,8,224,2274,415,244,84,0.744,0.2,0.32,"special_lifesteal;basic_power;basic_hp;basic_power;basic_haste;basic_armor;basic_mr"
117,1,329,11,151,bot1_1,Goliath,1,TANK,physical,7,1,16,23,9500,6729,8342,2470,20.5,7.5,328,473,35,24,11,143,3818,697,329,0,1,1.3,0.81,"basic_hp;basic_hp;basic_hp;basic_mr;basic_hp;basic_mr;basic_mr;basic_armor;basic_as;basic_armor;basic_mr;basic_hp;basic_power"
117,1,329,11,151,bot0_2,Lynx,0,SLAYER,physical,3,7,2,0.71,7402,5799,6434,156,24.1,0.6,693,868,34,28,8,76,2426,443,240,88,0.731,0.5,0.9,"special_lifesteal;basic_power;basic_hp;basic_power;basic_as;basic_hp;basic_as;basic_armor"
117,1,329,11,151,bot1_2,Cleric,1,SUPPORT,magical,3,0,21,24,8317,5147,4892,9986,15.7,30.4,311,369,55,40,11,152,3477,635,329,0,1,0.5,1.05,"special_heal_power;basic_hp;basic_hp;basic_hp;basic_hp;basic_mr;basic_armor;basic_mr;basic_armor;basic_haste;basic_hp"
117,1,329,11,151,bot0_3,Jirina,0,FIGHTER,magical,1,5,4,1,8018,4895,9812,2458,18.3,9.2,359,493,28,15,9,149,2274,415,267,61,0.813,0.2,0.5,"special_lifesteal;basic_hp;basic_power;basic_hp;basic_power;basic_armor;basic_hp"
117,1,329,11,151,bot1_3,Zephyr,1,SPLITPUSHER,magical,7,2,16,11.5,12491,7437,6800,435,25,1.5,392,503,38,44,11,43,3818,697,297,31,0.905,1.3,1.09,"special_lifesteal;basic_power;basic_power;basic_hp;basic_hp;basic_mr;basic_mr;basic_haste;basic_power;basic_hp;basic_haste;basic_armor;basic_mr"
117,1,329,11,151,bot0_4,Hana,0,TANK,magical,0,7,5,0.71,9988,8087,10712,0,33.1,0,457,746,10,30,8,55,2180,398,244,85,0.742,0,0.75,"basic_hp;basic_hp;basic_armor;basic_mr;basic_hp;basic_armor;basic_mr;basic_haste"
117,1,329,11,151,bot1_4,Wanderer,1,SLAYER,physical,9,2,14,11.5,21545,12325,5814,536,41.3,1.8,805,1214,24,19,11,124,4074,744,299,30,0.908,1.6,2.12,"special_lifesteal;basic_power;basic_power;basic_power;basic_as;basic_as;basic_hp;basic_as;basic_power;basic_as;basic_mr;basic_power;basic_hp"
118,1,319,30,150,bot0_1,Hana,0,TANK,magical,0,6,9,1.5,7667,3864,11386,0,15.6,0,359,578,10,29,9,6,2356,443,247,72,0.775,0,0.34,"basic_hp;basic_hp;basic_hp;basic_mr;basic_mr;basic_armor;basic_haste;basic_power;basic_as"
118,1,319,30,150,bot1_1,Volstrov,1,MAGE,magical,11,1,10,21,19618,10074,6389,637,33.3,2.1,360,698,5,13,12,11,4186,787,303,17,0.948,2.1,1.58,"special_lifesteal;basic_power;basic_power;basic_hp;basic_hp;basic_hp;basic_mr;basic_power;basic_mr;basic_haste;basic_hp;basic_mr;basic_power;basic_haste"
118,1,319,30,150,bot0_2,Lynx,0,SLAYER,physical,4,6,5,1.5,14991,9340,8522,334,37.3,1.3,505,1051,42,34,10,233,2858,537,251,68,0.786,0.8,1.1,"special_lifesteal;basic_power;basic_hp;basic_as;basic_mr;basic_power;basic_armor;basic_hp;basic_power"
118,1,319,30,150,bot1_2,Kratoma,1,SLAYER,physical,5,2,16,10.5,15519,8780,6938,469,30.3,1.6,263,597,23,25,11,77,3577,673,290,29,0.908,0.9,1.27,"special_lifesteal;basic_power;basic_power;basic_hp;basic_hp;basic_as;basic_hp;basic_as;basic_mr;basic_armor;basic_power;basic_as"
118,1,319,30,150,bot0_3,Healer,0,SUPPORT,magical,3,7,6,1.29,6849,4036,9407,3011,16.5,12.3,156,214,35,14,9,76,2701,508,245,74,0.768,0.6,0.43,"basic_hp;basic_hp;basic_mr;basic_armor;basic_haste;basic_power;basic_as;basic_mr;basic_armor;basic_hp"
118,1,319,30,150,bot1_3,Cleric,1,SUPPORT,magical,4,2,16,10,8259,6445,6121,6646,22.3,23,359,417,45,41,10,23,3348,629,289,30,0.905,0.8,1.05,"basic_hp;basic_hp;basic_mr;basic_hp;basic_mr;basic_armor;basic_hp;basic_haste;basic_hp;basic_power;basic_as;basic_mr"
118,1,319,30,150,bot0_4,Summoner,0,MAGE,magical,2,5,7,1.8,8673,3571,6021,201,14,0.8,180,264,36,18,10,30,2655,499,256,63,0.801,0.4,0.59,"special_lifesteal;basic_power;basic_power;basic_hp;basic_haste;basic_mr;basic_armor;basic_power;basic_hp"
118,1,319,30,150,bot1_4,Jailer,1,TANK,magical,4,4,14,4.5,8866,6877,6999,0,25.2,0,453,571,22,21,10,191,3191,600,273,46,0.856,0.8,0.98,"special_gw;basic_hp;basic_hp;basic_mr;basic_hp;basic_mr;basic_armor;basic_mr;basic_power;basic_hp"
119,0,299,151,11,bot0_1,Eggchanter,0,SUPPORT,magical,4,1,17,21,6360,4266,2522,3572,14.3,11.9,146,225,34,17,10,167,3217,645,299,0,1,0.8,1.69,"basic_hp;basic_hp;basic_mr;basic_armor;basic_hp;basic_mr;basic_hp;basic_haste;basic_power;basic_armor;basic_hp"
119,0,299,151,11,bot1_1,Lynx,1,SLAYER,physical,1,6,0,0.17,6967,2840,5471,113,12.4,0.5,313,410,33,27,8,229,2054,412,230,70,0.767,0.2,0.52,"special_lifesteal;special_gw;basic_power;basic_hp;basic_power"
119,0,299,151,11,bot0_2,Reaper,0,SPLITPUSHER,magical,14,0,7,21,20499,13602,6316,770,45.4,2.6,760,1140,42,21,11,32,4032,808,299,0,1,2.8,2.15,"special_lifesteal;basic_power;basic_power;basic_power;basic_power;basic_hp;basic_hp;basic_haste;basic_power;basic_power;basic_mr;basic_hp;basic_haste"
119,0,299,151,11,bot1_2,Bruiser,1,FIGHTER,physical,0,4,2,0.5,5581,2869,7662,0,11.2,0,211,390,34,30,8,73,1998,400,257,42,0.858,0,0.37,"basic_hp;basic_hp;basic_hp;basic_hp;basic_power;basic_mr;basic_power"
119,0,299,151,11,bot0_3,Ironclad,0,TANK,physical,2,0,12,14,4074,3107,3765,0,10.4,0,327,533,27,13,9,254,2629,527,299,0,1,0.4,0.83,"basic_hp;basic_hp;basic_hp;basic_hp;basic_mr;basic_armor;basic_hp;basic_hp"
119,0,299,151,11,bot1_3,Cleric,1,SUPPORT,magical,1,7,1,0.29,6736,4180,8758,2205,19.9,10.5,326,381,26,23,8,208,2083,417,210,90,0.701,0.2,0.48,"special_gw;basic_hp;basic_hp;basic_hp;basic_mr;basic_mr"
119,0,299,151,11,bot0_4,Oracle,0,MAGE,physical,2,1,16,18,11473,6360,3228,0,22.4,0,358,506,22,20,10,270,2895,580,284,16,0.948,0.4,1.97,"special_gw;basic_hp;basic_power;basic_hp;basic_as;basic_mr;basic_power;basic_armor;basic_hp"
119,0,299,151,11,bot1_4,Reaper,1,SPLITPUSHER,magical,0,5,2,0.4,6975,3792,6743,128,15.5,0.5,472,762,20,10,8,415,1965,394,245,54,0.819,0,0.56,"special_lifesteal;basic_power;basic_power;basic_hp;basic_haste"
120,0,405,150,43,bot0_1,Hana,0,TANK,magical,3,2,19,11,11322,6861,9577,0,18.1,0,307,800,13,48,12,129,3804,564,380,25,0.937,0.4,0.72,"basic_hp;basic_hp;basic_hp;basic_hp;basic_armor;basic_hp;basic_armor;basic_mr;basic_mr;basic_armor;basic_haste;basic_mr;basic_haste"
120,0,405,150,43,bot1_1,Volstrov,1,MAGE,magical,3,8,5,1,14961,8732,10777,374,30.1,1.3,350,602,21,20,10,186,3061,453,290,115,0.717,0.4,0.81,"special_lifesteal;basic_power;basic_hp;basic_haste;basic_mr;basic_armor;basic_power;basic_hp;basic_mr;basic_haste"
120,0,405,150,43,bot0_2,Summoner,0,MAGE,magical,5,4,20,6.25,10354,7251,6703,298,20.6,0.8,235,316,55,27,12,200,4200,622,352,53,0.87,0.7,1.08,"special_lifesteal;basic_power;basic_hp;basic_power;basic_power;basic_hp;basic_power;basic_haste;basic_power;basic_haste;basic_hp;basic_armor;basic_power"
120,0,405,150,43,bot1_2,Kratoma,1,SLAYER,physical,2,8,4,0.75,14236,7285,9731,316,24.1,1,299,537,21,23,10,223,2848,422,302,103,0.745,0.3,0.75,"special_lifesteal;basic_power;basic_as;basic_hp;basic_power;basic_mr;basic_armor;basic_as;basic_power"
120,0,405,150,43,bot0_3,Doctor,0,SUPPORT,physical,8,1,14,22,10114,6928,7601,13559,17.7,34.6,493,589,24,31,13,252,4627,685,392,13,0.969,1.2,0.91,"basic_hp;basic_hp;basic_armor;basic_mr;basic_hp;basic_power;basic_hp;basic_as;basic_haste;basic_armor;basic_hp;basic_mr;basic_armor;basic_hp;basic_hp"
120,0,405,150,43,bot1_3,Eggchanter,1,SUPPORT,magical,1,5,7,1.6,9010,5297,11245,4985,16.1,15.2,151,246,38,20,10,168,2843,421,329,76,0.812,0.1,0.47,"basic_hp;basic_hp;basic_hp;basic_hp;basic_mr;basic_armor;basic_power;basic_haste;basic_as;basic_mr"
120,0,405,150,43,bot0_4,Vanguard,0,FIGHTER,physical,11,1,10,21,25602,11857,9386,499,29.3,1.2,672,898,58,45,13,74,4774,707,405,0,1,1.6,1.26,"basic_hp;basic_hp;basic_power;special_lifesteal;basic_as;basic_power;basic_as;basic_hp;basic_armor;basic_mr;basic_power;basic_hp;basic_power;basic_armor;basic_mr;basic_as"
120,0,405,150,43,bot1_4,Oracle,1,MAGE,physical,2,6,5,1.17,16870,7833,9718,456,22.5,1.3,467,593,22,23,11,52,2977,441,349,56,0.861,0.3,0.81,"special_lifesteal;basic_power;basic_as;basic_power;basic_power;basic_as;basic_hp;basic_mr;basic_as;basic_armor"
121,1,327,17,150,bot0_1,Ironclad,0,TANK,physical,2,5,6,1.6,5789,3929,11670,0,14.9,0,288,388,24,15,8,260,2435,446,263,64,0.803,0.4,0.34,"basic_hp;basic_hp;basic_hp;basic_mr;basic_hp;basic_armor;basic_power;basic_mr"
121,1,327,17,150,bot1_1,Hana,1,TANK,magical,5,1,17,22,14724,11502,5867,0,35.1,0,430,658,23,41,11,248,3548,650,327,0,1,0.9,1.96,"basic_hp;basic_hp;basic_hp;basic_hp;basic_mr;basic_mr;basic_armor;basic_armor;basic_power;basic_mr;basic_haste;basic_armor"
121,1,327,17,150,bot0_2,Jailer,0,TANK,magical,3,7,5,1.14,9620,5330,9605,0,22.6,0,542,658,22,20,9,267,2592,475,236,92,0.72,0.6,0.55,"special_gw;basic_hp;basic_mr;basic_power;basic_armor;basic_hp;basic_mr;basic_haste"
121,1,327,17,150,bot1_2,Pyromancer,1,SLAYER,magical,4,2,19,11.5,9738,6148,4398,192,20.7,0.6,373,637,25,20,10,146,3396,623,297,30,0.908,0.7,1.4,"special_lifesteal;basic_power;basic_power;basic_hp;basic_haste;basic_hp;basic_power;basic_mr;basic_armor;basic_hp;basic_hp"
121,1,327,17,150,bot0_3,Healer,0,SUPPORT,magical,2,7,6,1.14,6213,4056,10287,4108,16.6,16.8,169,200,36,18,9,161,2486,456,244,83,0.747,0.4,0.39,"special_gw;basic_hp;basic_mr;basic_hp;basic_power;basic_haste;basic_armor;basic_mr"
121,1,327,17,150,bot1_3,Vanguard,1,FIGHTER,physical,5,2,12,8.5,10766,6138,5471,0,18.8,0,454,574,42,29,10,266,3241,594,327,0,1,0.9,1.12,"basic_hp;basic_hp;basic_power;basic_power;basic_hp;basic_armor;basic_mr;basic_as;basic_mr;basic_hp;basic_armor"
121,1,327,17,150,bot0_4,Bruiser,0,FIGHTER,physical,1,5,7,1.6,6248,4364,8476,0,16.5,0,249,408,36,29,9,265,2365,434,265,62,0.809,0.2,0.51,"basic_hp;basic_hp;basic_hp;basic_mr;basic_power;basic_mr;basic_as;basic_armor"
121,1,327,17,150,bot1_4,Tamer,1,MAGE,magical,10,3,14,8,19504,15134,4313,3477,53.4,12.3,369,666,43,13,11,210,4085,749,283,44,0.866,1.8,3.51,"special_lifesteal;basic_hp;basic_hp;basic_power;basic_haste;basic_hp;basic_hp;basic_mr;basic_armor;basic_power;basic_hp;basic_power;basic_haste"
122,0,294,150,21,bot0_1,Jirina,0,FIGHTER,magical,2,1,22,24,9923,5995,3935,3863,21.1,13.6,308,408,34,11,11,40,3240,662,284,10,0.967,0.4,1.52,"special_lifesteal;basic_hp;basic_power;basic_power;basic_mr;basic_haste;basic_hp;basic_hp;basic_mr;basic_armor;basic_power"
122,0,294,150,21,bot1_1,Bruiser,1,FIGHTER,physical,0,6,3,0.5,6733,2791,9126,226,13,1,230,359,28,24,8,104,1904,389,215,78,0.734,0,0.31,"special_lifesteal;basic_power;basic_power;basic_as;basic_hp;basic_mr"
122,0,294,150,21,bot0_2,Reaper,0,SPLITPUSHER,magical,8,1,14,22,15735,9952,4380,598,35.2,2.1,439,882,41,21,11,187,3712,759,283,11,0.963,1.6,2.27,"special_lifesteal;basic_power;basic_power;basic_power;basic_hp;basic_hp;basic_mr;basic_haste;basic_armor;basic_power;basic_haste;basic_hp"
122,0,294,150,21,bot1_2,Tamer,1,MAGE,magical,3,7,2,0.71,7592,4631,7325,1536,22.7,7.5,283,371,20,8,9,54,2379,486,204,90,0.694,0.6,0.63,"special_lifesteal;basic_hp;basic_hp;basic_power;basic_mr;basic_haste;basic_armor;basic_power"
122,0,294,150,21,bot0_3,Cleric,0,SUPPORT,magical,1,2,18,9.5,5505,2921,4241,3026,10.8,11.2,312,370,34,31,10,102,2827,578,271,22,0.924,0.2,0.69,"basic_hp;basic_hp;basic_hp;basic_mr;basic_armor;basic_hp;basic_mr;basic_mr;basic_haste;basic_power"
122,0,294,150,21,bot1_3,Zephyr,1,SPLITPUSHER,magical,1,5,2,0.6,6010,2558,7431,186,11,0.8,327,437,27,24,8,214,2014,412,232,61,0.791,0.2,0.34,"special_lifesteal;basic_power;basic_power;basic_hp;basic_mr;basic_haste"
122,0,294,150,21,bot0_4,Lynx,0,SLAYER,physical,15,2,10,12.5,19179,13543,4901,557,49.6,2,671,1078,57,37,11,253,4253,869,273,21,0.93,3.1,2.76,"special_lifesteal;basic_power;basic_power;basic_power;basic_as;basic_power;basic_as;basic_hp;basic_mr;basic_as;basic_power;basic_power;basic_hp"
122,0,294,150,21,bot1_4,Jailer,1,TANK,magical,2,8,4,0.75,8015,6107,11192,0,30.5,0,437,593,19,18,8,203,2278,466,200,93,0.682,0.4,0.55,"basic_hp;basic_hp;basic_hp;basic_mr;basic_armor;basic_power;basic_haste;basic_as"
123,0,535,150,147,bot0_1,Lynx,0,SLAYER,physical,13,8,10,2.88,21861,16154,10250,551,39.6,1.4,536,958,66,60,13,67,5267,590,407,128,0.761,1.5,1.58,"special_lifesteal;basic_power;basic_as;basic_power;basic_power;basic_as;basic_hp;basic_armor;basic_power;basic_mr;basic_as;basic_power;basic_hp;basic_power;basic_power;basic_armor;basic_mr"
123,0,535,150,147,bot1_1,Ironclad,1,TANK,physical,5,5,22,5.4,12074,8614,20381,0,18.1,0,363,459,48,38,13,216,4716,528,475,61,0.887,0.6,0.42,"basic_hp;basic_hp;basic_hp;basic_armor;basic_mr;basic_as;basic_hp;basic_hp;basic_armor;basic_hp;basic_mr;basic_armor;basic_armor;basic_mr;basic_hp"
123,0,535,150,147,bot0_2,Healer,0,SUPPORT,magical,2,6,23,4.17,12315,7527,11032,5693,16.9,12.7,165,217,67,19,13,221,4396,493,447,89,0.834,0.2,0.68,"basic_hp;basic_hp;basic_armor;basic_power;basic_mr;basic_armor;basic_hp;basic_hp;basic_armor;basic_haste;basic_as;basic_mr;basic_mr;basic_hp;basic_power"
123,0,535,150,147,bot1_2,Vanguard,1,FIGHTER,physical,5,6,20,4.17,17034,9948,15370,0,22.6,0,482,630,84,43,13,26,4576,513,441,95,0.823,0.6,0.65,"basic_hp;basic_hp;basic_hp;basic_power;basic_armor;basic_mr;basic_power;basic_armor;basic_as;basic_haste;basic_hp;basic_hp;basic_armor;basic_mr;basic_power;basic_hp"
123,0,535,150,147,bot0_3,Fusilier,0,SLAYER,physical,9,7,15,3.43,30550,19058,9606,775,39.1,1.6,395,720,77,22,13,7,5007,561,488,48,0.911,1,1.98,"special_lifesteal;basic_power;basic_hp;basic_as;basic_power;basic_armor;basic_power;basic_as;basic_hp;basic_mr;basic_power;basic_armor;basic_as;basic_hp;basic_armor;basic_mr;basic_as"
123,0,535,150,147,bot1_3,Kratoma,1,SLAYER,physical,5,8,18,2.88,18975,9996,11447,512,24,1.2,270,559,30,29,13,172,4522,507,417,118,0.78,0.6,0.87,"special_lifesteal;basic_power;basic_hp;basic_power;basic_as;basic_hp;basic_as;basic_armor;basic_armor;basic_power;basic_hp;basic_mr;basic_as;basic_armor;basic_mr"
123,0,535,150,147,bot0_4,Hana,0,TANK,magical,2,6,21,3.83,18104,11066,16215,0,23.9,0,548,663,24,66,13,157,4332,485,463,72,0.865,0.2,0.68,"basic_hp;basic_hp;basic_armor;basic_hp;basic_armor;basic_mr;basic_armor;basic_haste;basic_mr;basic_haste;basic_power;basic_as;basic_hp;basic_hp;basic_mr"
123,0,535,150,147,bot1_4,Mage,1,MAGE,magical,12,7,13,3.57,26374,14713,9768,575,35.3,1.4,486,708,94,31,14,11,5436,609,416,119,0.778,1.3,1.51,"special_lifesteal;basic_power;basic_hp;basic_power;basic_power;basic_hp;basic_haste;basic_hp;basic_armor;basic_power;basic_mr;basic_armor;basic_hp;basic_power;basic_haste;basic_armor;basic_haste;basic_hp"
124,0,247,152,1,bot0_1,Healer,0,SUPPORT,magical,6,0,15,21,6003,5486,2269,2192,22.3,8.9,157,218,44,9,10,31,3181,774,247,0,1,1.5,2.42,"basic_hp;basic_hp;basic_mr;basic_hp;basic_hp;basic_armor;basic_hp;basic_haste;basic_power;basic_mr;basic_hp"
124,0,247,152,1,bot1_1,Doctor,1,SUPPORT,physical,0,6,1,0.17,2728,2208,7718,1433,11.1,7.2,169,256,15,8,7,66,1616,393,199,48,0.806,0,0.29,"basic_hp;basic_hp;basic_armor;basic_armor;basic_mr;basic_power"
124,0,247,152,1,bot0_2,Wanderer,0,SLAYER,physical,3,1,12,15,11025,6595,3820,256,28.3,1.1,514,881,15,15,9,228,2578,628,233,14,0.945,0.7,1.73,"special_lifesteal;basic_power;basic_power;basic_hp;basic_as;basic_mr;basic_hp;basic_as"
124,0,247,152,1,bot1_2,Pyromancer,1,SLAYER,magical,1,6,0,0.17,5156,2824,5302,60,15.6,0.3,231,369,16,12,6,59,1659,404,181,65,0.735,0.2,0.53,"special_lifesteal;basic_power;basic_power;basic_power;basic_hp"
124,0,247,152,1,bot0_3,Jirina,0,FIGHTER,magical,2,0,14,16,8042,5323,3267,2915,21.6,11.8,288,347,31,11,9,196,2546,620,247,0,1,0.5,1.63,"special_lifesteal;basic_power;basic_hp;basic_mr;basic_power;basic_hp;basic_mr;basic_haste"
124,0,247,152,1,bot1_3,Volstrov,1,MAGE,magical,0,6,1,0.17,7028,3085,6859,142,15.4,0.7,252,378,16,13,8,170,1745,425,201,46,0.814,0,0.45,"special_lifesteal;basic_power;basic_hp;basic_power;basic_hp"
124,0,247,152,1,bot0_4,Oracle,0,MAGE,physical,12,0,7,19,9436,7612,1641,159,30.9,0.6,236,420,19,18,10,105,3380,823,247,0,1,2.9,4.64,"special_lifesteal;basic_power;basic_power;basic_as;basic_hp;basic_power;basic_as;basic_power;basic_as;basic_mr;basic_hp"
124,0,247,152,1,bot1_4,Vanguard,1,FIGHTER,physical,0,5,1,0.2,3837,1535,7034,0,7.3,0,264,308,32,13,6,268,1568,382,211,35,0.857,0,0.22,"special_gw;basic_hp;basic_hp;basic_power"
125,0,329,152,4,bot0_1,Cleric,0,SUPPORT,magical,5,0,19,24,8850,6953,2280,5258,21.2,16,366,425,48,44,12,213,3813,696,329,0,1,0.9,3.05,"special_gw;basic_hp;basic_hp;basic_hp;basic_hp;basic_armor;basic_power;basic_armor;basic_mr;basic_haste;basic_hp;basic_armor"
125,0,329,152,4,bot1_1,Eggchanter,1,SUPPORT,magical,1,7,3,0.57,4951,2678,9640,1860,11.1,7.7,123,207,20,11,8,69,2194,400,241,88,0.733,0.2,0.28,"basic_hp;basic_hp;basic_hp;basic_mr;basic_armor;basic_mr;basic_haste;basic_armor"
125,0,329,152,4,bot0_2,Volstrov,0,MAGE,magical,7,1,15,22,13196,8558,4658,397,27.2,1.3,328,509,12,12,11,220,3820,697,314,15,0.955,1.3,1.84,"special_lifesteal;basic_power;basic_hp;basic_power;basic_power;basic_hp;basic_hp;basic_armor;basic_armor;basic_hp;basic_power;basic_haste"
125,0,329,152,4,bot1_2,Wanderer,1,SLAYER,physical,1,6,3,0.67,12570,6997,6279,203,27.9,0.8,722,1212,15,15,9,212,2287,417,251,78,0.762,0.2,1.11,"special_lifesteal;basic_power;basic_power;basic_as;basic_as;basic_hp;basic_mr"
125,0,329,152,4,bot0_3,Kratoma,0,SLAYER,physical,9,2,13,11,15979,8073,5731,395,27.1,1.3,274,601,24,21,12,293,4068,742,298,31,0.905,1.6,1.41,"special_lifesteal;basic_power;basic_power;basic_hp;basic_as;basic_hp;basic_power;basic_as;basic_hp;basic_armor;basic_as;basic_mr;basic_armor"
125,0,329,152,4,bot1_3,Goliath,1,TANK,physical,2,5,2,0.8,5548,3528,9871,974,13.4,3.7,377,678,31,15,8,104,2279,416,263,65,0.801,0.4,0.36,"basic_hp;basic_hp;basic_hp;basic_hp;basic_mr;basic_armor;basic_mr;basic_as"
125,0,329,152,4,bot0_4,Ironclad,0,TANK,physical,4,1,17,21,9365,5711,7639,0,18.1,0,293,393,34,23,11,181,3506,640,315,14,0.958,0.7,0.75,"basic_hp;basic_hp;basic_armor;basic_hp;basic_armor;basic_mr;basic_as;basic_power;basic_haste;basic_hp;basic_armor;basic_hp"
125,0,329,152,4,bot1_4,Quiller,1,SLAYER,physical,0,7,4,0.57,9637,5183,5939,204,21.5,0.8,218,416,29,19,9,143,2193,400,241,88,0.733,0,0.87,"special_lifesteal;basic_power;basic_as;basic_hp;basic_power;basic_mr;basic_armor"
126,0,329,152,5,bot0_1,Reaper,0,SPLITPUSHER,magical,9,2,12,10.5,15434,11723,5556,517,38.8,1.7,630,1120,45,24,11,62,3812,696,302,26,0.92,1.6,2.11,"special_lifesteal;basic_power;basic_power;basic_hp;basic_power;basic_hp;basic_power;basic_haste;basic_power;basic_hp;basic_power;basic_haste"
126,0,329,152,5,bot1_1,Goliath,1,TANK,physical,0,6,5,0.83,8267,6017,11728,1186,24,4.7,273,418,28,18,8,41,2141,391,251,78,0.763,0,0.51,"basic_hp;basic_hp;basic_hp;basic_mr;basic_armor;basic_mr;basic_as;basic_power"
126,0,329,152,5,bot0_2,Healer,0,SUPPORT,magical,3,0,16,19,10142,7035,4689,7534,21.4,22.9,162,208,64,18,10,106,3131,571,329,0,1,0.5,1.5,"basic_hp;basic_hp;basic_hp;basic_armor;basic_armor;basic_haste;basic_power;basic_armor;basic_hp;basic_haste;basic_power"
126,0,329,152,5,bot1_2,Doctor,1,SUPPORT,physical,1,6,4,0.83,5349,3383,8916,4030,13.4,16,285,361,17,14,8,99,2199,401,252,77,0.766,0.2,0.38,"special_heal_power;basic_hp;basic_hp;basic_mr;basic_armor;basic_mr;basic_armor"
126,0,329,152,5,bot0_3,Oracle,0,MAGE,physical,7,1,16,23,12350,8577,6279,0,27.4,0,439,553,25,23,11,138,3738,682,313,16,0.953,1.3,1.37,"special_gw;basic_hp;basic_hp;basic_hp;basic_armor;basic_armor;basic_power;basic_hp;basic_as;basic_armor;basic_mr;basic_hp"
126,0,329,152,5,bot1_3,Quiller,1,SLAYER,physical,3,6,2,0.83,13274,6180,5744,434,24.8,1.7,263,471,34,24,9,183,2558,467,250,79,0.759,0.5,1.08,"special_lifesteal;special_lifesteal;basic_power;basic_power;basic_as;basic_hp;basic_mr"
126,0,329,152,5,bot0_4,Jailer,0,TANK,magical,5,2,17,11,15523,10956,6968,0,36.2,0,400,521,34,33,10,70,3445,629,302,26,0.92,0.9,1.57,"basic_hp;basic_hp;basic_armor;basic_hp;basic_haste;basic_armor;basic_armor;basic_power;basic_haste;basic_hp;basic_armor;basic_haste"
126,0,329,152,5,bot1_4,Ironclad,1,TANK,physical,1,6,4,0.83,7950,6155,13405,0,24.6,0,387,512,24,19,8,112,2262,413,250,79,0.761,0.2,0.46,"basic_hp;basic_hp;basic_hp;basic_hp;basic_mr;basic_armor;basic_power;basic_as"
127,0,252,150,6,bot0_1,Bruiser,0,FIGHTER,physical,3,2,12,7.5,9558,6326,4483,346,25.1,1.4,306,448,36,27,9,169,2594,617,252,0,1,0.7,1.41,"special_lifesteal;basic_power;basic_power;basic_hp;basic_as;basic_hp;basic_hp;basic_power"
127,0,252,150,6,bot1_1,Goliath,1,TANK,physical,2,6,2,0.67,4429,2704,9765,730,14.2,3.8,292,398,22,12,7,43,1943,462,190,62,0.754,0.5,0.28,"basic_hp;basic_hp;basic_hp;basic_hp;basic_mr;basic_armor;basic_as"
127,0,252,150,6,bot0_2,Lynx,0,SLAYER,physical,10,2,4,7,10771,7880,3686,0,33.1,0,473,731,41,31,9,203,3253,773,238,15,0.942,2.4,2.14,"special_gw;basic_hp;basic_hp;basic_hp;basic_power;basic_power;basic_hp;basic_mr;basic_hp;basic_armor"
127,0,252,150,6,bot1_2,Jirina,1,FIGHTER,magical,2,4,4,1.5,7691,4185,7058,1037,20.2,5,352,451,22,7,8,175,2100,499,207,46,0.819,0.5,0.59,"basic_hp;basic_hp;basic_hp;basic_hp;basic_power;basic_power;basic_mr"
127,0,252,150,6,bot0_3,Mage,0,MAGE,magical,6,1,12,18,11976,8791,1956,343,37.1,1.4,560,704,52,17,10,133,3108,739,237,16,0.938,1.4,4.49,"special_lifesteal;basic_power;basic_power;basic_power;basic_hp;basic_haste;basic_hp;basic_power;basic_haste;basic_mr"
127,0,252,150,6,bot1_3,Vanguard,1,FIGHTER,physical,0,4,6,1.5,7214,3381,7903,0,16,0,393,536,32,17,8,97,1972,469,211,41,0.838,0,0.43,"basic_hp;basic_hp;basic_hp;basic_mr;basic_armor;basic_mr;basic_armor"
127,0,252,150,6,bot0_4,Hana,0,TANK,magical,0,1,16,16,7830,6956,5317,0,27.6,0,375,633,14,30,8,90,2365,562,252,0,1,0,1.31,"basic_hp;basic_hp;basic_mr;basic_hp;basic_armor;basic_hp;basic_hp;basic_mr"
127,0,252,150,6,bot1_4,Healer,1,SUPPORT,magical,2,5,3,1,4979,3362,8004,4133,17.6,21.6,130,190,26,15,8,215,2065,491,191,61,0.757,0.5,0.42,"special_gw;basic_hp;basic_mr;basic_hp;basic_armor;basic_hp"
128,1,319,4,150,bot0_1,Cleric,0,SUPPORT,magical,0,6,4,0.67,8506,4860,10333,2338,19.2,9.2,245,307,35,29,9,373,2273,428,254,65,0.795,0,0.47,"basic_hp;basic_hp;basic_hp;basic_mr;basic_armor;basic_hp;basic_haste"
128,1,319,4,150,bot1_1,Mage,1,MAGE,magical,8,2,18,13,17631,11868,3760,367,41.1,1.3,577,978,69,20,11,157,4007,754,289,30,0.905,1.5,3.16,"special_lifesteal;basic_power;basic_power;basic_hp;basic_power;basic_hp;basic_haste;basic_haste;basic_armor;basic_hp;basic_power;basic_mr;basic_hp"
128,1,319,4,150,bot0_2,Tamer,0,MAGE,magical,3,7,1,0.57,12203,5452,5955,2935,23.4,12.6,228,394,24,14,10,43,2668,502,233,86,0.731,0.6,0.92,"special_lifesteal;basic_power;basic_hp;basic_haste;basic_mr;basic_armor;basic_power;basic_power;basic_hp"
128,1,319,4,150,bot1_2,Wanderer,1,SLAYER,physical,9,1,13,22,24336,12483,7469,668,40.9,2.2,598,1023,30,20,11,95,3870,728,305,14,0.957,1.7,1.67,"special_lifesteal;basic_power;basic_power;basic_hp;basic_power;basic_hp;basic_as;basic_as;basic_hp;basic_armor;basic_as;basic_mr;basic_armor"
128,1,319,4,150,bot0_3,Ironclad,0,TANK,physical,0,5,4,0.8,5460,2438,12460,0,9.6,0,157,240,18,16,8,48,2123,399,255,64,0.798,0,0.2,"basic_hp;basic_hp;basic_hp;basic_mr;basic_armor;basic_power;basic_as;basic_haste"
128,1,319,4,150,bot1_3,Eggchanter,1,SUPPORT,magical,5,0,21,26,6737,4943,8326,10118,15.5,31.7,135,202,41,21,11,114,3689,694,319,0,1,0.9,0.59,"special_heal_power;basic_hp;basic_hp;basic_hp;basic_mr;basic_armor;basic_mr;basic_armor;basic_hp;basic_haste;basic_mr;basic_armor"
128,1,319,4,150,bot0_4,Fusilier,0,SLAYER,physical,1,10,3,0.4,12132,7950,8604,297,35.6,1.3,376,635,27,13,9,198,2298,432,223,96,0.7,0.2,0.92,"special_lifesteal;basic_power;basic_as;basic_power;basic_power;basic_hp;basic_mr"
128,1,319,4,150,bot1_4,Pyromancer,1,SLAYER,magical,6,1,16,22,12852,6467,3669,286,21.2,0.9,535,751,29,22,11,4,3579,673,305,14,0.957,1.1,1.76,"special_lifesteal;basic_power;basic_power;basic_power;basic_power;basic_hp;basic_hp;basic_haste;basic_hp;basic_armor;basic_haste;basic_haste"
129,0,258,152,12,bot0_1,Doctor,0,SUPPORT,physical,3,0,16,19,5048,4131,3897,7507,16,29.1,170,295,13,17,9,206,2881,669,258,0,1,0.7,1.06,"special_gw;basic_hp;basic_hp;basic_hp;basic_mr;basic_armor;basic_power;basic_as;basic_hp"
129,0,258,152,12,bot1_1,Goliath,1,TANK,physical,0,5,0,0,4790,2544,7386,700,12.7,3.5,318,371,24,13,6,229,1554,361,201,58,0.777,0,0.34,"basic_hp;basic_hp;basic_hp;basic_mr;basic_armor"
129,0,258,152,12,bot0_2,Volstrov,0,MAGE,magical,3,0,9,12,9210,4671,1950,291,18.1,1.1,258,548,3,4,9,162,2537,589,258,0,1,0.7,2.4,"special_lifesteal;basic_power;basic_power;basic_hp;basic_hp;basic_haste;basic_hp;basic_mr"
129,0,258,152,12,bot1_2,Healer,1,SUPPORT,magical,0,6,0,0,4494,2228,7011,1207,10.6,5.7,132,190,25,13,7,114,1689,392,210,48,0.814,0,0.32,"basic_hp;basic_hp;basic_mr;basic_armor;basic_hp;basic_haste"
129,0,258,152,12,bot0_3,Lynx,0,SLAYER,physical,15,0,5,20,15191,13207,4151,0,51.1,0,535,991,56,35,10,150,3750,871,258,0,1,3.5,3.18,"special_gw;basic_hp;basic_power;basic_hp;basic_hp;basic_power;basic_mr;basic_hp;basic_armor;basic_as;basic_hp;basic_power"
129,0,258,152,12,bot1_3,Bruiser,1,FIGHTER,physical,0,5,0,0,4021,2667,6080,85,13.2,0.4,280,475,25,24,6,34,1584,368,202,56,0.781,0,0.44,"special_lifesteal;basic_power;basic_as;basic_power;basic_hp"
129,0,258,152,12,bot0_4,Pyromancer,0,SLAYER,magical,1,0,17,18,8971,5225,1738,168,20.2,0.7,302,547,23,17,9,243,2618,608,258,0,1,0.2,3.01,"special_lifesteal;basic_power;basic_power;basic_hp;basic_haste;basic_mr;basic_hp;basic_power"
129,0,258,152,12,bot1_4,Hana,1,TANK,magical,0,6,0,0,4667,2702,8431,0,13.7,0,207,427,3,25,7,14,1614,375,197,61,0.764,0,0.32,"basic_hp;basic_hp;basic_hp;basic_mr;basic_armor;basic_mr"
130,1,258,2,152,bot0_1,Quiller,0,SLAYER,physical,0,5,2,0.4,10788,3328,3977,263,16.1,1.3,257,506,22,16,7,163,1738,404,207,51,0.801,0,0.84,"special_lifesteal;basic_power;basic_power;basic_as;basic_as"
130,1,258,2,152,bot1_1,Pyromancer,1,SLAYER,magical,5,0,13,18,8961,4813,2638,121,18.6,0.5,282,490,25,18,10,146,3096,719,258,0,1,1.2,1.82,"special_lifesteal;basic_power;basic_hp;basic_power;basic_haste;basic_hp;basic_power;basic_hp;basic_haste;basic_armor"
130,1,258,2,152,bot0_2,Jailer,0,TANK,magical,1,5,1,0.4,4494,3290,7217,0,16.7,0,324,431,17,9,7,127,1802,419,197,61,0.762,0.2,0.46,"special_gw;basic_hp;basic_hp;basic_hp;basic_hp"
130,1,258,2,152,bot1_2,Mage,1,MAGE,magical,4,0,15,19,12389,7688,2573,371,29.8,1.4,361,453,59,20,10,42,2992,695,258,0,1,0.9,2.99,"special_lifesteal;basic_power;basic_power;basic_hp;basic_haste;basic_armor;basic_hp;basic_hp;basic_power;basic_armor"
130,1,258,2,152,bot0_3,Cleric,0,SUPPORT,magical,0,6,1,0.17,5462,4482,8644,2119,23.6,11.1,326,384,25,19,7,123,1673,389,190,68,0.736,0,0.52,"basic_hp;basic_hp;basic_mr;basic_armor;basic_haste;basic_mr"
130,1,258,2,152,bot1_3,Lynx,1,SLAYER,physical,8,2,10,9,9993,6424,4403,333,27.4,1.4,407,671,44,31,10,100,3300,767,235,23,0.909,1.9,1.46,"special_lifesteal;basic_power;basic_power;basic_hp;basic_power;basic_hp;basic_as;basic_armor;basic_hp;basic_mr;basic_as"
130,1,258,2,152,bot0_4,Wanderer,0,SLAYER,physical,1,5,1,0.4,7143,2859,5019,99,14.5,0.5,329,606,12,9,7,34,1859,432,197,61,0.762,0.2,0.57,"special_lifesteal;basic_power;basic_hp;basic_power;basic_hp;basic_as"
130,1,258,2,152,bot1_4,Doctor,1,SUPPORT,physical,4,0,13,17,5628,4794,5881,8030,18.6,31.1,251,336,19,19,9,168,2868,666,258,0,1,0.9,0.82,"special_heal_power;basic_hp;basic_armor;basic_hp;basic_hp;basic_mr;basic_hp;basic_armor;basic_power"
131,1,252,4,152,bot0_1,Healer,0,SUPPORT,magical,0,5,4,0.8,4847,1922,5936,1511,9.9,7.8,125,185,23,10,8,23,1848,439,194,59,0.768,0,0.32,"special_gw;basic_hp;basic_mr;basic_hp;basic_mr;basic_power"
131,1,252,4,152,bot1_1,Jailer,1,TANK,magical,3,2,8,5.5,7637,4013,3991,0,16.7,0,309,420,22,19,9,14,2464,586,240,13,0.95,0.7,1.01,"basic_hp;basic_hp;basic_hp;basic_armor;basic_mr;basic_haste;basic_armor;basic_hp;basic_mr"
131,1,252,4,152,bot0_2,Kratoma,0,SLAYER,physical,1,4,2,0.75,12127,3684,5681,231,18.4,1.2,287,450,15,14,8,168,2018,480,201,52,0.795,0.2,0.65,"special_lifesteal;basic_power;basic_as;basic_power;basic_power;basic_hp"
131,1,252,4,152,bot1_2,Healer,1,SUPPORT,magical,4,0,13,17,6646,5397,3083,3496,21.4,13.9,140,202,42,12,9,183,2833,673,252,0,1,1,1.75,"basic_hp;basic_hp;basic_hp;basic_armor;basic_armor;basic_armor;basic_hp;basic_armor;basic_hp"
131,1,252,4,152,bot0_3,Bruiser,0,FIGHTER,physical,3,4,1,1,5120,2160,6192,255,10.5,1.2,157,290,26,23,8,228,2103,500,207,46,0.818,0.7,0.35,"special_lifesteal;special_lifesteal;basic_power;basic_power;basic_hp"
131,1,252,4,152,bot1_3,Summoner,1,MAGE,magical,6,1,11,17,7294,4428,2845,221,17.5,0.9,205,293,41,19,9,20,3045,724,252,0,1,1.4,1.56,"special_lifesteal;basic_power;basic_hp;basic_power;basic_power;basic_power;basic_haste;basic_hp;basic_haste;basic_hp"
131,1,252,4,152,bot0_4,Ironclad,0,TANK,physical,0,5,1,0.2,4753,1998,9090,0,10,0,231,283,17,11,8,180,1755,417,201,52,0.795,0,0.22,"basic_hp;basic_hp;basic_mr;basic_mr;basic_power;basic_power"
131,1,252,4,152,bot1_4,Volstrov,1,MAGE,magical,5,1,8,13,7265,3721,2150,436,15.5,1.8,194,421,5,11,9,24,2724,647,240,13,0.95,1.2,1.73,"special_lifesteal;special_lifesteal;basic_power;basic_hp;basic_power;basic_hp;basic_power;basic_armor"
132,1,340,45,150,bot0_1,Pyromancer,0,SLAYER,magical,1,6,6,1.17,8695,3477,6347,186,13.5,0.7,310,544,22,15,9,246,2421,427,258,82,0.759,0.2,0.55,"special_lifesteal;special_lifesteal;basic_power;basic_power;basic_power;basic_hp"
132,1,340,45,150,bot1_1,Fusilier,1,SLAYER,physical,8,2,12,10,16600,10071,3630,450,32.4,1.4,345,796,44,14,11,42,3842,677,311,29,0.914,1.4,2.77,"special_lifesteal;basic_power;basic_power;basic_power;basic_power;basic_as;basic_as;basic_as;basic_hp;basic_power;basic_power;basic_as"
132,1,340,45,150,bot0_2,Quiller,0,SLAYER,physical,3,4,6,2.25,16144,6224,5738,434,21.8,1.5,290,582,35,24,10,240,2865,505,286,55,0.839,0.5,1.08,"special_lifesteal;basic_power;basic_power;basic_hp;basic_power;basic_as;basic_armor;basic_mr;basic_hp"
132,1,340,45,150,bot1_2,Oracle,1,MAGE,physical,5,3,16,7,13622,8638,5094,0,28.2,0,450,596,25,21,11,168,3618,638,306,34,0.9,0.9,1.7,"special_gw;basic_hp;basic_hp;basic_power;basic_mr;basic_as;basic_power;basic_hp;basic_armor;basic_mr;basic_as;basic_armor"
132,1,340,45,150,bot0_3,Hana,0,TANK,magical,1,7,6,1,5531,3527,12195,0,13.7,0,295,727,14,29,9,47,2397,422,257,84,0.755,0.2,0.29,"basic_hp;basic_hp;basic_hp;basic_armor;basic_mr;basic_haste;basic_armor;basic_power;basic_as"
132,1,340,45,150,bot1_3,Reaper,1,SPLITPUSHER,magical,6,1,13,19,12739,7754,3980,476,23.6,1.4,322,576,40,21,11,245,3520,620,329,12,0.966,1.1,1.95,"special_lifesteal;basic_power;basic_hp;basic_haste;basic_power;basic_hp;basic_power;basic_power;basic_mr;basic_hp;basic_haste"
132,1,340,45,150,bot0_4,Healer,0,SUPPORT,magical,4,6,5,1.5,5603,3565,9152,2293,14,9,172,202,36,17,10,178,2853,503,255,86,0.748,0.7,0.39,"basic_hp;basic_hp;basic_armor;special_heal_power;basic_hp;basic_mr;basic_haste;basic_power;basic_hp"
132,1,340,45,150,bot1_4,Bruiser,1,FIGHTER,physical,4,3,15,6.33,9347,4321,6547,0,14.2,0,256,383,50,30,10,215,3290,580,303,37,0.891,0.7,0.66,"special_gw;basic_hp;basic_power;basic_hp;basic_mr;basic_hp;basic_hp;basic_mr;basic_hp;basic_power"
133,0,334,151,23,bot0_1,Oracle,0,MAGE,physical,8,1,13,21,13619,9244,3316,301,27.7,0.9,554,702,24,25,11,188,3763,676,334,0,1,1.4,2.79,"special_lifesteal;basic_hp;basic_power;basic_as;basic_power;basic_hp;basic_armor;basic_as;basic_hp;basic_power;basic_as;basic_hp"
133,0,334,151,23,bot1_1,Quiller,1,SLAYER,physical,3,7,3,0.86,12317,8484,8322,325,35.9,1.4,278,470,29,18,9,129,2504,450,236,98,0.708,0.5,1.02,"special_lifesteal;basic_power;basic_power;basic_power;basic_as;basic_hp;basic_as;basic_armor"
133,0,334,151,23,bot0_2,Cleric,0,SUPPORT,magical,3,2,18,10.5,8801,7433,5795,4874,23.7,15.6,326,392,52,45,10,9,3259,586,313,21,0.939,0.5,1.28,"basic_hp;basic_hp;basic_armor;basic_mr;basic_hp;basic_haste;basic_power;basic_hp;basic_armor;basic_mr;basic_as;basic_armor"
133,0,334,151,23,bot1_2,Vanguard,1,FIGHTER,physical,0,4,5,1.25,8626,4008,9443,0,14.3,0,326,455,43,26,8,221,2121,381,280,54,0.839,0,0.42,"basic_hp;basic_hp;basic_hp;basic_armor;basic_hp;basic_mr;basic_power"
133,0,334,151,23,bot0_3,Ironclad,0,TANK,physical,6,1,15,21,6429,4984,5120,0,15.4,0,333,378,38,19,10,25,3550,638,323,11,0.968,1.1,0.97,"basic_hp;basic_hp;basic_hp;basic_armor;basic_mr;basic_hp;basic_armor;basic_power;basic_as;basic_mr;basic_armor;basic_haste;basic_power"
133,0,334,151,23,bot1_3,Jirina,1,FIGHTER,magical,2,5,2,0.8,5517,4244,9179,1963,15.2,7,339,412,19,8,8,140,2265,407,279,54,0.837,0.4,0.46,"basic_hp;basic_hp;special_lifesteal;basic_power;basic_armor;basic_power;basic_hp"
133,0,334,151,23,bot0_4,Wanderer,0,SLAYER,physical,4,2,16,10,19796,12603,6993,505,40.2,1.6,676,1625,24,18,10,25,3225,580,314,20,0.94,0.7,1.8,"special_lifesteal;special_gw;basic_power;basic_hp;basic_power;basic_hp;basic_as;basic_armor;basic_hp;basic_power"
133,0,334,151,23,bot1_4,Doctor,1,SUPPORT,physical,1,5,5,1.2,4552,3110,9280,3588,10.6,12.2,224,308,24,14,8,93,2268,408,294,40,0.88,0.2,0.34,"basic_hp;basic_hp;basic_hp;basic_hp;basic_armor;basic_mr;basic_power;basic_armor"
134,0,299,151,17,bot0_1,Goliath,0,TANK,physical,5,2,11,8,6917,5123,5577,1266,18.5,4.6,265,369,36,16,10,348,3098,621,277,22,0.925,1,0.92,"basic_hp;basic_hp;special_gw;basic_mr;basic_hp;basic_mr;basic_hp;basic_armor;basic_mr"
134,0,299,151,17,bot1_1,Jailer,1,TANK,magical,3,4,1,1,7539,4736,7237,0,19.2,0,566,637,23,17,9,130,2355,472,247,53,0.824,0.6,0.65,"basic_hp;basic_hp;basic_hp;basic_mr;basic_mr;basic_mr;basic_armor;basic_hp"
134,0,299,151,17,bot0_2,Zephyr,0,SPLITPUSHER,magical,6,1,8,14,15186,8207,6164,397,27.4,1.3,645,771,34,43,10,45,3120,625,299,0,1,1.2,1.33,"special_lifesteal;basic_power;basic_hp;basic_power;basic_power;basic_power;basic_hp;basic_power;basic_haste;basic_haste"
134,0,299,151,17,bot1_2,Tamer,1,MAGE,magical,1,7,5,0.86,8642,5458,6112,1264,25.1,5.8,424,602,22,7,9,167,2267,454,217,82,0.725,0.2,0.89,"special_lifesteal;basic_power;basic_power;basic_hp;basic_power;basic_mr;basic_haste"
134,0,299,151,17,bot0_3,Reaper,0,SPLITPUSHER,magical,4,2,11,7.5,16052,8412,5394,630,30.8,2.3,767,1085,42,21,9,140,2940,589,273,26,0.912,0.8,1.56,"special_lifesteal;basic_power;basic_power;basic_power;basic_hp;basic_haste;basic_power;basic_hp;basic_power"
134,0,299,151,17,bot1_3,Vanguard,1,FIGHTER,physical,1,4,4,1.25,11103,4828,9032,0,19.5,0,755,927,33,24,8,12,2187,438,248,52,0.828,0.2,0.53,"basic_hp;basic_hp;basic_hp;basic_hp;basic_power;basic_mr;basic_armor;basic_mr"
134,0,299,151,17,bot0_4,Doctor,0,SUPPORT,physical,4,3,15,6.33,5772,5085,7058,6756,19,25.3,143,256,9,18,10,155,3130,627,267,32,0.893,0.8,0.72,"basic_hp;basic_hp;basic_mr;basic_armor;basic_mr;basic_hp;basic_mr;basic_armor;basic_power;basic_as;basic_armor"
134,0,299,151,17,bot1_4,Cleric,1,SUPPORT,magical,3,4,5,2,8250,6306,7566,3165,25.8,12.9,305,365,36,31,9,88,2513,504,245,55,0.818,0.6,0.83,"basic_hp;basic_hp;basic_hp;basic_mr;basic_armor;basic_haste;basic_hp;basic_power;basic_mr"
135,0,476,150,122,bot0_1,Reaper,0,SPLITPUSHER,magical,7,6,21,4.67,21302,14853,10096,698,39,1.8,1030,1155,53,29,13,265,4665,589,381,95,0.801,0.9,1.47,"special_lifesteal;basic_power;basic_hp;basic_haste;basic_power;basic_armor;basic_mr;basic_power;basic_power;basic_hp;basic_hp;basic_haste;basic_armor;basic_mr;basic_hp"
135,0,476,150,122,bot1_1,Oracle,1,MAGE,physical,5,7,15,2.86,16743,10117,10431,356,26.9,0.9,412,518,26,22,12,272,4047,511,376,100,0.791,0.6,0.97,"special_lifesteal;basic_power;basic_hp;basic_power;basic_power;basic_as;basic_mr;basic_hp;basic_armor;basic_as;basic_as;basic_hp;basic_mr"
135,0,476,150,122,bot0_2,Ironclad,0,TANK,physical,7,4,14,5.25,12629,8356,14745,0,20.2,0,472,603,44,34,12,101,4376,552,414,61,0.871,0.9,0.57,"basic_hp;basic_hp;basic_hp;basic_armor;basic_mr;basic_armor;basic_hp;basic_mr;basic_hp;basic_as;basic_armor;basic_hp;basic_power;basic_as;basic_power"
135,0,476,150,122,bot1_2,Lynx,1,SLAYER,physical,3,9,18,2.33,19158,11186,12320,441,32.3,1.3,472,700,49,46,12,238,4038,509,347,129,0.729,0.4,0.91,"special_lifesteal;basic_power;basic_power;basic_hp;basic_hp;basic_power;basic_as;basic_mr;basic_hp;basic_as;basic_armor;basic_hp;basic_mr"
135,0,476,150,122,bot0_3,Wanderer,0,SLAYER,physical,9,7,18,3.86,26874,16767,10493,547,45.2,1.5,904,1374,26,19,13,30,4880,616,371,104,0.781,1.1,1.6,"special_lifesteal;basic_power;basic_power;basic_power;basic_as;basic_as;basic_hp;basic_as;basic_armor;basic_hp;basic_mr;basic_hp;basic_power;basic_power;basic_as;basic_as"
135,0,476,150,122,bot1_3,Vanguard,1,FIGHTER,physical,6,7,12,2.57,15502,7651,15344,0,20.2,0,300,428,56,36,12,205,4205,531,379,96,0.797,0.8,0.5,"basic_hp;basic_hp;basic_hp;basic_power;basic_hp;basic_mr;basic_hp;basic_hp;basic_mr;basic_power;basic_mr;basic_armor;basic_armor;basic_as"
135,0,476,150,122,bot0_4,Summoner,0,MAGE,magical,7,5,20,5.4,11493,6852,7728,344,17.5,0.9,210,287,60,34,13,310,4735,597,392,84,0.824,0.9,0.89,"special_lifesteal;basic_power;basic_hp;basic_power;basic_haste;basic_power;basic_power;basic_hp;basic_armor;basic_mr;basic_hp;basic_haste;basic_armor;basic_mr;basic_power"
135,0,476,150,122,bot1_4,Hana,1,TANK,magical,8,7,13,3,18729,11060,17127,0,25.7,0,579,904,25,50,13,68,4618,583,430,46,0.904,1,0.65,"basic_hp;basic_hp;basic_hp;basic_hp;basic_mr;basic_armor;basic_mr;basic_power;basic_armor;basic_hp;basic_haste;basic_power;basic_as;basic_hp;basic_mr;basic_armor"
136,1,329,5,151,bot0_1,Ironclad,0,TANK,physical,0,6,4,0.67,5230,3503,12187,0,13.8,0,332,525,23,14,8,235,2060,376,254,75,0.771,0,0.29,"basic_hp;basic_hp;basic_hp;basic_mr;basic_armor;basic_power;basic_as"
136,1,329,5,151,bot1_1,Doctor,1,SUPPORT,physical,3,2,19,11,7598,6943,8376,7873,22,25,317,445,25,24,10,77,3277,598,315,14,0.958,0.5,0.83,"basic_hp;basic_hp;basic_hp;basic_mr;basic_armor;basic_power;basic_armor;basic_as;basic_mr;basic_power;basic_mr;basic_haste"
136,1,329,5,151,bot0_2,Cleric,0,SUPPORT,magical,1,5,4,1,7109,5293,8340,2825,20,10.7,302,361,37,28,8,83,2183,398,264,64,0.804,0.2,0.63,"special_gw;basic_hp;basic_armor;basic_mr;basic_hp;basic_power;basic_hp"
136,1,329,5,151,bot1_2,Quiller,1,SLAYER,physical,13,1,11,24,17524,14571,3528,416,45.7,1.3,315,579,52,27,11,85,4210,768,319,10,0.97,2.4,4.13,"special_lifesteal;basic_power;basic_as;basic_power;basic_as;basic_power;basic_hp;basic_power;basic_armor;basic_hp;basic_mr;basic_armor;basic_as;basic_as"
136,1,329,5,151,bot0_3,Jailer,0,TANK,magical,3,6,1,0.67,7760,3059,9107,0,11.1,0,301,428,27,20,9,90,2465,450,275,54,0.837,0.5,0.34,"basic_hp;basic_hp;basic_hp;basic_mr;basic_armor;basic_haste;basic_mr;basic_armor;basic_power"
136,1,329,5,151,bot1_3,Mage,1,MAGE,magical,1,1,18,19,15328,8750,3715,272,27.8,0.9,618,694,77,24,10,269,2894,528,315,14,0.958,0.2,2.36,"special_lifesteal;basic_power;basic_hp;basic_haste;basic_mr;basic_power;basic_armor;basic_hp;basic_hp"
136,1,329,5,151,bot0_4,Lynx,0,SLAYER,physical,1,7,4,0.71,7798,5625,8098,211,23.4,0.9,451,602,29,30,8,158,2258,412,240,89,0.73,0.2,0.69,"special_lifesteal;basic_power;basic_power;basic_as;basic_power;basic_hp;basic_mr"
136,1,329,5,151,bot1_4,Volstrov,1,MAGE,magical,7,1,10,17,7747,5635,2697,432,17.8,1.4,290,454,6,10,10,114,3389,618,316,13,0.962,1.3,2.09,"special_lifesteal;special_lifesteal;basic_power;basic_hp;basic_haste;basic_power;basic_mr;basic_power;basic_power;basic_hp"
137,1,223,0,150,bot0_1,Zephyr,0,SPLITPUSHER,magical,0,6,0,0,4232,1644,6469,99,9.2,0.6,381,498,18,16,6,137,1437,386,178,45,0.799,0,0.25,"special_lifesteal;basic_power;basic_power;basic_hp"
137,1,223,0,150,bot1_1,Hana,1,TANK,magical,3,0,17,20,6703,5629,3814,0,25.2,0,346,555,14,27,9,37,2762,743,223,0,1,0.8,1.48,"basic_hp;basic_hp;basic_hp;basic_mr;basic_armor;basic_haste;basic_hp;basic_mr;basic_armor;basic_haste"
137,1,223,0,150,bot0_2,Doctor,0,SUPPORT,physical,0,6,0,0,2999,1837,7432,2257,11.4,14.1,111,194,14,9,6,154,1479,398,161,62,0.72,0,0.25,"basic_hp;basic_hp;basic_hp;basic_mr;basic_armor"
137,1,223,0,150,bot1_2,Tamer,1,MAGE,magical,3,0,15,18,8599,5759,917,1980,25.8,8.9,310,540,24,8,9,105,2655,714,223,0,1,0.8,6.28,"special_lifesteal;basic_hp;basic_power;basic_hp;basic_hp;basic_power;basic_hp;basic_hp"
137,1,223,0,150,bot0_3,Bruiser,0,FIGHTER,physical,0,5,0,0,3618,2354,6158,0,14.3,0,220,334,23,20,6,173,1473,396,165,58,0.741,0,0.38,"special_gw;basic_hp;basic_hp;basic_power"
137,1,223,0,150,bot1_3,Quiller,1,SLAYER,physical,7,0,8,15,13975,3884,1539,877,17.4,3.9,217,495,34,19,9,224,2974,800,223,0,1,1.9,2.52,"special_lifesteal;special_lifesteal;basic_power;basic_power;basic_power;basic_as;basic_as;basic_as"
137,1,223,0,150,bot0_4,Pyromancer,0,SLAYER,magical,0,6,0,0,4216,1822,4978,47,11.5,0.3,319,453,11,7,6,180,1455,391,159,64,0.713,0,0.37,"special_lifesteal;basic_power;basic_hp;basic_mr"
137,1,223,0,150,bot1_4,Reaper,1,SPLITPUSHER,magical,10,0,12,22,10565,8409,2732,387,37.7,1.7,784,1307,26,13,10,91,3291,885,223,0,1,2.7,3.08,"special_lifesteal;basic_power;basic_hp;basic_power;basic_hp;basic_haste;basic_mr;basic_armor;basic_hp;basic_power;basic_haste"
138,0,323,152,49,bot0_1,Hana,0,TANK,magical,2,1,19,21,8937,5239,4456,0,16.7,0,527,661,5,38,11,124,3224,599,313,10,0.97,0.4,1.18,"basic_hp;basic_hp;basic_hp;basic_mr;basic_mr;basic_hp;basic_armor;basic_mr;basic_hp;basic_armor;basic_power"
138,0,323,152,49,bot1_1,Pyromancer,1,SLAYER,magical,0,7,1,0.14,8835,3860,6481,113,16.4,0.5,447,581,21,17,8,107,1907,354,235,88,0.728,0,0.6,"special_lifesteal;basic_power;basic_power;basic_hp;basic_haste;basic_mr"
138,0,323,152,49,bot0_2,Doctor,0,SUPPORT,physical,3,0,19,22,5460,4443,5712,9264,13.8,28.7,120,206,19,20,11,175,3400,632,323,0,1,0.6,0.78,"basic_hp;basic_hp;basic_hp;basic_mr;basic_mr;basic_mr;basic_hp;basic_hp;basic_hp;basic_armor;basic_armor"
138,0,323,152,49,bot1_2,Eggchanter,1,SUPPORT,magical,1,6,0,0.17,4621,2389,7873,1267,9.8,5.2,128,214,22,13,8,210,2035,378,245,78,0.758,0.2,0.3,"basic_hp;basic_hp;basic_mr;basic_armor;basic_haste;basic_hp;basic_power"
138,0,323,152,49,bot0_3,Jirina,0,FIGHTER,magical,8,0,14,22,14300,7259,4108,2723,22.5,8.4,654,832,46,11,11,225,3750,697,323,0,1,1.5,1.77,"special_lifesteal;basic_power;basic_power;basic_hp;basic_power;basic_haste;basic_hp;basic_mr;basic_armor;basic_power;basic_hp;basic_haste"
138,0,323,152,49,bot1_3,Mage,1,MAGE,magical,0,7,0,0,8230,6114,6792,128,25.5,0.5,527,712,35,18,7,54,1854,344,240,83,0.743,0,0.9,"special_lifesteal;basic_power;basic_hp;basic_mr;basic_power;basic_haste"
138,0,323,152,49,bot0_4,Reaper,0,SPLITPUSHER,magical,13,0,13,26,19634,13536,5025,716,41.9,2.2,536,928,51,26,11,35,4185,778,323,0,1,2.4,2.69,"special_lifesteal;basic_power;basic_power;basic_hp;basic_hp;basic_hp;basic_mr;basic_mr;basic_power;basic_haste;basic_mr;basic_power;basic_hp;basic_armor"
138,0,323,152,49,bot1_4,Goliath,1,TANK,physical,0,6,0,0,6128,3765,12273,1160,14.6,4.5,343,475,28,17,7,93,1768,328,257,65,0.797,0,0.31,"basic_hp;basic_hp;basic_hp;basic_mr;basic_mr;basic_hp"
139,1,258,0,151,bot0_1,Ironclad,0,TANK,physical,0,4,0,0,5084,1558,8869,0,7.3,0,263,267,20,14,7,54,1729,402,213,46,0.823,0,0.18,"basic_hp;basic_hp;basic_hp;basic_mr;basic_mr;basic_hp"
139,1,258,0,151,bot1_1,Oracle,1,MAGE,physical,6,0,12,18,11203,8083,1414,304,31.3,1.2,273,442,19,20,9,74,3074,714,258,0,1,1.4,5.72,"special_lifesteal;basic_power;basic_as;basic_power;basic_as;basic_hp;basic_power;basic_mr;basic_power;basic_as"
139,1,258,0,151,bot0_2,Healer,0,SUPPORT,magical,0,6,0,0,4892,2078,7962,2064,10.5,10.5,152,187,26,14,8,213,1813,421,197,61,0.765,0,0.26,"special_heal_power;basic_hp;basic_hp;basic_hp;basic_mr"
139,1,258,0,151,bot1_2,Pyromancer,1,SLAYER,magical,4,0,14,18,8274,5525,2249,126,21.4,0.5,492,668,20,16,9,257,2882,670,258,0,1,0.9,2.46,"special_lifesteal;basic_power;basic_power;basic_hp;basic_haste;basic_power;basic_mr;basic_armor;basic_hp"
139,1,258,0,151,bot0_3,Bruiser,0,FIGHTER,physical,0,4,0,0,4879,1639,5919,79,7.6,0.4,226,352,23,25,7,179,1729,402,217,42,0.839,0,0.28,"special_lifesteal;basic_power;basic_hp;basic_power;basic_as"
139,1,258,0,151,bot1_3,Summoner,1,MAGE,magical,7,0,10,17,8455,5856,1901,307,22.7,1.2,204,286,42,20,9,158,3133,728,258,0,1,1.6,3.08,"special_lifesteal;basic_power;basic_power;basic_power;basic_power;special_gw;basic_hp;basic_hp;basic_haste"
139,1,258,0,151,bot0_4,Jailer,0,TANK,magical,0,5,0,0,6995,1719,7062,0,7.8,0,551,551,17,14,8,214,1789,416,220,38,0.853,0,0.24,"basic_hp;basic_hp;basic_hp;basic_mr;basic_armor;basic_power"
139,1,258,0,151,bot1_4,Eggchanter,1,SUPPORT,magical,2,0,17,19,4055,3596,2983,5028,13.9,19.5,123,170,29,15,9,30,2705,628,258,0,1,0.5,1.21,"special_gw;basic_hp;basic_hp;basic_hp;basic_mr;basic_armor;basic_power;basic_hp;basic_haste"
140,1,311,31,150,bot0_1,Goliath,0,TANK,physical,2,7,5,1,6422,4173,9539,721,18.2,3.1,319,367,28,13,8,15,2365,456,229,82,0.737,0.4,0.44,"basic_hp;basic_hp;basic_mr;basic_armor;basic_power;basic_as;basic_hp;basic_haste;basic_mr"
140,1,311,31,150,bot1_1,Healer,1,SUPPORT,magical,6,1,16,22,7779,5355,4378,5878,18.2,20,176,211,43,11,11,70,3595,693,295,17,0.947,1.2,1.22,"basic_hp;basic_armor;basic_hp;basic_power;basic_haste;basic_mr;basic_armor;basic_as;basic_armor;basic_power;basic_hp;basic_armor;basic_haste"
140,1,311,31,150,bot0_2,Ironclad,0,TANK,physical,1,5,6,1.4,7442,4658,11043,0,18.8,0,406,547,22,15,9,214,2364,456,248,63,0.796,0.2,0.42,"basic_hp;basic_hp;basic_hp;basic_mr;basic_armor;basic_power;basic_mr;basic_mr"
140,1,311,31,150,bot1_2,Tamer,1,MAGE,magical,9,3,12,7,14534,8963,5945,3300,33.5,12.4,298,521,36,11,11,51,3851,743,267,44,0.859,1.7,1.51,"special_lifesteal;basic_hp;basic_power;basic_hp;basic_hp;basic_armor;basic_armor;basic_power;basic_haste;basic_mr;basic_hp;basic_armor;basic_haste"
140,1,311,31,150,bot0_3,Fusilier,0,SLAYER,physical,2,8,4,0.75,16710,6545,7283,381,27.4,1.6,348,623,35,14,9,9,2384,460,239,72,0.769,0.4,0.9,"special_lifesteal;basic_power;basic_power;basic_power;basic_as;basic_hp;basic_as;basic_mr"
140,1,311,31,150,bot1_3,Wanderer,1,SLAYER,physical,6,1,16,22,17424,12270,5872,410,41.7,1.4,733,1341,24,15,11,84,3559,686,295,17,0.947,1.2,2.09,"special_lifesteal;basic_power;basic_hp;basic_as;special_gw;basic_power;basic_hp;basic_power;basic_armor;basic_as;basic_hp"
140,1,311,31,150,bot0_4,Vanguard,0,FIGHTER,physical,2,5,5,1.4,8252,4601,8687,0,18.2,0,401,593,39,20,9,27,2377,458,253,58,0.812,0.4,0.53,"basic_hp;basic_hp;basic_mr;basic_hp;basic_armor;basic_mr;basic_as;basic_power;basic_haste"
140,1,311,31,150,bot1_4,Jailer,1,TANK,magical,4,2,17,10.5,11741,8315,5723,0,29.4,0,468,712,27,28,10,77,3327,642,283,28,0.909,0.8,1.45,"basic_hp;basic_hp;basic_hp;basic_armor;basic_power;basic_armor;basic_armor;basic_power;basic_haste;basic_as;basic_haste;basic_power"
141,0,335,151,63,bot0_1,Doctor,0,SUPPORT,physical,2,2,16,9,6948,5732,7417,8501,18.2,27.1,221,307,24,25,10,22,3072,551,314,21,0.939,0.4,0.77,"basic_hp;basic_hp;basic_mr;basic_armor;basic_mr;basic_power;basic_armor;basic_hp;basic_mr;basic_hp;basic_armor"
141,0,335,151,63,bot1_1,Cleric,1,SUPPORT,magical,2,5,3,1,8496,6227,8913,3338,23.5,12.6,312,372,39,35,9,311,2411,432,265,69,0.793,0.4,0.7,"special_heal_power;basic_hp;basic_hp;basic_armor;basic_hp;basic_mr;basic_haste"
141,0,335,151,63,bot0_2,Jirina,0,FIGHTER,magical,10,1,8,18,11390,7162,5202,3357,21.4,10,364,472,41,11,11,266,3816,684,335,0,1,1.8,1.38,"special_lifesteal;basic_power;basic_hp;basic_power;basic_power;basic_hp;basic_power;basic_hp;basic_haste;basic_mr;basic_haste;basic_mr"
141,0,335,151,63,bot1_2,Reaper,1,SPLITPUSHER,magical,2,6,3,0.83,12725,7258,8695,371,27.9,1.4,750,996,33,17,8,162,2362,423,260,75,0.776,0.4,0.83,"special_lifesteal;basic_power;basic_power;basic_hp;basic_power;basic_power;basic_hp"
141,0,335,151,63,bot0_3,Vanguard,0,FIGHTER,physical,6,1,15,21,15805,9143,6654,0,28.2,0,475,632,43,36,10,264,3539,634,324,11,0.968,1.1,1.37,"basic_hp;basic_hp;basic_hp;basic_mr;basic_mr;basic_power;basic_as;basic_hp;basic_mr;basic_power;basic_as;basic_armor"
141,0,335,151,63,bot1_3,Goliath,1,TANK,physical,1,5,2,0.6,5685,3001,9085,882,11.1,3.3,298,418,34,13,8,329,2129,382,270,64,0.808,0.2,0.33,"basic_hp;basic_hp;basic_armor;basic_armor;basic_mr;basic_power;basic_as"
141,0,335,151,63,bot0_4,Kratoma,0,SLAYER,physical,4,1,16,20,14813,8086,4904,533,24.2,1.6,322,576,27,27,11,200,3375,605,335,0,1,0.7,1.65,"special_lifesteal;basic_power;basic_hp;basic_as;basic_mr;basic_armor;basic_power;basic_hp;basic_as;basic_power;basic_mr"
141,0,335,151,63,bot1_4,Pyromancer,1,SLAYER,magical,0,6,5,0.83,9936,4155,7310,183,16,0.7,488,559,22,17,8,139,2189,392,260,75,0.777,0,0.57,"special_lifesteal;basic_power;basic_hp;basic_power;basic_haste;basic_armor;basic_mr"
142,0,299,151,4,bot0_1,Ironclad,0,TANK,physical,3,0,15,18,7306,5021,4132,0,16.8,0,280,370,35,25,9,97,2947,591,299,0,1,0.6,1.22,"basic_hp;basic_hp;basic_hp;basic_hp;basic_armor;basic_armor;basic_mr;basic_mr;basic_armor;basic_hp"
142,0,299,151,4,bot1_1,Kratoma,1,SLAYER,physical,0,6,2,0.33,7767,4075,6358,192,18,0.8,268,544,16,15,7,117,1892,379,227,73,0.757,0,0.64,"special_lifesteal;basic_power;basic_as;basic_hp;basic_armor;basic_haste"
142,0,299,151,4,bot0_2,Bruiser,0,FIGHTER,physical,9,1,10,19,13364,10060,5362,492,35.1,1.7,353,560,51,30,10,27,3652,732,287,13,0.958,1.8,1.88,"special_lifesteal;basic_power;basic_as;basic_power;basic_hp;basic_power;basic_power;basic_as;basic_as;basic_hp;basic_power;basic_armor"
142,0,299,151,4,bot1_2,Goliath,1,TANK,physical,0,4,3,0.75,4836,2566,7388,530,10.4,2.1,309,439,30,11,8,72,1972,395,247,53,0.824,0,0.35,"basic_hp;basic_hp;basic_hp;basic_armor;basic_power;basic_armor;basic_armor"
142,0,299,151,4,bot0_3,Doctor,0,SUPPORT,physical,2,2,14,8,6782,4709,6721,6282,16.9,22.6,184,264,15,21,9,300,2750,551,278,21,0.928,0.4,0.7,"special_gw;basic_hp;basic_hp;basic_hp;basic_armor;basic_mr;basic_armor;basic_hp"
142,0,299,151,4,bot1_3,Cleric,1,SUPPORT,magical,2,5,2,0.8,7103,4670,7905,3033,19.6,12.7,371,405,29,23,8,89,2189,439,239,61,0.797,0.4,0.59,"basic_hp;basic_hp;basic_hp;basic_armor;basic_haste;basic_power;basic_armor;basic_as"
142,0,299,151,4,bot0_4,Quiller,0,SLAYER,physical,6,1,12,18,13997,8551,3825,508,29.8,1.8,256,490,40,23,10,42,3217,645,287,13,0.958,1.2,2.24,"special_lifesteal;special_gw;basic_power;basic_power;basic_hp;basic_hp;basic_as;basic_as;basic_power;basic_armor"
142,0,299,151,4,bot1_4,Vanguard,1,FIGHTER,physical,2,5,2,0.8,9796,5508,9363,0,20.4,0,519,737,41,23,8,51,2201,441,270,30,0.901,0.4,0.59,"basic_hp;basic_hp;basic_armor;basic_armor;basic_hp;basic_power;basic_as;basic_armor"
143,0,247,150,13,bot0_1,Doctor,0,SUPPORT,physical,2,0,12,14,4844,3683,4722,7322,14.9,29.7,220,312,14,15,9,123,2573,626,247,0,1,0.5,0.78,"basic_hp;basic_hp;basic_hp;basic_hp;basic_mr;basic_mr;basic_armor;basic_power;basic_armor"
143,0,247,150,13,bot1_1,Zephyr,1,SPLITPUSHER,magical,0,4,1,0.25,5727,2925,5944,184,14.8,0.9,398,484,21,21,7,46,1596,388,198,49,0.802,0,0.49,"special_lifesteal;basic_power;basic_hp;basic_power;basic_haste"
143,0,247,150,13,bot0_2,Lynx,0,SLAYER,physical,6,1,9,15,15508,7617,3625,357,32.6,1.5,671,954,46,34,10,287,2987,727,234,13,0.949,1.5,2.1,"special_lifesteal;basic_power;basic_power;basic_as;basic_power;basic_as;basic_hp;basic_hp;basic_as"
143,0,247,150,13,bot1_2,Eggchanter,1,SUPPORT,magical,0,4,0,0,4534,1934,6106,2364,9.7,11.8,111,184,19,9,6,121,1521,370,200,47,0.81,0,0.32,"basic_hp;basic_hp;basic_hp;basic_armor;basic_hp"
143,0,247,150,13,bot0_3,Mage,0,MAGE,magical,7,0,10,17,12241,6855,1360,331,27.8,1.3,691,777,55,17,10,86,3111,757,247,0,1,1.7,5.04,"special_lifesteal;basic_power;basic_hp;basic_power;basic_hp;basic_mr;basic_hp;basic_power;basic_mr;basic_hp"
143,0,247,150,13,bot1_3,Pyromancer,1,SLAYER,magical,1,5,0,0.2,6437,4347,5805,78,23.2,0.4,409,623,16,12,7,127,1677,408,187,59,0.759,0.2,0.75,"special_lifesteal;basic_power;basic_hp;basic_haste;basic_power"
143,0,247,150,13,bot0_4,Ironclad,0,TANK,physical,2,0,11,13,5177,3591,3557,0,14.6,0,312,414,25,15,9,306,2481,604,247,0,1,0.5,1.01,"basic_hp;basic_hp;basic_hp;basic_mr;basic_mr;basic_armor;basic_mr;basic_armor"
143,0,247,150,13,bot1_4,Vanguard,1,FIGHTER,physical,0,4,1,0.25,4997,2635,6427,28,13.2,0.1,378,432,30,16,6,280,1580,385,200,47,0.81,0,0.41,"basic_hp;basic_hp;special_lifesteal;basic_armor"
144,1,417,58,152,bot0_1,Doctor,0,SUPPORT,physical,2,5,7,1.8,6507,5345,9594,5190,15.2,14.7,245,328,24,22,10,145,2895,417,352,64,0.845,0.3,0.56,"basic_hp;basic_hp;basic_hp;basic_mr;basic_armor;basic_power;basic_hp;basic_as;basic_haste;basic_hp"
144,1,417,58,152,bot1_1,Hana,1,TANK,magical,5,1,18,23,14724,10856,7656,0,27.1,0,500,845,17,52,11,68,3893,560,401,16,0.963,0.7,1.42,"basic_hp;basic_hp;special_gw;basic_armor;basic_hp;basic_armor;basic_armor;basic_mr;basic_mr;basic_power;basic_mr;basic_hp;basic_haste"
144,1,417,58,152,bot0_2,Jirina,0,FIGHTER,magical,3,6,6,1.5,13943,8176,11054,2775,23.7,8,591,638,38,13,10,207,3082,444,345,72,0.828,0.4,0.74,"special_lifesteal;special_gw;basic_hp;basic_power;basic_mr;basic_power;basic_hp;basic_mr;basic_haste"
144,1,417,58,152,bot1_2,Zephyr,1,SPLITPUSHER,magical,3,2,19,11,13158,9191,6238,0,22.9,0,512,602,45,47,11,159,3684,530,402,15,0.965,0.4,1.47,"special_gw;basic_hp;basic_hp;basic_hp;basic_armor;basic_power;basic_haste;basic_hp;basic_mr;basic_armor;basic_armor;basic_power"
144,1,417,58,152,bot0_3,Vanguard,0,FIGHTER,physical,1,7,8,1.29,12580,6177,11932,196,19.1,0.6,431,558,55,31,10,188,2813,405,323,94,0.775,0.1,0.52,"basic_hp;basic_hp;special_lifesteal;basic_power;basic_as;basic_mr;basic_power;basic_armor;basic_hp"
144,1,417,58,152,bot1_3,Bruiser,1,FIGHTER,physical,11,3,12,7.67,21810,15428,7910,626,40.6,1.6,565,990,65,45,12,33,4533,653,380,37,0.911,1.6,1.95,"special_lifesteal;basic_power;basic_as;basic_power;basic_as;basic_hp;basic_power;basic_power;basic_as;basic_power;basic_as;basic_hp;basic_hp;basic_armor;basic_mr"
144,1,417,58,152,bot0_4,Goliath,0,TANK,physical,3,5,6,1.8,10630,6728,12188,1530,19.2,4.4,537,647,47,24,10,21,3046,438,350,67,0.839,0.4,0.55,"basic_hp;basic_hp;basic_hp;basic_hp;basic_mr;basic_armor;basic_power;basic_as;basic_haste;basic_mr;basic_hp"
144,1,417,58,152,bot1_4,Cleric,1,SUPPORT,magical,4,3,16,6.67,9249,7110,6525,7589,19.1,20.4,321,379,54,43,11,167,3692,531,373,44,0.895,0.6,1.09,"basic_hp;basic_hp;basic_hp;basic_hp;basic_armor;basic_armor;basic_armor;basic_mr;basic_hp;basic_hp;basic_mr;basic_mr"
145,0,340,152,21,bot0_1,Lynx,0,SLAYER,physical,8,2,9,8.5,16324,8252,5616,324,25.3,1,460,718,56,40,10,326,3576,630,326,15,0.957,1.4,1.47,"basic_hp;basic_hp;special_lifesteal;basic_power;basic_power;basic_as;basic_hp;basic_as;basic_armor;basic_power;basic_as"
145,0,340,152,21,bot1_1,Jirina,1,FIGHTER,magical,2,5,3,1,6113,3190,8832,1711,11.6,6.2,375,471,20,11,9,325,2450,432,275,65,0.808,0.4,0.36,"basic_hp;basic_hp;basic_hp;basic_power;basic_power;basic_mr;basic_mr;basic_armor"
145,0,340,152,21,bot0_2,Cleric,0,SUPPORT,magical,2,1,21,23,8161,4786,3734,6308,14.6,19.3,272,333,54,43,11,111,3336,588,327,14,0.96,0.4,1.28,"special_heal_power;basic_hp;basic_hp;basic_armor;basic_hp;basic_hp;basic_mr;basic_haste;basic_armor;basic_power;basic_mr"
145,0,340,152,21,bot1_2,Reaper,1,SPLITPUSHER,magical,3,7,3,0.86,9488,6117,8375,259,24.6,1,677,677,25,12,9,168,2618,461,249,92,0.731,0.5,0.73,"special_lifesteal;basic_power;basic_hp;basic_haste;basic_power;basic_power;basic_power;basic_hp"
145,0,340,152,21,bot0_3,Goliath,0,TANK,physical,3,2,16,9.5,7429,4973,9451,2030,15.7,6.4,345,459,31,20,10,320,3170,559,316,24,0.929,0.5,0.53,"basic_hp;basic_hp;basic_hp;basic_armor;basic_armor;basic_hp;basic_mr;basic_mr;basic_hp;basic_mr"
145,0,340,152,21,bot1_3,Quiller,1,SLAYER,physical,0,7,6,0.86,13190,6199,7008,246,25,1,260,432,30,20,10,106,2456,433,248,93,0.728,0,0.88,"special_lifesteal;basic_power;basic_hp;basic_power;basic_as;basic_mr;basic_power;basic_armor"
145,0,340,152,21,bot0_4,Mage,0,MAGE,magical,13,1,10,23,18377,12340,4393,475,37.9,1.5,611,706,78,27,12,233,4408,777,326,15,0.957,2.3,2.81,"special_lifesteal;basic_power;basic_hp;basic_power;basic_power;basic_power;basic_haste;basic_hp;basic_armor;basic_mr;basic_power;basic_haste;basic_hp;basic_haste"
145,0,340,152,21,bot1_4,Kratoma,1,SLAYER,physical,1,7,5,0.86,8950,4417,7155,147,17.8,0.6,285,600,17,16,9,144,2494,439,249,92,0.731,0.2,0.62,"special_lifesteal;basic_power;basic_as;basic_hp;basic_power;basic_mr;basic_power;basic_armor"
146,1,382,33,151,bot0_1,Reaper,0,SPLITPUSHER,magical,5,7,3,1.14,12662,8754,10152,394,31.3,1.4,539,970,27,15,9,28,2953,464,280,101,0.734,0.8,0.86,"special_lifesteal;basic_power;basic_power;basic_hp;basic_power;basic_hp;basic_hp;basic_haste;basic_armor;basic_mr"
146,1,382,33,151,bot1_1,Hana,1,TANK,magical,3,2,22,12.5,10957,7787,7674,0,21.1,0,313,495,20,39,11,267,3742,588,369,13,0.967,0.5,1.01,"basic_hp;basic_hp;basic_hp;basic_hp;basic_mr;basic_mr;basic_hp;basic_mr;basic_armor;basic_hp;basic_armor;basic_power"
146,1,382,33,151,bot0_2,Doctor,0,SUPPORT,physical,2,8,7,1.13,6656,5618,12463,5814,20.3,21,414,455,21,17,10,200,2800,440,276,105,0.724,0.3,0.45,"special_heal_power;basic_hp;basic_armor;basic_mr;basic_power;basic_as;basic_hp;basic_armor;basic_mr"
146,1,382,33,151,bot1_2,Jailer,1,TANK,magical,5,3,19,8,12742,10331,7714,0,30,0,492,646,33,31,11,211,3861,607,345,37,0.903,0.8,1.34,"basic_hp;basic_hp;basic_hp;basic_mr;basic_mr;basic_armor;basic_power;basic_haste;basic_mr;basic_hp;basic_hp;basic_as;basic_mr"
146,1,382,33,151,bot0_3,Pyromancer,0,SLAYER,magical,1,8,8,1.13,10170,5758,8958,97,18.6,0.3,609,906,24,16,10,61,2736,430,310,71,0.813,0.2,0.64,"special_lifesteal;basic_power;basic_power;basic_power;basic_power;basic_haste;basic_hp;basic_armor;basic_mr"
146,1,382,33,151,bot1_3,Kratoma,1,SLAYER,physical,9,2,17,13,16175,9239,5845,444,25.1,1.2,361,776,28,28,12,278,4403,692,368,14,0.964,1.4,1.58,"special_lifesteal;basic_power;basic_power;basic_as;basic_as;basic_hp;basic_hp;basic_power;basic_mr;basic_power;basic_mr;basic_as;basic_armor;basic_as"
146,1,382,33,151,bot0_4,Vanguard,0,FIGHTER,physical,1,5,4,1,10880,4400,10307,164,14.3,0.5,541,602,51,28,9,182,2557,402,307,74,0.806,0.2,0.43,"basic_hp;basic_hp;special_lifesteal;basic_power;basic_power;basic_as;basic_hp;basic_armor"
146,1,382,33,151,bot1_4,Oracle,1,MAGE,physical,11,2,15,13,18581,11540,5153,623,32.6,1.8,569,740,27,25,12,251,4576,720,354,27,0.928,1.7,2.24,"special_lifesteal;basic_power;basic_hp;basic_power;basic_hp;basic_as;basic_as;basic_hp;basic_power;basic_as;basic_power;basic_hp;basic_as;basic_hp"
147,1,364,53,152,bot0_1,Healer,0,SUPPORT,magical,3,7,8,1.57,6486,4020,12452,6369,13,20.6,146,202,42,20,10,101,2951,486,309,55,0.85,0.5,0.32,"basic_hp;basic_hp;basic_hp;basic_armor;basic_armor;basic_mr;basic_mr;basic_hp;basic_armor;basic_hp"
147,1,364,53,152,bot1_1,Lynx,1,SLAYER,physical,10,5,17,5.4,22853,13858,6639,579,48.5,2,852,1459,55,41,12,144,4444,733,286,78,0.786,1.6,2.09,"special_lifesteal;basic_power;basic_power;basic_power;basic_as;basic_hp;basic_as;basic_as;basic_power;basic_mr;basic_as;basic_armor;basic_power;basic_power"
147,1,364,53,152,bot0_2,Hana,0,TANK,magical,1,7,9,1.43,5870,4508,12833,0,16.6,0,255,529,8,35,9,231,2656,438,272,92,0.748,0.2,0.35,"basic_hp;basic_hp;basic_hp;basic_armor;basic_armor;basic_hp;basic_mr;basic_haste;basic_power"
147,1,364,53,152,bot1_2,Volstrov,1,MAGE,magical,7,3,18,8.33,12676,9653,6589,433,30.2,1.4,290,509,11,17,12,280,4105,677,320,44,0.879,1.2,1.47,"special_lifesteal;basic_power;basic_hp;basic_mr;basic_power;basic_hp;basic_haste;basic_hp;basic_power;basic_armor;basic_hp;basic_mr;basic_mr"
147,1,364,53,152,bot0_3,Bruiser,0,FIGHTER,physical,2,8,7,1.13,7618,4527,11383,238,17.4,0.9,311,447,35,28,9,47,2647,436,261,103,0.716,0.3,0.4,"special_lifesteal;basic_power;basic_hp;basic_power;basic_hp;basic_as;basic_armor;basic_mr;basic_as"
147,1,364,53,152,bot1_3,Jailer,1,TANK,magical,2,1,21,23,14779,7669,6292,0,21.9,0,277,422,36,33,11,282,3532,582,350,14,0.962,0.3,1.22,"basic_hp;basic_hp;basic_mr;basic_mr;basic_armor;basic_hp;basic_armor;basic_power;basic_haste;basic_hp;basic_mr;basic_as"
147,1,364,53,152,bot0_4,Mage,0,MAGE,magical,5,8,6,1.38,13943,8225,9856,211,32.7,0.8,568,719,50,19,10,280,3205,528,252,112,0.692,0.8,0.83,"special_lifesteal;basic_power;basic_hp;basic_power;basic_haste;basic_power;basic_armor;basic_mr;basic_hp;basic_hp"
147,1,364,53,152,bot1_4,Quiller,1,SLAYER,physical,11,2,16,13.5,18293,13820,4347,578,41.4,1.7,355,567,50,27,12,238,4613,760,334,30,0.917,1.8,3.18,"special_lifesteal;basic_power;basic_power;basic_power;basic_as;basic_hp;basic_as;basic_hp;basic_mr;basic_mr;basic_armor;basic_armor;basic_as;basic_hp;basic_power"
148,0,257,150,1,bot0_1,Fusilier,0,SLAYER,physical,14,0,12,26,18591,12910,5376,447,50.3,1.7,445,858,50,13,11,46,4146,969,257,0,1,3.3,2.4,"special_lifesteal;basic_power;basic_power;basic_hp;basic_as;basic_hp;basic_as;basic_power;basic_hp;basic_as;basic_power;basic_mr;basic_armor;basic_mr"
148,0,257,150,1,bot1_1,Wanderer,1,SLAYER,physical,0,7,1,0.14,8526,3841,6792,175,22.2,1,468,676,11,9,8,210,1760,411,173,84,0.674,0,0.57,"special_lifesteal;basic_power;basic_as;basic_hp;basic_power"
148,0,257,150,1,bot0_2,Bruiser,0,FIGHTER,physical,4,0,21,25,10799,7246,4789,0,28.2,0,210,413,45,28,10,137,3362,786,257,0,1,0.9,1.51,"special_gw;basic_hp;basic_hp;basic_mr;basic_hp;basic_hp;basic_power;basic_mr;basic_armor;basic_as;basic_power"
148,0,257,150,1,bot1_2,Jailer,1,TANK,magical,0,7,1,0.14,6449,4471,9133,0,25.5,0,471,634,18,14,7,184,1709,399,175,81,0.683,0,0.49,"basic_hp;basic_hp;basic_armor;basic_haste;basic_power;basic_mr"
148,0,257,150,1,bot0_3,Doctor,0,SUPPORT,physical,6,0,13,19,6764,5228,4872,9955,20.4,38.8,207,299,26,20,10,190,3265,763,257,0,1,1.4,1.07,"special_gw;basic_hp;basic_hp;basic_hp;basic_mr;basic_hp;basic_mr;basic_armor;basic_hp;basic_armor"
148,0,257,150,1,bot1_3,Eggchanter,1,SUPPORT,magical,0,6,1,0.17,5071,2731,8108,3244,14.7,17.5,120,228,19,10,7,217,1742,407,186,71,0.723,0,0.34,"special_heal_power;basic_hp;basic_armor;basic_power;basic_haste"
148,0,257,150,1,bot0_4,Kratoma,0,SLAYER,physical,3,1,19,22,11160,6770,3061,306,28.1,1.3,219,475,20,19,10,210,3085,721,241,16,0.939,0.7,2.21,"special_lifesteal;basic_power;basic_power;basic_hp;basic_hp;basic_as;basic_mr;basic_as;basic_armor;basic_mr"
148,0,257,150,1,bot1_4,Hana,1,TANK,magical,1,7,0,0.14,8463,5434,10452,0,26.1,0,347,532,8,26,8,245,1845,431,208,49,0.81,0.2,0.52,"basic_hp;basic_hp;basic_armor;basic_hp;basic_armor;basic_power"
149,1,417,76,150,bot0_1,Volstrov,0,MAGE,magical,4,7,7,1.57,17324,9333,8620,387,29.4,1.2,349,550,14,22,12,303,3503,504,317,100,0.761,0.6,1.08,"special_lifesteal;basic_power;basic_power;basic_power;basic_hp;basic_hp;basic_mr;basic_haste;basic_armor;basic_mr;basic_hp"
149,1,417,76,150,bot1_1,Doctor,1,SUPPORT,physical,4,3,16,6.67,8989,6273,9096,10294,16.4,27,291,375,26,27,11,93,3668,528,382,35,0.916,0.6,0.69,"basic_hp;basic_hp;basic_mr;basic_mr;basic_hp;basic_armor;basic_hp;basic_mr;basic_armor;basic_mr;basic_power;basic_as;basic_haste"
149,1,417,76,150,bot0_2,Zephyr,0,SPLITPUSHER,magical,2,5,4,1.2,10328,4984,7455,225,14.3,0.6,568,612,46,35,9,93,2743,395,347,69,0.834,0.3,0.67,"special_lifesteal;basic_power;basic_power;basic_hp;basic_mr;basic_haste;basic_hp;basic_power;basic_mr"
149,1,417,76,150,bot1_2,Tamer,1,MAGE,magical,8,4,10,4.5,18824,9377,7352,4175,25.7,11.4,327,588,53,15,11,168,3968,571,365,52,0.876,1.2,1.28,"special_lifesteal;basic_power;basic_power;basic_hp;basic_haste;basic_power;basic_mr;basic_hp;basic_armor;basic_haste;basic_hp;basic_power;basic_mr"
149,1,417,76,150,bot0_3,Goliath,0,TANK,physical,1,6,10,1.83,10982,7328,12854,2469,22.3,7.5,427,491,36,26,10,304,2979,429,329,88,0.789,0.1,0.57,"basic_hp;basic_hp;basic_hp;basic_mr;basic_hp;basic_armor;basic_mr;basic_power;basic_as;basic_haste"
149,1,417,76,150,bot1_3,Jailer,1,TANK,magical,7,4,14,5.25,17079,10447,9132,0,26.6,0,467,535,42,37,11,126,4051,583,392,24,0.941,1,1.14,"basic_hp;basic_hp;basic_hp;basic_mr;basic_mr;basic_power;basic_armor;basic_mr;basic_hp;basic_armor;basic_power;basic_armor;basic_hp;basic_haste"
149,1,417,76,150,bot0_4,Reaper,0,SPLITPUSHER,magical,5,3,6,3.67,17232,9852,6632,527,26.6,1.4,764,1035,42,22,11,105,3355,483,371,46,0.89,0.7,1.49,"special_lifesteal;basic_power;basic_power;basic_hp;basic_power;basic_hp;basic_hp;basic_mr;basic_power;basic_haste;basic_armor"
149,1,417,76,150,bot1_4,Ironclad,1,TANK,physical,2,1,18,20,8647,6718,8485,0,16.7,0,436,536,45,28,11,121,3471,500,403,14,0.967,0.3,0.79,"basic_hp;basic_hp;basic_hp;basic_mr;basic_hp;basic_mr;basic_mr;basic_armor;basic_hp;basic_power;basic_armor;basic_as"