gameIndex,winner,gameDuration,score0,score1,id,className,team,role,dmgType,kills,deaths,assists,kda,dmgDealtTotal,dmgDealtToHeroes,dmgTaken,hpHealed,dpsToHeroes,hpsHealed,maxBurst1s,maxBurst3s,spellCastsQ,spellCastsE,level,gold,totalGold,goldPerMin,timeAlive,timeDead,survivalRate,killsPerMin,dmgEfficiency,items
0,0,305,151,11,bot0_1,Healer,0,SUPPORT,magical,6,0,16,22,7621,5883,6978,12484,19.3,40.9,146,202,53,21,10,126,3501,688,305,0,1,1.2,0.84,"basic_hp;basic_hp;basic_hp;basic_mr;basic_hp;basic_mr;basic_mr;basic_power;basic_power;basic_armor;basic_armor;basic_hp"
0,0,305,151,11,bot1_1,Zephyr,1,SPLITPUSHER,magical,2,6,3,0.83,15911,8334,7409,292,36.9,1.3,423,645,24,32,9,70,2420,476,226,80,0.739,0.4,1.12,"special_lifesteal;basic_power;basic_hp;basic_mr;basic_haste;basic_power;basic_armor;basic_power"
0,0,305,151,11,bot0_2,Vanguard,0,FIGHTER,physical,13,2,6,9.5,13860,8494,7310,0,30.4,0,503,693,37,34,10,148,4023,791,279,26,0.915,2.6,1.16,"special_gw;basic_hp;basic_hp;basic_hp;basic_mr;basic_mr;basic_hp;basic_power;basic_mr;basic_hp;basic_as;basic_power;basic_armor"
0,0,305,151,11,bot1_2,Tamer,1,MAGE,magical,1,6,4,0.83,11675,3566,6092,1695,16.2,7.7,237,352,19,8,10,111,2486,489,220,85,0.722,0.2,0.59,"basic_hp;basic_hp;basic_mr;basic_hp;basic_haste;basic_power;basic_armor;basic_mr;basic_haste"
0,0,305,151,11,bot0_3,Summoner,0,MAGE,magical,5,2,16,10.5,7362,5157,6256,303,18.6,1.1,168,240,44,24,10,181,3381,665,277,28,0.907,1,0.82,"special_lifesteal;basic_power;basic_hp;basic_power;basic_mr;basic_hp;basic_haste;basic_hp;basic_armor;basic_mr;basic_power"
0,0,305,151,11,bot1_3,Ironclad,1,TANK,physical,2,5,2,0.8,6609,3563,11845,0,14.8,0,365,504,23,16,8,106,2256,443,240,65,0.786,0.4,0.3,"basic_hp;basic_hp;basic_hp;basic_mr;basic_mr;basic_mr;basic_power;basic_armor"
0,0,305,151,11,bot0_4,Volstrov,0,MAGE,magical,1,1,21,22,14581,8717,6080,539,29.8,1.8,333,585,9,17,10,61,2986,587,293,13,0.959,0.2,1.43,"special_lifesteal;basic_hp;basic_hp;basic_power;basic_mr;basic_mr;basic_power;basic_hp;basic_haste;basic_haste"
0,0,305,151,11,bot1_4,Hana,1,TANK,magical,0,8,5,0.63,14826,9124,10319,0,44.1,0,344,801,7,23,8,61,2136,420,207,98,0.677,0,0.88,"basic_hp;basic_hp;basic_mr;basic_power;basic_mr;basic_armor;basic_power;basic_haste"
1,0,517,152,101,bot0_1,Jailer,0,TANK,magical,10,4,8,4.5,24255,18288,13742,0,40.3,0,479,694,47,54,12,87,4662,541,454,62,0.879,1.2,1.33,"basic_hp;basic_hp;basic_mr;basic_haste;basic_hp;basic_mr;basic_mr;basic_hp;basic_mr;basic_power;basic_armor;basic_haste;basic_as;basic_power;basic_hp;basic_hp"
1,0,517,152,101,bot1_1,Pyromancer,1,SLAYER,magical,2,6,18,3.33,24106,13623,13954,298,31.5,0.7,503,788,50,36,13,50,4175,485,433,84,0.838,0.2,0.98,"special_lifesteal;basic_hp;basic_hp;basic_power;basic_haste;basic_power;basic_hp;basic_mr;basic_mr;basic_armor;basic_haste;basic_hp;basic_armor;basic_hp"
1,0,517,152,101,bot0_2,Doctor,0,SUPPORT,physical,2,4,16,4.5,20756,16765,11925,11668,36.7,25.5,415,727,45,26,12,274,3799,441,457,60,0.885,0.2,1.41,"basic_hp;basic_hp;basic_hp;basic_mr;basic_mr;basic_power;basic_as;basic_mr;basic_power;basic_armor;basic_hp;basic_haste;basic_as"
1,0,517,152,101,bot1_2,Cleric,1,SUPPORT,magical,2,5,16,3.6,11671,7177,12756,12718,15.9,28.2,267,312,64,52,12,45,3945,458,451,65,0.874,0.2,0.56,"basic_hp;basic_hp;special_gw;basic_mr;basic_mr;basic_hp;basic_hp;basic_armor;basic_haste;basic_mr;basic_armor;basic_haste;basic_hp"
1,0,517,152,101,bot0_3,Hana,0,TANK,magical,0,6,17,2.83,14620,9977,13639,0,23.1,0,430,602,19,51,11,163,3438,399,433,84,0.837,0,0.73,"special_gw;basic_hp;basic_mr;basic_hp;basic_mr;basic_hp;basic_power;basic_mr;basic_power;basic_haste;basic_hp"
1,0,517,152,101,bot1_3,Zephyr,1,SPLITPUSHER,magical,10,4,10,5,36669,21643,12911,703,47.3,1.5,630,887,59,57,14,335,5085,591,458,59,0.887,1.2,1.68,"special_lifesteal;basic_power;basic_power;basic_hp;basic_hp;basic_mr;basic_haste;basic_hp;basic_power;basic_mr;basic_hp;special_gw;basic_power;basic_hp;basic_haste"
1,0,517,152,101,bot0_4,Eggchanter,0,SUPPORT,magical,6,6,10,2.67,10659,7701,14204,7923,17.7,18.2,157,239,51,26,12,65,4165,484,436,81,0.843,0.7,0.54,"special_gw;basic_hp;basic_power;basic_hp;basic_hp;basic_mr;basic_haste;basic_mr;basic_power;basic_haste;basic_mr;basic_as;basic_power;basic_hp"
1,0,517,152,101,bot1_4,Healer,1,SUPPORT,magical,6,3,13,6.33,12009,8311,16186,13165,17.8,28.3,144,200,77,29,13,154,4554,529,466,51,0.902,0.7,0.51,"special_gw;basic_hp;basic_hp;basic_hp;basic_mr;basic_mr;basic_hp;basic_armor;basic_power;basic_mr;basic_armor;basic_haste;basic_mr;basic_power;basic_haste"
2,0,418,150,76,bot0_1,Goliath,0,TANK,physical,3,2,18,10.5,10595,4571,9410,2745,11.7,7,237,356,44,28,12,117,3817,547,391,27,0.935,0.4,0.49,"basic_hp;basic_hp;basic_hp;basic_mr;basic_armor;special_gw;basic_hp;basic_armor;basic_hp;basic_hp;basic_power;basic_mr"
2,0,418,150,76,bot1_1,Eggchanter,1,SUPPORT,magical,2,7,6,1.14,8361,4542,13764,7190,12.1,19.1,152,259,38,20,10,71,2996,430,376,42,0.9,0.3,0.33,"basic_hp;basic_hp;basic_armor;basic_mr;basic_haste;basic_hp;basic_power;basic_as;basic_armor;basic_armor;basic_mr"
2,0,418,150,76,bot0_2,Vanguard,0,FIGHTER,physical,8,1,21,29,25113,13455,8002,0,33,0,536,771,67,44,13,85,4735,679,408,11,0.974,1.1,1.68,"special_gw;basic_hp;basic_hp;basic_hp;basic_power;basic_power;basic_hp;basic_mr;basic_armor;basic_as;basic_hp;basic_armor;basic_armor;basic_hp;basic_hp"
2,0,418,150,76,bot1_2,Doctor,1,SUPPORT,physical,1,9,5,0.67,5850,2875,12616,1803,9.7,6.1,166,208,22,17,9,32,2657,381,296,122,0.708,0.1,0.23,"special_gw;basic_hp;basic_hp;basic_power;basic_hp;basic_armor;basic_as;basic_mr;basic_power"
2,0,418,150,76,bot0_3,Cleric,0,SUPPORT,magical,10,3,15,8.33,12736,8093,8278,7594,20.2,19,350,414,59,52,13,250,4800,688,401,18,0.958,1.4,0.98,"basic_hp;basic_hp;basic_hp;basic_armor;basic_mr;basic_hp;basic_hp;basic_haste;basic_armor;basic_mr;basic_armor;basic_haste;basic_power;basic_mr;basic_as;basic_hp"
2,0,418,150,76,bot1_3,Kratoma,1,SLAYER,physical,1,7,9,1.43,13218,7473,8714,272,22.5,0.8,306,500,25,23,10,15,2890,414,333,85,0.796,0.1,0.86,"special_lifesteal;basic_power;basic_power;basic_hp;basic_hp;basic_as;basic_armor;basic_as;basic_mr;basic_armor"
2,0,418,150,76,bot0_4,Quiller,0,SLAYER,physical,10,4,20,7.5,32735,18974,6589,1030,50.9,2.8,376,750,52,34,13,145,4920,706,373,46,0.891,1.4,2.88,"special_lifesteal;basic_power;basic_as;basic_power;basic_as;basic_power;basic_hp;basic_as;basic_power;basic_hp;basic_armor;basic_power;basic_as;basic_mr;basic_mr;basic_hp"
2,0,418,150,76,bot1_4,Zephyr,1,SPLITPUSHER,magical,6,8,4,1.25,17736,12299,12527,466,40.7,1.5,423,744,35,40,10,184,3384,485,302,116,0.722,0.9,0.98,"special_lifesteal;basic_power;basic_power;basic_hp;basic_hp;basic_armor;basic_haste;basic_hp;basic_power;basic_mr;basic_armor"
3,0,328,150,7,bot0_1,Lynx,0,SLAYER,physical,8,2,20,14,15829,8737,4451,0,26.6,0,532,763,58,42,12,262,4337,794,328,0,1,1.5,1.96,"special_gw;basic_hp;basic_hp;basic_hp;basic_power;basic_mr;basic_as;basic_armor;basic_power;basic_mr;basic_hp;basic_mr;basic_as;basic_armor"
3,0,328,150,7,bot1_1,Ironclad,1,TANK,physical,2,8,4,0.75,6749,3182,14657,0,13.9,0,328,430,22,20,9,48,2398,439,229,99,0.697,0.4,0.22,"basic_hp;basic_hp;basic_armor;basic_mr;basic_hp;basic_power;basic_as;basic_haste;basic_armor"
3,0,328,150,7,bot0_2,Mage,0,MAGE,magical,11,2,13,12,18264,8558,3267,618,27.2,2,542,625,70,24,12,157,4257,779,314,14,0.958,2,2.62,"special_lifesteal;basic_power;basic_hp;basic_power;basic_mr;basic_haste;basic_hp;basic_armor;basic_hp;basic_mr;basic_haste;basic_power;basic_hp;basic_mr"
3,0,328,150,7,bot1_2,Tamer,1,MAGE,magical,2,9,4,0.67,8257,2833,9190,2059,12.9,9.4,227,294,22,10,9,153,2503,458,220,108,0.67,0.4,0.31,"special_lifesteal;basic_hp;basic_hp;basic_hp;basic_power;basic_armor;basic_haste;basic_mr"
3,0,328,150,7,bot0_3,Bruiser,0,FIGHTER,physical,10,1,22,32,21582,9694,3191,0,31.1,0,586,833,53,40,13,230,4680,856,311,17,0.95,1.8,3.04,"special_gw;basic_hp;basic_hp;basic_mr;basic_power;basic_hp;basic_as;basic_mr;basic_armor;basic_power;basic_mr;basic_power;basic_hp;basic_as;basic_hp"
3,0,328,150,7,bot1_3,Reaper,1,SPLITPUSHER,magical,1,9,5,0.67,7502,3885,10004,147,17.5,0.7,536,664,23,12,9,153,2328,426,223,105,0.679,0.2,0.39,"special_lifesteal;basic_power;basic_hp;basic_haste;basic_power;basic_power;basic_power"
3,0,328,150,7,bot0_4,Wanderer,0,SLAYER,physical,6,2,25,15.5,27616,16232,3945,651,53.7,2.2,802,1325,25,19,12,148,4223,773,303,25,0.923,1.1,4.11,"special_lifesteal;basic_power;basic_power;basic_as;basic_power;basic_hp;basic_mr;basic_armor;basic_as;basic_hp;basic_mr;basic_power;basic_as;basic_armor"
3,0,328,150,7,bot1_4,Eggchanter,1,SUPPORT,magical,2,9,5,0.78,5049,2631,11447,3262,10.5,13.1,135,195,23,13,9,141,2491,456,250,78,0.762,0.4,0.23,"basic_hp;basic_hp;basic_armor;basic_armor;basic_mr;basic_power;basic_mr;basic_haste;basic_power"
4,1,364,25,152,bot0_1,Quiller,0,SLAYER,physical,1,7,9,1.43,9366,4405,7700,224,16.4,0.8,235,414,33,24,10,165,2765,456,269,95,0.74,0.2,0.57,"special_lifesteal;basic_power;basic_hp;basic_as;basic_armor;basic_mr;basic_power;basic_hp;basic_as"
4,1,364,25,152,bot1_1,Healer,1,SUPPORT,magical,4,3,19,7.67,8791,5411,6616,5203,15.4,14.8,144,206,53,14,11,25,3700,610,351,13,0.965,0.7,0.82,"special_gw;basic_hp;basic_hp;basic_hp;basic_hp;basic_armor;basic_armor;basic_mr;basic_armor;basic_hp;basic_power;basic_armor"
4,1,364,25,152,bot0_2,Doctor,0,SUPPORT,physical,3,6,6,1.5,6148,4170,13904,7216,14.8,25.7,182,296,25,20,10,195,2870,473,281,83,0.772,0.5,0.3,"basic_hp;basic_hp;basic_hp;basic_mr;basic_hp;basic_armor;basic_as;basic_armor;basic_power;basic_haste"
4,1,364,25,152,bot1_2,Zephyr,1,SPLITPUSHER,magical,9,1,19,28,20177,13114,5209,629,37.6,1.8,602,848,44,40,12,28,4503,742,348,16,0.957,1.5,2.52,"special_lifesteal;basic_power;basic_hp;basic_power;basic_hp;basic_armor;basic_hp;basic_power;basic_haste;basic_mr;basic_power;basic_armor;basic_hp;basic_armor;basic_armor"
4,1,364,25,152,bot0_3,Wanderer,0,SLAYER,physical,4,8,6,1.25,20670,13168,12604,337,49.2,1.3,809,1269,21,15,10,146,3071,506,268,96,0.736,0.7,1.04,"special_lifesteal;basic_power;basic_power;basic_hp;basic_hp;basic_as;basic_hp;basic_power;basic_mr;basic_armor"
4,1,364,25,152,bot1_3,Lynx,1,SLAYER,physical,8,4,16,6,17412,11353,6929,0,35.5,0,598,972,53,46,12,202,4177,688,320,44,0.88,1.3,1.64,"basic_hp;basic_hp;basic_hp;basic_armor;basic_hp;basic_power;basic_armor;basic_power;basic_armor;basic_as;basic_hp;basic_mr;basic_haste;basic_hp"
4,1,364,25,152,bot0_4,Cleric,0,SUPPORT,magical,2,7,7,1.29,7336,4210,8639,4213,15.5,15.5,342,408,33,26,9,109,2734,451,272,92,0.748,0.3,0.49,"special_gw;basic_hp;basic_mr;basic_armor;basic_power;basic_haste;basic_hp;basic_mr;basic_hp"
4,1,364,25,152,bot1_4,Vanguard,1,FIGHTER,physical,7,2,20,13.5,17870,11006,9880,550,32.7,1.6,439,668,47,38,12,271,4146,683,337,27,0.925,1.2,1.11,"special_lifesteal;basic_power;basic_power;basic_hp;basic_power;basic_as;basic_as;basic_hp;basic_as;basic_armor;basic_mr;basic_power;basic_power"
5,0,481,151,142,bot0_1,Jirina,0,FIGHTER,magical,7,6,25,5.33,22772,12437,17115,5020,31.1,12.5,535,769,54,21,14,143,5118,638,400,81,0.832,0.9,0.73,"special_lifesteal;basic_hp;basic_power;basic_hp;basic_power;basic_armor;basic_mr;basic_armor;basic_hp;basic_power;basic_haste;basic_hp;basic_power;basic_hp;basic_hp;basic_hp"
5,0,481,151,142,bot1_1,Vanguard,1,FIGHTER,physical,3,7,20,3.29,25008,17230,16711,0,45.9,0,571,910,63,36,12,6,4106,512,375,106,0.78,0.4,1.03,"special_gw;basic_hp;basic_armor;basic_hp;basic_hp;basic_armor;basic_power;basic_hp;basic_as;basic_mr;basic_power;basic_armor;basic_mr;basic_power"
5,0,481,151,142,bot0_2,Kratoma,0,SLAYER,physical,10,5,20,6,30937,15283,11088,786,35.5,1.8,441,845,36,35,14,88,5463,681,431,51,0.895,1.2,1.38,"special_lifesteal;basic_power;basic_power;basic_hp;basic_as;basic_armor;basic_mr;basic_hp;basic_as;basic_power;basic_hp;basic_as;basic_power;basic_armor;basic_hp;basic_as;basic_mr;basic_power"
5,0,481,151,142,bot1_2,Tamer,1,MAGE,magical,2,9,19,2.33,21973,12693,10599,5732,32.9,14.9,402,604,49,22,12,144,3894,485,386,96,0.801,0.2,1.2,"special_lifesteal;basic_power;basic_hp;basic_power;basic_haste;basic_hp;basic_haste;basic_power;basic_armor;basic_mr;basic_armor;basic_mr;basic_hp"
5,0,481,151,142,bot0_3,Doctor,0,SUPPORT,physical,2,6,29,5.17,13515,8688,13507,11895,21.5,29.4,336,480,38,20,14,300,4725,589,404,77,0.84,0.2,0.64,"special_gw;basic_hp;basic_hp;basic_mr;basic_armor;basic_armor;basic_power;basic_hp;basic_as;basic_mr;basic_power;basic_hp;basic_hp;basic_as;basic_armor"
5,0,481,151,142,bot1_3,Eggchanter,1,SUPPORT,magical,4,7,19,3.29,8457,4715,14290,7660,12.8,20.7,148,206,36,19,12,21,4146,517,369,112,0.767,0.5,0.33,"basic_hp;basic_hp;basic_hp;basic_armor;basic_armor;basic_power;basic_armor;basic_hp;basic_mr;basic_haste;basic_armor;basic_as;basic_mr;basic_power;basic_haste"
5,0,481,151,142,bot0_4,Fusilier,0,SLAYER,physical,13,6,17,5,28378,15553,10441,709,39.3,1.8,457,965,61,23,14,293,5618,700,395,86,0.822,1.6,1.49,"special_lifesteal;basic_power;basic_hp;basic_as;basic_armor;basic_mr;basic_hp;basic_power;basic_as;basic_armor;basic_power;basic_hp;basic_as;basic_mr;basic_power;basic_hp;basic_as;basic_armor"
5,0,481,151,142,bot1_4,Lynx,1,SLAYER,physical,14,9,8,2.44,22558,15849,13304,529,47.6,1.6,779,1268,56,48,13,240,5090,634,333,148,0.692,1.7,1.19,"special_lifesteal;basic_power;basic_power;basic_power;basic_as;basic_hp;basic_as;basic_power;basic_as;basic_power;basic_armor;basic_power;basic_mr;basic_hp;basic_armor;basic_as"
6,1,393,91,152,bot0_1,Mage,0,MAGE,magical,1,7,10,1.57,17762,5965,10179,334,20.6,1.2,635,807,60,22,11,81,2981,455,289,104,0.735,0.2,0.59,"special_lifesteal;basic_hp;basic_hp;basic_hp;basic_power;basic_mr;basic_haste;basic_armor;basic_power;basic_mr"
6,1,393,91,152,bot1_1,Bruiser,1,FIGHTER,physical,4,4,22,6.5,11146,6945,8539,0,20.4,0,246,455,56,37,11,272,3872,591,340,54,0.864,0.6,0.81,"basic_hp;basic_hp;basic_hp;basic_mr;basic_armor;basic_hp;basic_power;basic_mr;basic_as;basic_haste;basic_mr;basic_armor;basic_hp"
6,1,393,91,152,bot0_2,Hana,0,TANK,magical,3,7,10,1.86,13045,6860,11854,0,23.6,0,492,611,9,37,10,228,3153,481,291,102,0.739,0.5,0.58,"basic_hp;basic_hp;basic_hp;basic_mr;basic_armor;basic_haste;basic_mr;basic_power;basic_mr;basic_as;basic_armor"
6,1,393,91,152,bot1_2,Tamer,1,MAGE,magical,13,3,12,8.33,19309,12687,5409,5442,35.9,15.4,317,568,48,17,12,292,4792,731,353,40,0.898,2,2.35,"special_lifesteal;basic_power;basic_hp;basic_power;basic_hp;basic_mr;basic_hp;basic_power;basic_mr;basic_haste;basic_armor;basic_hp;basic_hp;basic_mr;basic_power"
6,1,393,91,152,bot0_3,Cleric,0,SUPPORT,magical,6,6,6,2,10775,4143,11421,4913,13.6,16.1,363,417,41,35,10,76,3376,515,305,89,0.774,0.9,0.36,"basic_hp;basic_hp;basic_hp;basic_mr;basic_mr;basic_armor;basic_power;basic_armor;basic_haste;basic_as;basic_hp;basic_hp"
6,1,393,91,152,bot1_3,Lynx,1,SLAYER,physical,5,3,17,7.33,17171,8759,4709,0,25.1,0,440,707,72,49,12,187,3887,593,349,44,0.888,0.8,1.86,"basic_hp;basic_hp;basic_mr;basic_hp;basic_power;basic_armor;basic_hp;basic_mr;basic_as;basic_mr;basic_haste;basic_hp;basic_hp"
6,1,393,91,152,bot0_4,Quiller,0,SLAYER,physical,4,8,7,1.38,12303,4235,8905,458,13.3,1.4,255,501,35,27,10,254,3129,477,319,74,0.811,0.6,0.48,"special_lifesteal;basic_power;basic_hp;basic_power;basic_as;basic_hp;basic_mr;basic_armor;basic_as;basic_mr"
6,1,393,91,152,bot1_4,Summoner,1,MAGE,magical,6,4,18,6,9978,6232,6136,337,18.3,1,205,255,52,24,11,200,4000,610,340,54,0.864,0.9,1.02,"special_lifesteal;basic_power;basic_power;basic_power;basic_hp;basic_hp;basic_haste;basic_mr;basic_power;basic_hp;basic_armor;basic_haste;basic_mr"
7,1,303,9,151,bot0_1,Ironclad,0,TANK,physical,2,4,3,1.25,4771,3197,10419,0,12.6,0,368,470,23,14,9,57,2307,457,253,50,0.836,0.4,0.31,"basic_hp;basic_hp;basic_hp;basic_hp;basic_armor;basic_hp;basic_mr;basic_power"
7,1,303,9,151,bot1_1,Bruiser,1,FIGHTER,physical,3,3,9,4,6824,6376,4939,203,24.3,0.8,432,668,40,31,9,201,2651,525,262,41,0.865,0.6,1.29,"special_lifesteal;basic_power;basic_power;basic_as;basic_power;basic_as;basic_power;basic_hp"
7,1,303,9,151,bot0_2,Cleric,0,SUPPORT,magical,1,6,5,1,5864,3993,8441,3246,17.4,14.1,307,369,27,22,8,226,2251,446,229,74,0.757,0.2,0.47,"basic_hp;basic_hp;basic_hp;basic_hp;basic_hp;basic_armor;basic_armor"
7,1,303,9,151,bot1_2,Healer,1,SUPPORT,magical,4,0,12,16,9403,7428,5912,4906,24.5,16.2,155,215,57,12,9,177,2977,589,303,0,1,0.8,1.26,"basic_hp;basic_hp;basic_hp;basic_hp;basic_mr;basic_mr;basic_hp;basic_armor;basic_armor;basic_haste"
7,1,303,9,151,bot0_3,Vanguard,0,FIGHTER,physical,0,3,6,2,7015,3798,6842,99,14.4,0.4,308,402,38,18,9,65,2190,433,263,40,0.868,0,0.56,"basic_hp;basic_hp;special_lifesteal;basic_power;basic_as;basic_power;basic_hp"
7,1,303,9,151,bot1_3,Quiller,1,SLAYER,physical,8,2,7,7.5,18110,11394,3977,549,37.6,1.8,268,555,50,26,10,233,3408,675,303,0,1,1.6,2.86,"special_lifesteal;basic_power;basic_power;basic_hp;basic_hp;basic_as;basic_mr;basic_armor;basic_as;basic_power;basic_mr"
7,1,303,9,151,bot0_4,Zephyr,0,SPLITPUSHER,magical,3,3,3,2,13790,6763,5329,405,25.1,1.5,458,600,30,29,9,108,2508,496,269,34,0.888,0.6,1.27,"special_lifesteal;special_gw;basic_power;basic_hp;basic_power;basic_hp;basic_hp"
7,1,303,9,151,bot1_4,Eggchanter,1,SUPPORT,magical,1,1,14,15,3982,3493,3835,5176,11.5,17.1,142,228,30,17,9,240,2615,518,303,0,1,0.2,0.91,"special_heal_power;basic_hp;basic_hp;basic_power;basic_hp;basic_power;basic_haste;basic_mr"
8,1,323,4,151,bot0_1,Summoner,0,MAGE,magical,0,7,4,0.57,5218,2348,8302,158,10.1,0.7,161,225,30,16,9,111,2161,402,233,90,0.722,0,0.28,"special_lifesteal;basic_hp;basic_power;basic_haste;basic_mr;basic_armor;basic_hp"
8,1,323,4,151,bot1_1,Jirina,1,FIGHTER,magical,7,0,13,20,12626,5771,5829,4606,17.9,14.3,440,546,42,18,11,160,3685,685,323,0,1,1.3,0.99,"basic_hp;basic_hp;special_lifesteal;basic_power;basic_mr;basic_hp;basic_mr;basic_power;basic_armor;basic_haste;basic_hp;basic_mr"
8,1,323,4,151,bot0_2,Reaper,0,SPLITPUSHER,magical,4,7,0,0.57,15622,9767,6919,382,42.6,1.7,512,894,26,13,9,39,2564,476,229,94,0.71,0.7,1.41,"special_lifesteal;basic_power;basic_power;basic_hp;basic_power;basic_power;basic_power;basic_haste"
8,1,323,4,151,bot1_2,Mage,1,MAGE,magical,7,1,10,17,14233,6736,3186,303,21.9,1,596,692,54,18,11,252,3552,660,308,15,0.955,1.3,2.11,"special_lifesteal;basic_power;basic_power;basic_hp;basic_hp;basic_haste;basic_mr;basic_power;basic_armor;basic_power;basic_power"
8,1,323,4,151,bot0_3,Volstrov,0,MAGE,magical,0,6,3,0.5,4541,2344,5790,139,9.5,0.6,218,443,8,11,8,250,2075,386,246,77,0.761,0,0.4,"special_lifesteal;special_gw;basic_power;basic_hp;basic_power"
8,1,323,4,151,bot1_3,Vanguard,1,FIGHTER,physical,6,2,13,9.5,12445,5733,6560,210,19.6,0.7,419,609,41,25,10,278,3478,646,293,30,0.906,1.1,0.87,"basic_hp;basic_hp;special_lifesteal;basic_power;basic_power;basic_hp;basic_as;basic_power;basic_mr;basic_as;basic_armor"
8,1,323,4,151,bot0_4,Wanderer,0,SLAYER,physical,0,5,2,0.4,9025,3297,5297,187,12.9,0.7,467,629,11,12,8,202,2052,381,256,67,0.791,0,0.62,"special_lifesteal;basic_power;basic_power;basic_as;basic_power;basic_hp"
8,1,323,4,151,bot1_4,Ironclad,1,TANK,physical,5,1,17,22,11663,6372,6278,0,20.4,0,467,799,32,22,11,45,3645,677,312,11,0.967,0.9,1.01,"basic_hp;basic_hp;basic_mr;basic_armor;basic_mr;basic_hp;basic_mr;basic_power;basic_hp;basic_armor;basic_mr;basic_power;basic_as"
9,1,223,2,152,bot0_1,Vanguard,0,FIGHTER,physical,0,6,1,0.17,7954,3572,7887,0,22.5,0,406,719,24,18,6,201,1476,397,159,64,0.712,0,0.45,"special_gw;basic_hp;basic_armor;basic_power"
9,1,223,2,152,bot1_1,Doctor,1,SUPPORT,physical,6,1,14,20,5281,3785,2352,5247,17.7,24.6,199,285,23,9,9,123,3073,827,213,10,0.956,1.6,1.61,"special_heal_power;basic_hp;basic_hp;basic_armor;basic_armor;basic_hp;basic_armor;basic_mr;basic_power;basic_mr"
9,1,223,2,152,bot0_2,Reaper,0,SPLITPUSHER,magical,2,5,0,0.4,4144,2404,4896,102,15,0.6,232,412,14,8,7,212,1762,474,161,62,0.72,0.5,0.49,"special_lifesteal;basic_power;basic_hp;basic_armor;basic_power"
9,1,223,2,152,bot1_2,Goliath,1,TANK,physical,1,1,15,16,3984,2801,5313,1036,13.4,5,176,294,22,13,9,13,2388,642,208,15,0.934,0.3,0.53,"basic_hp;basic_hp;basic_hp;basic_armor;basic_armor;basic_mr;basic_mr;basic_power;basic_as"
9,1,223,2,152,bot0_3,Quiller,0,SLAYER,physical,0,6,1,0.17,2648,2169,4905,92,13.8,0.6,184,331,15,11,6,211,1486,400,157,66,0.703,0,0.44,"special_lifesteal;basic_hp;basic_power;basic_as"
9,1,223,2,152,bot1_3,Tamer,1,MAGE,magical,6,0,11,17,10430,5652,2153,2994,25.3,13.4,332,562,27,11,9,58,2958,796,223,0,1,1.6,2.63,"special_lifesteal;basic_power;basic_power;basic_power;basic_power;basic_hp;basic_power;basic_haste;basic_power"
9,1,223,2,152,bot0_4,Kratoma,0,SLAYER,physical,0,5,1,0.2,5113,2266,5054,137,13.6,0.8,186,322,11,11,6,222,1497,403,167,57,0.747,0,0.45,"special_lifesteal;basic_hp;basic_power;basic_as"
9,1,223,2,152,bot1_4,Lynx,1,SLAYER,physical,9,0,13,22,16635,9069,2703,407,40.7,1.8,399,813,38,28,10,96,3321,893,223,0,1,2.4,3.36,"special_lifesteal;basic_power;basic_hp;basic_power;basic_power;basic_as;basic_hp;basic_as;basic_hp;basic_armor;basic_armor"
10,1,452,93,150,bot0_1,Quiller,0,SLAYER,physical,5,5,16,4.2,23708,13737,7087,0,37,0,296,567,53,34,12,223,4098,544,371,81,0.821,0.7,1.94,"special_gw;basic_hp;basic_hp;basic_hp;basic_power;basic_as;basic_armor;basic_power;basic_mr;basic_hp;basic_hp;basic_armor;basic_power"
10,1,452,93,150,bot1_1,Cleric,1,SUPPORT,magical,3,7,12,2.14,9817,6447,15845,8454,17.1,22.5,375,441,60,53,11,125,3475,461,377,75,0.833,0.4,0.41,"basic_hp;basic_hp;basic_hp;basic_armor;basic_mr;basic_power;basic_hp;basic_haste;basic_hp;basic_armor;basic_mr;basic_mr"
10,1,452,93,150,bot0_2,Tamer,0,MAGE,magical,3,7,14,2.43,21099,13361,9201,3048,39,8.9,339,553,43,12,11,8,3608,479,343,109,0.758,0.4,1.45,"basic_hp;basic_hp;basic_power;basic_haste;basic_hp;basic_power;basic_mr;basic_armor;basic_as;basic_hp;basic_hp;basic_haste;basic_power"
10,1,452,93,150,bot1_2,Ironclad,1,TANK,physical,4,4,14,4.5,17764,9901,16997,0,24.9,0,471,643,45,27,11,204,3779,502,398,54,0.881,0.5,0.58,"special_gw;basic_hp;basic_hp;basic_hp;basic_power;basic_hp;basic_power;basic_armor;basic_mr;basic_hp;basic_as;basic_armor"
10,1,452,93,150,bot0_3,Zephyr,0,SPLITPUSHER,magical,6,5,13,3.8,22569,18015,11305,523,48.3,1.4,715,1149,45,48,11,13,3888,516,373,79,0.825,0.8,1.59,"special_lifesteal;basic_power;basic_power;basic_hp;basic_power;basic_hp;basic_haste;basic_mr;basic_hp;basic_armor;basic_haste;basic_power;basic_power"
10,1,452,93,150,bot1_3,Oracle,1,MAGE,physical,10,6,10,3.33,21774,14489,13411,580,36.4,1.5,561,635,31,33,12,142,4492,596,398,54,0.881,1.3,1.08,"special_lifesteal;basic_power;basic_hp;basic_power;basic_as;basic_hp;basic_as;basic_power;basic_armor;basic_mr;basic_armor;basic_hp;basic_mr;basic_as;basic_mr"
10,1,452,93,150,bot0_4,Bruiser,0,FIGHTER,physical,7,3,13,6.67,15791,11871,12763,0,29.4,0,553,854,54,48,11,242,4092,543,404,48,0.894,0.9,0.93,"special_gw;basic_hp;basic_hp;basic_power;basic_mr;basic_hp;basic_power;basic_armor;basic_mr;basic_hp;basic_armor;basic_armor;basic_power"
10,1,452,93,150,bot1_4,Healer,1,SUPPORT,magical,3,4,17,5,10354,6523,13253,10060,16.1,24.8,155,221,75,26,12,205,3830,508,405,47,0.896,0.4,0.49,"basic_hp;basic_hp;basic_hp;basic_mr;basic_armor;basic_mr;basic_power;basic_haste;basic_armor;basic_hp;basic_armor;basic_mr;basic_armor"
11,1,416,61,150,bot0_1,Fusilier,0,SLAYER,physical,5,7,10,2.14,17674,10720,9408,497,32.9,1.5,367,610,40,16,11,34,3534,510,325,90,0.783,0.7,1.14,"special_lifesteal;basic_power;basic_power;basic_as;basic_hp;basic_armor;basic_as;basic_mr;basic_hp;basic_power;basic_power;basic_armor"
11,1,416,61,150,bot1_1,Lynx,1,SLAYER,physical,10,4,15,6.25,19454,9548,6938,547,26.8,1.5,540,1059,74,50,12,34,4534,654,356,59,0.857,1.4,1.38,"special_lifesteal;basic_power;basic_power;basic_as;basic_power;basic_as;basic_as;basic_hp;basic_power;basic_mr;basic_as;basic_armor;basic_hp;basic_hp;basic_power"
11,1,416,61,150,bot0_2,Jailer,0,TANK,magical,2,9,12,1.56,11510,7398,13504,0,24.3,0,650,650,28,26,10,289,3189,460,305,111,0.733,0.3,0.55,"basic_hp;basic_hp;basic_armor;basic_hp;basic_mr;basic_power;basic_armor;basic_haste;basic_as;basic_mr;basic_power"
11,1,416,61,150,bot1_2,Mage,1,MAGE,magical,7,5,18,5,20547,10931,7581,0,31.2,0,683,815,67,29,12,245,4420,638,351,65,0.843,1,1.44,"basic_hp;basic_hp;basic_power;basic_hp;basic_mr;basic_hp;basic_power;basic_mr;basic_haste;basic_mr;basic_armor;basic_hp;basic_as;basic_power;basic_haste"
11,1,416,61,150,bot0_3,Summoner,0,MAGE,magical,6,8,7,1.63,6821,4079,9936,175,12.7,0.5,205,267,35,17,11,32,3557,513,321,95,0.773,0.9,0.41,"special_lifesteal;basic_power;basic_power;basic_hp;basic_haste;basic_hp;basic_power;basic_power;basic_armor;basic_hp;basic_mr;basic_haste"
11,1,416,61,150,bot1_3,Wanderer,1,SLAYER,physical,7,4,19,6.5,17363,10116,6662,742,28.8,2.1,1116,1857,23,21,12,11,4386,633,352,64,0.845,1,1.52,"special_lifesteal;special_lifesteal;basic_power;basic_hp;basic_power;basic_power;basic_as;basic_as;basic_mr;basic_hp;basic_mr;basic_as;basic_power;basic_armor"
11,1,416,61,150,bot0_4,Zephyr,0,SPLITPUSHER,magical,3,8,10,1.63,6697,3627,11959,0,11.4,0,335,414,38,26,10,192,3192,460,319,97,0.767,0.4,0.3,"basic_hp;basic_hp;basic_hp;basic_armor;basic_armor;basic_hp;basic_mr;basic_haste;basic_power;basic_armor;basic_mr"
11,1,416,61,150,bot1_4,Ironclad,1,TANK,physical,8,3,23,10.33,19022,12178,9445,0,29.3,0,473,821,45,32,13,127,4852,700,416,0,1,1.2,1.29,"basic_hp;basic_hp;basic_hp;basic_mr;basic_mr;basic_hp;basic_armor;basic_armor;basic_power;basic_power;basic_mr;basic_as;basic_haste;basic_armor;basic_as;basic_hp;basic_haste"
12,1,470,71,150,bot0_1,Fusilier,0,SLAYER,physical,9,7,10,2.71,30111,16000,8143,627,44.2,1.7,508,978,62,20,12,39,4514,577,362,107,0.772,1.1,1.96,"special_lifesteal;basic_power;basic_power;basic_power;basic_as;basic_as;basic_power;basic_as;basic_hp;basic_hp;basic_power;basic_mr;basic_as;basic_armor;basic_mr"
12,1,470,71,150,bot1_1,Bruiser,1,FIGHTER,physical,6,6,19,4.17,23086,13767,11685,0,36.2,0,401,743,62,42,12,243,4418,564,381,89,0.811,0.8,1.18,"special_gw;basic_hp;basic_hp;basic_power;basic_armor;basic_mr;basic_as;basic_hp;basic_hp;basic_power;basic_armor;basic_armor;basic_hp;basic_power"
12,1,470,71,150,bot0_2,Hana,0,TANK,magical,6,9,17,2.56,17295,12049,17139,0,36,0,369,739,16,40,11,134,4159,531,335,135,0.714,0.8,0.7,"basic_hp;basic_hp;basic_hp;basic_mr;basic_hp;basic_hp;basic_mr;basic_armor;basic_armor;basic_hp;basic_power;basic_mr;basic_haste;basic_armor"
12,1,470,71,150,bot1_2,Tamer,1,MAGE,magical,11,8,15,3.25,23489,14176,10178,5460,40.2,15.5,384,622,51,16,13,59,5059,646,353,117,0.751,1.4,1.39,"special_lifesteal;basic_power;basic_power;basic_hp;basic_power;basic_haste;basic_hp;basic_armor;basic_hp;basic_mr;basic_haste;basic_mr;basic_haste;basic_armor;basic_armor;basic_power;basic_hp"
12,1,470,71,150,bot0_3,Pyromancer,0,SLAYER,magical,3,6,16,3.17,12362,7397,7623,166,19.7,0.4,470,671,34,25,12,61,3836,490,375,95,0.799,0.4,0.97,"special_lifesteal;basic_hp;basic_hp;basic_power;basic_power;basic_haste;basic_haste;basic_hp;basic_mr;basic_mr;basic_armor;basic_hp;basic_armor"
12,1,470,71,150,bot1_3,Vanguard,1,FIGHTER,physical,4,5,22,5.2,17540,9449,16358,0,21.5,0,526,701,67,45,12,291,4241,542,439,30,0.936,0.5,0.58,"basic_hp;basic_hp;basic_hp;basic_hp;basic_power;basic_armor;basic_mr;basic_as;basic_haste;basic_hp;basic_power;basic_armor;basic_mr;basic_hp"
12,1,470,71,150,bot0_4,Kratoma,0,SLAYER,physical,5,7,15,2.86,16460,10934,13758,0,29.8,0,299,554,29,27,12,116,4066,519,367,103,0.782,0.6,0.79,"basic_hp;basic_hp;basic_power;basic_hp;basic_hp;basic_power;basic_power;basic_mr;basic_hp;basic_armor;basic_mr;basic_as;basic_power;basic_armor"
12,1,470,71,150,bot1_4,Healer,1,SUPPORT,magical,8,4,17,6.25,10502,7343,13215,11728,17.9,28.5,161,224,66,26,12,54,4604,588,411,59,0.875,1,0.56,"basic_hp;basic_hp;basic_hp;basic_armor;basic_mr;basic_hp;basic_armor;basic_haste;basic_power;basic_armor;basic_mr;basic_hp;basic_hp;basic_mr;basic_as;basic_haste"
13,0,500,150,85,bot0_1,Reaper,0,SPLITPUSHER,magical,12,4,16,7,31337,17758,8861,876,40.5,2,680,1279,63,36,13,4,5379,646,438,61,0.877,1.4,2,"special_lifesteal;basic_power;basic_power;basic_hp;basic_mr;basic_haste;basic_hp;basic_hp;basic_mr;basic_haste;basic_power;basic_as;basic_mr;basic_power;basic_hp;basic_mr;basic_as;basic_hp"
13,0,500,150,85,bot1_1,Pyromancer,1,SLAYER,magical,6,7,13,2.71,18420,7380,11866,255,18.2,0.6,370,500,37,33,12,130,4255,511,406,94,0.812,0.7,0.62,"special_lifesteal;basic_power;basic_hp;basic_power;basic_power;basic_hp;basic_hp;basic_power;basic_haste;basic_armor;basic_haste;basic_mr;basic_mr;basic_hp"
13,0,500,150,85,bot0_2,Jirina,0,FIGHTER,magical,4,5,25,5.8,27040,17932,9505,3227,41.1,7.4,534,713,58,16,13,177,4602,553,436,63,0.873,0.5,1.89,"special_lifesteal;basic_power;basic_power;basic_hp;basic_mr;basic_haste;basic_armor;basic_mr;basic_power;basic_hp;basic_mr;basic_mr;basic_hp;basic_haste;basic_power"
13,0,500,150,85,bot1_2,Mage,1,MAGE,magical,8,10,10,1.8,16694,9973,12860,323,28.7,0.9,542,723,66,22,12,185,4285,515,348,152,0.696,1,0.78,"special_lifesteal;basic_power;basic_hp;basic_power;basic_power;basic_hp;basic_haste;basic_haste;basic_power;basic_hp;basic_armor;basic_mr;basic_mr;basic_haste"
13,0,500,150,85,bot0_3,Quiller,0,SLAYER,physical,7,8,22,3.63,18017,9941,8099,455,22.5,1,298,593,56,36,13,182,4882,586,441,59,0.883,0.8,1.23,"special_lifesteal;basic_power;basic_power;basic_hp;basic_as;basic_mr;basic_hp;basic_as;basic_power;basic_hp;basic_armor;basic_mr;basic_armor;basic_as;basic_power;basic_as"
13,0,500,150,85,bot1_3,Healer,1,SUPPORT,magical,5,7,14,2.71,9400,6992,17166,14176,17.8,36,154,262,66,29,12,198,4098,492,393,106,0.787,0.6,0.41,"basic_hp;basic_hp;basic_hp;basic_hp;basic_armor;basic_mr;basic_armor;basic_hp;basic_mr;basic_armor;basic_power;basic_power;basic_haste;basic_haste"
13,0,500,150,85,bot0_4,Lynx,0,SLAYER,physical,9,4,19,7,22886,13784,10780,0,29.2,0,484,869,88,71,13,111,5061,608,472,27,0.945,1.1,1.28,"basic_hp;basic_hp;basic_hp;basic_mr;basic_mr;basic_power;basic_as;basic_haste;basic_hp;basic_mr;basic_mr;basic_hp;basic_hp;basic_armor;basic_power;basic_mr;basic_power"
13,0,500,150,85,bot1_4,Jailer,1,TANK,magical,2,8,18,2.5,14435,10289,19376,0,26.5,0,377,500,38,38,12,45,3920,471,388,112,0.776,0.2,0.53,"basic_hp;basic_hp;basic_armor;basic_hp;basic_hp;basic_armor;basic_mr;basic_mr;basic_power;basic_power;basic_hp;basic_mr;basic_haste;basic_as"
14,1,369,45,151,bot0_1,Ironclad,0,TANK,physical,0,7,10,1.43,12843,7815,16386,0,24.9,0,441,652,31,20,9,130,2555,415,314,55,0.852,0,0.48,"basic_hp;basic_hp;basic_hp;basic_armor;basic_mr;basic_hp;basic_power;basic_armor;basic_as"
14,1,369,45,151,bot1_1,Tamer,1,MAGE,magical,8,3,17,8.33,15110,10109,5852,3423,31,10.5,279,518,35,12,12,133,4258,692,326,43,0.884,1.3,1.73,"special_lifesteal;basic_hp;basic_power;basic_power;basic_mr;basic_haste;basic_hp;basic_armor;basic_hp;basic_power;basic_mr;basic_hp;basic_power;basic_haste"
14,1,369,45,151,bot0_2,Zephyr,0,SPLITPUSHER,magical,3,9,5,0.89,8408,3465,10808,173,11.5,0.6,397,500,35,31,9,107,2782,452,301,68,0.816,0.5,0.32,"special_lifesteal;basic_power;basic_power;basic_hp;basic_haste;basic_armor;basic_mr;basic_power;basic_power"
14,1,369,45,151,bot1_2,Wanderer,1,SLAYER,physical,3,4,20,5.75,15934,10229,6864,367,32.7,1.2,506,884,27,20,11,92,3592,584,312,57,0.847,0.5,1.49,"special_lifesteal;basic_power;basic_as;basic_power;basic_power;basic_as;basic_hp;basic_mr;basic_hp;basic_armor;basic_as;basic_hp"
14,1,369,45,151,bot0_3,Eggchanter,0,SUPPORT,magical,1,7,9,1.43,4442,2273,9331,2418,8.4,8.9,145,202,25,14,9,30,2655,432,271,99,0.733,0.2,0.24,"special_gw;basic_hp;basic_hp;basic_hp;basic_power;basic_armor;basic_power;basic_haste;basic_mr"
14,1,369,45,151,bot1_3,Bruiser,1,FIGHTER,physical,18,2,12,15,28533,17928,7574,0,52.5,0,442,806,66,39,13,309,5109,831,342,27,0.926,2.9,2.37,"special_gw;basic_hp;basic_hp;basic_hp;basic_mr;basic_power;basic_mr;basic_hp;basic_power;basic_as;basic_as;basic_mr;basic_armor;basic_hp;basic_hp;basic_armor"
14,1,369,45,151,bot0_4,Hana,0,TANK,magical,6,8,4,1.25,19022,11619,13105,0,43.4,0,473,864,11,33,10,151,3176,516,268,101,0.726,1,0.89,"special_gw;basic_hp;basic_hp;basic_armor;basic_hp;basic_hp;basic_mr;basic_armor;basic_mr;basic_armor"
14,1,369,45,151,bot1_4,Doctor,1,SUPPORT,physical,2,1,28,30,15686,9538,7476,8999,26.8,25.3,327,496,34,23,12,194,3994,649,356,13,0.966,0.3,1.28,"special_gw;basic_hp;basic_mr;basic_power;basic_hp;basic_armor;basic_mr;basic_power;basic_armor;basic_hp;basic_as;basic_mr;basic_hp"
15,0,346,150,36,bot0_1,Quiller,0,SLAYER,physical,10,1,17,27,23289,11644,3155,704,35.1,2.1,333,714,54,32,13,127,4552,789,332,15,0.958,1.7,3.69,"special_lifesteal;basic_power;basic_power;basic_hp;basic_power;basic_as;basic_mr;basic_armor;basic_hp;basic_as;basic_hp;basic_as;basic_power;basic_mr;basic_as"
15,0,346,150,36,bot1_1,Wanderer,1,SLAYER,physical,1,8,3,0.5,9893,4448,8955,233,18.3,1,522,1000,13,13,9,249,2299,398,243,103,0.701,0.2,0.5,"special_lifesteal;basic_power;basic_power;basic_hp;basic_as;basic_mr;basic_armor"
15,0,346,150,36,bot0_2,Jirina,0,FIGHTER,magical,8,0,16,24,20039,9037,3148,2777,26.1,8,528,754,48,11,12,389,4189,726,346,0,1,1.4,2.87,"special_gw;special_lifesteal;basic_hp;basic_hp;basic_power;basic_power;basic_hp;basic_mr;basic_haste;basic_hp;basic_mr;basic_power"
15,0,346,150,36,bot1_2,Jailer,1,TANK,magical,0,6,6,1,6768,2822,10370,0,9.7,0,286,346,21,18,9,262,2312,400,291,56,0.839,0,0.27,"special_gw;basic_hp;basic_armor;basic_mr;basic_power;basic_haste;basic_hp"
15,0,346,150,36,bot0_3,Fusilier,0,SLAYER,physical,5,3,19,8,15316,7476,6234,0,24.6,0,383,546,47,15,12,246,3871,671,304,42,0.879,0.9,1.2,"basic_hp;basic_hp;basic_hp;basic_mr;basic_mr;basic_armor;basic_power;basic_mr;basic_hp;basic_mr;basic_armor;basic_as;basic_armor"
15,0,346,150,36,bot1_3,Tamer,1,MAGE,magical,4,8,2,0.75,9954,4876,9122,2742,20.9,11.8,273,435,29,12,10,220,2845,493,233,113,0.674,0.7,0.53,"basic_hp;basic_hp;basic_mr;basic_haste;basic_armor;basic_mr;basic_power;basic_as;basic_haste;basic_hp"
15,0,346,150,36,bot0_4,Mage,0,MAGE,magical,6,2,20,13,17680,9337,3873,458,29.3,1.4,543,555,75,27,12,58,4158,720,319,27,0.921,1,2.41,"special_lifesteal;basic_power;basic_power;basic_hp;basic_hp;basic_power;basic_mr;basic_mr;basic_haste;basic_armor;basic_haste;basic_hp;basic_power;basic_mr"
15,0,346,150,36,bot1_4,Eggchanter,1,SUPPORT,magical,1,7,5,0.86,4732,2256,10779,3472,8.9,13.7,119,193,22,12,9,68,2418,419,253,93,0.731,0.2,0.21,"basic_hp;basic_hp;basic_mr;basic_hp;basic_armor;basic_power;basic_haste;basic_as;basic_mr"
16,0,440,150,76,bot0_1,Quiller,0,SLAYER,physical,7,6,19,4.33,26098,9299,9737,1252,23.4,3.1,312,580,51,38,13,222,4547,620,398,42,0.904,1,0.96,"special_lifesteal;basic_hp;basic_as;basic_power;basic_mr;basic_hp;special_lifesteal;basic_as;basic_power;basic_as;basic_mr;basic_armor;basic_armor;basic_hp"
16,0,440,150,76,bot1_1,Bruiser,1,FIGHTER,physical,8,8,12,2.5,24192,16027,12043,668,49,2,518,1068,52,39,12,144,4244,578,327,113,0.743,1.1,1.33,"special_lifesteal;basic_power;basic_power;basic_hp;basic_as;basic_mr;basic_armor;basic_power;basic_hp;basic_as;basic_mr;basic_power;basic_as;basic_hp"
16,0,440,150,76,bot0_2,Jailer,0,TANK,magical,12,5,21,6.6,27702,14357,13282,0,39.6,0,616,888,37,38,14,60,5610,765,362,78,0.823,1.6,1.08,"basic_hp;basic_hp;basic_hp;basic_mr;basic_armor;basic_power;basic_haste;basic_as;basic_mr;basic_hp;basic_mr;basic_hp;basic_armor;basic_power;basic_armor;basic_mr;basic_hp;basic_mr;basic_armor"
16,0,440,150,76,bot1_2,Summoner,1,MAGE,magical,3,9,13,1.78,10091,5484,10748,312,17.6,1,188,266,49,23,11,43,3543,483,312,128,0.709,0.4,0.51,"special_lifesteal;basic_power;basic_hp;basic_power;basic_mr;basic_haste;basic_hp;basic_armor;basic_hp;basic_power;basic_mr;basic_mr"
16,0,440,150,76,bot0_3,Zephyr,0,SPLITPUSHER,magical,7,6,19,4.33,17300,10206,9864,445,29.4,1.3,682,933,43,37,13,157,4582,624,347,94,0.788,1,1.03,"special_lifesteal;basic_power;basic_power;basic_hp;basic_haste;basic_mr;basic_power;basic_power;basic_armor;basic_hp;basic_haste;basic_power;basic_mr;basic_hp;basic_armor"
16,0,440,150,76,bot1_3,Tamer,1,MAGE,magical,5,10,14,1.9,13640,9409,11378,4168,31.9,14.1,238,419,31,12,12,123,3923,535,295,145,0.67,0.7,0.83,"special_lifesteal;basic_power;basic_hp;basic_mr;basic_power;basic_hp;basic_haste;basic_armor;basic_hp;basic_power;basic_hp;basic_mr;basic_haste"
16,0,440,150,76,bot0_4,Jirina,0,FIGHTER,magical,8,3,22,10,22540,9144,11608,4355,23.2,11.1,394,470,54,18,14,124,4999,681,393,47,0.894,1.1,0.79,"basic_hp;basic_hp;basic_hp;basic_mr;basic_armor;basic_mr;basic_haste;basic_hp;basic_hp;basic_power;basic_mr;basic_hp;basic_as;basic_armor;basic_haste;basic_mr;basic_armor"
16,0,440,150,76,bot1_4,Pyromancer,1,SLAYER,magical,4,7,15,2.71,13268,7561,10887,0,21.8,0,303,487,33,25,12,39,3864,527,347,93,0.789,0.5,0.69,"basic_hp;basic_hp;basic_hp;basic_mr;basic_hp;basic_haste;basic_mr;basic_haste;basic_armor;basic_power;basic_as;basic_mr;basic_armor;basic_haste"
17,0,293,150,32,bot0_1,Zephyr,0,SPLITPUSHER,magical,6,4,17,5.75,7790,5371,6114,0,21.6,0,509,562,30,29,11,16,3591,735,248,45,0.847,1.2,0.88,"basic_hp;basic_hp;basic_hp;basic_mr;basic_haste;basic_mr;basic_hp;basic_armor;basic_power;basic_haste;basic_armor;basic_hp;basic_as"
17,0,293,150,32,bot1_1,Pyromancer,1,SLAYER,magical,0,8,7,0.88,5243,2314,7402,53,11.1,0.3,349,478,15,12,8,31,2131,436,208,85,0.711,0,0.31,"special_lifesteal;basic_power;basic_power;basic_hp;basic_armor;basic_hp;basic_armor"
17,0,293,150,32,bot0_2,Vanguard,0,FIGHTER,physical,5,0,20,25,11816,6167,2803,0,21,0,390,579,34,30,11,199,3549,726,293,0,1,1,2.2,"special_gw;basic_hp;basic_hp;basic_mr;basic_hp;basic_mr;basic_hp;basic_mr;basic_power;basic_hp;basic_armor"
17,0,293,150,32,bot1_2,Reaper,1,SPLITPUSHER,magical,1,7,6,1,5537,3395,7891,110,16.5,0.5,446,609,21,11,8,137,2212,453,206,87,0.704,0.2,0.43,"special_lifesteal;basic_power;basic_power;basic_hp;basic_haste;basic_hp;basic_armor"
17,0,293,150,32,bot0_3,Oracle,0,MAGE,physical,5,1,17,22,9580,5406,5831,0,19,0,393,500,20,18,10,289,3389,694,284,9,0.97,1,0.93,"basic_hp;basic_hp;basic_mr;basic_hp;basic_hp;basic_mr;basic_hp;basic_mr;basic_power;basic_power;basic_as"
17,0,293,150,32,bot1_3,Healer,1,SUPPORT,magical,3,6,4,1.17,4507,2792,9611,4810,11.7,20.1,155,191,31,12,9,63,2463,504,239,54,0.817,0.6,0.29,"basic_hp;basic_hp;basic_hp;basic_armor;basic_power;basic_mr;basic_haste;basic_as;basic_hp"
17,0,293,150,32,bot0_4,Lynx,0,SLAYER,physical,11,2,14,12.5,27327,15694,5335,782,56.4,2.8,1120,1709,52,34,11,12,4112,842,278,15,0.95,2.3,2.94,"special_lifesteal;basic_power;basic_hp;basic_as;basic_power;basic_hp;basic_mr;basic_armor;basic_power;basic_as;basic_mr;basic_hp;basic_as;basic_power"
17,0,293,150,32,bot1_4,Wanderer,1,SLAYER,physical,3,6,3,1,16967,8379,9068,0,39.1,0,411,740,20,14,9,20,2420,495,214,79,0.731,0.6,0.92,"basic_hp;basic_hp;basic_hp;basic_hp;basic_armor;basic_power;basic_mr;basic_as;basic_haste"
18,0,286,150,3,bot0_1,Mage,0,MAGE,magical,12,0,9,21,13908,9655,2353,376,33.7,1.3,552,655,55,21,11,44,3919,821,286,0,1,2.5,4.1,"special_lifesteal;basic_power;basic_power;basic_hp;basic_power;basic_haste;basic_power;basic_hp;basic_mr;basic_hp;basic_power;basic_haste;basic_armor"
18,0,286,150,3,bot1_1,Fusilier,1,SLAYER,physical,2,5,1,0.6,4135,3336,5390,90,15,0.4,258,462,26,6,7,172,1997,418,223,63,0.778,0.4,0.62,"special_lifesteal;special_gw;basic_power;basic_power;basic_hp"
18,0,286,150,3,bot0_2,Goliath,0,TANK,physical,4,0,15,19,11188,6028,3749,2360,21.1,8.2,376,541,28,24,10,137,3112,652,286,0,1,0.8,1.61,"basic_hp;basic_hp;basic_hp;basic_mr;basic_hp;basic_armor;basic_mr;basic_armor;basic_power;basic_as;basic_power"
18,0,286,150,3,bot1_2,Bruiser,1,FIGHTER,physical,1,6,2,0.5,10785,3387,7527,71,16,0.3,235,416,31,22,8,9,2059,431,212,75,0.74,0.2,0.45,"special_gw;special_lifesteal;basic_hp;basic_power;basic_as;basic_armor"
18,0,286,150,3,bot0_3,Jirina,0,FIGHTER,magical,5,1,10,15,7212,4099,3522,1675,14.9,6.1,397,446,24,8,10,97,2997,628,275,12,0.959,1,1.16,"basic_hp;basic_hp;basic_hp;basic_mr;basic_armor;basic_mr;basic_hp;basic_hp;basic_hp;basic_haste"
18,0,286,150,3,bot1_3,Summoner,1,MAGE,magical,0,5,3,0.6,4441,2240,5827,136,9.6,0.6,164,217,29,13,8,64,1914,401,234,53,0.816,0,0.38,"special_lifesteal;special_lifesteal;basic_power;basic_hp;basic_haste"
18,0,286,150,3,bot0_4,Oracle,0,MAGE,physical,1,2,18,9.5,7387,4470,4930,249,17.1,1,511,566,18,18,9,164,2789,584,261,25,0.911,0.2,0.91,"special_lifesteal;special_gw;basic_power;basic_power;basic_hp;basic_hp;basic_as;basic_as"
18,0,286,150,3,bot1_4,Cleric,1,SUPPORT,magical,0,6,3,0.5,3573,1367,7103,1517,6.3,7,200,244,21,15,8,96,1896,397,218,68,0.761,0,0.19,"special_gw;special_heal_power;basic_hp;basic_power;basic_haste"
19,1,229,1,151,bot0_1,Tamer,0,MAGE,magical,1,8,0,0.13,6845,2778,6374,1375,17.6,8.7,215,363,14,7,7,146,1696,444,158,71,0.689,0.3,0.44,"special_lifesteal;basic_power;basic_hp;basic_power;basic_haste"
19,1,229,1,151,bot1_1,Reaper,1,SPLITPUSHER,magical,12,0,12,24,14058,12188,3199,457,53.2,2,576,868,33,18,10,60,3635,953,229,0,1,3.1,3.81,"special_lifesteal;basic_power;basic_power;basic_hp;basic_power;basic_hp;basic_hp;basic_mr;basic_haste;basic_hp;basic_mr;basic_mr"
19,1,229,1,151,bot0_2,Vanguard,0,FIGHTER,physical,0,6,1,0.17,6148,1857,7779,107,11.5,0.7,446,630,27,12,7,42,1592,417,161,68,0.703,0,0.24,"special_lifesteal;basic_power;basic_hp;basic_as;basic_power"
19,1,229,1,151,bot1_2,Doctor,1,SUPPORT,physical,3,1,19,22,4111,3232,4196,3507,14.7,16,145,237,11,14,9,138,2888,757,219,10,0.957,0.8,0.77,"basic_hp;basic_hp;basic_mr;basic_armor;basic_hp;basic_mr;basic_hp;basic_armor;basic_mr;basic_power"
19,1,229,1,151,bot0_3,Healer,0,SUPPORT,magical,0,5,1,0.2,2845,1257,6998,2260,7.4,13.3,124,174,18,8,7,211,1561,409,170,58,0.744,0,0.18,"basic_hp;basic_hp;basic_hp;basic_mr;basic_mr"
19,1,229,1,151,bot1_3,Summoner,1,MAGE,magical,1,0,18,19,5933,2692,1272,220,11.8,1,174,252,33,17,9,203,2553,669,229,0,1,0.3,2.12,"special_lifesteal;basic_hp;basic_hp;basic_power;basic_power;basic_mr;basic_mr;basic_haste"
19,1,229,1,151,bot0_4,Pyromancer,0,SLAYER,magical,0,7,1,0.14,5528,2491,7431,74,14.8,0.4,314,422,12,10,7,54,1604,420,168,61,0.736,0,0.34,"special_lifesteal;basic_power;basic_power;basic_hp;basic_haste"
19,1,229,1,151,bot1_4,Kratoma,1,SLAYER,physical,10,0,13,23,10271,5141,1045,231,22.5,1,263,534,20,20,10,140,3640,954,229,0,1,2.6,4.92,"special_lifesteal;basic_power;basic_power;basic_hp;basic_power;basic_as;basic_hp;basic_as;basic_mr;basic_hp;basic_armor;basic_as"
20,0,282,150,13,bot0_1,Healer,0,SUPPORT,magical,2,2,19,10.5,7906,5151,6669,4784,18.3,17,201,269,53,14,10,90,3065,653,282,0,1,0.4,0.77,"basic_hp;basic_hp;basic_mr;basic_power;basic_hp;basic_haste;basic_armor;basic_as;basic_mr;basic_mr;basic_hp"
20,0,282,150,13,bot1_1,Pyromancer,1,SLAYER,magical,0,6,3,0.5,6968,3040,5371,77,14.6,0.4,388,783,16,14,7,67,1867,397,209,73,0.74,0,0.57,"special_lifesteal;basic_power;basic_hp;basic_haste;basic_power;basic_mr"
20,0,282,150,13,bot0_2,Mage,0,MAGE,magical,10,0,12,22,16929,10156,3302,513,36,1.8,558,600,78,18,11,49,3849,819,282,0,1,2.1,3.08,"special_lifesteal;basic_power;basic_power;basic_power;basic_hp;basic_hp;basic_haste;basic_power;basic_haste;basic_hp;basic_mr;basic_mr;basic_armor"
20,0,282,150,13,bot1_2,Summoner,1,MAGE,magical,2,6,2,0.67,5644,3907,7658,0,19.2,0,142,214,29,14,8,29,2204,469,204,78,0.723,0.4,0.51,"basic_hp;basic_hp;basic_hp;basic_mr;basic_hp;basic_haste;basic_mr;basic_power"
20,0,282,150,13,bot0_3,Jirina,0,FIGHTER,magical,5,1,13,18,9255,4599,3886,3053,17.1,11.3,294,369,37,10,10,52,3152,671,269,13,0.955,1.1,1.18,"special_lifesteal;basic_power;basic_power;basic_power;basic_hp;basic_power;basic_haste;basic_hp;basic_power;basic_hp"
20,0,282,150,13,bot1_3,Lynx,1,SLAYER,physical,1,5,2,0.6,7999,4320,6613,226,17.7,0.9,650,789,36,31,8,159,2009,428,245,37,0.868,0.2,0.65,"special_lifesteal;basic_power;basic_as;basic_hp;basic_power;basic_power"
20,0,282,150,13,bot0_4,Fusilier,0,SLAYER,physical,5,1,8,13,11504,4285,3189,360,16,1.3,250,498,39,12,9,193,2893,616,267,15,0.948,1.1,1.34,"basic_hp;basic_hp;special_lifesteal;basic_power;basic_hp;basic_power;basic_as;basic_mr;basic_hp"
20,0,282,150,13,bot1_4,Reaper,1,SPLITPUSHER,magical,1,5,2,0.6,4919,1618,6268,0,7.1,0,208,309,21,11,7,48,1898,404,227,54,0.807,0.2,0.26,"basic_hp;basic_hp;basic_mr;basic_haste;basic_armor;basic_mr;basic_hp"
21,0,276,150,12,bot0_1,Ironclad,0,TANK,physical,5,0,19,24,9948,6178,3566,0,22.4,0,380,574,27,19,11,263,3513,764,276,0,1,1.1,1.73,"basic_hp;basic_hp;basic_hp;basic_mr;basic_mr;basic_hp;basic_armor;basic_armor;basic_power;basic_as;basic_haste;basic_mr"
21,0,276,150,12,bot1_1,Reaper,1,SPLITPUSHER,magical,1,6,2,0.5,8149,4311,7999,0,21.3,0,412,562,24,13,8,116,1966,428,203,73,0.735,0.2,0.54,"basic_hp;basic_hp;basic_hp;basic_armor;basic_power;basic_haste;basic_armor"
21,0,276,150,12,bot0_2,Lynx,0,SLAYER,physical,11,1,13,24,15350,8278,4739,396,30,1.4,585,962,56,34,11,74,4074,886,276,0,1,2.4,1.75,"basic_hp;basic_hp;special_lifesteal;basic_hp;basic_mr;basic_hp;basic_mr;basic_hp;basic_as;basic_as;basic_mr;basic_power;basic_hp"
21,0,276,150,12,bot1_2,Volstrov,1,MAGE,magical,1,6,2,0.5,7215,2173,6122,187,10.8,0.9,337,603,11,10,8,248,2048,445,201,75,0.728,0.2,0.35,"special_lifesteal;basic_power;basic_power;basic_hp;basic_armor;basic_haste"
21,0,276,150,12,bot0_3,Kratoma,0,SLAYER,physical,7,2,12,9.5,7860,4168,2926,244,16.9,1,262,528,17,16,11,258,3458,752,247,29,0.894,1.5,1.42,"special_lifesteal;basic_power;basic_power;basic_hp;basic_as;basic_mr;basic_armor;basic_hp;basic_as;basic_power;basic_hp"
21,0,276,150,12,bot1_3,Bruiser,1,FIGHTER,physical,0,7,3,0.43,6759,3758,8130,171,17,0.8,310,432,25,22,7,63,1838,400,221,55,0.802,0,0.46,"special_lifesteal;basic_power;basic_hp;basic_as;basic_armor;basic_mr"
21,0,276,150,12,bot0_4,Hana,0,TANK,magical,3,0,23,26,16161,10977,3282,0,39.8,0,277,690,13,30,11,287,3462,753,276,0,1,0.7,3.34,"special_gw;basic_hp;basic_hp;basic_hp;basic_mr;basic_power;basic_mr;basic_power;basic_haste;basic_haste;basic_armor"
21,0,276,150,12,bot1_4,Eggchanter,1,SUPPORT,magical,1,7,2,0.43,4030,1942,9655,2177,8.8,9.8,112,187,21,11,8,164,2014,438,221,55,0.802,0.2,0.2,"basic_hp;basic_hp;basic_hp;basic_armor;basic_armor;basic_mr;basic_power"
22,1,284,6,150,bot0_1,Ironclad,0,TANK,physical,0,6,0,0,3916,1170,9806,0,5.5,0,129,178,20,12,7,242,1767,373,213,72,0.748,0,0.12,"special_gw;basic_hp;basic_mr;basic_armor;basic_power"
22,1,284,6,150,bot1_1,Summoner,1,MAGE,magical,3,0,19,22,5537,3010,1168,0,10.6,0,151,214,43,23,10,217,3117,658,284,0,1,0.6,2.58,"basic_hp;basic_hp;basic_hp;basic_armor;basic_mr;basic_hp;basic_haste;basic_armor;basic_hp;basic_hp"
22,1,284,6,150,bot0_2,Doctor,0,SUPPORT,physical,0,7,0,0,2649,1153,7832,1302,5.5,6.2,108,190,20,9,7,189,1739,367,211,74,0.741,0,0.15,"special_gw;basic_hp;basic_mr;basic_power;basic_hp"
22,1,284,6,150,bot1_2,Fusilier,1,SLAYER,physical,7,0,15,22,11879,8646,2592,0,30.4,0,391,645,40,13,10,214,3539,747,284,0,1,1.5,3.34,"basic_hp;basic_hp;basic_armor;basic_power;basic_hp;basic_armor;basic_as;basic_mr;basic_power;basic_hp;basic_armor;basic_armor"
22,1,284,6,150,bot0_3,Pyromancer,0,SLAYER,magical,0,8,0,0,8076,3094,7997,105,14.7,0.5,299,443,19,15,7,218,1743,368,210,74,0.739,0,0.39,"special_lifesteal;basic_power;basic_hp;basic_mr;basic_haste"
22,1,284,6,150,bot1_3,Healer,1,SUPPORT,magical,3,0,18,21,5542,3853,3393,4614,13.5,16.2,181,219,49,12,10,39,3064,646,284,0,1,0.6,1.14,"basic_hp;basic_hp;basic_hp;basic_armor;basic_armor;basic_mr;basic_mr;basic_hp;basic_power;basic_armor;basic_power"
22,1,284,6,150,bot0_4,Vanguard,0,FIGHTER,physical,0,6,0,0,6802,2255,8425,149,10.5,0.7,452,452,33,18,8,263,1813,383,216,69,0.758,0,0.27,"special_lifesteal;basic_power;basic_hp;basic_as;basic_power"
22,1,284,6,150,bot1_4,Reaper,1,SPLITPUSHER,magical,14,0,13,27,23237,13531,2250,881,47.6,3.1,530,872,42,23,11,248,4098,865,284,0,1,3,6.01,"special_lifesteal;basic_power;basic_power;basic_hp;basic_power;basic_hp;basic_hp;basic_armor;basic_hp;basic_armor;basic_haste;basic_armor;basic_haste"
23,1,258,1,152,bot0_1,Ironclad,0,TANK,physical,1,5,0,0.2,3102,1381,8447,0,6.7,0,220,267,16,8,7,200,1800,418,207,52,0.801,0.2,0.16,"basic_hp;basic_hp;basic_hp;basic_mr;basic_mr;basic_armor"
23,1,258,1,152,bot1_1,Eggchanter,1,SUPPORT,magical,1,0,14,15,4018,3264,3821,4716,12.6,18.3,107,170,26,13,8,152,2427,564,258,0,1,0.2,0.85,"basic_hp;basic_hp;basic_hp;basic_mr;basic_hp;basic_hp;basic_armor;basic_mr"
23,1,258,1,152,bot0_2,Mage,0,MAGE,magical,0,5,1,0.2,6233,2701,4801,103,13.9,0.5,690,726,29,10,8,15,1790,416,194,64,0.751,0,0.56,"special_lifesteal;basic_power;basic_hp;basic_mr;basic_haste;basic_armor"
23,1,258,1,152,bot1_2,Kratoma,1,SLAYER,physical,8,0,13,21,13733,9997,2694,380,38.7,1.5,292,683,21,21,10,229,3454,802,258,0,1,1.9,3.71,"special_lifesteal;basic_power;basic_power;basic_power;basic_as;basic_as;basic_hp;basic_hp;basic_mr;basic_power;basic_armor"
23,1,258,1,152,bot0_3,Jailer,0,TANK,magical,0,6,0,0,8727,4434,9295,0,20.9,0,385,396,18,20,8,26,1851,430,212,46,0.82,0,0.48,"basic_hp;basic_hp;basic_mr;basic_hp;basic_armor;basic_power;basic_haste"
23,1,258,1,152,bot1_3,Volstrov,1,MAGE,magical,6,0,10,16,5786,4330,2418,177,16.8,0.7,292,446,3,6,9,263,3013,700,258,0,1,1.4,1.79,"special_lifesteal;basic_power;basic_power;basic_hp;basic_hp;basic_mr;basic_power;basic_hp;basic_hp"
23,1,258,1,152,bot0_4,Wanderer,0,SLAYER,physical,0,5,1,0.2,7589,2556,7033,0,12.5,0,327,566,13,12,8,143,1793,416,205,53,0.795,0,0.36,"basic_hp;basic_hp;basic_hp;basic_hp;basic_mr;basic_power"
23,1,258,1,152,bot1_4,Hana,1,TANK,magical,6,1,15,21,13769,9511,5031,0,36.8,0,353,846,15,28,10,136,3236,752,258,0,1,1.4,1.89,"basic_hp;basic_hp;basic_hp;basic_hp;basic_power;basic_power;basic_hp;basic_mr;basic_armor;basic_power;basic_mr"
24,1,299,34,151,bot0_1,Zephyr,0,SPLITPUSHER,magical,1,8,3,0.5,9617,6862,10602,0,30.3,0,362,536,27,21,8,206,2056,412,226,73,0.756,0.2,0.65,"basic_hp;basic_hp;basic_armor;basic_hp;basic_haste;basic_power;basic_armor"
24,1,299,34,151,bot1_1,Doctor,1,SUPPORT,physical,8,0,22,30,12765,8407,4997,10000,28.1,33.4,266,472,33,20,12,166,4016,805,299,0,1,1.6,1.68,"basic_hp;basic_hp;basic_hp;basic_mr;basic_power;basic_as;basic_haste;basic_mr;basic_armor;basic_mr;basic_hp;basic_mr;basic_power;basic_as"
24,1,299,34,151,bot0_2,Tamer,0,MAGE,magical,2,7,2,0.57,10311,4082,8174,2224,19.7,10.7,236,468,25,11,8,199,2249,451,208,92,0.694,0.4,0.5,"special_lifesteal;basic_power;basic_hp;basic_armor;basic_haste;basic_mr;basic_power"
24,1,299,34,151,bot1_2,Lynx,1,SLAYER,physical,16,1,13,29,28595,16209,5418,0,56.3,0,670,904,63,33,12,65,4565,915,288,12,0.961,3.2,2.99,"basic_hp;basic_hp;basic_mr;basic_hp;basic_power;basic_as;basic_hp;basic_mr;basic_mr;basic_hp;basic_mr;basic_armor;basic_power;basic_haste;basic_as;basic_power"
24,1,299,34,151,bot0_3,Eggchanter,0,SUPPORT,magical,1,7,3,0.57,4106,2000,8124,2218,9.5,10.5,157,243,18,11,8,6,2081,417,211,88,0.706,0.2,0.25,"special_gw;basic_hp;basic_armor;basic_power;basic_hp;basic_mr;basic_armor"
24,1,299,34,151,bot1_3,Pyromancer,1,SLAYER,magical,6,2,18,12,14368,6155,4539,171,21.6,0.6,293,425,33,25,12,198,3723,746,285,15,0.951,1.2,1.36,"special_lifesteal;basic_hp;basic_power;basic_hp;basic_mr;basic_power;basic_haste;basic_hp;basic_as;basic_mr;basic_mr;basic_hp"
24,1,299,34,151,bot0_4,Jailer,0,TANK,magical,0,8,4,0.5,6544,4803,10356,0,20.9,0,313,344,19,18,8,193,1993,399,230,69,0.769,0,0.46,"special_gw;basic_hp;basic_armor;basic_hp;basic_mr;basic_power"
24,1,299,34,151,bot1_4,Goliath,1,TANK,physical,0,1,25,25,8990,4698,5676,1763,16.2,6.1,255,507,37,23,11,230,3180,637,290,10,0.967,0,0.83,"basic_hp;basic_hp;basic_mr;basic_power;basic_hp;basic_mr;basic_mr;basic_power;basic_as;basic_as;basic_armor"
25,0,317,152,14,bot0_1,Fusilier,0,SLAYER,physical,7,2,8,7.5,11892,5268,3700,0,18.2,0,330,423,49,13,10,295,3320,628,290,27,0.914,1.3,1.42,"basic_hp;basic_hp;basic_hp;basic_hp;basic_mr;basic_armor;basic_power;basic_as;basic_haste;basic_hp;basic_mr"
25,0,317,152,14,bot1_1,Quiller,1,SLAYER,physical,4,7,0,0.57,9893,5057,6426,302,22.3,1.3,249,396,29,18,8,100,2450,464,227,90,0.717,0.8,0.79,"special_lifesteal;basic_power;basic_as;basic_power;basic_hp;basic_armor;basic_power;basic_mr"
25,0,317,152,14,bot0_2,Jirina,0,FIGHTER,magical,6,0,16,22,16476,8960,5647,5096,28.3,16.1,335,481,40,23,11,291,3591,680,317,0,1,1.1,1.59,"special_gw;basic_hp;basic_hp;basic_hp;basic_hp;basic_power;basic_hp;basic_mr;basic_armor;basic_haste;basic_power"
25,0,317,152,14,bot1_2,Cleric,1,SUPPORT,magical,0,6,5,0.83,4754,3356,8198,1725,13.9,7.1,280,339,24,22,8,236,2061,390,242,75,0.763,0,0.41,"basic_hp;basic_hp;basic_hp;basic_armor;basic_mr;basic_haste;basic_power"
25,0,317,152,14,bot0_3,Jailer,0,TANK,magical,7,3,10,5.67,9184,7033,5738,0,25.2,0,291,436,26,24,10,273,3373,638,279,38,0.88,1.3,1.23,"basic_hp;basic_hp;basic_hp;basic_hp;basic_mr;basic_armor;basic_armor;basic_mr;basic_hp;basic_mr;basic_power"
25,0,317,152,14,bot1_3,Tamer,1,MAGE,magical,1,8,3,0.5,11059,5282,8078,2134,21,8.5,241,393,24,9,9,155,2255,427,252,65,0.794,0.2,0.65,"special_lifesteal;basic_power;basic_power;basic_hp;basic_power;basic_haste;basic_mr"
25,0,317,152,14,bot0_4,Vanguard,0,FIGHTER,physical,5,0,16,21,15988,9522,4077,0,30,0,402,530,50,30,10,149,3424,648,317,0,1,0.9,2.34,"basic_hp;basic_hp;basic_hp;basic_power;basic_hp;basic_power;basic_armor;basic_mr;basic_mr;basic_armor;basic_mr;basic_as"
25,0,317,152,14,bot1_4,Ironclad,1,TANK,physical,0,4,5,1.25,4377,2880,9510,0,10.8,0,274,335,26,14,8,142,2067,391,266,51,0.84,0,0.3,"basic_hp;basic_hp;basic_hp;basic_armor;basic_hp;basic_mr;basic_mr"
26,0,247,150,1,bot0_1,Hana,0,TANK,magical,2,0,15,17,7400,4911,3234,0,19.9,0,506,811,13,27,9,155,2680,652,247,0,1,0.5,1.52,"basic_hp;basic_hp;basic_mr;basic_hp;basic_armor;basic_hp;basic_mr;basic_haste;basic_hp"
26,0,247,150,1,bot1_1,Ironclad,1,TANK,physical,0,5,1,0.2,7140,4433,10777,0,22.6,0,288,469,19,14,6,20,1595,388,196,50,0.795,0,0.41,"basic_hp;basic_hp;basic_hp;basic_mr;basic_armor;basic_power"
26,0,247,150,1,bot0_2,Goliath,0,TANK,physical,4,0,16,20,7846,4506,4130,2230,18.3,9,361,477,23,20,10,244,2994,729,247,0,1,1,1.09,"basic_hp;basic_hp;basic_hp;basic_mr;basic_mr;basic_armor;basic_hp;basic_armor;basic_armor;basic_as"
26,0,247,150,1,bot1_2,Bruiser,1,FIGHTER,physical,0,7,1,0.14,7427,3221,7862,207,17.1,1.1,276,558,24,20,7,57,1607,391,188,59,0.762,0,0.41,"special_lifesteal;basic_power;basic_power;basic_hp;basic_as"
26,0,247,150,1,bot0_3,Volstrov,0,MAGE,magical,2,1,14,16,4541,3231,2042,154,13.9,0.7,218,360,3,9,9,145,2570,626,232,15,0.941,0.5,1.58,"special_lifesteal;basic_power;basic_power;basic_hp;basic_hp;basic_power;basic_haste;basic_hp"
26,0,247,150,1,bot1_3,Eggchanter,1,SUPPORT,magical,0,6,1,0.17,3007,803,6383,1625,4,8.2,92,165,17,11,7,139,1664,405,199,48,0.806,0,0.13,"special_gw;basic_hp;basic_mr;basic_armor;basic_power"
26,0,247,150,1,bot0_4,Lynx,0,SLAYER,physical,15,0,8,23,25188,16523,2572,829,67,3.4,638,1569,48,32,10,32,3782,921,247,0,1,3.7,6.42,"special_lifesteal;special_gw;basic_power;basic_power;basic_hp;basic_hp;basic_as;basic_power;basic_mr;basic_as;basic_hp;basic_mr"
26,0,247,150,1,bot1_4,Healer,1,SUPPORT,magical,1,5,0,0.2,2875,1186,7298,1623,6.1,8.3,129,177,20,6,7,147,1722,419,195,51,0.791,0.2,0.16,"basic_hp;basic_hp;basic_hp;basic_mr;basic_armor;basic_haste"
27,1,307,28,151,bot0_1,Summoner,0,MAGE,magical,2,7,4,0.86,5875,2407,8079,145,10,0.6,162,238,28,16,9,41,2366,463,240,66,0.784,0.4,0.3,"special_lifesteal;basic_power;basic_power;basic_hp;basic_haste;basic_hp;basic_mr;basic_armor"
27,1,307,28,151,bot1_1,Healer,1,SUPPORT,magical,3,1,20,23,6217,4189,6444,6364,14.1,21.4,158,206,47,16,10,25,3300,646,297,10,0.968,0.6,0.65,"special_heal_power;basic_hp;basic_hp;basic_mr;basic_hp;basic_mr;basic_power;basic_power;basic_mr;basic_hp;basic_haste"
27,1,307,28,151,bot0_2,Pyromancer,0,SLAYER,magical,1,6,4,0.83,9326,4868,8459,135,21.4,0.6,361,584,20,16,8,24,2124,416,227,79,0.742,0.2,0.58,"special_lifesteal;basic_hp;basic_hp;basic_hp;basic_power;basic_haste;basic_armor"
27,1,307,28,151,bot1_2,Fusilier,1,SLAYER,physical,12,2,8,10,13415,9066,6433,447,31.7,1.6,484,724,46,13,11,189,4039,791,286,21,0.933,2.3,1.41,"special_lifesteal;basic_power;basic_hp;basic_power;basic_power;basic_as;basic_hp;basic_as;basic_mr;basic_mr;basic_hp;basic_as;basic_power"
27,1,307,28,151,bot0_3,Reaper,0,SPLITPUSHER,magical,4,7,0,0.57,10996,5082,8692,0,22.8,0,488,1074,30,16,8,84,2434,476,223,84,0.726,0.8,0.58,"basic_hp;basic_hp;basic_hp;basic_power;basic_haste;basic_power;basic_armor;basic_mr;basic_as"
27,1,307,28,151,bot1_3,Tamer,1,MAGE,magical,7,3,16,7.67,17079,11132,5635,4106,39.3,14.5,310,488,39,12,11,28,3778,739,283,23,0.924,1.4,1.98,"special_lifesteal;basic_power;basic_hp;basic_power;basic_mr;basic_hp;basic_haste;basic_armor;basic_power;basic_hp;basic_mr;basic_haste;basic_armor"
27,1,307,28,151,bot0_4,Volstrov,0,MAGE,magical,0,7,5,0.71,8429,4209,9889,0,17.7,0,227,403,16,16,8,203,2128,417,238,68,0.777,0,0.43,"basic_hp;basic_hp;basic_hp;basic_hp;basic_armor;basic_mr;basic_mr"
27,1,307,28,151,bot1_4,Oracle,1,MAGE,physical,5,1,21,26,15415,8197,3568,550,27.8,1.9,343,463,24,25,11,192,3717,728,295,12,0.962,1,2.3,"special_lifesteal;basic_hp;basic_hp;basic_hp;basic_mr;basic_as;basic_power;basic_haste;basic_mr;basic_as;basic_hp;basic_mr"
28,0,387,152,42,bot0_1,Reaper,0,SPLITPUSHER,magical,10,1,14,24,20091,11615,8592,507,31.2,1.4,436,852,57,30,12,332,4482,694,373,15,0.962,1.5,1.35,"basic_hp;basic_hp;special_lifesteal;basic_mr;basic_hp;basic_hp;basic_power;basic_power;basic_hp;basic_mr;basic_armor;basic_mr;basic_haste;basic_armor"
28,0,387,152,42,bot1_1,Vanguard,1,FIGHTER,physical,2,6,7,1.5,16315,7923,10853,0,26.3,0,652,795,46,34,10,88,2888,447,302,86,0.779,0.3,0.73,"basic_hp;basic_hp;basic_hp;basic_hp;basic_mr;basic_hp;basic_power;basic_mr;basic_armor;basic_power"
28,0,387,152,42,bot0_2,Oracle,0,MAGE,physical,7,3,18,8.33,17447,9888,8593,505,28.6,1.5,593,738,26,25,12,325,4150,643,345,42,0.892,1.1,1.15,"special_lifesteal;basic_hp;basic_as;basic_power;basic_hp;basic_hp;basic_mr;basic_as;basic_power;basic_armor;basic_hp;basic_as;basic_power"
28,0,387,152,42,bot1_2,Volstrov,1,MAGE,magical,2,7,5,1,10177,6462,7553,222,22.3,0.8,365,555,18,16,10,64,2739,424,290,98,0.748,0.3,0.86,"special_lifesteal;basic_power;basic_hp;basic_haste;basic_power;basic_mr;basic_power;basic_power;basic_armor"
28,0,387,152,42,bot0_3,Jirina,0,FIGHTER,magical,2,2,19,10.5,14825,7776,8341,5863,21.6,16.3,430,562,44,18,11,246,3446,534,360,27,0.93,0.3,0.93,"special_lifesteal;basic_power;basic_hp;basic_mr;basic_haste;basic_power;basic_armor;basic_hp;basic_hp;basic_mr;basic_power"
28,0,387,152,42,bot1_3,Ironclad,1,TANK,physical,1,6,7,1.33,7420,5735,13513,0,18.9,0,405,477,33,19,10,35,2710,420,304,84,0.784,0.2,0.42,"special_gw;basic_hp;basic_hp;basic_hp;basic_mr;basic_mr;basic_mr;basic_armor;basic_power"
28,0,387,152,42,bot0_4,Jailer,0,TANK,magical,6,3,19,8.33,15999,11018,9397,0,29.5,0,437,645,36,33,12,244,4069,630,374,14,0.965,0.9,1.17,"basic_hp;basic_hp;basic_hp;basic_mr;basic_mr;basic_armor;basic_mr;basic_power;basic_haste;basic_armor;basic_power;basic_armor;basic_hp;basic_as"
28,0,387,152,42,bot1_4,Hana,1,TANK,magical,4,6,5,1.5,17769,11793,11038,0,39.2,0,593,1049,13,34,10,143,3093,479,301,87,0.776,0.6,1.07,"basic_hp;basic_hp;special_gw;basic_mr;basic_hp;basic_mr;basic_hp;basic_armor;basic_power;basic_haste"
29,0,317,152,4,bot0_1,Quiller,0,SLAYER,physical,9,2,13,11,12636,7730,3206,487,26.8,1.7,304,495,46,26,11,112,3862,731,289,28,0.911,1.7,2.41,"special_lifesteal;basic_power;basic_power;basic_power;basic_hp;basic_as;basic_mr;basic_armor;basic_hp;basic_as;basic_mr;basic_armor;basic_as"
29,0,317,152,4,bot1_1,Oracle,1,MAGE,physical,0,7,3,0.43,6598,3516,9646,0,15.3,0,501,618,15,15,8,231,2081,394,230,87,0.727,0,0.36,"basic_hp;basic_hp;basic_hp;basic_armor;basic_power;basic_armor;basic_as"
29,0,317,152,4,bot0_2,Lynx,0,SLAYER,physical,11,1,13,24,22285,13070,3603,0,42.7,0,618,1241,59,35,11,29,4079,772,306,11,0.966,2.1,3.63,"basic_hp;basic_hp;basic_hp;basic_mr;basic_hp;basic_mr;basic_hp;basic_power;basic_as;basic_mr;basic_mr;basic_power;basic_armor;basic_hp"
29,0,317,152,4,bot1_2,Pyromancer,1,SLAYER,magical,1,6,1,0.33,8888,2638,7086,95,11.1,0.4,321,467,21,15,9,84,2184,413,238,79,0.751,0.2,0.37,"special_lifesteal;basic_power;basic_power;basic_hp;basic_haste;basic_power;basic_armor"
29,0,317,152,4,bot0_3,Ironclad,0,TANK,physical,3,0,18,21,6056,4622,5085,0,14.6,0,427,537,30,20,10,183,3183,602,317,0,1,0.6,0.91,"basic_hp;basic_hp;basic_hp;basic_mr;basic_mr;basic_armor;basic_armor;basic_power;basic_as;basic_hp;basic_mr"
29,0,317,152,4,bot1_3,Cleric,1,SUPPORT,magical,0,7,4,0.57,4547,3262,10145,2445,12.9,9.6,335,367,21,17,8,148,1998,378,254,63,0.8,0,0.32,"basic_hp;basic_hp;basic_hp;basic_armor;basic_power;basic_haste;basic_armor"
29,0,317,152,4,bot0_4,Goliath,0,TANK,physical,3,1,22,25,10862,8416,3933,1694,27.4,5.5,299,422,26,19,10,127,3377,639,307,10,0.969,0.6,2.14,"basic_hp;basic_hp;basic_hp;basic_mr;basic_mr;basic_mr;basic_armor;basic_armor;basic_power;basic_as;basic_hp;basic_haste"
29,0,317,152,4,bot1_4,Mage,1,MAGE,magical,3,6,1,0.67,8942,4346,8635,90,18.3,0.4,405,486,39,18,9,71,2421,458,237,80,0.748,0.6,0.5,"basic_hp;basic_hp;special_lifesteal;basic_armor;basic_power;basic_hp;basic_haste;basic_mr"
30,1,321,21,150,bot0_1,Ironclad,0,TANK,physical,0,7,1,0.14,8721,3431,12215,0,13.4,0,328,494,24,19,8,134,1934,361,256,65,0.797,0,0.28,"special_gw;basic_hp;basic_hp;basic_power;basic_mr;basic_armor"
30,1,321,21,150,bot1_1,Tamer,1,MAGE,magical,7,1,16,23,15853,9539,4541,3939,29.7,12.3,320,549,44,12,11,257,3782,706,321,0,1,1.3,2.1,"special_lifesteal;basic_power;basic_hp;basic_power;basic_haste;basic_hp;basic_mr;basic_armor;basic_power;basic_hp;basic_hp;basic_haste"
30,1,321,21,150,bot0_2,Kratoma,0,SLAYER,physical,1,8,2,0.38,5945,2339,10664,0,10.6,0,207,340,15,13,8,234,2134,398,220,101,0.685,0.2,0.22,"basic_hp;basic_hp;basic_hp;basic_power;basic_hp;basic_mr;basic_armor"
30,1,321,21,150,bot1_2,Reaper,1,SPLITPUSHER,magical,14,0,15,29,30554,18594,2969,645,57.9,2,752,1050,50,25,11,274,4349,812,321,0,1,2.6,6.26,"special_lifesteal;basic_power;basic_power;basic_power;basic_hp;basic_power;basic_haste;basic_mr;basic_hp;basic_armor;basic_haste;basic_mr;basic_armor;basic_hp"
30,1,321,21,150,bot0_3,Volstrov,0,MAGE,magical,0,7,2,0.29,4928,1778,7238,164,7.6,0.7,146,280,11,10,8,112,1987,371,234,88,0.727,0,0.25,"special_lifesteal;basic_power;basic_power;basic_hp;basic_hp;basic_hp"
30,1,321,21,150,bot1_3,Doctor,1,SUPPORT,physical,4,1,22,26,10416,5879,4973,6049,18.3,18.8,280,373,20,20,11,287,3562,665,321,0,1,0.7,1.18,"basic_hp;basic_hp;basic_hp;basic_hp;basic_mr;basic_armor;basic_power;basic_mr;basic_armor;basic_as;basic_mr;basic_power"
30,1,321,21,150,bot0_4,Mage,0,MAGE,magical,2,8,1,0.38,9152,4148,9172,186,18.6,0.8,447,518,38,15,9,178,2278,425,223,98,0.694,0.4,0.45,"special_lifesteal;basic_hp;basic_hp;basic_hp;basic_power;basic_haste;basic_mr"
30,1,321,21,150,bot1_4,Quiller,1,SLAYER,physical,5,1,12,17,6329,3667,2731,382,11.4,1.2,231,399,42,27,10,279,3179,593,321,0,1,0.9,1.34,"special_lifesteal;special_lifesteal;basic_power;basic_hp;basic_power;basic_as;basic_hp;basic_mr;basic_armor"
31,1,264,2,152,bot0_1,Fusilier,0,SLAYER,physical,0,8,2,0.25,5500,2980,9165,0,14.8,0,259,459,22,7,7,222,1797,408,202,62,0.765,0,0.33,"basic_hp;basic_hp;basic_hp;basic_armor;basic_power;basic_as"
31,1,264,2,152,bot1_1,Healer,1,SUPPORT,magical,0,0,19,19,6051,3481,6413,6263,13.2,23.7,138,202,42,18,9,259,2634,598,264,0,1,0,0.54,"basic_hp;basic_hp;basic_armor;basic_hp;basic_mr;basic_mr;basic_armor;basic_power;basic_haste"
31,1,264,2,152,bot0_2,Pyromancer,0,SLAYER,magical,2,7,0,0.29,4886,2823,6765,57,15.7,0.3,218,374,13,11,7,84,1909,434,180,84,0.682,0.5,0.42,"special_lifesteal;basic_power;basic_power;basic_hp;basic_hp;basic_armor"
31,1,264,2,152,bot1_2,Quiller,1,SLAYER,physical,7,1,9,16,7449,4005,2919,272,15.2,1,202,491,38,21,10,201,3151,716,264,0,1,1.6,1.37,"special_lifesteal;basic_power;basic_hp;basic_power;basic_power;basic_as;basic_mr;basic_hp;basic_as;basic_hp"
31,1,264,2,152,bot0_3,Kratoma,0,SLAYER,physical,0,6,2,0.33,9625,3998,6725,254,21.3,1.4,246,364,13,13,8,78,1853,421,188,76,0.712,0,0.59,"special_lifesteal;basic_power;basic_as;basic_hp;basic_armor;basic_mr"
31,1,264,2,152,bot1_3,Oracle,1,MAGE,physical,2,0,20,22,9307,5951,2887,341,22.5,1.3,274,392,19,19,10,108,3008,683,264,0,1,0.5,2.06,"special_lifesteal;basic_hp;basic_hp;basic_power;basic_hp;basic_as;basic_as;basic_mr;basic_power;basic_armor"
31,1,264,2,152,bot0_4,Tamer,0,MAGE,magical,0,7,2,0.29,8694,4834,6754,1854,26.8,10.3,257,414,18,7,8,137,1912,434,180,84,0.682,0,0.72,"basic_hp;basic_hp;basic_power;basic_armor;basic_haste;basic_mr;basic_as"
31,1,264,2,152,bot1_4,Lynx,1,SLAYER,physical,19,1,6,25,24932,14168,4500,639,53.6,2.4,626,1181,46,36,11,261,4161,945,264,0,1,4.3,3.15,"special_lifesteal;basic_power;basic_power;basic_power;basic_as;basic_as;basic_power;basic_hp;basic_as;basic_hp;basic_mr;basic_mr;basic_power"
32,0,228,150,5,bot0_1,Reaper,0,SPLITPUSHER,magical,9,1,11,20,13831,9251,3535,497,43.5,2.3,699,1394,28,13,10,258,3308,869,213,16,0.932,2.4,2.62,"special_lifesteal;basic_hp;basic_hp;basic_hp;basic_power;basic_power;basic_haste;basic_hp;basic_armor;basic_hp"
32,0,228,150,5,bot1_1,Fusilier,1,SLAYER,physical,1,4,1,0.5,5086,3060,6588,0,16.8,0,289,412,17,5,7,44,1694,445,183,46,0.799,0.3,0.46,"basic_hp;basic_hp;basic_hp;basic_hp;basic_mr;basic_armor"
32,0,228,150,5,bot0_2,Summoner,0,MAGE,magical,3,2,9,6,4000,3072,3564,154,14.8,0.7,184,265,29,14,8,193,2368,622,208,20,0.91,0.8,0.86,"special_lifesteal;basic_power;basic_power;basic_hp;basic_power;basic_hp;basic_hp"
32,0,228,150,5,bot1_2,Wanderer,1,SLAYER,physical,1,7,3,0.57,13638,7214,8255,238,43.2,1.4,502,850,15,10,8,192,1992,523,167,61,0.732,0.3,0.87,"special_lifesteal;basic_hp;basic_power;basic_as;basic_mr;basic_hp"
32,0,228,150,5,bot0_3,Kratoma,0,SLAYER,physical,7,1,14,21,10959,6545,3398,239,28.7,1,263,475,18,19,10,78,3328,874,228,0,1,1.8,1.93,"special_lifesteal;basic_power;basic_power;basic_power;basic_as;basic_hp;basic_power;basic_armor;basic_mr;basic_as;basic_as"
32,0,228,150,5,bot1_3,Goliath,1,TANK,physical,1,6,3,0.67,6026,3537,8639,619,22.6,4,248,407,20,11,7,240,1815,477,156,72,0.684,0.3,0.41,"basic_hp;basic_hp;basic_hp;basic_mr;basic_armor;basic_power"
32,0,228,150,5,bot0_4,Doctor,0,SUPPORT,physical,4,1,15,19,5516,4703,6879,7220,21.7,33.3,210,292,15,17,9,227,2877,756,217,12,0.949,1.1,0.68,"basic_hp;basic_hp;basic_hp;basic_armor;basic_armor;basic_mr;basic_power;basic_as;basic_haste;basic_armor"
32,0,228,150,5,bot1_4,Pyromancer,1,SLAYER,magical,2,6,2,0.67,4940,2533,5510,93,15.8,0.6,462,570,14,10,8,126,1951,512,160,68,0.7,0.5,0.46,"special_lifesteal;basic_power;basic_power;basic_hp;basic_haste;basic_hp"
33,0,241,152,5,bot0_1,Goliath,0,TANK,physical,3,2,14,8.5,7112,5672,6069,1969,26.2,9.1,508,508,28,19,9,356,2756,687,216,24,0.899,0.7,0.93,"basic_hp;basic_hp;basic_hp;basic_mr;basic_hp;basic_armor;basic_power;basic_as;basic_haste"
33,0,241,152,5,bot1_1,Fusilier,1,SLAYER,physical,0,6,5,0.83,6486,3647,6393,0,21.5,0,288,434,21,9,7,209,1784,445,170,71,0.705,0,0.57,"basic_hp;basic_hp;basic_armor;basic_power;basic_hp;basic_as"
33,0,241,152,5,bot0_2,Reaper,0,SPLITPUSHER,magical,8,1,10,18,8775,6813,2717,347,30,1.5,445,741,28,15,9,218,3218,802,227,14,0.943,2,2.51,"special_lifesteal;basic_power;basic_power;basic_hp;basic_hp;basic_hp;basic_power;basic_haste;basic_hp;basic_mr"
33,0,241,152,5,bot1_2,Bruiser,1,FIGHTER,physical,1,5,3,0.8,2942,1763,5947,111,9.8,0.6,197,325,27,20,7,225,1825,455,180,60,0.749,0.2,0.3,"special_lifesteal;basic_power;basic_hp;basic_power;basic_power"
33,0,241,152,5,bot0_3,Kratoma,0,SLAYER,physical,6,0,9,15,8601,4239,1664,359,17.6,1.5,260,575,19,18,9,234,2884,719,241,0,1,1.5,2.55,"special_lifesteal;basic_hp;basic_power;basic_hp;basic_as;basic_hp;basic_power;basic_as;basic_armor"
33,0,241,152,5,bot1_3,Pyromancer,1,SLAYER,magical,2,5,3,1,6406,2491,5186,77,14,0.4,407,597,12,11,8,263,2038,508,178,62,0.741,0.5,0.48,"special_lifesteal;basic_power;basic_hp;basic_haste;basic_armor;basic_mr"
33,0,241,152,5,bot0_4,Vanguard,0,FIGHTER,physical,4,2,13,8.5,9654,5992,3658,323,26.5,1.4,446,679,35,19,9,149,2799,698,226,15,0.939,1,1.64,"special_lifesteal;basic_power;basic_power;basic_hp;basic_as;basic_mr;basic_power;basic_hp;basic_as"
33,0,241,152,5,bot1_4,Zephyr,1,SPLITPUSHER,magical,2,5,3,1,5956,4363,7175,171,24.1,0.9,287,424,20,21,8,148,2023,504,181,59,0.753,0.5,0.61,"special_lifesteal;basic_power;basic_power;basic_hp;basic_power;basic_hp"
34,1,364,72,150,bot0_1,Quiller,0,SLAYER,physical,3,8,7,1.25,10731,6475,9013,272,22.3,0.9,223,472,39,24,10,236,2861,472,291,73,0.799,0.5,0.72,"special_lifesteal;basic_hp;basic_hp;basic_hp;basic_power;basic_as;basic_as;basic_armor;basic_mr"
34,1,364,72,150,bot1_1,Goliath,1,TANK,physical,6,3,18,8,8843,5721,8200,2401,17.7,7.4,373,426,43,22,12,200,4075,672,323,41,0.887,1,0.7,"basic_hp;basic_hp;basic_hp;basic_armor;basic_mr;basic_power;basic_as;basic_haste;basic_armor;basic_armor;basic_mr;basic_mr;basic_hp;basic_armor"
34,1,364,72,150,bot0_2,Lynx,0,SLAYER,physical,5,7,7,1.71,9343,7327,8550,258,27,1,389,751,34,33,9,156,3081,508,272,92,0.746,0.8,0.86,"special_lifesteal;basic_power;basic_hp;basic_as;basic_power;basic_armor;basic_mr;basic_hp;basic_power;basic_hp"
34,1,364,72,150,bot1_2,Hana,1,TANK,magical,8,3,19,9,24642,14903,7013,0,45.9,0,695,1248,12,45,13,277,4402,726,325,39,0.893,1.3,2.13,"special_gw;basic_hp;basic_armor;basic_hp;basic_mr;basic_power;basic_armor;basic_haste;basic_hp;basic_armor;basic_power;basic_hp;basic_armor;basic_mr"
34,1,364,72,150,bot0_3,Eggchanter,0,SUPPORT,magical,3,6,9,2,6812,4653,12631,6607,15.4,21.8,132,213,33,17,10,126,2976,491,303,61,0.831,0.5,0.37,"basic_hp;basic_hp;basic_hp;basic_hp;basic_armor;basic_armor;basic_hp;basic_armor;basic_mr;basic_mr"
34,1,364,72,150,bot1_3,Ironclad,1,TANK,physical,3,3,24,9,13433,7889,9435,0,22.5,0,294,418,42,36,13,273,4073,671,351,13,0.965,0.5,0.84,"basic_hp;basic_hp;basic_hp;basic_armor;basic_mr;basic_power;basic_as;basic_haste;basic_hp;basic_armor;basic_mr;basic_armor;basic_power;basic_as"
34,1,364,72,150,bot0_4,Wanderer,0,SLAYER,physical,1,7,11,1.71,15653,9770,11104,0,36.5,0,776,1351,21,16,10,74,2774,457,268,96,0.735,0.2,0.88,"basic_hp;basic_hp;basic_hp;basic_armor;basic_mr;basic_armor;basic_hp;basic_mr;basic_power;basic_as"
34,1,364,72,150,bot1_4,Fusilier,1,SLAYER,physical,11,3,14,8.33,18484,11355,5425,0,35.4,0,375,666,57,18,12,127,4602,759,321,43,0.882,1.8,2.09,"basic_hp;basic_hp;basic_hp;basic_armor;basic_armor;basic_power;basic_as;basic_hp;basic_hp;basic_armor;basic_mr;basic_power;basic_as;basic_haste;basic_mr;basic_armor"
35,1,255,3,150,bot0_1,Pyromancer,0,SLAYER,magical,2,4,1,0.75,8030,3248,5275,0,15.4,0,436,551,17,17,8,187,2037,478,211,45,0.825,0.5,0.62,"basic_hp;basic_hp;basic_hp;basic_mr;basic_mr;basic_armor;basic_haste"
35,1,255,3,150,bot1_1,Volstrov,1,MAGE,magical,8,0,7,15,10542,6220,1544,252,24.4,1,215,515,7,7,9,148,3173,745,255,0,1,1.9,4.03,"special_lifesteal;basic_power;basic_power;basic_hp;basic_hp;basic_mr;basic_hp;basic_power;basic_hp;basic_mr"
35,1,255,3,150,bot0_2,Healer,0,SUPPORT,magical,1,4,2,0.75,5296,2998,7298,4802,13.8,22,137,193,29,20,8,36,1961,461,218,38,0.853,0.2,0.41,"basic_hp;basic_hp;basic_hp;basic_hp;basic_mr;basic_mr;basic_armor"
35,1,255,3,150,bot1_2,Bruiser,1,FIGHTER,physical,6,2,9,7.5,13992,9067,4657,0,38.9,0,435,707,39,23,9,71,2921,686,233,23,0.912,1.4,1.95,"basic_hp;basic_hp;basic_mr;basic_hp;basic_hp;basic_armor;basic_mr;basic_mr;basic_hp;basic_armor"
35,1,255,3,150,bot0_3,Reaper,0,SPLITPUSHER,magical,0,4,3,0.75,5672,3032,6131,0,13.8,0,230,460,23,10,8,63,1813,426,219,36,0.859,0,0.49,"basic_hp;basic_hp;basic_hp;basic_hp;basic_mr;basic_hp"
35,1,255,3,150,bot1_3,Eggchanter,1,SUPPORT,magical,1,0,14,15,5237,4090,3346,4865,16,19,138,210,33,14,8,242,2442,574,255,0,1,0.2,1.22,"special_gw;basic_hp;basic_mr;basic_hp;basic_hp;basic_hp;basic_mr"
35,1,255,3,150,bot0_4,Goliath,0,TANK,physical,0,4,3,0.75,6140,1875,8423,1039,9.1,5.1,320,375,23,15,8,174,1849,434,206,50,0.805,0,0.22,"basic_hp;basic_hp;basic_hp;basic_hp;basic_mr;basic_mr"
35,1,255,3,150,bot1_4,Oracle,1,MAGE,physical,1,1,11,12,7865,5038,3564,0,20.9,0,562,685,17,15,8,89,2314,543,241,15,0.943,0.2,1.41,"basic_hp;basic_hp;basic_hp;basic_hp;basic_mr;basic_mr;basic_mr;basic_power"
36,0,412,150,56,bot0_1,Healer,0,SUPPORT,magical,4,2,21,12.5,12819,5783,8055,6791,15,17.7,159,225,74,16,12,194,4069,593,384,27,0.934,0.6,0.72,"special_gw;basic_hp;basic_power;basic_hp;basic_hp;basic_mr;basic_hp;basic_haste;basic_power;basic_mr;basic_hp;basic_armor;basic_mr"
36,0,412,150,56,bot1_1,Kratoma,1,SLAYER,physical,0,6,8,1.33,21124,8403,10190,521,25.8,1.6,287,568,26,26,10,173,2798,408,326,86,0.791,0,0.82,"special_lifesteal;basic_hp;basic_power;basic_as;basic_hp;basic_mr;basic_armor;basic_hp;basic_power"
36,0,412,150,56,bot0_2,Summoner,0,MAGE,magical,6,2,19,12.5,11616,7154,6065,248,18.6,0.6,194,273,67,36,12,83,4233,617,385,26,0.936,0.9,1.18,"special_lifesteal;basic_power;basic_power;basic_power;basic_hp;basic_hp;basic_hp;basic_mr;basic_haste;basic_armor;basic_mr;basic_haste;basic_power;basic_power"
36,0,412,150,56,bot1_2,Eggchanter,1,SUPPORT,magical,4,7,4,1.14,9313,4272,13286,6224,13.1,19.1,152,244,31,15,10,130,3130,456,325,87,0.79,0.6,0.32,"basic_hp;basic_hp;basic_hp;basic_hp;basic_mr;basic_power;basic_armor;basic_mr;basic_mr;basic_armor;basic_haste"
36,0,412,150,56,bot0_3,Cleric,0,SUPPORT,magical,6,2,18,12,10935,5535,8483,6959,14.4,18.1,331,390,51,43,11,177,4102,598,384,27,0.934,0.9,0.65,"basic_hp;basic_hp;basic_hp;basic_hp;basic_mr;basic_mr;basic_armor;basic_hp;basic_armor;basic_mr;basic_power;basic_haste;basic_as;basic_mr"
36,0,412,150,56,bot1_3,Tamer,1,MAGE,magical,4,7,4,1.14,14451,7680,7970,2507,24.1,7.9,307,596,35,10,11,256,3206,467,318,93,0.773,0.6,0.96,"special_lifesteal;basic_power;basic_power;basic_power;basic_hp;basic_haste;basic_mr;basic_power;basic_hp;basic_armor"
36,0,412,150,56,bot0_4,Oracle,0,MAGE,physical,11,2,13,12,23339,11195,10004,0,27.2,0,571,709,34,32,13,95,4770,695,412,0,1,1.6,1.12,"basic_hp;basic_hp;basic_hp;basic_mr;basic_as;basic_power;basic_hp;basic_mr;basic_hp;basic_mr;basic_as;basic_armor;basic_armor;basic_hp;basic_mr;basic_mr"
36,0,412,150,56,bot1_4,Volstrov,1,MAGE,magical,0,7,7,1,14958,8448,8519,377,25.8,1.2,272,498,17,13,10,152,2752,401,327,85,0.794,0,0.99,"special_lifesteal;basic_power;basic_hp;basic_mr;basic_haste;basic_armor;basic_power;basic_hp;basic_mr"
37,1,282,3,150,bot0_1,Eggchanter,0,SUPPORT,magical,0,7,3,0.43,4030,2374,9283,1971,12.1,10,104,160,18,10,8,65,1890,402,197,85,0.699,0,0.26,"basic_hp;basic_hp;basic_mr;basic_hp;basic_armor;basic_power;basic_haste"
37,1,282,3,150,bot1_1,Healer,1,SUPPORT,magical,2,0,21,23,5909,4036,2193,3790,14.3,13.5,163,226,47,9,11,39,3264,695,282,0,1,0.4,1.84,"special_gw;basic_hp;basic_mr;basic_hp;basic_mr;basic_armor;basic_armor;basic_power;basic_haste;basic_hp;basic_hp"
37,1,282,3,150,bot0_2,Vanguard,0,FIGHTER,physical,0,7,3,0.43,6753,3011,9801,0,14.6,0,501,599,33,18,7,26,1851,394,206,75,0.732,0,0.31,"basic_hp;basic_hp;basic_hp;basic_mr;basic_armor;basic_power;basic_as"
37,1,282,3,150,bot1_2,Lynx,1,SLAYER,physical,17,1,8,25,28445,18584,4988,827,66,2.9,492,924,53,35,11,126,4301,916,282,0,1,3.6,3.73,"special_lifesteal;basic_hp;basic_power;basic_hp;basic_hp;basic_as;basic_as;basic_mr;basic_power;basic_armor;basic_hp;basic_as;basic_hp;basic_power"
37,1,282,3,150,bot0_3,Zephyr,0,SPLITPUSHER,magical,2,6,1,0.5,9394,5301,9648,214,25.6,1,421,645,24,28,8,191,2041,435,207,75,0.734,0.4,0.55,"special_lifesteal;basic_hp;basic_power;basic_hp;basic_haste;basic_hp"
37,1,282,3,150,bot1_3,Volstrov,1,MAGE,magical,5,2,17,11,9970,6425,3948,334,25.4,1.3,216,411,10,14,11,250,3450,735,253,29,0.896,1.1,1.63,"special_lifesteal;basic_power;basic_hp;basic_power;basic_hp;basic_hp;basic_haste;basic_mr;basic_armor;basic_power;basic_mr"
37,1,282,3,150,bot0_4,Goliath,0,TANK,physical,1,5,2,0.6,6907,2112,7859,783,9.7,3.6,316,374,25,14,8,131,1956,416,218,63,0.775,0.2,0.27,"special_gw;basic_hp;basic_hp;basic_power;basic_mr;basic_power"
37,1,282,3,150,bot1_4,Oracle,1,MAGE,physical,1,0,17,18,12512,4485,3958,0,15.9,0,397,460,21,22,10,207,2882,614,282,0,1,0.2,1.13,"basic_hp;basic_hp;basic_hp;basic_power;basic_mr;basic_armor;basic_as;basic_mr;basic_hp;basic_haste"
38,1,470,71,151,bot0_1,Goliath,0,TANK,physical,2,7,14,2.29,16556,11048,15496,3158,29.5,8.4,401,696,46,31,12,177,3702,473,375,95,0.798,0.3,0.71,"special_gw;basic_hp;basic_hp;basic_mr;basic_armor;basic_mr;basic_armor;basic_hp;basic_power;basic_mr;basic_as;basic_hp"
38,1,470,71,151,bot1_1,Hana,1,TANK,magical,10,3,20,10,25778,17185,15741,0,40.4,0,409,902,22,55,13,215,5090,650,426,44,0.906,1.3,1.09,"basic_hp;basic_hp;basic_hp;basic_armor;basic_armor;basic_armor;basic_hp;basic_hp;basic_mr;basic_armor;basic_armor;basic_mr;basic_power;basic_mr;basic_power;basic_haste;basic_haste"
38,1,470,71,151,bot0_2,Mage,0,MAGE,magical,3,8,9,1.5,19497,7888,10160,385,22,1.1,445,756,73,28,12,151,3601,460,358,111,0.763,0.4,0.78,"special_lifesteal;basic_power;basic_hp;basic_haste;basic_mr;basic_power;basic_armor;basic_hp;basic_haste;basic_hp;basic_mr;basic_armor"
38,1,470,71,151,bot1_2,Cleric,1,SUPPORT,magical,3,5,26,5.8,8446,5908,12256,9113,14,21.7,262,325,49,38,12,177,4277,546,421,49,0.896,0.4,0.48,"special_gw;basic_hp;basic_hp;basic_armor;basic_armor;basic_hp;basic_mr;basic_power;basic_haste;basic_mr;basic_armor;basic_power;basic_mr;basic_hp"
38,1,470,71,151,bot0_3,Lynx,0,SLAYER,physical,7,8,7,1.75,28181,16535,9909,551,46.4,1.5,704,1337,61,47,12,224,3999,511,356,114,0.758,0.9,1.67,"special_gw;special_lifesteal;basic_power;basic_hp;basic_power;basic_hp;basic_as;basic_mr;basic_power;basic_as;basic_hp;basic_as"
38,1,470,71,151,bot1_3,Jirina,1,FIGHTER,magical,6,5,21,5.4,11385,7035,15498,5550,16.1,12.7,423,523,48,22,12,253,4453,569,437,33,0.929,0.8,0.45,"basic_hp;basic_hp;basic_hp;basic_armor;basic_hp;basic_mr;basic_armor;basic_hp;basic_armor;basic_armor;basic_haste;basic_power;basic_mr;basic_haste;basic_as"
38,1,470,71,151,bot0_4,Wanderer,0,SLAYER,physical,4,8,12,2,25798,17031,10921,592,46.6,1.6,750,1115,25,21,11,253,3778,483,366,104,0.779,0.5,1.56,"special_lifesteal;basic_power;basic_hp;basic_as;basic_mr;basic_power;basic_power;basic_as;basic_hp;basic_power;basic_armor;basic_as"
38,1,470,71,151,bot1_4,Oracle,1,MAGE,physical,12,3,18,10,22628,13790,11432,558,33,1.3,633,906,34,31,13,253,5328,681,418,52,0.89,1.5,1.21,"special_lifesteal;basic_power;basic_power;basic_power;basic_as;basic_hp;basic_as;basic_as;basic_hp;basic_hp;basic_power;basic_armor;basic_power;basic_armor;basic_as;basic_mr;basic_armor"
39,0,282,150,1,bot0_1,Wanderer,0,SLAYER,physical,11,0,11,22,26542,13856,2400,408,49.2,1.4,671,1388,20,20,11,88,3838,817,282,0,1,2.3,5.77,"special_lifesteal;basic_power;basic_hp;basic_power;basic_power;basic_as;basic_mr;basic_hp;basic_armor;basic_as;basic_hp;basic_mr;basic_armor"
39,0,282,150,1,bot1_1,Volstrov,1,MAGE,magical,0,5,1,0.2,6333,2121,5772,165,9.7,0.8,167,291,12,10,7,245,1795,382,219,62,0.778,0,0.37,"special_lifesteal;basic_power;basic_hp;basic_armor;basic_power"
39,0,282,150,1,bot0_2,Goliath,0,TANK,physical,6,0,12,18,10482,4583,2956,1341,16.3,4.8,345,615,30,18,11,60,3335,710,282,0,1,1.3,1.55,"special_gw;basic_hp;basic_hp;basic_hp;basic_mr;basic_mr;basic_power;basic_mr;basic_power;basic_as;basic_hp"
39,0,282,150,1,bot1_2,Eggchanter,1,SUPPORT,magical,0,7,1,0.14,3680,2378,8653,2437,11.7,12,109,167,18,10,7,151,1751,373,202,79,0.719,0,0.27,"special_heal_power;basic_hp;basic_armor;basic_hp;basic_hp"
39,0,282,150,1,bot0_3,Doctor,0,SUPPORT,physical,3,1,13,16,4886,3213,4305,3872,11.9,14.3,206,292,19,16,11,223,3048,649,270,12,0.958,0.6,0.75,"basic_hp;basic_hp;basic_hp;basic_mr;basic_mr;basic_hp;basic_mr;basic_power;basic_hp;basic_as"
39,0,282,150,1,bot1_3,Summoner,1,MAGE,magical,1,6,0,0.17,2691,1658,6759,52,8,0.3,141,211,22,12,7,62,1862,396,207,74,0.736,0.2,0.25,"basic_hp;basic_hp;special_lifesteal;basic_armor;basic_power;basic_haste"
39,0,282,150,1,bot0_4,Mage,0,MAGE,magical,4,0,10,14,9120,4110,1473,274,14.6,1,481,564,51,18,10,61,2961,630,282,0,1,0.9,2.79,"special_lifesteal;basic_power;basic_hp;basic_mr;basic_power;basic_hp;special_gw;basic_haste;basic_power"
39,0,282,150,1,bot1_4,Pyromancer,1,SLAYER,magical,0,6,0,0,7159,1545,6341,0,7.4,0,390,426,16,14,7,128,1728,368,209,73,0.74,0,0.24,"basic_hp;basic_hp;basic_hp;basic_armor;basic_armor;basic_haste"
40,0,282,150,2,bot0_1,Healer,0,SUPPORT,magical,3,1,12,15,6402,5765,6158,8056,21.3,29.7,161,233,50,20,9,365,2740,583,271,11,0.962,0.6,0.94,"special_heal_power;basic_hp;basic_hp;basic_hp;basic_power;basic_mr;basic_power;basic_haste"
40,0,282,150,2,bot1_1,Bruiser,1,FIGHTER,physical,2,4,0,0.5,6237,3870,8617,0,16.8,0,258,339,36,25,7,65,1965,418,231,51,0.82,0.4,0.45,"basic_hp;basic_hp;basic_hp;basic_mr;basic_hp;basic_power;basic_as"
40,0,282,150,2,bot0_2,Hana,0,TANK,magical,2,1,10,12,5633,3113,3583,0,11.6,0,238,438,5,25,9,151,2476,527,269,13,0.955,0.4,0.87,"basic_hp;basic_hp;basic_hp;basic_mr;basic_hp;basic_hp;basic_mr;basic_mr"
40,0,282,150,2,bot1_2,Pyromancer,1,SLAYER,magical,0,4,2,0.5,8100,4166,6082,138,18.1,0.6,333,523,24,15,7,263,1813,386,230,52,0.817,0,0.68,"special_lifesteal;basic_power;basic_power;basic_hp;basic_mr"
40,0,282,150,2,bot0_3,Volstrov,0,MAGE,magical,9,0,9,18,14354,9960,2466,417,35.3,1.5,348,755,8,11,10,172,3397,723,282,0,1,1.9,4.04,"special_lifesteal;basic_power;basic_power;basic_hp;basic_haste;basic_mr;basic_hp;basic_power;basic_hp;basic_haste;basic_mr"
40,0,282,150,2,bot1_3,Reaper,1,SPLITPUSHER,magical,0,3,1,0.33,5130,2072,3844,132,8.5,0.5,339,553,20,12,7,88,1763,375,244,38,0.865,0,0.54,"special_lifesteal;basic_power;basic_power;basic_power;basic_power"
40,0,282,150,2,bot0_4,Ironclad,0,TANK,physical,5,0,9,14,9736,5779,3138,0,20.5,0,318,487,29,19,9,168,2918,621,282,0,1,1.1,1.84,"basic_hp;basic_hp;basic_hp;basic_hp;basic_mr;basic_mr;basic_armor;basic_mr;basic_power;basic_armor"
40,0,282,150,2,bot1_4,Doctor,1,SUPPORT,physical,0,8,2,0.25,4409,3454,9054,2571,15.8,11.7,226,343,19,12,7,159,1759,375,219,63,0.777,0,0.38,"special_gw;basic_hp;basic_hp;basic_power;basic_hp"
41,1,432,126,151,bot0_1,Vanguard,0,FIGHTER,physical,3,8,9,1.5,12996,6167,14026,0,19.6,0,511,583,47,28,11,153,3403,472,315,117,0.729,0.4,0.44,"basic_hp;basic_hp;basic_armor;basic_hp;basic_mr;basic_as;basic_power;basic_hp;basic_haste;basic_armor;basic_mr;basic_mr"
41,1,432,126,151,bot1_1,Summoner,1,MAGE,magical,3,3,18,7,10930,4770,5720,703,12.3,1.8,221,308,50,27,12,256,3806,528,387,45,0.896,0.4,0.83,"special_lifesteal;special_lifesteal;basic_power;basic_power;basic_hp;basic_power;basic_haste;basic_hp;basic_haste;basic_power;basic_mr"
41,1,432,126,151,bot0_2,Quiller,0,SLAYER,physical,8,7,6,2,18017,10216,8732,498,31.8,1.6,351,624,45,28,11,198,3923,545,321,111,0.743,1.1,1.17,"special_lifesteal;basic_power;basic_power;basic_power;basic_power;basic_as;basic_as;basic_as;basic_hp;basic_power;basic_armor;basic_power"
41,1,432,126,151,bot1_2,Zephyr,1,SPLITPUSHER,magical,9,4,20,7.25,22067,13233,7154,526,35.7,1.4,411,653,46,37,13,240,4965,689,371,61,0.858,1.2,1.85,"basic_hp;basic_hp;special_lifesteal;basic_power;basic_armor;basic_mr;basic_haste;basic_hp;basic_power;basic_hp;basic_mr;basic_hp;basic_armor;basic_mr;basic_haste;basic_power"
41,1,432,126,151,bot0_3,Eggchanter,0,SUPPORT,magical,1,8,14,1.88,9062,4460,13123,5926,14,18.7,160,242,35,17,11,145,3320,461,318,115,0.735,0.1,0.34,"special_heal_power;basic_hp;basic_power;basic_haste;basic_hp;basic_armor;basic_mr;basic_power;basic_hp;basic_haste;basic_mr"
41,1,432,126,151,bot1_3,Kratoma,1,SLAYER,physical,10,3,20,10,16461,7818,8280,270,20,0.7,281,428,33,38,14,56,5181,719,390,42,0.903,1.4,0.94,"basic_hp;basic_hp;basic_hp;basic_mr;basic_hp;basic_hp;basic_armor;basic_mr;basic_power;special_lifesteal;basic_as;basic_as;basic_hp;basic_as;basic_power;basic_armor;basic_as"
41,1,432,126,151,bot0_4,Volstrov,0,MAGE,magical,3,8,9,1.5,12335,5767,10244,361,18.5,1.2,310,556,14,21,11,154,3404,473,311,121,0.72,0.4,0.56,"special_lifesteal;basic_power;basic_hp;basic_power;basic_haste;basic_power;basic_power;basic_hp;basic_haste;basic_mr;basic_mr"
41,1,432,126,151,bot1_4,Lynx,1,SLAYER,physical,9,5,15,4.8,21173,11509,7986,668,31.6,1.8,426,983,63,46,13,260,4685,650,364,68,0.842,1.2,1.44,"special_lifesteal;basic_power;basic_hp;basic_power;basic_power;basic_hp;basic_as;basic_armor;basic_as;basic_mr;basic_hp;basic_as;basic_mr;basic_power;basic_hp"
42,1,368,35,150,bot0_1,Hana,0,TANK,magical,2,6,9,1.83,17976,10287,11629,0,33.2,0,468,957,14,39,10,299,2899,473,310,58,0.843,0.3,0.88,"basic_hp;basic_hp;special_gw;basic_mr;basic_power;basic_mr;basic_armor;basic_haste;basic_power"
42,1,368,35,150,bot1_1,Cleric,1,SUPPORT,magical,3,2,13,8,7669,4106,7898,7948,12.1,23.4,268,302,48,35,11,44,3369,549,340,28,0.923,0.5,0.52,"basic_hp;basic_hp;special_gw;basic_armor;basic_mr;basic_power;basic_hp;basic_hp;basic_armor;basic_mr;basic_hp"
42,1,368,35,150,bot0_2,Fusilier,0,SLAYER,physical,7,8,4,1.38,13660,6047,8508,340,22.4,1.3,417,663,34,14,10,177,3402,555,270,97,0.735,1.1,0.71,"special_lifesteal;basic_power;basic_as;basic_power;basic_as;basic_hp;basic_mr;basic_armor;basic_hp;basic_power;basic_power"
42,1,368,35,150,bot1_2,Reaper,1,SPLITPUSHER,magical,14,1,11,25,38463,19629,6423,1087,55.9,3.1,1145,1591,56,30,13,273,4798,783,351,17,0.955,2.3,3.06,"special_lifesteal;basic_power;basic_hp;basic_power;basic_power;basic_haste;basic_power;basic_armor;basic_hp;basic_mr;basic_haste;basic_power;basic_hp;basic_power;basic_armor"
42,1,368,35,150,bot0_3,Kratoma,0,SLAYER,physical,2,7,8,1.43,9059,5004,9015,238,17.4,0.8,298,476,20,17,10,119,2819,460,287,81,0.78,0.3,0.56,"special_lifesteal;basic_power;basic_hp;basic_power;basic_as;basic_hp;basic_power;basic_as;basic_hp"
42,1,368,35,150,bot1_3,Pyromancer,1,SLAYER,magical,7,4,17,6,15099,7153,7005,155,22.9,0.5,564,803,32,28,12,137,4287,699,312,56,0.848,1.1,1.02,"special_lifesteal;basic_power;basic_power;basic_power;basic_hp;basic_hp;basic_power;basic_haste;basic_haste;basic_armor;basic_hp;basic_mr;basic_haste;basic_hp"
42,1,368,35,150,bot0_4,Eggchanter,0,SUPPORT,magical,0,6,8,1.33,6587,3621,8995,3230,12.7,11.3,171,235,26,14,10,247,2597,424,285,83,0.775,0,0.4,"basic_hp;basic_hp;basic_hp;basic_mr;basic_power;basic_armor;basic_haste;basic_as;basic_mr"
42,1,368,35,150,bot1_4,Quiller,1,SLAYER,physical,3,4,13,4,12410,4458,6852,0,14.4,0,252,412,40,25,11,241,3366,549,310,58,0.843,0.5,0.65,"basic_hp;basic_hp;basic_hp;basic_armor;basic_power;basic_hp;basic_hp;basic_mr;basic_as;basic_haste;basic_hp"
43,1,458,130,150,bot0_1,Volstrov,0,MAGE,magical,5,8,18,2.88,18319,10877,12267,534,31.3,1.5,310,627,16,20,12,65,4215,552,348,110,0.759,0.7,0.89,"special_lifesteal;basic_power;basic_hp;basic_haste;basic_mr;basic_armor;basic_power;basic_power;basic_hp;basic_power;basic_haste;basic_power;basic_mr;basic_hp"
43,1,458,130,150,bot1_1,Tamer,1,MAGE,magical,16,7,10,3.71,29729,15529,9206,4159,39.8,10.6,388,592,65,17,14,140,5490,719,391,67,0.853,2.1,1.69,"special_lifesteal;basic_power;basic_power;basic_power;basic_hp;basic_power;basic_haste;basic_power;basic_hp;basic_mr;basic_haste;basic_armor;basic_hp;basic_haste;basic_mr;basic_hp;basic_armor;basic_mr"
43,1,458,130,150,bot0_2,Fusilier,0,SLAYER,physical,10,6,13,3.83,27619,14685,10964,845,39.8,2.3,424,815,61,26,12,17,4692,615,369,89,0.807,1.3,1.34,"special_lifesteal;basic_power;basic_hp;basic_power;basic_as;basic_hp;basic_power;basic_as;basic_hp;basic_mr;basic_as;basic_power;basic_mr;basic_armor;basic_armor;basic_mr"
43,1,458,130,150,bot1_2,Jailer,1,TANK,magical,6,4,14,5,19329,11064,10662,0,27.9,0,488,767,37,31,12,71,4171,547,397,61,0.866,0.8,1.04,"basic_hp;basic_hp;basic_hp;basic_hp;basic_armor;basic_mr;basic_armor;basic_haste;basic_hp;basic_mr;basic_haste;basic_hp;basic_hp;basic_power"
43,1,458,130,150,bot0_3,Healer,0,SUPPORT,magical,6,6,16,3.67,10844,8524,13494,12669,22.8,33.9,157,221,63,27,11,204,4079,534,373,85,0.815,0.8,0.63,"special_gw;basic_hp;basic_mr;basic_hp;basic_power;basic_hp;basic_mr;basic_haste;basic_hp;basic_hp;basic_mr;basic_power;basic_armor"
43,1,458,130,150,bot1_3,Hana,1,TANK,magical,3,7,18,3,14338,10231,13897,0,28.3,0,373,717,20,47,11,276,3776,495,361,97,0.789,0.4,0.74,"basic_hp;basic_hp;basic_mr;basic_mr;basic_armor;basic_armor;basic_power;basic_power;basic_haste;basic_as;basic_hp;basic_hp;basic_haste"
43,1,458,130,150,bot0_4,Kratoma,0,SLAYER,physical,3,6,20,3.83,16799,9300,10212,0,24.9,0,257,449,30,29,12,57,3932,515,374,84,0.816,0.4,0.91,"special_gw;basic_hp;basic_hp;basic_power;basic_hp;basic_mr;basic_hp;basic_mr;basic_power;basic_as;basic_armor;basic_mr;basic_hp"
43,1,458,130,150,bot1_4,Vanguard,1,FIGHTER,physical,1,6,21,3.67,15018,8274,14434,0,20.8,0,539,589,66,40,11,53,3653,479,397,61,0.868,0.1,0.57,"basic_hp;basic_hp;basic_hp;basic_armor;basic_armor;basic_hp;basic_hp;basic_mr;basic_as;basic_power;basic_mr;basic_haste;basic_armor"
44,1,229,2,151,bot0_1,Wanderer,0,SLAYER,physical,0,6,1,0.17,7927,3230,5464,154,19.4,0.9,512,827,9,10,7,64,1589,417,167,62,0.729,0,0.59,"special_lifesteal;basic_power;basic_as;basic_hp;basic_mr"
44,1,229,2,151,bot1_1,Goliath,1,TANK,physical,6,0,12,18,5123,3115,3810,1303,13.6,5.7,261,439,25,15,9,190,3015,790,229,0,1,1.6,0.82,"basic_hp;basic_hp;basic_hp;basic_armor;basic_armor;basic_hp;basic_armor;basic_hp;basic_mr;basic_power"
44,1,229,2,151,bot0_2,Lynx,0,SLAYER,physical,0,5,0,0,5524,897,5809,180,5.2,1.1,204,342,27,20,6,173,1473,386,171,58,0.748,0,0.15,"special_lifesteal;basic_power;basic_hp;basic_power"
44,1,229,2,151,bot1_2,Mage,1,MAGE,magical,5,0,16,21,11914,7134,1704,311,31.2,1.4,549,802,55,18,10,137,3112,816,229,0,1,1.3,4.19,"special_lifesteal;basic_power;basic_hp;basic_power;basic_power;basic_haste;basic_hp;basic_haste;basic_power;basic_armor"
44,1,229,2,151,bot0_3,Quiller,0,SLAYER,physical,1,5,1,0.4,3558,1336,4749,93,8,0.6,217,290,19,12,7,237,1787,468,166,62,0.727,0.3,0.28,"special_lifesteal;basic_power;basic_as;basic_hp;basic_power"
44,1,229,2,151,bot1_3,Healer,1,SUPPORT,magical,3,1,16,19,3750,2410,2163,1533,11,7,149,215,28,7,9,14,2764,725,218,11,0.953,0.8,1.11,"basic_hp;basic_hp;basic_armor;basic_power;basic_hp;basic_armor;basic_armor;basic_haste;basic_power;basic_hp"
44,1,229,2,151,bot0_4,Tamer,0,MAGE,magical,1,7,1,0.29,6362,2838,5428,2125,17,12.7,220,394,13,8,7,11,1786,468,167,61,0.731,0.3,0.52,"special_gw;basic_hp;basic_power;basic_haste;basic_mr;basic_armor"
44,1,229,2,151,bot1_4,Bruiser,1,FIGHTER,physical,9,1,12,21,12251,7373,1985,350,34.6,1.6,631,975,33,22,10,177,3452,905,213,16,0.932,2.4,3.71,"special_lifesteal;basic_power;basic_power;basic_power;basic_as;basic_as;basic_hp;basic_armor;basic_as;basic_power;basic_hp"
45,0,254,150,4,bot0_1,Quiller,0,SLAYER,physical,5,2,9,7,7721,3911,2829,271,17.3,1.2,306,551,28,19,9,96,2846,673,226,27,0.892,1.2,1.38,"special_lifesteal;basic_power;basic_power;basic_as;basic_power;basic_as;basic_hp;basic_power;basic_as"
45,0,254,150,4,bot1_1,Kratoma,1,SLAYER,physical,3,6,1,0.67,8508,4072,6181,157,22.6,0.9,248,468,13,13,8,31,2106,498,180,73,0.711,0.7,0.66,"special_lifesteal;basic_power;basic_hp;basic_power;basic_hp;basic_as;basic_armor"
45,0,254,150,4,bot0_2,Hana,0,TANK,magical,6,0,16,22,9936,6930,5122,0,27.3,0,246,440,15,29,10,60,3360,795,254,0,1,1.4,1.35,"special_gw;basic_hp;basic_hp;basic_power;basic_hp;basic_mr;basic_power;basic_hp;basic_hp;basic_armor;basic_haste"
45,0,254,150,4,bot1_2,Goliath,1,TANK,physical,0,5,4,0.8,3589,2453,7701,596,12.7,3.1,221,270,23,9,7,231,1806,427,193,60,0.762,0,0.32,"basic_hp;basic_hp;basic_hp;basic_armor;basic_mr;basic_power"
45,0,254,150,4,bot0_3,Wanderer,0,SLAYER,physical,7,2,11,9,13094,6385,3603,0,28.1,0,410,613,19,14,10,78,3328,788,227,26,0.896,1.7,1.77,"special_gw;basic_hp;basic_hp;basic_hp;basic_power;basic_mr;basic_as;basic_armor;basic_power;basic_hp;basic_power"
45,0,254,150,4,bot1_3,Jailer,1,TANK,magical,1,5,3,0.8,9338,4554,6965,0,23.7,0,295,492,19,17,7,29,1879,445,192,61,0.758,0.2,0.65,"basic_hp;basic_hp;basic_armor;basic_hp;basic_armor;basic_mr;basic_power"
45,0,254,150,4,bot0_4,Vanguard,0,FIGHTER,physical,5,0,15,20,11032,7272,4558,0,28.7,0,326,508,34,20,10,273,3148,745,254,0,1,1.2,1.6,"special_gw;basic_hp;basic_hp;basic_power;basic_power;basic_armor;basic_mr;basic_armor;basic_mr;basic_as"
45,0,254,150,4,bot1_4,Tamer,1,MAGE,magical,0,7,4,0.57,6851,3325,5434,1523,20.1,9.2,242,354,14,9,8,97,1897,449,166,88,0.653,0,0.61,"special_lifesteal;basic_power;basic_hp;basic_armor;basic_power;basic_haste"
46,1,305,4,152,bot0_1,Jirina,0,FIGHTER,magical,0,5,4,0.8,6647,4016,8068,1220,16.6,5,309,450,21,9,8,186,2036,400,242,63,0.792,0,0.5,"basic_hp;basic_hp;basic_hp;basic_mr;basic_armor;basic_haste;basic_mr"
46,1,305,4,152,bot1_1,Healer,1,SUPPORT,magical,7,0,17,24,9174,8178,5704,8646,26.8,28.3,171,233,56,20,10,265,3590,706,305,0,1,1.4,1.43,"basic_hp;basic_hp;basic_hp;basic_hp;basic_mr;basic_armor;basic_power;basic_hp;basic_haste;basic_armor;basic_as;basic_armor"
46,1,305,4,152,bot0_2,Reaper,0,SPLITPUSHER,magical,2,8,2,0.5,10728,8791,8869,351,37.6,1.5,460,815,26,13,8,134,2209,434,234,71,0.767,0.4,0.99,"special_lifesteal;basic_power;basic_hp;basic_power;basic_hp;basic_mr;basic_haste"
46,1,305,4,152,bot1_2,Jailer,1,TANK,magical,5,1,16,21,12799,8861,5018,0,30.6,0,490,663,27,27,10,34,3309,650,290,16,0.949,1,1.77,"basic_hp;basic_hp;basic_hp;basic_mr;basic_armor;basic_armor;basic_hp;basic_mr;basic_power;basic_mr;basic_power;basic_haste"
46,1,305,4,152,bot0_3,Bruiser,0,FIGHTER,physical,1,4,3,1,5600,3966,6983,0,15.6,0,221,366,34,32,8,226,2076,408,253,52,0.83,0.2,0.57,"basic_hp;basic_hp;basic_hp;basic_mr;basic_mr;basic_power;basic_armor"
46,1,305,4,152,bot1_3,Hana,1,TANK,magical,10,2,8,9,12409,8227,8861,0,27,0,323,557,24,34,10,288,3688,725,305,0,1,2,0.93,"basic_hp;basic_hp;basic_hp;basic_hp;basic_mr;special_gw;basic_armor;basic_power;basic_haste;basic_hp;basic_hp"
46,1,305,4,152,bot0_4,Wanderer,0,SLAYER,physical,1,7,3,0.57,10765,6897,7541,116,28.8,0.5,458,1072,16,13,8,119,2169,426,240,65,0.786,0.2,0.91,"basic_hp;basic_hp;special_lifesteal;basic_power;basic_as;basic_mr;basic_armor"
46,1,305,4,152,bot1_4,Ironclad,1,TANK,physical,2,1,19,21,6648,5093,6982,0,17.4,0,289,401,30,20,10,244,2994,588,293,13,0.958,0.4,0.73,"basic_hp;basic_hp;basic_hp;basic_armor;basic_hp;basic_mr;basic_mr;basic_armor;basic_power;basic_armor"
47,1,466,102,150,bot0_1,Summoner,0,MAGE,magical,4,7,8,1.71,7994,4678,12038,0,11.7,0,166,221,46,25,11,186,3586,462,401,64,0.862,0.5,0.39,"basic_hp;basic_hp;basic_power;basic_hp;basic_hp;basic_mr;basic_armor;basic_haste;basic_as;basic_hp;basic_mr;basic_hp"
47,1,466,102,150,bot1_1,Ironclad,1,TANK,physical,6,3,20,8.67,12373,7093,11885,0,16.8,0,463,655,50,33,13,342,4642,598,423,43,0.908,0.8,0.6,"basic_hp;basic_hp;basic_hp;basic_mr;basic_mr;basic_mr;basic_hp;basic_mr;basic_armor;basic_hp;basic_power;basic_as;basic_haste;basic_armor;basic_hp"
47,1,466,102,150,bot0_2,Pyromancer,0,SLAYER,magical,0,8,13,1.63,11723,6090,10282,0,17.4,0,391,606,33,26,10,181,3106,400,350,115,0.753,0,0.59,"basic_hp;basic_hp;basic_hp;basic_mr;basic_mr;basic_armor;basic_haste;basic_armor;basic_haste;basic_power;basic_power"
47,1,466,102,150,bot1_2,Zephyr,1,SPLITPUSHER,magical,8,4,15,5.75,15143,7088,8642,505,17.4,1.2,463,733,52,51,12,232,4532,584,408,57,0.877,1,0.82,"special_lifesteal;basic_power;basic_power;basic_hp;basic_hp;basic_hp;basic_power;basic_hp;basic_mr;basic_mr;basic_power;basic_haste;basic_hp;basic_power"
47,1,466,102,150,bot0_3,Jirina,0,FIGHTER,magical,6,5,7,2.6,15841,10342,13525,6800,26.7,17.5,603,709,45,26,11,262,3787,488,388,78,0.832,0.8,0.76,"special_lifesteal;basic_hp;basic_power;basic_hp;basic_mr;basic_power;basic_mr;basic_hp;basic_hp;basic_power;basic_armor;basic_haste"
47,1,466,102,150,bot1_3,Kratoma,1,SLAYER,physical,6,3,20,8.67,25202,11120,6531,709,26,1.7,335,610,34,35,13,304,4679,603,428,38,0.918,0.8,1.7,"special_lifesteal;basic_hp;basic_hp;basic_hp;basic_power;basic_as;basic_mr;basic_as;basic_power;basic_armor;basic_as;basic_mr;basic_armor;basic_hp;basic_power"
47,1,466,102,150,bot0_4,Fusilier,0,SLAYER,physical,4,7,8,1.71,14621,8888,8921,324,25,0.9,384,630,57,15,11,96,3571,460,355,110,0.763,0.5,1,"special_lifesteal;basic_power;basic_as;basic_hp;basic_power;basic_mr;basic_power;basic_armor;basic_as;basic_as;basic_hp;basic_mr"
47,1,466,102,150,bot1_4,Hana,1,TANK,magical,7,4,20,6.75,28306,15890,10112,0,38.7,0,612,1230,20,53,13,136,4711,607,411,55,0.883,0.9,1.57,"special_gw;basic_hp;basic_power;basic_mr;basic_hp;basic_haste;basic_hp;basic_armor;basic_mr;basic_hp;basic_power;basic_hp;basic_mr;basic_hp;basic_mr"
48,0,417,150,47,bot0_1,Ironclad,0,TANK,physical,4,2,21,12.5,15289,9966,10716,0,25.5,0,421,659,40,25,12,118,3993,574,390,27,0.934,0.6,0.93,"basic_hp;basic_hp;basic_hp;basic_hp;basic_mr;basic_armor;basic_power;basic_hp;basic_armor;basic_as;basic_mr;basic_power;basic_haste;basic_mr"
48,0,417,150,47,bot1_1,Fusilier,1,SLAYER,physical,2,7,11,1.86,16986,9349,10300,796,28.6,2.4,419,701,44,16,11,32,3282,472,327,91,0.783,0.3,0.91,"special_lifesteal;special_lifesteal;basic_power;basic_as;basic_power;basic_power;basic_as;basic_hp;basic_armor;basic_as"
48,0,417,150,47,bot0_2,Kratoma,0,SLAYER,physical,9,3,15,8,16513,9305,6901,501,24.8,1.3,284,673,31,30,12,5,4380,630,375,42,0.9,1.3,1.35,"special_lifesteal;basic_power;basic_hp;basic_as;basic_mr;basic_power;basic_hp;basic_armor;basic_hp;basic_power;basic_as;basic_mr;basic_hp;basic_as;basic_armor"
48,0,417,150,47,bot1_2,Healer,1,SUPPORT,magical,3,8,11,1.75,8401,4821,15178,6784,15.4,21.7,156,221,44,20,11,51,3301,474,312,105,0.748,0.4,0.32,"special_gw;basic_hp;basic_hp;basic_power;basic_hp;basic_hp;basic_armor;basic_power;basic_armor;basic_haste;basic_haste"
48,0,417,150,47,bot0_3,Tamer,0,MAGE,magical,12,4,15,6.75,23953,15650,7142,5142,44,14.5,357,583,53,16,12,120,4895,704,355,62,0.851,1.7,2.19,"special_lifesteal;basic_power;basic_power;basic_hp;basic_haste;basic_hp;basic_power;basic_hp;basic_hp;basic_mr;basic_haste;basic_armor;basic_haste;basic_power;basic_mr;basic_hp"
48,0,417,150,47,bot1_3,Oracle,1,MAGE,physical,6,7,8,2,16754,7052,12977,339,21.9,1.1,372,575,24,22,12,18,3793,545,322,95,0.771,0.9,0.54,"special_lifesteal;basic_hp;basic_as;basic_hp;basic_power;basic_hp;basic_armor;basic_mr;basic_as;basic_power;basic_as;basic_power;basic_armor"
48,0,417,150,47,bot0_4,Lynx,0,SLAYER,physical,5,5,13,3.6,15022,9068,6464,382,26.3,1.1,495,1286,50,40,11,95,3620,520,345,72,0.827,0.7,1.4,"special_lifesteal;basic_power;basic_as;basic_power;basic_power;basic_power;basic_as;basic_hp;basic_hp;basic_mr;basic_as;basic_armor"
48,0,417,150,47,bot1_4,Mage,1,MAGE,magical,3,8,10,1.63,14674,6814,9249,311,22.7,1,495,632,51,18,11,112,3337,480,300,118,0.718,0.4,0.74,"special_lifesteal;basic_power;basic_power;basic_power;basic_haste;basic_hp;basic_power;basic_armor;basic_mr;basic_hp;basic_haste"
49,1,229,0,150,bot0_1,Ironclad,0,TANK,physical,0,6,0,0,1828,388,10497,0,2.3,0,79,131,14,7,6,156,1481,388,166,63,0.724,0,0.04,"basic_hp;basic_hp;basic_hp;basic_mr;basic_armor"
49,1,229,0,150,bot1_1,Tamer,1,MAGE,magical,5,0,8,13,12519,7435,1110,2503,32.5,10.9,289,468,26,8,9,151,2601,682,229,0,1,1.3,6.7,"special_lifesteal;basic_power;basic_power;basic_hp;basic_power;basic_haste;basic_hp;basic_power"
49,1,229,0,150,bot0_2,Zephyr,0,SPLITPUSHER,magical,0,6,0,0,1705,432,9400,0,2.6,0,146,192,17,12,6,168,1493,391,168,61,0.732,0,0.05,"basic_hp;basic_hp;basic_hp;basic_power;basic_armor"
49,1,229,0,150,bot1_2,Kratoma,1,SLAYER,physical,6,0,15,21,5917,4438,760,83,19.4,0.4,248,519,17,17,10,66,3166,830,229,0,1,1.6,5.84,"special_lifesteal;basic_power;basic_power;basic_as;basic_power;basic_as;basic_power;basic_hp;basic_as;basic_power"
49,1,229,0,150,bot0_3,Healer,0,SUPPORT,magical,0,8,0,0,3171,1420,7596,1206,10,8.5,136,199,14,6,6,200,1475,387,142,87,0.621,0,0.19,"special_heal_power;basic_hp;basic_power;basic_haste"
49,1,229,0,150,bot1_3,Lynx,1,SLAYER,physical,7,0,13,20,15955,8982,1315,581,39.2,2.5,386,668,42,24,10,241,3191,836,229,0,1,1.8,6.83,"special_lifesteal;basic_power;basic_power;basic_as;basic_hp;basic_mr;basic_power;basic_as;basic_hp;basic_hp"
49,1,229,0,150,bot0_4,Volstrov,0,MAGE,magical,0,7,0,0,3617,875,6503,82,5.9,0.6,320,320,9,7,6,230,1505,394,149,80,0.651,0,0.13,"special_lifesteal;basic_power;basic_hp;basic_haste"
49,1,229,0,150,bot1_4,Reaper,1,SPLITPUSHER,magical,9,0,15,24,17495,11890,1117,431,51.9,1.9,762,1399,31,16,10,66,3241,849,229,0,1,2.4,10.64,"special_lifesteal;basic_power;basic_hp;basic_mr;basic_power;basic_haste;basic_armor;basic_power;basic_hp;basic_haste;basic_mr"
50,1,376,60,150,bot0_1,Quiller,0,SLAYER,physical,2,7,5,1,10132,4242,7032,331,15,1.2,253,419,37,23,10,130,2730,436,283,92,0.755,0.3,0.6,"special_lifesteal;special_gw;basic_power;basic_power;basic_hp;basic_as;basic_hp;basic_mr"
50,1,376,60,150,bot1_1,Mage,1,MAGE,magical,6,4,18,6,16959,7509,6072,293,22.8,0.9,599,696,71,20,12,65,4140,661,330,46,0.878,1,1.24,"special_lifesteal;basic_power;basic_hp;basic_power;basic_power;basic_armor;basic_hp;basic_armor;basic_haste;basic_mr;basic_power;basic_hp;basic_haste;basic_mr"
50,1,376,60,150,bot0_2,Wanderer,0,SLAYER,physical,2,8,5,0.88,10477,5342,8598,217,19.3,0.8,468,826,17,14,10,49,2749,439,277,99,0.738,0.3,0.62,"special_lifesteal;basic_power;basic_power;basic_hp;basic_power;basic_as;basic_hp;basic_as;basic_hp"
50,1,376,60,150,bot1_2,Vanguard,1,FIGHTER,physical,12,2,14,13,18483,10292,6603,476,29.5,1.4,587,875,46,31,12,280,4630,739,349,26,0.93,1.9,1.56,"special_lifesteal;basic_power;basic_power;basic_hp;basic_power;basic_as;basic_armor;basic_armor;basic_haste;basic_as;basic_hp;basic_haste;basic_armor;basic_as;basic_hp"
50,1,376,60,150,bot0_3,Fusilier,0,SLAYER,physical,3,5,6,1.8,13423,6434,8668,0,21.5,0,295,573,40,15,10,278,2978,476,300,76,0.798,0.5,0.74,"basic_hp;basic_hp;basic_hp;basic_mr;basic_armor;basic_hp;basic_power;basic_mr;basic_armor;basic_as"
50,1,376,60,150,bot1_3,Jirina,1,FIGHTER,magical,3,1,18,21,12286,5960,7067,2888,16.4,7.9,438,556,42,12,11,388,3588,573,364,12,0.969,0.5,0.84,"special_lifesteal;basic_power;basic_hp;basic_armor;basic_power;basic_haste;basic_hp;basic_armor;basic_hp;basic_as;basic_armor"
50,1,376,60,150,bot0_4,Kratoma,0,SLAYER,physical,3,8,7,1.25,11654,8132,9881,314,27.4,1.1,285,584,20,19,10,152,3052,487,297,79,0.79,0.5,0.82,"special_lifesteal;basic_power;basic_as;basic_power;basic_hp;basic_as;basic_mr;basic_hp;basic_armor;basic_power"
50,1,376,60,150,bot1_4,Doctor,1,SUPPORT,physical,7,3,21,9.33,11645,8509,7910,6968,25.2,20.6,311,502,26,21,12,1,4426,707,338,38,0.899,1.1,1.08,"basic_hp;basic_hp;basic_armor;basic_power;basic_hp;basic_as;basic_armor;basic_mr;special_heal_power;basic_armor;basic_power;basic_hp;basic_as;basic_hp;basic_mr"
51,1,405,48,150,bot0_1,Volstrov,0,MAGE,magical,2,8,12,1.75,13816,8172,9391,371,26,1.2,359,856,16,21,12,241,3416,506,315,90,0.777,0.3,0.87,"special_lifesteal;basic_power;basic_power;basic_hp;basic_haste;basic_mr;basic_hp;basic_haste;basic_armor;basic_mr;basic_power"
51,1,405,48,150,bot1_1,Cleric,1,SUPPORT,magical,4,4,17,5.25,8413,6254,10538,9828,17.8,27.9,276,336,57,45,11,271,3671,544,352,53,0.87,0.6,0.59,"basic_hp;basic_hp;basic_hp;basic_mr;basic_mr;basic_hp;basic_armor;basic_power;basic_haste;basic_as;basic_hp;basic_hp"
51,1,405,48,150,bot0_2,Ironclad,0,TANK,physical,3,6,5,1.33,6388,4106,15753,0,12.9,0,228,319,29,15,10,12,2962,439,319,86,0.788,0.4,0.26,"basic_hp;basic_hp;basic_hp;basic_armor;basic_armor;basic_mr;basic_hp;basic_as;basic_power;basic_haste;basic_mr"
51,1,405,48,150,bot1_2,Kratoma,1,SLAYER,physical,10,2,16,13,18950,12873,6284,409,34.3,1.1,308,566,31,29,12,54,4554,675,375,30,0.925,1.5,2.05,"special_lifesteal;basic_power;basic_power;basic_as;basic_power;basic_power;basic_as;basic_hp;basic_hp;basic_as;basic_hp;basic_power;basic_mr;basic_armor;basic_as"
51,1,405,48,150,bot0_3,Zephyr,0,SPLITPUSHER,magical,4,7,8,1.71,20008,10086,10368,482,33.4,1.6,502,832,34,41,11,105,3280,486,302,103,0.745,0.6,0.97,"special_lifesteal;basic_power;basic_power;basic_hp;basic_power;basic_haste;basic_armor;basic_mr;basic_hp;basic_haste;basic_armor"
51,1,405,48,150,bot1_3,Oracle,1,MAGE,physical,7,3,18,8.33,16374,9914,8548,428,27.4,1.2,409,548,27,27,12,35,4185,620,362,43,0.894,1,1.16,"special_lifesteal;basic_power;basic_as;basic_power;basic_as;basic_hp;basic_mr;basic_armor;basic_hp;basic_power;basic_power;basic_as;basic_mr;basic_power"
51,1,405,48,150,bot0_4,Wanderer,0,SLAYER,physical,6,7,6,1.71,24318,10605,10622,0,30.2,0,1060,1449,22,20,11,254,3654,541,352,53,0.868,0.9,1,"basic_hp;basic_hp;basic_hp;basic_hp;basic_power;basic_armor;basic_mr;basic_power;basic_hp;basic_as;basic_hp;basic_haste"
51,1,405,48,150,bot1_4,Tamer,1,MAGE,magical,7,6,16,3.83,18745,13199,9471,4718,36.2,13,314,543,44,14,12,225,4150,615,364,41,0.899,1,1.39,"special_lifesteal;basic_power;basic_power;basic_hp;basic_mr;basic_haste;basic_armor;basic_hp;basic_hp;basic_power;basic_power;basic_hp;basic_power"
52,0,493,152,143,bot0_1,Wanderer,0,SLAYER,physical,5,7,20,3.57,20463,15389,11489,0,39.9,0,679,1054,29,27,12,303,4428,539,386,107,0.782,0.6,1.34,"basic_hp;basic_hp;basic_power;basic_hp;basic_armor;basic_hp;basic_mr;basic_as;basic_power;basic_haste;basic_mr;basic_armor;basic_hp;basic_as;basic_haste"
52,0,493,152,143,bot1_1,Goliath,1,TANK,physical,6,6,14,3.33,14943,9035,16424,2832,22.2,7,585,711,56,33,12,344,4219,513,406,87,0.824,0.7,0.55,"basic_hp;basic_hp;basic_hp;basic_mr;basic_armor;basic_hp;basic_power;basic_armor;basic_mr;basic_hp;basic_as;basic_haste;basic_power;basic_armor"
52,0,493,152,143,bot0_2,Cleric,0,SUPPORT,magical,3,4,20,5.75,12228,7946,13781,9953,18.5,23.2,307,363,67,59,13,162,4287,522,429,64,0.87,0.4,0.58,"basic_hp;basic_hp;basic_armor;basic_mr;basic_hp;basic_hp;basic_hp;basic_hp;basic_power;basic_armor;basic_mr;basic_hp;basic_haste;basic_mr"
52,0,493,152,143,bot1_2,Zephyr,1,SPLITPUSHER,magical,4,6,13,2.83,9991,6628,12973,0,16.1,0,294,385,49,42,11,191,3766,458,411,82,0.834,0.5,0.51,"basic_hp;basic_hp;basic_mr;basic_armor;basic_mr;basic_armor;basic_haste;basic_hp;basic_hp;basic_power;basic_hp;basic_haste;basic_as"
52,0,493,152,143,bot0_3,Fusilier,0,SLAYER,physical,13,5,12,5,28341,19622,10502,817,47.6,2,490,846,71,26,13,115,5215,635,412,81,0.836,1.6,1.87,"special_lifesteal;basic_power;basic_hp;basic_power;basic_as;basic_hp;basic_armor;basic_power;basic_hp;basic_as;basic_mr;basic_armor;basic_as;basic_hp;basic_power;basic_as;basic_power"
52,0,493,152,143,bot1_3,Jirina,1,FIGHTER,magical,5,7,18,3.29,25264,16493,14179,6333,41,15.7,461,631,51,23,12,419,4269,519,402,91,0.816,0.6,1.16,"special_lifesteal;basic_power;basic_hp;basic_power;basic_hp;basic_armor;basic_hp;basic_mr;basic_haste;basic_power;basic_armor;basic_hp;basic_power"
52,0,493,152,143,bot0_4,Pyromancer,0,SLAYER,magical,6,7,16,3.14,17326,9830,10072,285,22.9,0.7,409,516,47,37,12,22,4372,532,429,64,0.87,0.7,0.98,"special_lifesteal;basic_power;basic_power;basic_hp;basic_power;basic_hp;basic_hp;basic_haste;basic_armor;basic_mr;basic_haste;basic_armor;basic_mr;basic_haste;basic_armor"
52,0,493,152,143,bot1_4,Oracle,1,MAGE,physical,8,8,12,2.5,17879,11424,12375,807,29.1,2.1,302,517,30,31,12,54,4429,539,392,101,0.796,1,0.92,"special_lifesteal;basic_power;basic_hp;basic_power;basic_as;basic_hp;basic_as;special_lifesteal;basic_armor;basic_power;basic_mr;basic_as;basic_armor;basic_power"
53,1,270,5,152,bot0_1,Quiller,0,SLAYER,physical,0,5,5,1,6886,3199,7072,0,15.4,0,181,339,18,17,8,102,2027,450,208,62,0.769,0,0.45,"basic_hp;basic_hp;basic_hp;basic_armor;basic_mr;basic_hp;basic_armor"
53,1,270,5,152,bot1_1,Tamer,1,MAGE,magical,12,0,7,19,12640,7846,2329,3047,29.1,11.3,279,502,36,13,10,242,3817,848,270,0,1,2.7,3.37,"special_lifesteal;basic_hp;basic_hp;basic_hp;basic_power;basic_armor;basic_hp;basic_power;basic_hp;basic_haste;basic_armor;basic_mr"
53,1,270,5,152,bot0_2,Kratoma,0,SLAYER,physical,2,5,3,1,11882,4987,6111,0,24.1,0,163,351,13,12,9,231,2281,507,207,63,0.765,0.4,0.82,"special_gw;basic_hp;basic_power;basic_as;basic_mr;basic_armor;basic_hp"
53,1,270,5,152,bot1_2,Eggchanter,1,SUPPORT,magical,1,1,17,18,4632,3642,4185,4877,14.2,19,151,242,25,14,9,21,2671,593,257,13,0.953,0.2,0.87,"basic_hp;basic_hp;basic_armor;basic_power;basic_mr;basic_armor;basic_power;basic_haste;basic_hp;basic_mr"
53,1,270,5,152,bot0_3,Fusilier,0,SLAYER,physical,2,5,3,1,10607,4409,6349,339,21.3,1.6,373,625,22,8,9,198,2248,499,207,63,0.765,0.4,0.69,"special_lifesteal;basic_power;basic_power;basic_as;basic_hp;basic_armor;basic_mr"
53,1,270,5,152,bot1_3,Oracle,1,MAGE,physical,6,1,14,20,13543,8402,3673,412,33,1.6,453,563,19,20,10,54,3304,734,254,16,0.942,1.3,2.29,"special_lifesteal;basic_power;basic_power;basic_hp;basic_hp;basic_as;basic_as;basic_power;basic_hp;basic_armor;basic_as"
53,1,270,5,152,bot0_4,Healer,0,SUPPORT,magical,1,6,4,0.83,6144,3162,8609,4910,13.8,21.5,143,200,34,16,9,113,2238,497,228,42,0.846,0.2,0.37,"special_gw;basic_hp;basic_armor;basic_hp;basic_hp;basic_mr;basic_armor"
53,1,270,5,152,bot1_4,Goliath,1,TANK,physical,2,3,16,6,8700,5466,8254,1212,21.5,4.8,440,496,30,17,10,112,2812,625,254,16,0.942,0.4,0.66,"basic_hp;basic_hp;basic_hp;basic_armor;basic_mr;basic_armor;basic_power;basic_mr;basic_power;basic_armor"
54,1,458,114,152,bot0_1,Mage,0,MAGE,magical,11,6,8,3.17,21460,10415,9402,480,28.5,1.3,632,735,73,29,12,173,4548,596,365,93,0.798,1.4,1.11,"special_lifesteal;basic_hp;basic_hp;basic_power;basic_power;basic_hp;basic_armor;basic_haste;basic_mr;basic_armor;basic_hp;basic_armor;basic_power;basic_haste;basic_mr"
54,1,458,114,152,bot1_1,Quiller,1,SLAYER,physical,4,7,16,2.86,20586,11118,7695,647,31.5,1.8,328,559,54,34,12,190,3965,519,353,105,0.77,0.5,1.44,"special_lifesteal;basic_power;basic_as;basic_hp;basic_power;basic_power;basic_mr;basic_armor;basic_as;basic_hp;basic_power;basic_mr;basic_armor"
54,1,458,114,152,bot0_2,Kratoma,0,SLAYER,physical,2,8,15,2.13,18475,10053,11040,422,29.6,1.2,337,625,27,30,11,59,3509,460,340,118,0.741,0.3,0.91,"special_lifesteal;basic_power;basic_power;basic_power;basic_as;basic_hp;basic_armor;basic_mr;basic_as;basic_hp;basic_armor;basic_mr"
54,1,458,114,152,bot1_2,Tamer,1,MAGE,magical,6,8,17,2.88,20569,12887,10339,2229,37.1,6.4,494,669,44,10,12,143,4293,562,348,110,0.759,0.8,1.25,"special_lifesteal;basic_power;basic_hp;basic_mr;basic_power;basic_hp;basic_haste;basic_hp;basic_power;basic_mr;basic_armor;basic_mr;basic_power;basic_hp"
54,1,458,114,152,bot0_3,Summoner,0,MAGE,magical,4,6,16,3.33,11193,7731,10665,0,21.2,0,178,252,59,28,12,26,3876,508,365,93,0.798,0.5,0.72,"basic_hp;basic_hp;basic_hp;basic_power;basic_hp;basic_armor;basic_haste;basic_armor;basic_mr;basic_as;basic_power;basic_hp;basic_haste;basic_mr"
54,1,458,114,152,bot1_3,Vanguard,1,FIGHTER,physical,10,4,14,6,19341,10464,11985,0,26.3,0,423,521,61,43,13,246,4796,628,397,61,0.868,1.3,0.87,"basic_hp;basic_hp;basic_hp;basic_mr;basic_hp;basic_mr;basic_armor;basic_as;basic_hp;basic_power;basic_haste;basic_mr;basic_armor;basic_armor;basic_as;basic_hp"
54,1,458,114,152,bot0_4,Healer,0,SUPPORT,magical,5,5,15,4,10048,7407,14988,11512,19.4,30.1,147,207,55,30,11,183,3883,509,382,76,0.834,0.7,0.49,"basic_hp;basic_hp;basic_hp;basic_armor;basic_hp;basic_armor;basic_mr;basic_mr;basic_hp;basic_hp;basic_haste;basic_haste;basic_power"
54,1,458,114,152,bot1_4,Ironclad,1,TANK,physical,5,3,19,8,16988,10103,13590,0,24.1,0,372,505,47,38,13,181,4356,571,420,38,0.917,0.7,0.74,"basic_hp;basic_hp;basic_mr;basic_armor;basic_mr;basic_as;basic_hp;basic_power;basic_haste;basic_hp;basic_mr;basic_armor;basic_armor;basic_hp;basic_as"
55,0,399,152,58,bot0_1,Vanguard,0,FIGHTER,physical,8,3,15,7.67,17740,9769,9528,0,25.4,0,714,889,58,36,12,313,4188,629,384,15,0.963,1.2,1.03,"basic_hp;basic_hp;basic_power;basic_hp;basic_armor;basic_mr;basic_as;basic_armor;basic_hp;basic_power;basic_haste;basic_hp;basic_mr;basic_armor"
55,0,399,152,58,bot1_1,Doctor,1,SUPPORT,physical,0,8,8,1,4316,2609,11077,4779,9,16.5,164,254,16,17,10,67,2667,401,290,109,0.727,0,0.24,"basic_hp;basic_hp;basic_armor;basic_mr;basic_power;basic_as;basic_haste;basic_armor;basic_mr;basic_power"
55,0,399,152,58,bot0_2,Wanderer,0,SLAYER,physical,16,4,11,6.75,32553,20761,6982,720,60.1,2.1,873,1509,26,22,13,120,5195,781,345,54,0.865,2.4,2.97,"special_lifesteal;basic_power;basic_power;basic_as;basic_power;basic_as;basic_hp;basic_hp;basic_power;basic_armor;basic_as;basic_power;basic_as;basic_mr;basic_armor;basic_hp;basic_armor"
55,0,399,152,58,bot1_2,Fusilier,1,SLAYER,physical,7,8,5,1.5,19724,10836,9023,405,38.3,1.4,347,689,44,15,11,93,3593,540,283,116,0.709,1.1,1.2,"special_lifesteal;basic_power;basic_power;basic_hp;basic_power;basic_as;basic_as;basic_hp;basic_armor;basic_hp;basic_as;basic_mr"
55,0,399,152,58,bot0_3,Reaper,0,SPLITPUSHER,magical,4,4,16,5,10695,7090,7592,0,20.6,0,357,560,38,20,11,220,3720,559,344,55,0.863,0.6,0.93,"basic_hp;basic_hp;basic_hp;basic_hp;basic_armor;basic_armor;basic_mr;basic_armor;basic_haste;basic_hp;basic_armor;basic_armor"
55,0,399,152,58,bot1_3,Ironclad,1,TANK,physical,1,5,10,2.2,12598,8159,15859,0,25.2,0,358,458,31,26,10,186,2836,426,324,75,0.812,0.2,0.51,"special_gw;basic_hp;basic_hp;basic_power;basic_hp;basic_power;basic_armor;basic_mr;basic_armor"
55,0,399,152,58,bot0_4,Healer,0,SUPPORT,magical,1,2,21,11,9732,6589,6069,6625,17.6,17.7,168,240,58,17,12,119,3644,548,374,25,0.936,0.2,1.09,"special_gw;basic_hp;basic_hp;basic_power;basic_armor;basic_power;basic_hp;basic_hp;basic_haste;basic_armor;basic_mr;basic_armor"
55,0,399,152,58,bot1_4,Volstrov,1,MAGE,magical,5,8,7,1.5,8961,5656,10447,255,20.2,0.9,217,434,14,19,11,223,3423,514,280,119,0.702,0.8,0.54,"special_lifesteal;basic_power;basic_hp;basic_hp;basic_power;basic_hp;basic_armor;basic_mr;basic_haste;basic_armor;basic_power"
56,1,191,0,150,bot0_1,Cleric,0,SUPPORT,magical,0,3,0,0,2748,1219,4419,1600,7.8,10.2,289,349,15,10,6,28,1328,417,157,34,0.821,0,0.28,"basic_hp;basic_hp;special_gw;basic_armor"
56,1,191,0,150,bot1_1,Quiller,1,SLAYER,physical,0,0,4,4,2765,1103,926,129,5.8,0.7,217,357,26,13,7,216,1566,492,191,0,1,0,1.19,"special_lifesteal;special_lifesteal;basic_hp"
56,1,191,0,150,bot0_2,Healer,0,SUPPORT,magical,0,3,0,0,3695,1849,5011,1386,11.1,8.3,128,188,18,9,6,82,1382,434,166,24,0.872,0,0.37,"basic_hp;basic_hp;basic_armor;basic_mr;basic_armor"
56,1,191,0,150,bot1_2,Eggchanter,1,SUPPORT,magical,1,0,10,11,2099,1567,1917,3188,8.2,16.7,123,203,18,8,8,178,2003,630,191,0,1,0.3,0.82,"basic_hp;basic_hp;basic_hp;basic_mr;basic_armor;basic_haste;basic_power"
56,1,191,0,150,bot0_3,Kratoma,0,SLAYER,physical,0,3,0,0,3910,1336,3741,0,8.6,0,253,434,9,7,6,21,1346,423,156,35,0.816,0,0.36,"basic_hp;basic_hp;basic_hp;basic_power;basic_mr"
56,1,191,0,150,bot1_3,Lynx,1,SLAYER,physical,8,0,4,12,15590,9809,2119,530,51.4,2.8,452,875,34,19,9,115,2765,869,191,0,1,2.5,4.63,"special_lifesteal;basic_power;basic_power;basic_as;basic_power;basic_as;basic_hp;basic_hp;basic_armor"
56,1,191,0,150,bot0_4,Goliath,0,TANK,physical,0,4,0,0,2432,710,5749,540,4.5,3.4,190,295,19,8,6,53,1328,417,157,34,0.822,0,0.12,"special_gw;basic_hp;basic_power;basic_armor"
56,1,191,0,150,bot1_4,Jirina,1,FIGHTER,magical,4,0,7,11,5444,3941,1326,834,20.6,4.4,272,384,19,2,8,228,2328,732,191,0,1,1.3,2.97,"special_lifesteal;basic_power;basic_hp;basic_power;basic_haste;basic_power;basic_armor"
57,1,217,0,152,bot0_1,Jirina,0,FIGHTER,magical,0,2,0,0,9919,5036,5326,1392,26.1,7.2,337,582,24,11,7,178,1528,422,193,24,0.888,0,0.95,"basic_hp;basic_hp;special_lifesteal;basic_hp"
57,1,217,0,152,bot1_1,Oracle,1,MAGE,physical,4,0,6,10,6212,4051,2933,0,18.7,0,410,536,14,14,8,195,2345,648,217,0,1,1.1,1.38,"basic_hp;basic_hp;basic_hp;basic_mr;basic_power;basic_mr;basic_mr;basic_as"
57,1,217,0,152,bot0_2,Healer,0,SUPPORT,magical,0,4,0,0,3483,2543,4357,1372,14,7.6,154,216,17,7,7,270,1570,434,181,36,0.834,0,0.58,"special_gw;basic_hp;basic_power;basic_hp"
57,1,217,0,152,bot1_2,Cleric,1,SUPPORT,magical,2,0,9,11,4169,2469,3766,3335,11.4,15.4,287,316,30,24,8,240,2140,591,217,0,1,0.6,0.66,"basic_hp;basic_hp;basic_hp;basic_mr;basic_hp;basic_armor;basic_haste"
57,1,217,0,152,bot0_3,Mage,0,MAGE,magical,0,3,0,0,7305,2235,4241,186,12.3,1,446,655,25,11,6,177,1477,408,181,36,0.834,0,0.53,"special_lifesteal;basic_power;basic_power;basic_hp"
57,1,217,0,152,bot1_3,Eggchanter,1,SUPPORT,magical,3,0,8,11,3095,2486,3363,3740,11.4,17.2,149,220,20,12,8,108,2283,631,217,0,1,0.8,0.74,"basic_hp;basic_hp;basic_mr;basic_hp;basic_mr;basic_power;basic_armor;basic_hp"
57,1,217,0,152,bot0_4,Ironclad,0,TANK,physical,0,3,0,0,4634,1590,6287,0,8.8,0,397,448,17,11,7,131,1531,423,180,37,0.829,0,0.25,"basic_hp;basic_hp;basic_hp;basic_armor;basic_hp"
57,1,217,0,152,bot1_4,Fusilier,1,SLAYER,physical,3,0,9,12,11985,9124,2608,403,42,1.9,388,540,35,12,8,207,2332,644,217,0,1,0.8,3.5,"special_lifesteal;basic_power;basic_power;basic_hp;basic_as;basic_power;basic_hp"
58,0,274,151,35,bot0_1,Hana,0,TANK,magical,6,0,11,17,13257,8553,4065,0,31.2,0,332,752,9,29,10,109,3159,692,274,0,1,1.3,2.1,"basic_hp;basic_hp;basic_hp;basic_hp;basic_armor;basic_hp;basic_mr;basic_armor;basic_power;basic_haste;basic_mr"
58,0,274,151,35,bot1_1,Healer,1,SUPPORT,magical,0,5,2,0.4,3123,1660,8426,3102,7.7,14.5,129,184,22,11,7,61,1736,380,214,60,0.783,0,0.2,"basic_hp;basic_hp;basic_hp;basic_mr;basic_mr;basic_hp"
58,0,274,151,35,bot0_2,Mage,0,MAGE,magical,4,1,12,16,11185,7180,1813,295,27.3,1.1,340,533,51,20,10,18,2968,650,263,11,0.961,0.9,3.96,"special_lifesteal;basic_hp;basic_power;basic_haste;basic_hp;basic_armor;basic_hp;basic_power;basic_mr;basic_hp"
58,0,274,151,35,bot1_2,Volstrov,1,MAGE,magical,1,6,1,0.33,6578,3958,7355,215,17.6,1,192,381,11,11,7,32,1857,407,225,49,0.822,0.2,0.54,"special_lifesteal;basic_hp;basic_power;basic_mr;basic_hp;basic_mr"
58,0,274,151,35,bot0_3,Reaper,0,SPLITPUSHER,magical,8,1,9,17,13927,8393,3836,547,32.4,2.1,510,767,31,16,10,88,3388,742,259,15,0.947,1.8,2.19,"special_lifesteal;basic_hp;basic_power;basic_hp;basic_hp;basic_haste;basic_mr;basic_armor;basic_hp;basic_power;basic_hp"
58,0,274,151,35,bot1_3,Bruiser,1,FIGHTER,physical,0,6,2,0.33,4748,1560,9669,0,6.9,0,135,245,31,25,7,74,1749,383,227,47,0.829,0,0.16,"basic_hp;basic_hp;basic_hp;basic_mr;basic_mr;basic_hp"
58,0,274,151,35,bot0_4,Wanderer,0,SLAYER,physical,5,1,10,15,9815,5908,3147,218,22.9,0.8,480,743,15,14,9,240,2940,644,258,16,0.943,1.1,1.88,"basic_hp;basic_hp;special_lifesteal;basic_hp;basic_as;basic_as;basic_power;basic_hp;basic_armor"
58,0,274,151,35,bot1_4,Quiller,1,SLAYER,physical,2,6,1,0.5,6936,3624,6194,268,18.3,1.4,252,409,22,15,8,173,2023,443,198,76,0.722,0.4,0.59,"special_lifesteal;basic_power;basic_power;basic_hp;basic_power;basic_as"
59,0,354,151,51,bot0_1,Tamer,0,MAGE,magical,4,5,14,3.6,12534,8622,4934,1579,29.9,5.5,354,714,30,9,10,133,3308,560,289,65,0.815,0.7,1.75,"special_gw;basic_hp;basic_power;basic_armor;basic_hp;basic_haste;basic_mr;basic_power;basic_armor;basic_haste;basic_hp"
59,0,354,151,51,bot1_1,Goliath,1,TANK,physical,5,5,4,1.8,9166,4090,11610,1211,14.3,4.2,275,473,34,17,10,83,3083,522,286,68,0.807,0.8,0.35,"basic_hp;basic_hp;basic_hp;basic_mr;basic_armor;basic_power;basic_mr;basic_as;basic_hp;basic_mr;basic_armor"
59,0,354,151,51,bot0_2,Summoner,0,MAGE,magical,5,4,13,4.5,7570,4440,5369,248,13.7,0.8,205,287,46,24,10,66,3416,579,325,29,0.917,0.8,0.83,"special_lifesteal;basic_power;basic_hp;basic_power;basic_power;basic_hp;basic_power;basic_haste;basic_hp;basic_power;basic_armor"
59,0,354,151,51,bot1_2,Jirina,1,FIGHTER,magical,1,5,7,1.6,11738,4868,10804,3813,17.1,13.4,391,393,35,19,9,108,2558,433,285,69,0.804,0.2,0.45,"special_gw;basic_hp;basic_mr;basic_hp;basic_hp;basic_mr;basic_hp;basic_power"
59,0,354,151,51,bot0_3,Cleric,0,SUPPORT,magical,3,1,18,21,8854,7072,4298,4726,20.9,14,358,424,53,41,11,191,3366,570,339,16,0.956,0.5,1.65,"special_gw;basic_hp;basic_hp;basic_hp;basic_power;basic_power;basic_armor;basic_haste;basic_mr;basic_armor;basic_haste"
59,0,354,151,51,bot1_3,Doctor,1,SUPPORT,physical,2,8,10,1.5,7329,4723,11239,3700,19.2,15.1,267,327,25,17,10,7,2882,488,246,108,0.694,0.3,0.42,"special_gw;basic_hp;basic_hp;basic_mr;basic_power;basic_armor;basic_mr;basic_power;basic_armor;basic_as"
59,0,354,151,51,bot0_4,Wanderer,0,SLAYER,physical,12,2,10,11,22909,14888,6588,507,46.1,1.6,623,1128,29,20,12,282,4382,742,323,31,0.912,2,2.26,"special_lifesteal;special_gw;basic_power;basic_power;basic_hp;basic_hp;basic_as;basic_as;basic_armor;basic_power;basic_hp;basic_as;basic_power"
59,0,354,151,51,bot1_4,Quiller,1,SLAYER,physical,4,6,6,1.67,14839,5396,7676,503,18.2,1.7,288,478,39,23,10,176,3076,521,297,58,0.838,0.7,0.7,"special_lifesteal;basic_power;basic_power;basic_hp;basic_as;basic_hp;basic_mr;basic_power;basic_armor;basic_as"
60,1,356,41,151,bot0_1,Eggchanter,0,SUPPORT,magical,1,9,7,0.89,4506,2449,14302,1656,8.9,6,112,172,26,15,9,134,2584,435,275,82,0.771,0.2,0.17,"basic_hp;basic_hp;basic_mr;basic_armor;basic_mr;basic_hp;basic_hp;basic_armor;basic_haste"
60,1,356,41,151,bot1_1,Reaper,1,SPLITPUSHER,magical,11,2,19,15,27666,17703,4164,768,53.4,2.3,665,1222,46,24,13,51,4801,809,332,24,0.932,1.9,4.25,"special_lifesteal;basic_power;basic_power;basic_hp;basic_hp;basic_haste;basic_hp;basic_power;basic_power;basic_hp;basic_haste;basic_mr;basic_armor;basic_hp;basic_mr;basic_armor"
60,1,356,41,151,bot0_2,Doctor,0,SUPPORT,physical,3,7,5,1.14,8947,6002,13679,7735,23.8,30.7,237,327,29,16,10,54,2779,468,252,104,0.707,0.5,0.44,"basic_hp;basic_hp;basic_mr;basic_hp;basic_mr;basic_mr;basic_armor;basic_power;basic_hp;basic_as"
60,1,356,41,151,bot1_2,Pyromancer,1,SLAYER,magical,3,1,20,23,12678,7324,4073,45,21.3,0.1,384,741,29,23,12,152,3827,645,345,12,0.967,0.5,1.8,"basic_hp;basic_hp;basic_hp;basic_mr;basic_hp;basic_armor;basic_hp;basic_haste;special_lifesteal;basic_hp;basic_power;basic_power"
60,1,356,41,151,bot0_3,Wanderer,0,SLAYER,physical,1,7,7,1.14,11716,4664,11983,0,18.3,0,356,663,17,14,9,230,2580,434,255,101,0.715,0.2,0.39,"basic_hp;basic_hp;basic_mr;basic_power;basic_mr;basic_as;basic_armor;basic_hp;basic_haste"
60,1,356,41,151,bot1_3,Hana,1,TANK,magical,10,1,21,31,21578,13822,4642,0,40.1,0,444,809,17,45,13,239,4689,790,345,12,0.967,1.7,2.98,"special_gw;basic_hp;basic_mr;basic_hp;basic_armor;basic_power;basic_hp;basic_haste;basic_mr;basic_armor;basic_power;basic_hp;basic_armor;basic_hp;basic_mr"
60,1,356,41,151,bot0_4,Cleric,0,SUPPORT,magical,3,8,4,0.88,6525,2694,12315,3752,10.7,14.9,210,240,36,28,10,138,2763,465,252,105,0.706,0.5,0.22,"special_gw;basic_hp;basic_hp;basic_hp;basic_mr;basic_power;basic_armor;basic_haste;basic_mr"
60,1,356,41,151,bot1_4,Fusilier,1,SLAYER,physical,7,4,21,7,18821,11040,4387,527,37.1,1.8,410,653,50,15,13,294,4394,740,298,58,0.836,1.2,2.52,"special_lifesteal;basic_power;basic_as;basic_hp;basic_power;basic_mr;basic_as;basic_armor;basic_hp;basic_power;basic_power;basic_as;basic_hp;basic_armor"
61,0,522,150,115,bot0_1,Cleric,0,SUPPORT,magical,2,5,25,5.4,9802,7407,11651,10613,16.4,23.5,370,401,59,52,13,89,4464,513,452,70,0.865,0.2,0.64,"special_gw;basic_hp;basic_armor;basic_hp;basic_mr;basic_armor;basic_hp;basic_mr;basic_power;basic_hp;basic_armor;basic_haste;basic_power;basic_haste;basic_mr"
61,0,522,150,115,bot1_1,Wanderer,1,SLAYER,physical,3,7,15,2.57,23497,10211,12748,364,24.8,0.9,564,948,28,26,12,241,4041,464,412,110,0.789,0.3,0.8,"basic_hp;basic_hp;special_lifesteal;basic_hp;basic_hp;basic_as;basic_mr;basic_as;basic_mr;basic_power;basic_power;basic_armor;basic_as"
61,0,522,150,115,bot0_2,Jailer,0,TANK,magical,9,3,19,9.33,26981,16401,10820,0,33.9,0,429,683,59,43,14,36,5411,621,483,39,0.925,1,1.52,"basic_hp;basic_hp;special_gw;basic_armor;basic_mr;basic_hp;basic_armor;basic_hp;basic_haste;basic_mr;basic_haste;basic_power;basic_hp;basic_power;basic_armor;basic_mr;basic_armor;basic_mr"
61,0,522,150,115,bot1_2,Eggchanter,1,SUPPORT,magical,2,8,10,1.5,6761,4054,13888,6229,10.1,15.5,185,287,33,18,11,26,3551,408,402,121,0.769,0.2,0.29,"basic_hp;basic_hp;special_gw;basic_hp;basic_mr;basic_armor;basic_hp;basic_power;basic_mr;basic_haste;basic_mr;basic_armor"
61,0,522,150,115,bot0_3,Fusilier,0,SLAYER,physical,10,6,16,4.33,31017,16028,10905,772,37.4,1.8,548,805,72,25,14,13,5438,625,429,94,0.821,1.1,1.47,"special_lifesteal;basic_power;basic_power;basic_as;basic_hp;basic_power;basic_armor;basic_mr;basic_as;basic_as;basic_power;basic_hp;basic_armor;basic_hp;basic_as;basic_armor;basic_power;basic_as"
61,0,522,150,115,bot1_3,Bruiser,1,FIGHTER,physical,9,7,10,2.71,18670,11527,12292,540,28.2,1.3,434,641,63,44,13,259,4709,541,409,113,0.783,1,0.94,"special_lifesteal;basic_power;basic_as;basic_power;basic_power;basic_hp;basic_as;basic_mr;basic_hp;basic_armor;basic_power;basic_as;basic_mr;basic_hp;basic_power"
61,0,522,150,115,bot0_4,Tamer,0,MAGE,magical,7,5,20,5.4,20060,12425,10544,4641,27.8,10.4,317,631,60,20,14,280,5005,575,447,75,0.856,0.8,1.18,"basic_hp;basic_hp;basic_hp;basic_mr;basic_armor;basic_haste;basic_power;basic_armor;basic_as;basic_hp;basic_mr;basic_haste;basic_armor;basic_mr;basic_haste;basic_power;basic_armor"
61,0,522,150,115,bot1_4,Hana,1,TANK,magical,5,6,12,2.83,30372,16444,17683,0,37,0,568,1061,24,48,12,60,4035,463,445,78,0.851,0.6,0.93,"basic_hp;basic_hp;basic_hp;basic_mr;basic_mr;basic_hp;basic_armor;basic_armor;basic_mr;basic_armor;basic_mr;basic_power;basic_haste;basic_hp"
62,0,428,151,92,bot0_1,Hana,0,TANK,magical,7,1,20,27,23928,13014,6701,0,31.7,0,475,894,7,53,13,198,4623,647,411,18,0.959,1,1.94,"basic_hp;basic_hp;special_gw;basic_armor;basic_hp;basic_mr;basic_armor;basic_power;basic_mr;basic_hp;basic_armor;basic_armor;basic_haste;basic_power;basic_mr"
62,0,428,151,92,bot1_1,Wanderer,1,SLAYER,physical,2,10,7,0.9,17364,11057,9491,306,38.5,1.1,692,1385,20,15,11,195,3095,433,287,141,0.67,0.3,1.16,"special_lifesteal;basic_power;basic_power;basic_as;basic_hp;basic_as;basic_power;basic_hp;basic_mr;basic_armor"
62,0,428,151,92,bot0_2,Jailer,0,TANK,magical,7,3,18,8.33,22365,13781,9055,0,36,0,499,735,45,28,13,161,4461,625,383,46,0.893,1,1.52,"basic_hp;basic_hp;basic_hp;basic_armor;basic_mr;basic_armor;basic_power;basic_haste;basic_as;basic_armor;basic_hp;basic_hp;basic_armor;basic_mr;basic_hp"
62,0,428,151,92,bot1_2,Eggchanter,1,SUPPORT,magical,2,6,8,1.67,7178,4954,11006,4471,13.9,12.5,144,224,39,17,10,43,2993,419,357,71,0.834,0.3,0.45,"special_gw;basic_hp;basic_hp;basic_mr;basic_mr;basic_power;basic_armor;basic_hp;basic_mr;basic_power"
62,0,428,151,92,bot0_3,Doctor,0,SUPPORT,physical,6,2,20,13,11239,7487,12652,14327,18.7,35.8,246,366,35,30,13,179,4479,627,400,28,0.934,0.8,0.59,"basic_hp;basic_hp;basic_hp;basic_armor;basic_hp;basic_armor;basic_power;basic_mr;basic_armor;basic_armor;special_gw;basic_hp;basic_power;basic_armor"
62,0,428,151,92,bot1_3,Bruiser,1,FIGHTER,physical,2,7,7,1.29,23230,13787,12935,429,41.7,1.3,595,1126,52,35,10,343,3018,423,331,98,0.772,0.3,1.07,"basic_hp;basic_hp;special_lifesteal;basic_power;basic_as;basic_power;basic_hp;basic_mr;basic_power"
62,0,428,151,92,bot0_4,Zephyr,0,SPLITPUSHER,magical,8,4,15,5.75,17421,11506,10287,429,31.4,1.2,565,691,46,54,13,281,4481,627,366,63,0.854,1.1,1.12,"special_lifesteal;basic_power;basic_hp;basic_power;basic_hp;basic_haste;basic_power;basic_armor;basic_hp;basic_mr;basic_haste;basic_power;basic_hp;basic_power"
62,0,428,151,92,bot1_4,Ironclad,1,TANK,physical,4,5,5,1.8,8398,5697,14581,0,15.5,0,355,479,39,25,10,14,3214,450,368,60,0.86,0.6,0.39,"basic_hp;basic_hp;basic_hp;basic_mr;basic_mr;basic_armor;basic_hp;basic_hp;basic_mr;basic_hp;basic_power"
63,1,329,4,150,bot0_1,Summoner,0,MAGE,magical,1,9,3,0.44,5302,2713,9260,70,12.4,0.3,174,251,25,13,8,169,2219,405,218,110,0.664,0.2,0.29,"special_lifesteal;basic_power;basic_hp;basic_haste;basic_armor;basic_power;basic_mr"
63,1,329,4,150,bot1_1,Healer,1,SUPPORT,magical,4,0,19,23,8827,4326,4285,6398,13.2,19.5,180,214,62,14,11,185,3610,659,329,0,1,0.7,1.01,"special_gw;basic_hp;basic_hp;basic_hp;basic_power;basic_mr;basic_hp;basic_hp;basic_hp;basic_power;basic_armor"
63,1,329,4,150,bot0_2,Jirina,0,FIGHTER,magical,2,7,1,0.43,10677,6738,9985,1750,27.9,7.2,486,684,26,12,8,141,2266,414,242,87,0.736,0.4,0.67,"special_lifesteal;basic_power;basic_hp;basic_power;basic_power;basic_hp;basic_armor"
63,1,329,4,150,bot1_2,Ironclad,1,TANK,physical,5,0,23,28,12676,7945,4687,0,24.2,0,416,623,39,22,11,19,3819,697,329,0,1,0.9,1.7,"special_gw;basic_hp;basic_hp;basic_mr;basic_armor;basic_mr;basic_hp;basic_armor;basic_power;basic_hp;basic_as;basic_mr;basic_power"
63,1,329,4,150,bot0_3,Goliath,0,TANK,physical,0,8,3,0.38,6444,3439,12233,882,14.7,3.8,259,384,28,15,8,166,1991,363,233,96,0.709,0,0.28,"basic_hp;basic_hp;basic_hp;basic_armor;basic_mr;basic_power;basic_as"
63,1,329,4,150,bot1_3,Quiller,1,SLAYER,physical,3,3,13,5.33,5663,4224,4729,224,14.8,0.8,283,465,39,20,9,44,2944,537,285,44,0.866,0.5,0.89,"special_lifesteal;basic_power;basic_power;basic_hp;basic_as;basic_hp;basic_power;basic_as;basic_mr;basic_armor"
63,1,329,4,150,bot0_4,Bruiser,0,FIGHTER,physical,1,8,3,0.5,5654,2655,10593,154,9.6,0.6,258,414,29,31,8,133,2183,398,276,53,0.839,0.2,0.25,"special_lifesteal;basic_power;basic_hp;basic_as;basic_power;basic_armor;basic_mr"
63,1,329,4,150,bot1_4,Lynx,1,SLAYER,physical,20,1,11,31,35591,23732,4421,939,75.8,3,868,1815,58,40,12,210,4585,837,313,16,0.953,3.7,5.37,"special_lifesteal;basic_hp;basic_hp;basic_hp;basic_power;basic_as;basic_mr;basic_power;basic_as;basic_as;basic_mr;basic_power;basic_hp;basic_armor;basic_armor"
64,1,310,31,150,bot0_1,Ironclad,0,TANK,physical,0,6,4,0.67,5579,1768,12092,0,7.6,0,420,519,22,13,8,155,2005,388,233,76,0.753,0,0.15,"special_gw;basic_hp;basic_hp;basic_power;basic_hp;basic_mr"
64,1,310,31,150,bot1_1,Doctor,1,SUPPORT,physical,4,1,17,21,9571,6935,4122,4975,23.2,16.6,164,410,24,16,10,233,3308,641,299,11,0.965,0.8,1.68,"special_gw;basic_hp;basic_hp;basic_hp;basic_armor;basic_hp;basic_hp;basic_mr;basic_armor;basic_mr"
64,1,310,31,150,bot0_2,Kratoma,0,SLAYER,physical,3,6,1,0.67,9464,3446,7662,254,14.3,1.1,265,479,16,15,8,284,2359,457,240,69,0.776,0.6,0.45,"special_lifesteal;special_gw;basic_power;basic_hp;basic_as;basic_power"
64,1,310,31,150,bot1_2,Reaper,1,SPLITPUSHER,magical,10,0,13,23,21301,14410,4159,633,46.5,2,737,970,45,23,11,56,3981,771,310,0,1,1.9,3.46,"special_lifesteal;basic_power;basic_hp;basic_power;basic_hp;basic_haste;basic_hp;basic_power;basic_mr;basic_hp;basic_power;basic_armor;basic_hp"
64,1,310,31,150,bot0_3,Jirina,0,FIGHTER,magical,1,5,3,0.8,8010,2886,10610,1967,12,8.1,352,398,29,13,8,238,2138,414,241,68,0.78,0.2,0.27,"basic_hp;basic_hp;basic_hp;basic_mr;basic_hp;basic_armor;basic_power"
64,1,310,31,150,bot1_3,Summoner,1,MAGE,magical,1,1,17,18,7296,4106,1634,118,13.7,0.4,196,276,50,25,10,226,2876,557,299,11,0.965,0.2,2.51,"special_lifesteal;basic_power;basic_hp;basic_haste;basic_power;basic_hp;basic_armor;basic_haste;basic_power"
64,1,310,31,150,bot0_4,Jailer,0,TANK,magical,0,6,3,0.5,6068,3675,7759,0,15.8,0,502,565,15,11,8,203,1978,383,233,77,0.751,0,0.47,"special_gw;basic_hp;basic_power;basic_mr;basic_armor;basic_haste"
64,1,310,31,150,bot1_4,Fusilier,1,SLAYER,physical,8,2,11,9.5,9044,7297,3860,226,25.5,0.8,346,541,46,6,10,295,3545,687,286,23,0.924,1.6,1.89,"basic_hp;basic_hp;special_lifesteal;basic_hp;basic_as;basic_power;basic_mr;basic_armor;basic_as;basic_hp;basic_as"
65,0,229,150,9,bot0_1,Zephyr,0,SPLITPUSHER,magical,11,0,6,17,11728,6867,5946,328,30,1.4,370,542,27,37,10,326,3326,872,229,0,1,2.9,1.15,"special_lifesteal;basic_power;basic_hp;basic_power;basic_hp;basic_hp;basic_power;basic_haste;basic_mr;basic_hp"
65,0,229,150,9,bot1_1,Bruiser,1,FIGHTER,physical,0,4,0,0,5650,2932,6803,0,15.8,0,382,554,22,20,6,130,1455,381,185,44,0.809,0,0.43,"basic_hp;basic_hp;basic_hp;basic_armor;basic_mr"
65,0,229,150,9,bot0_2,Doctor,0,SUPPORT,physical,2,0,14,16,4839,3157,5447,8762,13.8,38.3,124,206,12,18,9,67,2592,679,229,0,1,0.5,0.58,"basic_hp;basic_hp;basic_mr;basic_hp;basic_hp;basic_mr;basic_armor;basic_power;basic_hp"
65,0,229,150,9,bot1_2,Wanderer,1,SLAYER,physical,0,6,0,0,11834,8776,5566,244,52.9,1.5,817,1279,10,9,6,228,1503,394,166,63,0.725,0,1.58,"special_lifesteal;basic_hp;basic_power;basic_as"
65,0,229,150,9,bot0_3,Quiller,0,SLAYER,physical,5,0,14,19,11547,6582,3256,393,28.8,1.7,284,557,38,20,10,79,2979,781,229,0,1,1.3,2.02,"special_lifesteal;basic_power;basic_power;basic_hp;basic_hp;basic_as;basic_as;basic_mr;basic_armor;basic_power"
65,0,229,150,9,bot1_3,Hana,1,TANK,magical,0,4,0,0,3271,1281,5061,0,7,0,268,271,3,22,6,205,1505,394,183,46,0.8,0,0.25,"special_gw;basic_hp;basic_power;basic_hp"
65,0,229,150,9,bot0_4,Cleric,0,SUPPORT,magical,2,0,18,20,6793,4473,4681,6131,19.5,26.8,332,396,37,29,10,233,2783,729,229,0,1,0.5,0.96,"basic_hp;basic_hp;basic_mr;basic_armor;basic_hp;basic_hp;basic_mr;basic_armor;basic_hp"
65,0,229,150,9,bot1_4,Summoner,1,MAGE,magical,0,6,0,0,3706,2825,5686,127,17.2,0.8,157,227,18,10,6,137,1437,377,165,64,0.719,0,0.5,"special_lifesteal;basic_hp;basic_power;basic_hp"
66,1,286,4,150,bot0_1,Zephyr,0,SPLITPUSHER,magical,0,4,3,0.75,4902,2046,6245,176,8.1,0.7,281,281,25,26,7,292,1842,386,251,35,0.877,0,0.33,"special_lifesteal;basic_hp;basic_hp;basic_mr;basic_power"
66,1,286,4,150,bot1_1,Cleric,1,SUPPORT,magical,9,1,12,21,9358,8010,6234,7576,28.9,27.3,361,428,45,40,10,1,3701,776,277,9,0.969,1.9,1.28,"basic_hp;basic_hp;basic_hp;basic_power;basic_power;basic_haste;basic_mr;basic_hp;basic_hp;basic_hp;basic_mr;basic_armor;basic_haste"
66,1,286,4,150,bot0_2,Ironclad,0,TANK,physical,2,6,1,0.5,8623,5009,10214,0,20.6,0,403,543,23,17,7,176,2051,430,243,43,0.848,0.4,0.49,"special_gw;basic_mr;basic_hp;basic_mr;basic_hp;basic_mr"
66,1,286,4,150,bot1_2,Jailer,1,TANK,magical,1,1,17,18,11457,6403,4163,0,23.4,0,387,499,27,23,9,193,2718,570,274,13,0.956,0.2,1.54,"basic_hp;basic_hp;basic_hp;basic_hp;basic_armor;basic_mr;basic_mr;basic_hp;basic_power"
66,1,286,4,150,bot0_3,Volstrov,0,MAGE,magical,1,6,3,0.67,8370,5965,6685,313,28.3,1.5,179,328,13,14,8,38,2088,438,211,75,0.737,0.2,0.89,"special_lifesteal;basic_hp;basic_hp;basic_mr;basic_power;basic_haste;basic_as"
66,1,286,4,150,bot1_3,Jirina,1,FIGHTER,magical,5,1,12,17,7818,5729,4645,1747,21.1,6.4,378,490,32,7,9,17,3067,643,272,15,0.949,1,1.23,"special_lifesteal;basic_power;basic_power;basic_hp;basic_haste;basic_armor;basic_power;basic_hp;basic_power;basic_power"
66,1,286,4,150,bot0_4,Quiller,0,SLAYER,physical,1,5,2,0.6,8305,4353,4748,240,19.5,1.1,202,395,29,18,9,19,2119,444,223,63,0.779,0.2,0.92,"special_lifesteal;basic_hp;basic_power;basic_as;basic_hp;basic_hp;basic_mr"
66,1,286,4,150,bot1_4,Reaper,1,SPLITPUSHER,magical,6,1,9,15,11442,5816,4445,0,21.5,0,376,733,37,19,10,238,3113,653,271,16,0.945,1.3,1.31,"basic_hp;basic_hp;basic_hp;basic_hp;basic_hp;basic_mr;basic_armor;basic_haste;basic_hp;basic_power"
67,0,340,150,51,bot0_1,Fusilier,0,SLAYER,physical,2,3,20,7.33,12078,7400,6193,0,24.6,0,292,540,37,12,10,294,3244,572,301,39,0.885,0.4,1.19,"basic_hp;basic_hp;basic_hp;basic_mr;basic_armor;basic_mr;basic_power;basic_as;basic_armor;basic_mr;basic_power"
67,0,340,150,51,bot1_1,Doctor,1,SUPPORT,physical,1,6,10,1.83,4381,3104,10401,4256,12.3,16.8,220,338,14,17,10,12,2687,473,253,88,0.742,0.2,0.3,"basic_hp;basic_hp;basic_hp;basic_hp;basic_armor;basic_power;basic_mr;basic_armor;basic_as;basic_haste"
67,0,340,150,51,bot0_2,Ironclad,0,TANK,physical,3,2,14,8.5,7075,4015,7772,0,12.7,0,248,348,30,22,10,100,3125,551,316,24,0.928,0.5,0.52,"special_gw;basic_hp;basic_mr;basic_hp;basic_hp;basic_armor;basic_mr;basic_hp;basic_armor;basic_mr"
67,0,340,150,51,bot1_2,Quiller,1,SLAYER,physical,1,8,9,1.25,10168,5128,7717,251,22.2,1.1,253,464,31,20,10,58,2683,473,231,109,0.679,0.2,0.66,"special_lifesteal;basic_power;basic_as;basic_hp;basic_armor;basic_mr;basic_power;basic_power;basic_as"
67,0,340,150,51,bot0_3,Lynx,0,SLAYER,physical,17,3,8,8.33,28242,18352,6027,0,60.9,0,594,1088,66,37,12,91,4891,862,301,39,0.885,3,3.04,"basic_hp;basic_hp;basic_hp;basic_power;basic_hp;basic_power;basic_mr;basic_armor;basic_as;basic_hp;basic_power;basic_mr;basic_haste;basic_armor;basic_hp;basic_as;basic_haste"
67,0,340,150,51,bot1_3,Reaper,1,SPLITPUSHER,magical,5,6,6,1.83,14964,10216,8067,391,40.4,1.5,895,1241,28,15,10,92,3067,540,253,88,0.742,0.9,1.27,"special_lifesteal;basic_power;basic_power;basic_hp;basic_power;basic_hp;basic_power;basic_haste;basic_armor;basic_haste"
67,0,340,150,51,bot0_4,Hana,0,TANK,magical,4,3,16,6.67,8385,5043,8061,0,16.8,0,310,382,17,37,11,141,3441,606,299,41,0.88,0.7,0.63,"basic_hp;basic_hp;basic_hp;basic_hp;basic_mr;basic_armor;basic_haste;basic_armor;basic_hp;basic_power;basic_mr;basic_as"
67,0,340,150,51,bot1_4,Volstrov,1,MAGE,magical,4,6,6,1.67,11150,6870,10490,0,27.3,0,280,448,16,17,10,259,2934,517,252,89,0.74,0.7,0.65,"basic_hp;basic_hp;basic_hp;basic_armor;basic_mr;basic_armor;basic_haste;basic_power;basic_as;basic_hp"
68,1,285,5,150,bot0_1,Mage,0,MAGE,magical,2,5,3,1,15471,6741,7023,0,31.3,0,463,688,35,20,10,107,2532,533,215,70,0.756,0.4,0.96,"basic_hp;basic_hp;basic_hp;basic_mr;basic_armor;basic_haste;basic_hp;basic_power;basic_mr"
68,1,285,5,150,bot1_1,Doctor,1,SUPPORT,physical,1,2,12,6.5,7435,3462,7655,5780,13.2,22.1,199,358,9,20,8,133,2408,507,262,23,0.918,0.2,0.45,"basic_hp;basic_hp;basic_hp;basic_hp;basic_mr;basic_mr;basic_hp;basic_armor"
68,1,285,5,150,bot0_2,Bruiser,0,FIGHTER,physical,0,4,3,0.75,5846,3849,5561,0,16.6,0,270,479,31,25,8,134,1959,412,232,53,0.815,0,0.69,"basic_hp;basic_hp;basic_hp;basic_mr;basic_armor;basic_as;basic_power"
68,1,285,5,150,bot1_2,Eggchanter,1,SUPPORT,magical,5,1,12,17,6229,4782,7919,6725,17.4,24.5,149,221,29,15,10,51,3076,648,274,11,0.962,1.1,0.6,"basic_hp;basic_hp;basic_mr;basic_hp;basic_mr;basic_armor;basic_armor;basic_hp;basic_power;basic_power;basic_mr"
68,1,285,5,150,bot0_3,Jailer,0,TANK,magical,2,4,3,1.25,13492,8476,7307,0,37.1,0,428,820,21,19,9,107,2382,502,229,56,0.802,0.4,1.16,"basic_hp;basic_hp;basic_hp;basic_mr;basic_hp;basic_armor;basic_hp;basic_mr"
68,1,285,5,150,bot1_3,Cleric,1,SUPPORT,magical,4,1,11,15,7853,5652,5134,5463,20.7,20,373,441,42,37,9,104,2854,601,273,12,0.959,0.8,1.1,"special_heal_power;basic_hp;basic_hp;basic_power;basic_hp;basic_hp;basic_power;basic_power;basic_mr"
68,1,285,5,150,bot0_4,Vanguard,0,FIGHTER,physical,1,5,1,0.4,9125,4646,7692,0,21.1,0,535,654,30,20,9,24,2099,442,221,64,0.774,0.2,0.6,"special_gw;basic_hp;basic_hp;basic_power;basic_power;basic_armor;basic_mr"
68,1,285,5,150,bot1_4,Kratoma,1,SLAYER,physical,8,1,10,18,12981,10534,5531,315,38.4,1.1,408,660,21,24,10,83,3358,707,274,11,0.962,1.7,1.9,"special_lifesteal;basic_power;basic_hp;basic_power;basic_as;basic_power;basic_as;basic_hp;basic_power;basic_mr;basic_as"
69,0,509,150,107,bot0_1,Healer,0,SUPPORT,magical,2,7,21,3.29,8703,6034,16529,10577,14.6,25.6,184,222,63,22,13,24,4174,492,413,96,0.812,0.2,0.37,"basic_hp;basic_hp;basic_armor;basic_hp;basic_mr;basic_hp;basic_mr;basic_power;basic_haste;basic_armor;basic_as;basic_power;basic_hp;basic_armor;basic_haste"
69,0,509,150,107,bot1_1,Quiller,1,SLAYER,physical,8,6,13,3.5,21922,14771,9694,687,35.9,1.7,297,599,55,39,12,20,4370,516,412,97,0.81,0.9,1.52,"special_lifesteal;basic_power;basic_power;basic_hp;basic_as;basic_hp;basic_armor;basic_mr;basic_power;basic_as;basic_hp;basic_mr;basic_as;basic_armor;basic_armor"
69,0,509,150,107,bot0_2,Fusilier,0,SLAYER,physical,12,6,15,4.5,25286,13863,10704,810,33.3,1.9,290,578,64,22,14,267,5542,654,417,92,0.82,1.4,1.3,"special_lifesteal;basic_hp;basic_power;basic_as;basic_hp;basic_hp;basic_power;basic_mr;basic_armor;basic_as;basic_hp;basic_as;special_lifesteal;basic_armor;basic_mr;basic_power;basic_as"
69,0,509,150,107,bot1_2,Volstrov,1,MAGE,magical,5,6,14,3.17,14345,7589,9834,392,18.5,1,370,673,14,22,12,154,4279,505,411,97,0.808,0.6,0.77,"special_lifesteal;basic_power;basic_hp;basic_power;basic_power;basic_hp;basic_haste;basic_hp;basic_haste;basic_mr;basic_armor;basic_mr;basic_hp;basic_power"
69,0,509,150,107,bot0_3,Pyromancer,0,SLAYER,magical,8,5,18,5.2,21534,9586,12886,300,22,0.7,438,613,42,38,13,140,5015,592,435,73,0.856,0.9,0.74,"special_lifesteal;basic_power;basic_hp;basic_haste;basic_power;basic_mr;basic_armor;basic_power;basic_power;basic_hp;basic_power;basic_hp;basic_haste;basic_haste;basic_hp;basic_power"
69,0,509,150,107,bot1_3,Kratoma,1,SLAYER,physical,7,7,14,3,21938,12066,12435,0,26.8,0,347,644,34,33,12,141,4441,524,449,59,0.884,0.8,0.97,"special_gw;basic_hp;basic_hp;basic_power;basic_hp;basic_power;basic_hp;basic_hp;basic_power;basic_armor;basic_as;basic_mr;basic_power;basic_hp"
69,0,509,150,107,bot0_4,Oracle,0,MAGE,physical,5,5,18,4.6,21431,10503,8296,380,23.9,0.9,345,533,33,34,13,228,4528,534,440,68,0.866,0.6,1.27,"special_lifesteal;basic_power;basic_as;basic_hp;basic_armor;basic_mr;basic_power;basic_power;basic_as;basic_power;basic_as;basic_power;basic_as;basic_power"
69,0,509,150,107,bot1_4,Summoner,1,MAGE,magical,3,8,14,2.13,10832,5576,10744,317,14,0.8,190,268,61,28,12,134,3934,464,398,111,0.782,0.4,0.52,"special_lifesteal;basic_power;basic_hp;basic_haste;basic_power;basic_hp;basic_armor;basic_mr;basic_haste;basic_hp;basic_power;basic_hp;basic_mr"
70,0,376,151,50,bot0_1,Hana,0,TANK,magical,3,2,25,14,23269,15077,6216,0,42.9,0,628,1176,11,39,12,44,3919,626,351,24,0.935,0.5,2.43,"basic_hp;basic_hp;basic_armor;basic_power;basic_mr;basic_hp;basic_haste;basic_as;basic_armor;basic_armor;basic_hp;basic_armor;basic_mr;basic_mr"
70,0,376,151,50,bot1_1,Kratoma,1,SLAYER,physical,0,7,9,1.29,8541,4966,9947,0,17.4,0,213,408,19,19,10,230,2705,432,285,90,0.76,0,0.5,"basic_hp;basic_hp;basic_hp;basic_mr;basic_power;basic_mr;basic_as;basic_mr;basic_hp"
70,0,376,151,50,bot0_2,Goliath,0,TANK,physical,5,1,19,24,12738,6396,6452,2535,17.6,7,427,557,39,27,11,142,3817,610,363,13,0.966,0.8,0.99,"basic_hp;basic_hp;basic_hp;basic_armor;basic_mr;basic_power;basic_hp;basic_armor;basic_hp;basic_hp;basic_mr;basic_as;basic_haste"
70,0,376,151,50,bot1_2,Lynx,1,SLAYER,physical,7,6,2,1.5,12358,7126,9291,301,25.3,1.1,377,657,44,39,11,207,3432,548,282,94,0.751,1.1,0.77,"basic_hp;basic_hp;special_lifesteal;basic_power;basic_as;basic_power;basic_hp;basic_power;basic_mr;basic_as;basic_mr"
70,0,376,151,50,bot0_3,Reaper,0,SPLITPUSHER,magical,14,3,13,9,24207,13570,6429,744,40.9,2.2,672,1330,53,30,13,189,5014,801,332,44,0.883,2.2,2.11,"special_lifesteal;basic_power;basic_hp;basic_haste;basic_power;basic_power;basic_power;basic_armor;basic_hp;basic_power;basic_haste;basic_mr;basic_power;basic_hp;basic_haste;basic_armor"
70,0,376,151,50,bot1_3,Oracle,1,MAGE,physical,1,7,8,1.29,10162,4677,9218,229,16.7,0.8,226,344,18,19,10,242,2842,454,280,95,0.746,0.2,0.51,"special_lifesteal;special_gw;basic_power;basic_power;basic_hp;basic_as;basic_mr;basic_hp"
70,0,376,151,50,bot0_4,Eggchanter,0,SUPPORT,magical,6,3,15,7,5475,2383,8904,5419,7.2,16.3,123,192,28,17,11,264,3839,613,333,43,0.886,1,0.27,"basic_hp;basic_hp;special_heal_power;basic_hp;basic_hp;basic_armor;basic_armor;basic_mr;basic_armor;basic_armor;basic_power;basic_haste"
70,0,376,151,50,bot1_4,Mage,1,MAGE,magical,1,8,8,1.13,14521,5907,10485,274,19.5,0.9,535,540,43,19,11,82,3007,480,304,72,0.808,0.2,0.56,"special_lifesteal;basic_hp;basic_power;basic_power;basic_hp;basic_hp;basic_mr;basic_haste;basic_armor;basic_power"
71,0,344,150,1,bot0_1,Lynx,0,SLAYER,physical,22,0,10,32,31200,20693,3885,672,60.1,2,774,1158,79,44,12,159,4909,855,344,0,1,3.8,5.33,"special_lifesteal;basic_power;basic_hp;basic_power;basic_hp;basic_hp;basic_as;basic_power;basic_as;basic_as;basic_power;basic_mr;basic_armor;basic_hp;basic_as;basic_mr"
71,0,344,150,1,bot1_1,Ironclad,1,TANK,physical,0,8,1,0.13,6529,3416,13734,0,12.2,0,385,498,24,14,8,199,2024,353,281,63,0.816,0,0.25,"special_gw;basic_hp;basic_hp;basic_armor;basic_armor;basic_power"
71,0,344,150,1,bot0_2,Kratoma,0,SLAYER,physical,6,0,19,25,11965,7368,2022,0,21.4,0,252,515,29,27,12,99,3974,692,344,0,1,1,3.64,"basic_hp;basic_hp;basic_power;basic_power;basic_hp;basic_power;basic_mr;basic_armor;basic_as;basic_hp;basic_mr;basic_armor;basic_haste;basic_hp"
71,0,344,150,1,bot1_2,Reaper,1,SPLITPUSHER,magical,0,8,1,0.13,2990,959,7501,55,3.8,0.2,338,338,15,8,8,161,1986,346,252,92,0.732,0,0.13,"special_lifesteal;basic_power;basic_hp;basic_power;basic_armor;basic_hp"
71,0,344,150,1,bot0_3,Cleric,0,SUPPORT,magical,3,0,18,21,9758,5835,2105,5105,16.9,14.8,356,405,59,47,12,9,3584,625,344,0,1,0.5,2.77,"basic_hp;basic_hp;basic_mr;basic_hp;basic_armor;basic_power;basic_mr;basic_haste;basic_as;basic_hp;basic_armor;basic_hp;basic_power"
71,0,344,150,1,bot1_3,Fusilier,1,SLAYER,physical,1,7,0,0.14,8846,2855,8415,0,11.1,0,255,401,29,10,8,203,2128,371,257,88,0.745,0.2,0.34,"basic_hp;basic_hp;basic_hp;basic_power;basic_hp;basic_power;basic_armor"
71,0,344,150,1,bot0_4,Quiller,0,SLAYER,physical,1,1,22,23,10615,6457,3198,363,19.6,1.1,280,542,44,27,11,143,3318,578,329,16,0.955,0.2,2.02,"special_lifesteal;basic_hp;basic_hp;basic_hp;basic_power;basic_as;basic_power;basic_mr;basic_armor;basic_as;basic_armor"
71,0,344,150,1,bot1_4,Eggchanter,1,SUPPORT,magical,0,9,1,0.11,5180,2769,12921,3121,11.4,12.8,134,177,22,12,8,191,2016,351,244,100,0.708,0,0.21,"basic_hp;basic_hp;basic_hp;basic_armor;basic_mr;basic_haste;basic_power"
72,1,340,45,150,bot0_1,Vanguard,0,FIGHTER,physical,3,5,2,1,14050,6365,7979,412,22.8,1.5,507,636,43,28,9,193,2568,452,279,61,0.82,0.5,0.8,"special_lifesteal;basic_power;basic_hp;basic_mr;basic_power;basic_power;basic_as;basic_mr"
72,1,340,45,150,bot1_1,Volstrov,1,MAGE,magical,3,2,16,9.5,13512,8076,6439,429,24.9,1.3,314,557,3,12,11,46,3296,581,324,17,0.951,0.5,1.25,"special_lifesteal;basic_power;basic_hp;basic_power;basic_power;basic_armor;basic_hp;basic_haste;basic_hp;basic_mr;basic_power"
72,1,340,45,150,bot0_2,Kratoma,0,SLAYER,physical,2,6,3,0.83,8668,4506,5943,219,17.1,0.8,188,404,18,17,9,115,2465,434,263,77,0.774,0.4,0.76,"special_lifesteal;basic_power;basic_as;basic_hp;basic_mr;basic_power;basic_power;basic_haste"
72,1,340,45,150,bot1_2,Cleric,1,SUPPORT,magical,6,1,16,22,7663,5715,4894,10489,17.6,32.4,352,414,45,39,11,140,3765,663,324,17,0.951,1.1,1.17,"basic_hp;basic_hp;basic_hp;basic_hp;basic_armor;basic_armor;basic_mr;basic_power;basic_haste;basic_armor;basic_mr;basic_armor;basic_mr"
72,1,340,45,150,bot0_3,Ironclad,0,TANK,physical,0,5,5,1,7297,4111,11154,0,14.7,0,368,464,28,20,9,197,2247,396,280,60,0.824,0,0.37,"basic_hp;basic_hp;basic_mr;basic_mr;basic_power;basic_as;basic_armor;basic_haste"
72,1,340,45,150,bot1_3,Mage,1,MAGE,magical,9,1,15,24,18393,13363,4172,394,41.3,1.2,658,739,73,23,12,268,4068,717,324,17,0.951,1.6,3.2,"special_lifesteal;basic_power;basic_power;basic_power;basic_hp;basic_haste;basic_armor;basic_hp;basic_hp;basic_armor;basic_mr;basic_power;basic_haste"
72,1,340,45,150,bot0_4,Jailer,0,TANK,magical,0,8,5,0.63,8952,6786,12220,0,26.8,0,476,580,20,21,8,85,2185,385,253,87,0.744,0,0.56,"special_gw;basic_hp;basic_hp;basic_hp;basic_mr;basic_power;basic_haste"
72,1,340,45,150,bot1_4,Hana,1,TANK,magical,6,1,14,20,9606,7152,8522,0,22.1,0,270,564,14,33,10,194,3544,624,324,17,0.951,1.1,0.84,"basic_hp;basic_hp;basic_hp;basic_armor;basic_mr;basic_armor;basic_power;basic_hp;basic_armor;basic_armor;basic_mr;basic_power"
73,0,277,150,0,bot0_1,Goliath,0,TANK,physical,5,0,15,20,7219,4928,4332,2379,17.8,8.6,406,457,30,21,10,225,3150,682,277,0,1,1.1,1.14,"basic_hp;basic_hp;basic_hp;basic_armor;basic_power;basic_as;basic_armor;basic_haste;basic_armor;basic_mr;basic_power"
73,0,277,150,0,bot1_1,Quiller,1,SLAYER,physical,0,7,0,0,3944,2274,5631,117,11.7,0.6,200,347,19,14,7,140,1690,366,194,83,0.7,0,0.4,"special_lifesteal;basic_power;basic_power;basic_hp;basic_as"
73,0,277,150,0,bot0_2,Lynx,0,SLAYER,physical,8,0,16,24,16997,14131,2980,480,51,1.7,504,803,55,34,10,152,3627,786,277,0,1,1.7,4.74,"special_lifesteal;basic_power;basic_hp;basic_power;basic_power;basic_hp;basic_as;basic_armor;basic_mr;basic_hp;basic_as;basic_armor"
73,0,277,150,0,bot1_2,Bruiser,1,FIGHTER,physical,0,6,0,0,3736,2378,8531,0,10.4,0,143,340,32,25,7,51,1651,358,228,49,0.824,0,0.28,"basic_hp;basic_hp;basic_hp;basic_armor;basic_mr;basic_armor"
73,0,277,150,0,bot0_3,Healer,0,SUPPORT,magical,3,0,17,20,6631,5146,4255,6122,18.6,22.1,145,209,44,14,10,177,2977,645,277,0,1,0.6,1.21,"basic_hp;basic_hp;basic_armor;basic_power;basic_hp;basic_haste;basic_armor;basic_armor;basic_hp;basic_armor"
73,0,277,150,0,bot1_3,Vanguard,1,FIGHTER,physical,0,6,0,0,5757,3258,8196,117,15.6,0.6,425,575,28,12,7,138,1663,360,208,68,0.753,0,0.4,"special_lifesteal;basic_power;basic_hp;basic_as;basic_mr"
73,0,277,150,0,bot0_4,Reaper,0,SPLITPUSHER,magical,8,0,11,19,10200,7492,2285,728,27.1,2.6,322,733,41,21,10,102,3427,742,277,0,1,1.7,3.28,"special_lifesteal;special_lifesteal;basic_power;basic_power;basic_power;basic_hp;basic_hp;basic_armor;basic_hp;basic_power"
73,0,277,150,0,bot1_4,Ironclad,1,TANK,physical,0,5,0,0,6705,5014,9728,0,23.2,0,234,435,18,14,7,97,1672,362,217,60,0.782,0,0.52,"basic_hp;basic_hp;basic_hp;basic_armor;basic_mr;basic_power"
74,1,273,15,150,bot0_1,Summoner,0,MAGE,magical,0,8,0,0,2673,855,7707,69,4.2,0.3,176,176,25,9,7,121,1671,368,202,71,0.739,0,0.11,"special_lifesteal;basic_power;basic_hp;basic_haste;basic_power"
74,1,273,15,150,bot1_1,Goliath,1,TANK,physical,5,0,18,23,8973,4699,2804,1954,17.2,7.2,351,487,31,20,10,82,3282,722,273,0,1,1.1,1.68,"basic_hp;basic_hp;basic_mr;basic_mr;basic_power;basic_armor;basic_power;basic_as;basic_haste;basic_hp;basic_armor;basic_mr"
74,1,273,15,150,bot0_2,Ironclad,0,TANK,physical,0,6,0,0,2485,654,9932,0,3.2,0,204,204,18,10,7,85,1635,360,203,70,0.743,0,0.07,"basic_hp;basic_hp;basic_armor;basic_mr;basic_mr;basic_power"
74,1,273,15,150,bot1_2,Tamer,1,MAGE,magical,4,0,12,16,6848,3716,2004,1940,13.6,7.1,221,492,26,8,10,292,2917,642,273,0,1,0.9,1.85,"special_lifesteal;basic_power;basic_hp;basic_power;basic_power;basic_mr;basic_haste;basic_armor;basic_hp"
74,1,273,15,150,bot0_3,Jailer,0,TANK,magical,0,8,0,0,8650,3070,10675,0,14.3,0,355,609,17,18,7,107,1632,359,214,59,0.785,0,0.29,"basic_hp;basic_hp;basic_mr;basic_armor;basic_haste;basic_power"
74,1,273,15,150,bot1_3,Lynx,1,SLAYER,physical,7,0,21,28,21000,12795,2200,648,46.9,2.4,499,842,53,30,11,78,3278,721,273,0,1,1.5,5.82,"special_lifesteal;basic_power;basic_hp;basic_as;basic_mr;basic_power;basic_armor;basic_power;basic_hp;basic_as;basic_as"
74,1,273,15,150,bot0_4,Cleric,0,SUPPORT,magical,0,7,0,0,2963,995,6919,1228,5.2,6.4,159,184,18,13,7,83,1633,359,191,82,0.7,0,0.14,"special_gw;basic_hp;basic_mr;basic_armor;basic_hp"
74,1,273,15,150,bot1_4,Reaper,1,SPLITPUSHER,magical,13,0,13,26,20136,12241,2257,695,44.9,2.5,707,1452,41,20,11,222,3722,819,273,0,1,2.9,5.42,"special_lifesteal;basic_power;basic_power;basic_hp;basic_hp;basic_power;basic_mr;basic_mr;basic_hp;basic_haste;basic_mr;basic_armor"
75,1,294,20,152,bot0_1,Wanderer,0,SLAYER,physical,1,5,1,0.4,4961,2635,4676,78,11.5,0.3,360,648,7,11,7,140,1940,397,228,65,0.777,0.2,0.56,"special_lifesteal;basic_power;basic_power;basic_as;basic_hp;basic_armor"
75,1,294,20,152,bot1_1,Healer,1,SUPPORT,magical,3,2,14,8.5,6227,4063,3695,2636,14.8,9.6,164,226,44,8,10,97,3047,623,274,20,0.934,0.6,1.1,"basic_hp;basic_hp;basic_mr;basic_power;basic_armor;basic_haste;basic_as;basic_mr;basic_hp;basic_armor;basic_hp"
75,1,294,20,152,bot0_2,Summoner,0,MAGE,magical,0,6,2,0.33,2869,1447,6098,81,6.3,0.4,157,233,27,12,7,50,1825,373,229,64,0.781,0,0.24,"special_lifesteal;basic_power;basic_hp;basic_haste;basic_mr;basic_armor"
75,1,294,20,152,bot1_2,Pyromancer,1,SLAYER,magical,3,1,15,18,11459,3766,3166,215,13.4,0.8,426,646,26,20,10,397,3097,633,282,12,0.96,0.6,1.19,"special_lifesteal;basic_power;basic_power;basic_hp;basic_hp;basic_mr;basic_power;basic_hp;basic_mr"
75,1,294,20,152,bot0_3,Zephyr,0,SPLITPUSHER,magical,0,5,3,0.6,7650,4304,7469,200,18.9,0.9,430,621,23,27,8,74,1899,388,227,66,0.774,0,0.58,"special_lifesteal;basic_power;basic_power;basic_hp;basic_hp;basic_haste"
75,1,294,20,152,bot1_3,Lynx,1,SLAYER,physical,14,1,8,22,27086,14407,3128,698,51.1,2.5,519,1063,51,29,11,140,4040,826,282,12,0.96,2.9,4.61,"special_lifesteal;basic_power;basic_power;basic_power;basic_as;basic_hp;basic_power;basic_as;basic_as;basic_power;basic_mr;basic_hp;basic_mr"
75,1,294,20,152,bot0_4,Cleric,0,SUPPORT,magical,4,6,1,0.83,5900,4202,7904,2073,17.7,8.7,288,332,26,24,8,233,2408,492,238,56,0.811,0.8,0.53,"special_gw;basic_hp;basic_mr;basic_hp;basic_hp;basic_hp;basic_armor"
75,1,294,20,152,bot1_4,Ironclad,1,TANK,physical,2,1,12,14,5332,2859,5930,0,10.2,0,162,260,26,17,10,254,2754,563,281,13,0.957,0.4,0.48,"basic_hp;basic_hp;basic_hp;special_gw;basic_hp;basic_mr;basic_mr;basic_mr"
76,0,411,150,64,bot0_1,Eggchanter,0,SUPPORT,magical,2,5,19,4.2,6299,4022,11000,8064,10.8,21.7,163,288,41,20,11,225,3550,518,372,39,0.905,0.3,0.37,"basic_hp;basic_hp;basic_hp;basic_mr;basic_mr;basic_hp;basic_armor;basic_hp;basic_power;basic_haste;basic_armor;basic_power"
76,0,411,150,64,bot1_1,Ironclad,1,TANK,physical,2,7,11,1.86,11209,4527,15033,0,14.3,0,573,842,32,23,13,31,3656,534,317,94,0.772,0.3,0.3,"special_gw;special_gw;basic_hp;basic_hp;basic_power;basic_hp;basic_mr;basic_hp;basic_armor;basic_mr;basic_hp"
76,0,411,150,64,bot0_2,Mage,0,MAGE,magical,12,5,8,4,19909,12264,8866,543,33.1,1.5,409,588,86,31,12,102,4527,661,371,40,0.903,1.8,1.38,"special_lifesteal;basic_hp;basic_power;basic_hp;basic_power;basic_hp;basic_mr;basic_armor;basic_mr;basic_haste;basic_haste;basic_hp;basic_power;basic_armor;basic_hp"
76,0,411,150,64,bot1_2,Quiller,1,SLAYER,physical,5,6,9,2.33,19784,8500,8181,435,25.6,1.3,323,605,47,27,12,51,3826,558,332,79,0.807,0.7,1.04,"special_lifesteal;basic_power;basic_hp;basic_power;basic_hp;basic_as;basic_hp;basic_mr;basic_armor;basic_as;basic_power;basic_mr;basic_as"
76,0,411,150,64,bot0_3,Summoner,0,MAGE,magical,0,5,19,3.8,7201,4648,7738,235,13.4,0.7,161,235,54,28,11,252,3202,467,347,64,0.843,0,0.6,"special_lifesteal;basic_hp;basic_power;basic_haste;basic_mr;basic_hp;basic_armor;basic_hp;basic_power;basic_hp"
76,0,411,150,64,bot1_3,Volstrov,1,MAGE,magical,4,5,14,3.6,22306,8773,7577,443,25.5,1.3,356,760,22,26,13,301,4151,606,345,66,0.839,0.6,1.16,"special_lifesteal;basic_power;basic_power;basic_hp;basic_hp;basic_hp;basic_power;basic_mr;basic_hp;basic_haste;basic_armor;basic_power;basic_mr"
76,0,411,150,64,bot0_4,Kratoma,0,SLAYER,physical,8,4,12,5,18770,11529,8227,463,32.6,1.3,276,573,28,29,11,17,4067,594,353,58,0.86,1.2,1.4,"special_lifesteal;basic_power;basic_hp;basic_power;basic_power;basic_as;basic_as;basic_mr;basic_hp;basic_armor;basic_mr;basic_hp;basic_as;basic_armor"
76,0,411,150,64,bot1_4,Zephyr,1,SPLITPUSHER,magical,8,4,11,4.75,24147,11870,8957,509,34.5,1.5,496,723,46,44,13,279,4379,639,344,67,0.838,1.2,1.33,"special_lifesteal;basic_power;basic_power;basic_hp;basic_power;basic_haste;basic_mr;basic_hp;basic_hp;basic_haste;basic_armor;basic_power;basic_haste;basic_mr"
77,1,295,3,150,bot0_1,Summoner,0,MAGE,magical,1,7,1,0.29,3167,1475,6515,75,7.1,0.4,152,193,22,11,8,281,2056,418,209,86,0.709,0.2,0.23,"special_lifesteal;basic_power;basic_hp;basic_mr;basic_haste;basic_armor"
77,1,295,3,150,bot1_1,Tamer,1,MAGE,magical,8,0,16,24,12558,6497,2222,2549,22,8.6,286,497,33,12,11,25,3950,803,295,0,1,1.6,2.92,"basic_hp;basic_hp;basic_hp;basic_hp;basic_mr;basic_mr;basic_hp;basic_armor;basic_armor;basic_mr;basic_hp;basic_armor;basic_hp"
77,1,295,3,150,bot0_2,Quiller,0,SLAYER,physical,0,7,2,0.29,8670,2820,7561,0,13.2,0,230,363,26,19,8,154,2004,408,213,82,0.723,0,0.37,"basic_hp;basic_hp;basic_hp;basic_mr;basic_mr;basic_power;basic_as"
77,1,295,3,150,bot1_2,Mage,1,MAGE,magical,10,1,17,27,17341,9758,2276,560,34.7,2,445,640,64,23,11,251,4101,834,281,14,0.954,2,4.29,"special_lifesteal;basic_power;basic_hp;basic_haste;basic_power;basic_hp;basic_mr;basic_armor;basic_hp;basic_power;basic_power;basic_haste;basic_hp"
77,1,295,3,150,bot0_3,Volstrov,0,MAGE,magical,1,8,2,0.38,13836,4336,8493,332,19,1.5,230,396,18,17,9,106,2181,444,229,66,0.775,0.2,0.51,"special_lifesteal;basic_power;basic_power;basic_hp;basic_mr;basic_hp;basic_haste"
77,1,295,3,150,bot1_3,Hana,1,TANK,magical,3,1,18,21,9691,5583,5776,0,19.6,0,276,459,13,29,10,190,3215,654,285,10,0.967,0.6,0.97,"basic_hp;basic_hp;basic_mr;basic_armor;basic_hp;basic_hp;basic_hp;basic_power;basic_haste;basic_as;basic_mr"
77,1,295,3,150,bot0_4,Kratoma,0,SLAYER,physical,1,7,2,0.43,7016,2614,8726,0,12.1,0,181,325,16,14,8,203,2053,418,215,80,0.73,0.2,0.3,"special_gw;basic_hp;basic_hp;basic_mr;basic_hp;basic_power"
77,1,295,3,150,bot1_4,Zephyr,1,SPLITPUSHER,magical,8,1,17,25,16435,7613,4488,502,26.2,1.7,400,649,37,35,11,146,3896,792,291,4,0.986,1.6,1.7,"special_lifesteal;basic_power;basic_power;basic_hp;basic_hp;basic_haste;basic_mr;basic_hp;basic_mr;basic_armor;basic_haste;basic_armor;basic_power"
78,1,323,44,151,bot0_1,Eggchanter,0,SUPPORT,magical,0,8,0,0,4031,1838,9511,1662,7.9,7.2,125,170,19,12,8,108,1908,354,232,91,0.718,0,0.19,"special_heal_power;basic_hp;basic_power;basic_haste;basic_hp;basic_armor"
78,1,323,44,151,bot1_1,Bruiser,1,FIGHTER,physical,11,0,10,21,10649,5409,4008,316,16.8,1,294,493,50,32,12,166,4041,751,323,0,1,2,1.35,"basic_hp;basic_hp;special_lifesteal;basic_hp;basic_as;basic_hp;basic_armor;basic_as;basic_power;basic_mr;basic_hp;special_lifesteal"
78,1,323,44,151,bot0_2,Fusilier,0,SLAYER,physical,0,7,0,0,7531,3652,6524,173,15.2,0.7,349,644,33,10,8,113,1913,355,240,83,0.743,0,0.56,"special_lifesteal;basic_power;basic_power;basic_as;basic_hp;basic_mr"
78,1,323,44,151,bot1_2,Cleric,1,SUPPORT,magical,4,0,12,16,7578,3144,4101,7628,9.7,23.6,324,384,45,36,11,137,3362,625,323,0,1,0.7,0.77,"basic_hp;basic_hp;basic_hp;basic_hp;basic_mr;basic_hp;basic_hp;basic_armor;basic_mr;basic_armor;basic_mr"
78,1,323,44,151,bot0_3,Summoner,0,MAGE,magical,0,8,0,0,5771,2039,7904,134,8.7,0.6,166,236,28,13,8,104,1904,354,233,89,0.723,0,0.26,"special_lifesteal;basic_hp;basic_power;basic_haste;basic_hp;basic_armor"
78,1,323,44,151,bot1_3,Zephyr,1,SPLITPUSHER,magical,3,0,26,29,17806,7967,3056,514,24.7,1.6,497,742,37,32,12,137,3612,671,323,0,1,0.6,2.61,"special_lifesteal;special_gw;basic_power;basic_hp;basic_hp;basic_mr;basic_power;basic_haste;basic_hp;basic_power;basic_mr"
78,1,323,44,151,bot0_4,Goliath,0,TANK,physical,0,7,0,0,4652,3154,11424,705,13.3,3,338,446,32,11,7,245,1845,343,237,86,0.734,0,0.28,"basic_hp;basic_hp;basic_hp;basic_mr;basic_armor;basic_mr"
78,1,323,44,151,bot1_4,Lynx,1,SLAYER,physical,12,0,18,30,32577,18011,3939,574,55.8,1.8,983,1600,63,42,12,67,4167,774,323,0,1,2.2,4.57,"basic_hp;basic_hp;special_lifesteal;basic_as;basic_hp;basic_hp;basic_power;basic_as;basic_power;basic_as;basic_mr;basic_armor;basic_power;basic_mr"
79,0,358,150,52,bot0_1,Bruiser,0,FIGHTER,physical,7,3,8,5,9788,3341,6284,158,10.6,0.5,378,629,47,34,11,116,3641,610,316,42,0.883,1.2,0.53,"basic_hp;basic_hp;special_lifesteal;basic_mr;basic_as;basic_power;basic_haste;basic_mr;basic_hp;basic_hp;basic_mr;basic_as"
79,0,358,150,52,bot1_1,Mage,1,MAGE,magical,5,7,8,1.86,13499,5895,7878,237,21.6,0.9,371,575,62,18,10,59,3234,542,273,85,0.763,0.8,0.75,"special_lifesteal;basic_power;basic_power;basic_hp;basic_armor;basic_haste;basic_power;basic_mr;basic_armor;basic_hp;basic_haste"
79,0,358,150,52,bot0_2,Wanderer,0,SLAYER,physical,3,5,19,4.4,15239,9462,6252,305,32.4,1,863,1670,18,16,11,168,3643,610,292,66,0.816,0.5,1.51,"special_lifesteal;basic_power;basic_power;basic_power;basic_hp;basic_as;basic_mr;basic_hp;basic_as;basic_armor;basic_hp;basic_mr"
79,0,358,150,52,bot1_2,Hana,1,TANK,magical,3,5,11,2.8,16915,10325,10425,0,34.5,0,603,1189,16,38,10,147,3072,515,299,59,0.836,0.5,0.99,"basic_hp;basic_hp;basic_armor;basic_power;basic_armor;basic_haste;basic_mr;basic_hp;basic_power;basic_armor;basic_as"
79,0,358,150,52,bot0_3,Vanguard,0,FIGHTER,physical,6,2,15,10.5,14235,7584,7401,343,23.1,1,506,684,43,30,11,62,3837,643,329,29,0.918,1,1.02,"basic_hp;basic_hp;special_lifesteal;basic_mr;basic_hp;basic_mr;basic_power;basic_as;basic_armor;basic_mr;basic_as;basic_power;basic_as"
79,0,358,150,52,bot1_3,Cleric,1,SUPPORT,magical,3,5,10,2.6,4416,2748,8018,4959,9.5,17.2,297,357,30,22,10,49,3049,511,289,69,0.806,0.5,0.34,"basic_hp;basic_hp;basic_hp;basic_armor;basic_armor;basic_hp;basic_armor;basic_power;basic_power;basic_haste;basic_as"
79,0,358,150,52,bot0_4,Lynx,0,SLAYER,physical,8,4,15,5.75,18535,11909,7848,511,39.8,1.7,691,1118,56,39,12,104,4179,700,299,59,0.836,1.3,1.52,"special_lifesteal;basic_power;basic_power;basic_hp;basic_hp;basic_mr;basic_as;basic_haste;basic_power;basic_hp;basic_as;basic_mr;basic_haste;basic_power"
79,0,358,150,52,bot1_4,Summoner,1,MAGE,magical,3,7,11,2,6508,3143,8845,186,11.6,0.7,172,238,38,19,10,175,3075,515,272,86,0.759,0.5,0.36,"special_lifesteal;basic_power;basic_hp;basic_armor;basic_power;basic_haste;basic_hp;basic_hp;basic_armor;basic_as"
80,1,223,0,151,bot0_1,Bruiser,0,FIGHTER,physical,0,3,0,0,6241,2194,4234,0,11,0,261,445,24,18,6,124,1474,396,199,24,0.891,0,0.52,"basic_hp;basic_hp;basic_hp;basic_mr;basic_mr"
80,1,223,0,151,bot1_1,Hana,1,TANK,magical,2,0,11,13,10591,5694,2498,0,25.5,0,486,621,10,22,8,192,2317,623,223,0,1,0.5,2.28,"special_gw;basic_hp;basic_hp;basic_hp;basic_power;basic_power;basic_mr"
80,1,223,0,151,bot0_2,Tamer,0,MAGE,magical,0,5,0,0,8291,4204,4572,1814,26.3,11.4,211,380,15,8,8,127,1652,444,160,63,0.716,0,0.92,"special_lifesteal;basic_power;basic_hp;basic_haste;basic_mr"
80,1,223,0,151,bot1_2,Healer,1,SUPPORT,magical,8,0,5,13,3650,3044,3648,4486,13.6,20.1,146,208,39,8,9,117,2917,784,223,0,1,2.2,0.83,"basic_hp;basic_hp;basic_hp;basic_hp;basic_mr;basic_mr;basic_armor;basic_power;basic_hp;basic_armor"
80,1,223,0,151,bot0_3,Goliath,0,TANK,physical,0,3,0,0,8237,4283,6160,1144,21.6,5.8,257,397,24,15,6,182,1507,405,199,24,0.891,0,0.7,"basic_hp;basic_hp;basic_hp;basic_mr;basic_power"
80,1,223,0,151,bot1_3,Jirina,1,FIGHTER,magical,3,0,10,13,9146,4873,2627,1679,21.8,7.5,364,425,32,5,8,126,2451,659,223,0,1,0.8,1.85,"special_lifesteal;basic_power;basic_power;basic_hp;basic_hp;basic_mr;basic_haste;basic_armor"
80,1,223,0,151,bot0_4,Summoner,0,MAGE,magical,0,4,0,0,2759,1405,4693,0,7.5,0,138,198,15,7,6,133,1483,399,188,35,0.842,0,0.3,"basic_hp;basic_hp;basic_hp;basic_mr;basic_mr"
80,1,223,0,151,bot1_4,Eggchanter,1,SUPPORT,magical,2,0,11,13,5766,3101,6245,5426,13.9,24.3,143,243,26,11,8,104,2329,626,223,0,1,0.5,0.5,"basic_hp;basic_hp;basic_hp;basic_mr;basic_hp;basic_mr;basic_armor;basic_mr"
81,0,258,151,9,bot0_1,Lynx,0,SLAYER,physical,15,0,13,28,29300,15653,4160,785,60.6,3,634,1340,56,34,11,10,3810,885,258,0,1,3.5,3.76,"special_lifesteal;basic_hp;basic_hp;basic_hp;basic_power;basic_as;basic_as;basic_power;basic_mr;basic_mr;basic_armor;basic_hp;basic_as"
81,0,258,151,9,bot1_1,Fusilier,1,SLAYER,physical,0,7,0,0,5072,2300,6257,124,13.1,0.7,248,410,20,8,7,177,1702,395,175,83,0.679,0,0.37,"special_lifesteal;basic_power;basic_hp;basic_as;basic_armor"
81,0,258,151,9,bot0_2,Quiller,0,SLAYER,physical,7,0,14,21,8278,4002,2893,0,15.5,0,229,375,37,22,11,164,3489,811,258,0,1,1.6,1.38,"basic_hp;basic_hp;basic_hp;basic_mr;basic_hp;basic_mr;basic_armor;basic_power;basic_hp;basic_as;basic_haste;basic_mr"
81,0,258,151,9,bot1_2,Mage,1,MAGE,magical,0,7,0,0,7199,3248,6460,92,18.4,0.5,425,537,33,12,7,188,1713,398,177,82,0.684,0,0.5,"special_lifesteal;basic_power;basic_hp;basic_haste;basic_armor"
81,0,258,151,9,bot0_3,Doctor,0,SUPPORT,physical,4,0,16,20,4241,2944,3241,5649,11.4,21.9,199,287,18,14,11,206,3206,745,258,0,1,0.9,0.91,"basic_hp;basic_hp;basic_hp;basic_mr;basic_power;basic_mr;basic_armor;basic_as;basic_hp;basic_power;basic_mr"
81,0,258,151,9,bot1_3,Eggchanter,1,SUPPORT,magical,0,8,0,0,2559,1262,8484,1055,7.2,6,108,162,15,8,7,71,1596,371,175,84,0.676,0,0.15,"special_heal_power;basic_hp;basic_armor;basic_mr;basic_haste"
81,0,258,151,9,bot0_4,Jailer,0,TANK,magical,3,0,15,18,11615,4673,2652,0,18.1,0,327,510,27,23,10,8,2933,681,258,0,1,0.7,1.76,"special_gw;basic_hp;basic_mr;basic_power;special_gw;basic_haste;basic_hp;basic_hp;basic_armor"
81,0,258,151,9,bot1_4,Volstrov,1,MAGE,magical,0,7,0,0,6605,3495,6634,125,19,0.7,208,350,14,13,7,171,1696,394,184,75,0.711,0,0.53,"special_lifesteal;basic_power;basic_hp;basic_armor;basic_haste"
82,0,340,151,28,bot0_1,Vanguard,0,FIGHTER,physical,7,0,19,26,21171,11931,7798,0,35,0,387,917,56,34,12,292,3992,703,340,0,1,1.2,1.53,"basic_hp;basic_hp;basic_mr;basic_hp;basic_hp;basic_mr;basic_power;basic_armor;basic_as;basic_mr;basic_haste;basic_hp;basic_hp"
82,0,340,151,28,bot1_1,Mage,1,MAGE,magical,0,7,2,0.29,11826,4359,7683,347,15.5,1.2,446,603,47,16,9,157,2207,389,281,60,0.824,0,0.57,"special_lifesteal;basic_power;basic_hp;basic_power;basic_haste;basic_mr;basic_armor"
82,0,340,151,28,bot0_2,Wanderer,0,SLAYER,physical,9,2,15,12,25221,13325,5762,517,42.9,1.7,871,1473,26,20,12,198,4298,757,310,30,0.911,1.6,2.31,"special_lifesteal;basic_power;basic_power;basic_hp;basic_as;basic_hp;basic_as;basic_mr;basic_armor;basic_power;basic_mr;basic_hp;basic_as;basic_power"
82,0,340,151,28,bot1_2,Eggchanter,1,SUPPORT,magical,0,7,4,0.57,6378,3595,10669,3826,14.4,15.4,161,215,31,13,9,132,2232,393,249,92,0.731,0,0.34,"basic_hp;basic_hp;basic_mr;basic_armor;basic_haste;basic_hp;basic_power;basic_mr"
82,0,340,151,28,bot0_3,Pyromancer,0,SLAYER,magical,10,1,13,23,19037,7600,7599,484,23.2,1.5,541,789,36,29,12,176,4301,758,328,13,0.963,1.8,1,"special_lifesteal;special_lifesteal;basic_power;basic_power;basic_hp;basic_power;basic_hp;basic_hp;basic_power;basic_mr;basic_mr;basic_haste;basic_haste"
82,0,340,151,28,bot1_3,Jailer,1,TANK,magical,2,7,2,0.57,15599,11569,12185,0,46.7,0,569,844,25,23,9,212,2387,421,248,93,0.728,0.4,0.95,"basic_hp;basic_hp;basic_hp;basic_armor;basic_hp;basic_mr;basic_mr;basic_haste"
82,0,340,151,28,bot0_4,Healer,0,SUPPORT,magical,2,1,15,17,6389,4451,7504,11507,13.5,34.9,153,213,47,22,11,141,3291,580,330,11,0.968,0.4,0.59,"basic_hp;basic_hp;basic_hp;basic_mr;basic_mr;basic_armor;basic_hp;basic_power;basic_hp;basic_mr;basic_mr"
82,0,340,151,28,bot1_4,Lynx,1,SLAYER,physical,2,7,1,0.43,9496,6321,8417,308,24.4,1.2,502,701,39,33,8,150,2275,401,259,81,0.762,0.4,0.75,"special_lifesteal;basic_power;basic_hp;basic_power;basic_as;basic_hp;basic_hp"
83,0,293,151,11,bot0_1,Goliath,0,TANK,physical,7,2,13,10,8880,6533,8817,2319,24.5,8.7,468,665,30,24,10,107,3457,709,266,26,0.91,1.4,0.74,"basic_hp;basic_hp;basic_hp;basic_mr;basic_mr;basic_mr;basic_hp;basic_mr;basic_armor;basic_power;basic_armor;basic_power"
83,0,293,151,11,bot1_1,Mage,1,MAGE,magical,1,6,4,0.83,10277,5113,7258,0,23.6,0,400,594,33,11,9,7,2357,483,216,76,0.739,0.2,0.7,"special_gw;basic_hp;basic_hp;basic_mr;basic_power;basic_hp;basic_haste;basic_armor"
83,0,293,151,11,bot0_2,Jirina,0,FIGHTER,magical,10,0,10,20,16852,12343,4308,2345,42.2,8,503,877,30,11,11,84,3784,776,293,0,1,2,2.87,"basic_hp;basic_hp;basic_mr;basic_haste;basic_mr;basic_hp;basic_hp;basic_power;basic_armor;basic_mr;basic_hp;basic_as;basic_hp"
83,0,293,151,11,bot1_2,Pyromancer,1,SLAYER,magical,0,4,5,1.25,10278,4817,6810,0,20.1,0,319,514,21,15,9,64,2239,459,240,53,0.82,0,0.71,"basic_hp;basic_hp;basic_hp;basic_hp;basic_mr;basic_haste;basic_power;basic_mr"
83,0,293,151,11,bot0_3,Eggchanter,0,SUPPORT,magical,0,2,16,8,5221,3019,7370,6726,10.4,23.1,119,202,33,19,9,63,2563,525,291,2,0.994,0,0.41,"basic_hp;basic_hp;basic_mr;basic_hp;basic_hp;basic_mr;basic_mr;basic_armor;basic_armor"
83,0,293,151,11,bot1_3,Kratoma,1,SLAYER,physical,2,6,3,0.83,14194,6128,7659,359,27.8,1.6,234,416,18,18,10,249,2574,528,221,72,0.754,0.4,0.8,"special_lifesteal;basic_power;basic_hp;basic_as;basic_mr;basic_power;basic_as;basic_armor"
83,0,293,151,11,bot0_4,Healer,0,SUPPORT,magical,3,1,14,17,4423,3955,2606,1810,14.2,6.5,138,202,43,5,9,186,2886,592,278,15,0.95,0.6,1.52,"basic_hp;basic_hp;basic_hp;basic_mr;basic_mr;basic_hp;basic_armor;basic_power;basic_armor;basic_haste"
83,0,293,151,11,bot1_4,Zephyr,1,SPLITPUSHER,magical,2,4,3,1.25,7177,4425,5634,164,18.4,0.7,290,444,24,23,10,16,2466,505,241,52,0.824,0.4,0.79,"special_lifesteal;basic_power;basic_power;basic_power;basic_hp;basic_hp;basic_haste;basic_power"
84,0,493,150,108,bot0_1,Vanguard,0,FIGHTER,physical,6,5,24,6,19491,10341,10301,500,24.9,1.2,433,672,65,39,13,95,4870,593,415,78,0.842,0.7,1,"special_lifesteal;basic_power;basic_power;basic_hp;basic_as;basic_power;basic_as;basic_armor;basic_mr;basic_hp;basic_armor;basic_power;basic_as;basic_hp;basic_as;basic_power"
84,0,493,150,108,bot1_1,Healer,1,SUPPORT,magical,2,9,18,2.22,11790,7623,17929,10272,18.3,24.7,187,227,75,30,12,273,3973,483,416,77,0.844,0.2,0.43,"basic_hp;basic_hp;basic_hp;basic_armor;basic_hp;basic_mr;basic_haste;basic_power;basic_armor;basic_armor;basic_hp;basic_as;basic_hp"
84,0,493,150,108,bot0_2,Reaper,0,SPLITPUSHER,magical,7,5,22,5.8,20185,11088,10721,0,26.8,0,752,926,59,29,13,38,4863,592,414,79,0.84,0.9,1.03,"basic_hp;basic_hp;basic_hp;basic_armor;basic_mr;basic_hp;basic_haste;basic_power;basic_armor;basic_as;basic_hp;basic_mr;basic_haste;basic_armor;basic_hp;basic_power;basic_mr"
84,0,493,150,108,bot1_2,Kratoma,1,SLAYER,physical,11,7,10,3,25649,13839,13355,769,34.7,1.9,343,672,36,34,13,213,4938,601,398,95,0.808,1.3,1.04,"special_lifesteal;basic_power;basic_hp;basic_power;basic_as;basic_power;basic_as;basic_hp;basic_armor;basic_as;basic_power;basic_hp;basic_mr;basic_armor;basic_power;basic_mr"
84,0,493,150,108,bot0_3,Zephyr,0,SPLITPUSHER,magical,8,6,20,4.67,19955,11742,14267,0,28.7,0,427,527,48,65,13,279,4879,594,409,84,0.83,1,0.82,"basic_hp;basic_hp;basic_mr;basic_hp;basic_armor;basic_haste;basic_hp;basic_mr;basic_armor;basic_power;basic_as;basic_armor;basic_hp;basic_mr;basic_hp;basic_mr"
84,0,493,150,108,bot1_3,Goliath,1,TANK,physical,4,7,13,2.43,19405,11019,17524,3540,27.7,8.9,595,883,51,37,12,225,3900,475,398,95,0.808,0.5,0.63,"basic_hp;basic_hp;basic_hp;basic_armor;basic_mr;basic_power;basic_hp;basic_hp;basic_as;basic_haste;basic_armor;basic_mr;basic_hp"
84,0,493,150,108,bot0_4,Lynx,0,SLAYER,physical,12,5,20,6.4,42978,24441,9884,826,59.4,2,820,1616,71,49,15,274,5799,706,411,82,0.834,1.5,2.47,"basic_hp;basic_hp;special_lifesteal;basic_power;basic_as;basic_as;basic_hp;basic_hp;basic_power;basic_hp;basic_as;basic_armor;basic_mr;basic_hp;basic_mr;basic_armor;basic_as;basic_hp"
84,0,493,150,108,bot1_4,Tamer,1,MAGE,magical,4,10,14,1.8,15295,8499,11383,5390,24.6,15.6,315,499,47,18,12,32,4107,500,346,147,0.702,0.5,0.75,"special_lifesteal;basic_hp;basic_hp;basic_hp;basic_power;basic_power;basic_haste;basic_armor;basic_mr;basic_power;basic_haste;basic_hp;basic_armor;basic_mr"
85,0,311,152,20,bot0_1,Tamer,0,MAGE,magical,13,2,11,12,17150,10515,3954,4764,37.4,17,460,555,44,16,11,193,4343,837,281,30,0.903,2.5,2.66,"special_lifesteal;basic_power;basic_hp;basic_haste;basic_power;basic_power;basic_mr;basic_hp;basic_haste;basic_power;basic_armor;basic_mr;basic_hp;basic_power"
85,0,311,152,20,bot1_1,Cleric,1,SUPPORT,magical,1,7,7,1.14,6294,3548,9388,3607,16,16.3,282,338,28,24,9,137,2462,475,221,90,0.711,0.2,0.38,"special_gw;basic_hp;basic_mr;basic_power;basic_haste;basic_as;basic_hp;basic_mr"
85,0,311,152,20,bot0_2,Jailer,0,TANK,magical,3,2,18,10.5,9176,5385,6851,0,19.1,0,325,518,29,25,11,113,3313,639,282,29,0.906,0.6,0.79,"basic_hp;basic_hp;basic_hp;basic_hp;basic_hp;basic_hp;basic_mr;basic_mr;basic_armor;basic_power;basic_mr"
85,0,311,152,20,bot1_2,Wanderer,1,SLAYER,physical,2,8,6,1,12918,6265,8518,0,27.8,0,771,1074,14,11,9,95,2470,476,225,86,0.725,0.4,0.74,"basic_hp;basic_hp;basic_mr;basic_power;basic_mr;basic_power;basic_as;basic_hp;basic_armor"
85,0,311,152,20,bot0_3,Mage,0,MAGE,magical,8,2,15,11.5,13875,8186,4641,397,26.3,1.3,510,774,58,22,11,175,3850,742,311,0,1,1.5,1.76,"special_lifesteal;basic_power;basic_power;basic_hp;basic_power;basic_hp;basic_haste;basic_hp;basic_hp;basic_mr;basic_power;basic_power"
85,0,311,152,20,bot1_3,Pyromancer,1,SLAYER,magical,2,7,6,1.14,9295,4316,7641,107,18.2,0.5,488,627,20,18,9,125,2550,492,237,74,0.761,0.4,0.56,"special_lifesteal;basic_power;basic_hp;basic_power;basic_hp;basic_power;basic_mr;basic_hp"
85,0,311,152,20,bot0_4,Hana,0,TANK,magical,2,2,18,10,15162,8959,4783,0,30.4,0,347,663,13,33,10,78,3103,598,295,16,0.947,0.4,1.87,"special_gw;basic_hp;basic_mr;basic_hp;basic_mr;basic_armor;basic_hp;basic_armor;basic_hp;basic_mr"
85,0,311,152,20,bot1_4,Vanguard,1,FIGHTER,physical,3,4,4,1.75,9590,3736,9083,0,14.5,0,339,457,42,24,9,205,2630,507,258,54,0.828,0.6,0.41,"basic_hp;basic_hp;basic_mr;basic_mr;basic_hp;basic_power;basic_as;basic_hp;basic_armor"
86,0,229,150,1,bot0_1,Oracle,0,MAGE,physical,2,0,13,15,6342,3845,3070,0,16.8,0,314,432,17,17,8,56,2431,636,229,0,1,0.5,1.25,"basic_hp;basic_hp;basic_hp;basic_mr;basic_armor;basic_as;basic_power;basic_mr;basic_as"
86,0,229,150,1,bot1_1,Volstrov,1,MAGE,magical,0,5,1,0.2,4429,1274,4935,166,7.1,0.9,142,213,6,4,7,72,1622,424,181,49,0.787,0,0.26,"special_lifesteal;basic_power;basic_power;basic_hp;basic_haste"
86,0,229,150,1,bot0_2,Lynx,0,SLAYER,physical,13,0,2,15,14547,9210,3356,595,40.2,2.6,593,1233,48,31,10,160,3485,912,229,0,1,3.4,2.74,"special_lifesteal;special_lifesteal;basic_power;basic_power;basic_as;basic_hp;basic_power;basic_as;basic_as;basic_power"
86,0,229,150,1,bot1_2,Jirina,1,FIGHTER,magical,0,5,1,0.2,5275,2176,7355,1381,12.3,7.8,337,438,15,9,6,19,1544,404,177,53,0.77,0,0.3,"special_lifesteal;basic_power;basic_hp;basic_armor;basic_haste"
86,0,229,150,1,bot0_3,Summoner,0,MAGE,magical,2,1,13,15,4125,2813,3005,148,13,0.7,171,223,30,15,8,58,2433,636,216,14,0.94,0.5,0.94,"special_lifesteal;basic_hp;basic_hp;basic_hp;basic_power;basic_mr;basic_haste;basic_power"
86,0,229,150,1,bot1_3,Reaper,1,SPLITPUSHER,magical,1,5,0,0.2,5143,2800,7165,0,16.7,0,408,612,16,7,7,95,1695,443,168,61,0.733,0.3,0.39,"basic_hp;basic_hp;basic_hp;basic_armor;basic_armor;basic_haste"
86,0,229,150,1,bot0_4,Doctor,0,SUPPORT,physical,4,0,16,20,7293,5369,2148,4218,23.4,18.4,262,383,16,13,9,86,2886,755,229,0,1,1,2.5,"basic_hp;basic_hp;basic_hp;basic_mr;basic_mr;basic_hp;basic_mr;basic_mr;basic_power;basic_armor"
86,0,229,150,1,bot1_4,Fusilier,1,SLAYER,physical,0,6,1,0.17,6043,4088,5818,116,25.5,0.7,279,452,19,8,7,52,1577,412,160,69,0.698,0,0.7,"special_lifesteal;basic_power;basic_as;basic_hp;basic_armor"
87,0,252,152,3,bot0_1,Doctor,0,SUPPORT,physical,4,2,13,8.5,4665,3950,7462,7417,17.3,32.5,183,224,16,14,9,32,2857,679,228,24,0.904,1,0.53,"basic_hp;basic_hp;basic_mr;basic_armor;basic_mr;basic_hp;basic_hp;basic_mr;basic_armor;basic_mr"
87,0,252,152,3,bot1_1,Tamer,1,MAGE,magical,1,7,2,0.43,7144,3555,6288,2338,18.9,12.4,237,458,20,9,8,144,1969,468,188,64,0.745,0.2,0.57,"special_lifesteal;basic_hp;basic_hp;basic_power;basic_armor;basic_power"
87,0,252,152,3,bot0_2,Jirina,0,FIGHTER,magical,6,0,12,18,7554,5701,5271,2236,22.6,8.9,289,393,23,7,10,202,3102,737,252,0,1,1.4,1.08,"special_lifesteal;basic_power;basic_hp;basic_hp;basic_mr;basic_haste;basic_armor;basic_power;basic_hp;basic_mr"
87,0,252,152,3,bot1_2,Volstrov,1,MAGE,magical,1,5,2,0.6,9117,6727,7203,278,35.4,1.5,246,426,15,15,8,76,1926,458,190,62,0.753,0.2,0.93,"special_lifesteal;basic_power;basic_hp;basic_power;basic_power;basic_haste"
87,0,252,152,3,bot0_3,Wanderer,0,SLAYER,physical,7,0,9,16,17150,6729,3044,500,26.7,2,512,798,17,14,10,206,3131,744,252,0,1,1.7,2.21,"special_lifesteal;basic_hp;basic_hp;basic_hp;basic_as;basic_power;basic_power;basic_as;basic_mr;basic_mr"
87,0,252,152,3,bot1_3,Lynx,1,SLAYER,physical,1,5,1,0.4,5838,4018,6051,0,19.6,0,402,616,30,24,7,247,1822,433,205,48,0.811,0.2,0.66,"basic_hp;basic_hp;basic_hp;basic_power;basic_armor;basic_as"
87,0,252,152,3,bot0_4,Kratoma,0,SLAYER,physical,5,1,16,21,12281,7666,3529,283,32.5,1.2,340,632,18,17,10,297,3172,754,236,17,0.934,1.2,2.17,"special_lifesteal;basic_power;basic_hp;basic_power;basic_as;basic_hp;basic_as;basic_mr;special_gw"
87,0,252,152,3,bot1_4,Pyromancer,1,SLAYER,magical,0,5,3,0.6,8709,3469,6423,125,18.1,0.7,364,507,21,15,7,244,1769,420,192,60,0.76,0,0.54,"special_lifesteal;basic_hp;basic_power;basic_armor;basic_haste"
88,1,311,16,151,bot0_1,Healer,0,SUPPORT,magical,0,6,0,0,4517,2216,8519,1567,8.5,6,128,187,30,8,8,5,1855,358,261,50,0.84,0,0.26,"basic_hp;basic_hp;basic_hp;basic_mr;basic_armor;basic_mr;basic_power"
88,1,311,16,151,bot1_1,Doctor,1,SUPPORT,physical,3,1,22,25,8330,7254,7930,7959,24.1,26.5,173,255,26,24,10,152,3327,642,300,11,0.966,0.6,0.91,"basic_hp;basic_hp;basic_hp;basic_hp;basic_mr;basic_mr;basic_mr;basic_mr;basic_power;basic_power;basic_hp"
88,1,311,16,151,bot0_2,Cleric,0,SUPPORT,magical,1,8,0,0.13,6650,4700,10143,1821,18.8,7.3,290,347,27,24,8,88,1963,378,250,61,0.802,0.2,0.46,"basic_hp;basic_hp;basic_mr;basic_hp;basic_armor;basic_mr;basic_armor"
88,1,311,16,151,bot1_2,Zephyr,1,SPLITPUSHER,magical,9,0,16,25,17972,10284,3027,0,33.1,0,376,554,40,41,11,257,3907,753,311,0,1,1.7,3.4,"basic_hp;basic_hp;basic_hp;basic_hp;basic_mr;basic_haste;basic_mr;basic_haste;basic_power;basic_armor;basic_mr;basic_haste;basic_hp"
88,1,311,16,151,bot0_3,Goliath,0,TANK,physical,0,5,0,0,5231,2667,10147,772,10.7,3.1,237,291,32,12,7,171,1821,351,250,61,0.802,0,0.26,"basic_hp;basic_hp;basic_hp;basic_hp;basic_mr;basic_armor"
88,1,311,16,151,bot1_3,Pyromancer,1,SLAYER,magical,7,0,18,25,10706,6539,1247,293,21,0.9,301,598,29,21,11,188,3738,721,311,0,1,1.3,5.24,"special_lifesteal;special_lifesteal;basic_power;basic_power;basic_power;basic_power;basic_hp;basic_haste;basic_hp;basic_mr;basic_haste"
88,1,311,16,151,bot0_4,Mage,0,MAGE,magical,0,7,0,0,8316,2545,6420,141,11.6,0.6,604,802,44,12,8,174,1974,381,220,92,0.706,0,0.4,"special_lifesteal;basic_power;basic_power;basic_hp;basic_haste;basic_mr"
88,1,311,16,151,bot1_4,Vanguard,1,FIGHTER,physical,7,0,19,26,14827,9403,2277,0,30.2,0,542,830,48,32,10,126,3751,723,311,0,1,1.3,4.13,"special_gw;basic_hp;basic_hp;basic_hp;basic_mr;basic_hp;basic_mr;basic_power;basic_power;basic_mr;basic_as;basic_hp"
89,1,419,63,150,bot0_1,Vanguard,0,FIGHTER,physical,2,7,9,1.57,17784,10065,14125,0,30.1,0,359,752,47,33,10,255,3055,437,334,85,0.797,0.3,0.71,"basic_hp;basic_hp;basic_hp;basic_power;basic_hp;basic_power;basic_hp;basic_mr;basic_armor;basic_mr"
89,1,419,63,150,bot1_1,Jailer,1,TANK,magical,10,3,16,8.67,17785,9189,6902,0,24.5,0,566,685,38,37,13,260,4860,696,374,45,0.893,1.4,1.33,"basic_hp;basic_hp;basic_hp;basic_mr;basic_armor;basic_power;basic_haste;basic_mr;basic_hp;basic_as;basic_mr;basic_hp;basic_hp;basic_mr;basic_armor;basic_armor"
89,1,419,63,150,bot0_2,Volstrov,0,MAGE,magical,7,7,5,1.71,13647,7450,10324,214,21.9,0.6,327,458,20,22,11,126,3701,530,340,79,0.811,1,0.72,"special_lifesteal;basic_power;basic_power;basic_hp;basic_power;basic_hp;basic_haste;basic_hp;basic_mr;basic_armor;basic_power;basic_hp"
89,1,419,63,150,bot1_2,Lynx,1,SLAYER,physical,6,2,17,11.5,21318,13177,6421,631,32.6,1.6,682,1210,65,53,12,28,4228,605,404,15,0.965,0.9,2.05,"special_lifesteal;basic_power;basic_power;basic_as;basic_hp;basic_power;basic_as;basic_power;basic_mr;basic_as;basic_hp;basic_mr;basic_hp;basic_power"
89,1,419,63,150,bot0_3,Eggchanter,0,SUPPORT,magical,1,6,11,2,7924,4413,10219,4289,13.3,12.9,135,216,37,19,10,22,2972,425,332,87,0.793,0.1,0.43,"special_heal_power;basic_hp;basic_hp;basic_power;basic_hp;basic_mr;basic_power;basic_armor;basic_hp;basic_haste"
89,1,419,63,150,bot1_3,Ironclad,1,TANK,physical,5,2,20,12.5,14462,9875,8952,0,25.4,0,384,556,43,27,13,290,4340,621,389,30,0.928,0.7,1.1,"special_gw;basic_hp;basic_hp;basic_mr;basic_hp;basic_mr;basic_armor;basic_power;basic_armor;basic_mr;basic_power;basic_as;basic_as;basic_armor"
89,1,419,63,150,bot0_4,Healer,0,SUPPORT,magical,2,7,9,1.57,8547,5296,13982,7344,14.5,20.1,128,198,47,22,10,75,3025,433,365,54,0.872,0.3,0.38,"special_heal_power;basic_hp;basic_hp;basic_power;basic_power;basic_mr;basic_hp;basic_armor;basic_hp;basic_haste"
89,1,419,63,150,bot1_4,Mage,1,MAGE,magical,6,5,19,5,21337,13755,7145,0,39.7,0,674,851,71,35,13,230,4380,627,347,72,0.828,0.9,1.93,"basic_hp;basic_hp;basic_hp;basic_mr;basic_mr;basic_haste;basic_mr;basic_haste;basic_armor;basic_armor;basic_hp;basic_power;basic_power;basic_as;basic_hp"
90,1,262,2,151,bot0_1,Reaper,0,SPLITPUSHER,magical,1,6,1,0.33,10515,4791,5778,213,25.4,1.1,562,899,24,13,8,90,1965,450,189,73,0.72,0.2,0.83,"special_lifesteal;basic_power;basic_power;basic_hp;basic_hp;basic_hp"
90,1,262,2,151,bot1_1,Ironclad,1,TANK,physical,5,0,14,19,7583,4640,4480,0,17.7,0,358,560,23,15,10,128,3153,722,262,0,1,1.1,1.04,"special_gw;basic_hp;basic_hp;basic_armor;basic_mr;basic_power;basic_hp;basic_hp;basic_as;basic_hp"
90,1,262,2,151,bot0_2,Fusilier,0,SLAYER,physical,1,6,1,0.33,8831,4329,5811,227,22.8,1.2,279,514,24,11,8,95,1920,440,190,72,0.724,0.2,0.74,"special_lifesteal;basic_power;basic_power;basic_hp;basic_hp;basic_as"
90,1,262,2,151,bot1_2,Wanderer,1,SLAYER,physical,9,2,10,9.5,17585,7771,4807,385,33.6,1.7,821,1321,22,14,11,261,3536,810,232,30,0.884,2.1,1.62,"special_lifesteal;basic_power;basic_power;basic_power;basic_power;basic_as;basic_as;basic_hp;basic_as;basic_armor;basic_hp"
90,1,262,2,151,bot0_3,Eggchanter,0,SUPPORT,magical,0,6,2,0.33,3647,1853,7823,2315,9.8,12.3,123,201,18,10,8,7,1832,420,189,73,0.721,0,0.24,"basic_hp;basic_hp;basic_armor;basic_hp;basic_mr;basic_haste;basic_power"
90,1,262,2,151,bot1_3,Summoner,1,MAGE,magical,7,0,15,22,6448,4243,5470,0,16.2,0,172,248,40,20,11,174,3474,796,262,0,1,1.6,0.78,"basic_hp;basic_hp;basic_hp;basic_hp;basic_armor;basic_hp;basic_hp;basic_armor;basic_hp;basic_mr;basic_haste"
90,1,262,2,151,bot0_4,Bruiser,0,FIGHTER,physical,0,6,1,0.17,10372,4251,6816,178,22.5,0.9,321,638,24,19,8,64,1839,421,189,73,0.721,0,0.62,"special_lifesteal;basic_power;basic_as;basic_hp;basic_armor;basic_mr"
90,1,262,2,151,bot1_4,Doctor,1,SUPPORT,physical,3,0,19,22,9608,5658,2771,8771,21.6,33.5,314,507,22,14,11,327,3202,734,262,0,1,0.7,2.04,"basic_hp;basic_hp;basic_hp;basic_hp;basic_armor;basic_hp;basic_mr;basic_hp;basic_power;basic_as"
91,1,251,0,151,bot0_1,Kratoma,0,SLAYER,physical,0,7,0,0,4962,2405,9174,0,12.5,0,215,399,13,12,7,15,1590,380,193,59,0.767,0,0.26,"basic_hp;basic_hp;basic_hp;basic_mr;basic_armor;basic_power"
91,1,251,0,151,bot1_1,Wanderer,1,SLAYER,physical,6,0,17,23,17481,8401,3076,481,33.4,1.9,506,716,18,17,11,99,3349,800,251,0,1,1.4,2.73,"special_lifesteal;basic_power;basic_power;basic_hp;basic_as;basic_hp;basic_as;basic_power;basic_hp;basic_as;basic_mr"
91,1,251,0,151,bot0_2,Oracle,0,MAGE,physical,0,8,0,0,6665,2620,7539,162,14.5,0.9,400,516,14,12,7,75,1600,382,181,71,0.718,0,0.35,"special_lifesteal;basic_power;basic_hp;basic_as;basic_armor"
91,1,251,0,151,bot1_2,Tamer,1,MAGE,magical,12,0,12,24,14572,9167,2596,3137,36.5,12.5,331,523,35,12,11,204,3779,902,251,0,1,2.9,3.53,"special_lifesteal;basic_power;basic_power;basic_hp;basic_power;basic_hp;basic_haste;basic_mr;basic_armor;basic_hp;basic_power;basic_hp"
91,1,251,0,151,bot0_3,Eggchanter,0,SUPPORT,magical,0,7,0,0,2849,1709,8095,1815,10.1,10.7,125,202,14,7,7,92,1617,386,169,82,0.674,0,0.21,"special_gw;basic_hp;basic_armor;basic_mr;basic_power"
91,1,251,0,151,bot1_3,Cleric,1,SUPPORT,magical,5,0,18,23,8706,3722,2419,5866,14.8,23.3,346,408,39,35,11,94,3369,804,251,0,1,1.2,1.54,"basic_hp;basic_hp;basic_mr;basic_hp;basic_armor;basic_armor;basic_hp;basic_mr;basic_power;basic_haste;basic_mr;basic_power"
91,1,251,0,151,bot0_4,Summoner,0,MAGE,magical,0,6,0,0,2785,922,5820,65,4.5,0.3,149,221,22,9,6,44,1569,375,204,47,0.813,0,0.16,"special_lifesteal;basic_power;basic_hp;basic_haste;basic_mr"
91,1,251,0,151,bot1_4,Vanguard,1,FIGHTER,physical,5,0,22,27,14199,8441,2416,329,33.6,1.3,328,610,38,24,11,143,3343,798,251,0,1,1.2,3.49,"special_lifesteal;basic_power;basic_power;basic_power;basic_as;basic_hp;basic_as;basic_hp;basic_armor;basic_mr;basic_as"
92,1,270,2,150,bot0_1,Ironclad,0,TANK,physical,0,3,1,0.33,5188,2323,9325,0,9.7,0,384,427,21,15,7,90,1740,387,239,31,0.886,0,0.25,"basic_hp;basic_hp;basic_hp;basic_hp;basic_mr;basic_armor"
92,1,270,2,150,bot1_1,Eggchanter,1,SUPPORT,magical,1,0,14,15,4810,3885,5283,7549,14.4,28,141,257,28,16,9,82,2482,551,270,0,1,0.2,0.74,"basic_hp;basic_hp;basic_armor;basic_power;basic_hp;basic_armor;basic_armor;basic_mr;basic_haste"
92,1,270,2,150,bot0_2,Doctor,0,SUPPORT,physical,0,5,2,0.4,5581,3078,7255,2551,12.6,10.5,124,272,27,14,8,60,1835,408,244,26,0.904,0,0.42,"special_gw;basic_hp;basic_power;basic_mr;basic_armor;basic_as"
92,1,270,2,150,bot1_2,Goliath,1,TANK,physical,6,0,8,14,10313,6633,2225,1227,24.6,4.5,288,408,32,20,9,172,2897,644,270,0,1,1.3,2.98,"basic_hp;basic_hp;basic_armor;basic_hp;basic_hp;basic_armor;basic_mr;basic_power;basic_armor;basic_as"
92,1,270,2,150,bot0_3,Oracle,0,MAGE,physical,0,3,2,0.67,8174,3199,6888,0,13.1,0,261,363,14,15,8,265,1915,425,244,26,0.902,0,0.46,"basic_hp;basic_hp;basic_hp;basic_hp;basic_mr;basic_armor"
92,1,270,2,150,bot1_3,Vanguard,1,FIGHTER,physical,2,2,10,6,8306,5456,5623,0,22.3,0,396,442,38,24,8,99,2374,527,245,25,0.906,0.4,0.97,"basic_hp;basic_hp;basic_hp;basic_armor;basic_hp;basic_armor;basic_hp;basic_mr"
92,1,270,2,150,bot0_4,Cleric,0,SUPPORT,magical,2,4,0,0.5,6612,4019,6155,2160,18.5,9.9,297,357,24,21,8,157,2032,451,217,53,0.805,0.4,0.65,"special_gw;special_gw;basic_hp;basic_mr;basic_hp"
92,1,270,2,150,bot1_4,Zephyr,1,SPLITPUSHER,magical,6,0,9,15,16414,10119,2722,456,37.5,1.7,413,674,33,28,9,81,3006,668,270,0,1,1.3,3.72,"special_lifesteal;basic_power;basic_hp;basic_power;basic_armor;basic_hp;basic_hp;basic_haste;basic_power;basic_mr"
93,0,232,150,12,bot0_1,Kratoma,0,SLAYER,physical,6,0,14,20,9229,7148,2550,0,30.8,0,223,451,20,22,9,175,3075,795,232,0,1,1.6,2.8,"special_gw;basic_hp;basic_hp;basic_power;basic_mr;basic_as;basic_hp;basic_mr;basic_haste;basic_power"
93,0,232,150,12,bot1_1,Hana,1,TANK,magical,0,3,0,0,4499,1524,6033,0,7.8,0,221,299,4,24,8,27,1677,434,196,36,0.844,0,0.25,"basic_hp;basic_hp;basic_hp;basic_hp;basic_mr;basic_armor"
93,0,232,150,12,bot0_2,Summoner,0,MAGE,magical,9,0,9,18,6001,4389,1357,167,18.9,0.7,182,262,38,18,10,29,3304,855,232,0,1,2.3,3.23,"special_lifesteal;basic_power;basic_hp;basic_mr;basic_power;basic_hp;basic_haste;basic_hp;basic_mr;basic_power;basic_hp"
93,0,232,150,12,bot1_2,Zephyr,1,SPLITPUSHER,magical,0,6,0,0,7156,2478,8034,0,13,0,293,342,18,21,8,105,1680,435,190,42,0.821,0,0.31,"basic_hp;basic_hp;basic_hp;basic_power;basic_mr;basic_armor"
93,0,232,150,12,bot0_3,Doctor,0,SUPPORT,physical,4,0,14,18,5867,4136,5257,5185,17.8,22.4,164,248,12,19,9,191,2816,728,232,0,1,1,0.79,"special_gw;basic_hp;basic_mr;basic_power;basic_hp;basic_mr;basic_as;basic_hp;basic_haste"
93,0,232,150,12,bot1_3,Pyromancer,1,SLAYER,magical,0,6,0,0,8328,3486,5695,69,22.4,0.4,591,821,13,10,8,142,1667,431,156,76,0.671,0,0.61,"special_lifesteal;basic_power;basic_hp;basic_haste;basic_mr"
93,0,232,150,12,bot0_4,Eggchanter,0,SUPPORT,magical,1,0,17,18,3735,2784,1480,1663,12,7.2,161,253,22,11,9,108,2483,642,232,0,1,0.3,1.88,"special_gw;basic_hp;basic_hp;basic_mr;basic_power;basic_mr;basic_haste;basic_hp"
93,0,232,150,12,bot1_4,Healer,1,SUPPORT,magical,0,5,0,0,4260,1993,5950,2231,10.2,11.5,136,194,19,9,7,48,1623,420,195,37,0.839,0,0.33,"special_gw;basic_hp;basic_hp;basic_power;basic_power"
94,0,329,151,59,bot0_1,Kratoma,0,SLAYER,physical,8,2,15,11.5,10803,6258,7012,0,20.4,0,305,557,22,19,11,255,3930,716,307,22,0.932,1.5,0.89,"basic_hp;basic_hp;basic_hp;basic_power;basic_armor;basic_power;basic_hp;basic_power;basic_as;basic_hp;basic_power;basic_armor;basic_mr"
94,0,329,151,59,bot1_1,Quiller,1,SLAYER,physical,1,6,4,0.83,5494,2844,5710,156,11.5,0.6,247,351,28,19,8,186,2261,412,247,82,0.749,0.2,0.5,"special_lifesteal;basic_power;basic_hp;basic_power;basic_as;basic_mr;basic_hp"
94,0,329,151,59,bot0_2,Doctor,0,SUPPORT,physical,3,2,21,12,9246,6100,5092,6815,19.9,22.3,234,461,31,16,11,201,3501,638,306,23,0.929,0.5,1.2,"basic_hp;basic_hp;basic_hp;basic_armor;basic_mr;basic_power;basic_hp;basic_hp;basic_armor;basic_as;basic_mr;basic_haste"
94,0,329,151,59,bot1_2,Jailer,1,TANK,magical,2,6,5,1.17,13450,9911,10904,0,39.3,0,614,917,23,21,9,39,2489,454,252,77,0.766,0.4,0.91,"basic_hp;basic_hp;basic_hp;basic_hp;basic_armor;basic_mr;basic_mr;basic_power;basic_armor"
94,0,329,151,59,bot0_3,Reaper,0,SPLITPUSHER,magical,10,2,9,9.5,22294,11495,3884,719,37.7,2.4,646,1189,42,21,11,295,3870,705,305,24,0.926,1.8,2.96,"special_lifesteal;basic_power;basic_power;basic_power;basic_power;basic_hp;basic_hp;basic_haste;basic_haste;basic_armor;basic_mr;basic_power"
94,0,329,151,59,bot1_3,Lynx,1,SLAYER,physical,3,8,3,0.75,7331,4329,7575,198,19.8,0.9,417,593,33,28,9,212,2562,467,219,110,0.665,0.5,0.57,"special_lifesteal;basic_power;basic_power;basic_power;basic_hp;basic_as;basic_mr;basic_armor"
94,0,329,151,59,bot0_4,Jirina,0,FIGHTER,magical,6,1,18,24,12185,6270,7032,1648,19.7,5.2,440,532,49,11,11,60,3735,681,317,12,0.964,1.1,0.89,"basic_hp;basic_hp;basic_hp;basic_power;basic_hp;basic_power;basic_armor;basic_haste;basic_armor;basic_mr;basic_hp;basic_hp;basic_as"
94,0,329,151,59,bot1_4,Pyromancer,1,SLAYER,magical,1,7,1,0.29,7188,2402,8318,0,10.2,0,453,646,16,12,8,90,2165,395,236,94,0.715,0.2,0.29,"basic_hp;basic_hp;basic_haste;basic_armor;basic_hp;basic_mr;basic_power;basic_as"
95,1,366,36,151,bot0_1,Oracle,0,MAGE,physical,1,7,6,1,12166,7535,9472,307,28.3,1.2,500,632,17,18,9,241,2566,420,267,100,0.728,0.2,0.8,"special_lifesteal;basic_power;basic_hp;basic_as;basic_mr;basic_armor;basic_power;basic_hp"
95,1,366,36,151,bot1_1,Jirina,1,FIGHTER,magical,10,0,16,26,21662,14424,4578,2966,39.4,8.1,428,686,40,13,12,223,4373,716,366,0,1,1.6,3.15,"special_lifesteal;basic_power;basic_power;basic_power;basic_hp;basic_armor;basic_haste;basic_armor;basic_hp;basic_as;basic_armor;basic_hp;basic_armor;basic_power"
95,1,366,36,151,bot0_2,Goliath,0,TANK,physical,3,7,5,1.14,7973,5504,12405,1638,20.4,6.1,243,306,32,18,9,106,2706,443,270,96,0.737,0.5,0.44,"special_gw;basic_hp;basic_hp;basic_mr;basic_mr;basic_armor;basic_power;basic_as;basic_armor"
95,1,366,36,151,bot1_2,Summoner,1,MAGE,magical,6,2,13,9.5,9303,6428,4979,224,18.7,0.7,221,313,51,23,11,292,3617,593,343,23,0.936,1,1.29,"special_lifesteal;basic_power;basic_power;basic_power;basic_power;basic_hp;basic_hp;basic_power;basic_haste;basic_armor;basic_haste"
95,1,366,36,151,bot0_3,Wanderer,0,SLAYER,physical,2,6,3,0.83,13564,3641,8046,227,12.8,0.8,669,740,20,15,10,120,2720,446,285,81,0.778,0.3,0.45,"special_lifesteal;basic_power;basic_power;basic_hp;basic_as;basic_mr;basic_hp;basic_as;basic_armor"
95,1,366,36,151,bot1_3,Doctor,1,SUPPORT,physical,4,3,21,8.33,9934,8224,9571,8854,24.8,26.7,236,370,25,27,11,222,3747,614,331,35,0.904,0.7,0.86,"basic_hp;basic_hp;basic_armor;basic_armor;basic_power;basic_power;basic_as;basic_hp;basic_haste;basic_mr;basic_hp;basic_armor;basic_as"
95,1,366,36,151,bot0_4,Ironclad,0,TANK,physical,3,7,3,0.86,9412,6194,15360,0,23.1,0,275,374,24,18,9,65,2690,441,268,99,0.731,0.5,0.4,"basic_hp;basic_hp;basic_hp;basic_armor;basic_mr;basic_power;basic_as;basic_mr;basic_haste;basic_armor"
95,1,366,36,151,bot1_4,Quiller,1,SLAYER,physical,7,4,15,5.5,14727,9200,5917,472,26.9,1.4,274,504,48,31,11,282,3807,624,342,24,0.934,1.1,1.55,"special_lifesteal;basic_power;basic_power;basic_as;basic_hp;basic_power;basic_as;basic_armor;basic_power;basic_hp;basic_mr;basic_as"
96,0,511,150,130,bot0_1,Jailer,0,TANK,magical,5,4,18,5.75,25114,15642,10947,0,34.8,0,454,736,41,47,13,166,4591,539,449,61,0.88,0.6,1.43,"special_gw;special_gw;basic_hp;basic_hp;basic_power;basic_power;basic_hp;basic_mr;basic_hp;basic_hp;basic_armor;basic_armor;basic_haste;basic_mr"
96,0,511,150,130,bot1_1,Eggchanter,1,SUPPORT,magical,1,6,15,2.67,9095,5080,12685,6422,12,15.1,147,220,39,24,11,85,3435,403,424,87,0.83,0.1,0.4,"basic_hp;basic_hp;basic_hp;basic_mr;basic_mr;basic_hp;basic_mr;basic_power;basic_hp;basic_armor;basic_haste;basic_power"
96,0,511,150,130,bot0_2,Oracle,0,MAGE,physical,3,4,20,5.75,19121,12888,8778,0,27,0,449,577,37,35,13,276,4376,514,477,34,0.933,0.4,1.47,"basic_hp;basic_hp;basic_hp;basic_mr;basic_mr;basic_armor;basic_armor;basic_power;basic_mr;basic_as;basic_power;basic_haste;basic_as;basic_hp;basic_armor"
96,0,511,150,130,bot1_2,Vanguard,1,FIGHTER,physical,3,5,16,3.8,24691,14022,13033,462,32.4,1.1,617,912,56,45,12,229,3979,467,433,78,0.847,0.4,1.08,"basic_hp;basic_hp;special_lifesteal;basic_power;basic_power;basic_mr;basic_as;basic_hp;basic_mr;basic_as;basic_armor;basic_armor;basic_power"
96,0,511,150,130,bot0_3,Pyromancer,0,SLAYER,magical,8,7,15,3.29,28117,16304,12495,384,35.1,0.8,452,592,61,43,13,288,4838,568,464,47,0.908,0.9,1.3,"special_lifesteal;basic_hp;basic_power;basic_hp;basic_power;basic_haste;basic_hp;basic_haste;basic_hp;basic_hp;basic_armor;basic_hp;basic_power;basic_haste;basic_mr"
96,0,511,150,130,bot1_3,Ironclad,1,TANK,physical,5,7,16,3,12353,8027,17736,0,19.8,0,377,484,44,35,12,144,4269,501,405,105,0.794,0.6,0.45,"basic_hp;basic_hp;special_gw;basic_power;basic_mr;basic_as;basic_armor;basic_mr;basic_hp;basic_hp;basic_hp;basic_power;basic_armor;basic_as"
96,0,511,150,130,bot0_4,Volstrov,0,MAGE,magical,7,6,15,3.67,16449,11575,10720,519,25,1.1,286,503,16,24,13,265,4690,551,464,47,0.908,0.8,1.08,"special_lifesteal;basic_power;basic_hp;basic_power;basic_hp;basic_haste;basic_power;basic_hp;basic_power;basic_mr;basic_haste;basic_armor;basic_haste;basic_mr;basic_hp"
96,0,511,150,130,bot1_4,Hana,1,TANK,magical,12,5,9,4.2,21016,13202,17404,0,27.6,0,454,701,31,66,12,129,4904,576,478,33,0.935,1.4,0.76,"basic_hp;basic_hp;basic_mr;basic_power;basic_mr;basic_hp;basic_armor;basic_mr;basic_armor;basic_haste;basic_hp;basic_power;basic_mr;basic_hp;basic_armor;basic_as;basic_haste"
97,1,258,13,150,bot0_1,Volstrov,0,MAGE,magical,1,6,2,0.5,5595,2921,7137,153,16,0.8,199,333,12,10,7,52,1877,436,182,76,0.705,0.2,0.41,"special_lifesteal;basic_power;basic_hp;basic_power;basic_hp;basic_mr"
97,1,258,13,150,bot1_1,Reaper,1,SPLITPUSHER,magical,6,1,15,21,20371,11369,3635,680,46.1,2.8,830,1427,40,20,10,116,3316,770,247,12,0.955,1.4,3.13,"special_lifesteal;basic_power;basic_hp;basic_haste;basic_power;basic_armor;basic_hp;basic_hp;basic_haste;basic_power;basic_mr"
97,1,258,13,150,bot0_2,Healer,0,SUPPORT,magical,1,6,2,0.5,3349,2123,9208,4866,11.3,25.8,129,185,24,14,8,128,1928,448,188,70,0.73,0.2,0.23,"special_heal_power;basic_hp;basic_hp;basic_mr;basic_armor;basic_haste"
97,1,258,13,150,bot1_2,Doctor,1,SUPPORT,physical,3,1,16,19,6038,4941,4310,5163,19.1,20,262,382,20,14,9,235,2885,670,258,0,1,0.7,1.15,"special_gw;basic_hp;basic_armor;basic_hp;basic_mr;basic_armor;basic_hp;basic_mr;basic_power"
97,1,258,13,150,bot0_3,Fusilier,0,SLAYER,physical,2,6,2,0.67,9068,3490,6037,266,19.4,1.5,380,631,28,10,8,8,2108,490,180,78,0.697,0.5,0.58,"special_lifesteal;basic_power;basic_power;basic_power;basic_as;basic_hp;basic_mr"
97,1,258,13,150,bot1_3,Mage,1,MAGE,magical,9,1,13,22,10802,7120,2763,0,27.6,0,457,662,51,21,10,65,3665,851,258,0,1,2.1,2.58,"basic_hp;basic_hp;basic_hp;basic_mr;basic_armor;basic_hp;basic_haste;basic_hp;basic_armor;basic_mr;basic_power;basic_armor;basic_as"
97,1,258,13,150,bot0_4,Wanderer,0,SLAYER,physical,0,6,4,0.67,7585,4576,7347,134,24.8,0.7,630,1009,11,8,7,266,1816,422,184,74,0.713,0,0.62,"special_lifesteal;basic_power;basic_power;basic_hp;basic_as"
97,1,258,13,150,bot1_4,Bruiser,1,FIGHTER,physical,6,1,10,16,9253,4631,4788,0,18.7,0,323,571,41,26,10,115,3065,712,247,11,0.958,1.4,0.97,"basic_hp;basic_hp;basic_power;basic_power;basic_armor;basic_mr;basic_as;basic_haste;basic_hp;basic_hp;basic_armor"
98,0,377,150,55,bot0_1,Reaper,0,SPLITPUSHER,magical,12,2,9,10.5,18592,9432,8377,670,27.3,1.9,562,983,52,26,12,92,4467,711,346,31,0.917,1.9,1.13,"special_lifesteal;basic_power;basic_power;basic_hp;basic_haste;basic_hp;basic_mr;basic_armor;basic_hp;basic_power;basic_haste;basic_mr;basic_armor;basic_hp;basic_armor"
98,0,377,150,55,bot1_1,Healer,1,SUPPORT,magical,4,7,8,1.71,8687,4412,12283,7934,13.8,24.9,139,197,50,26,10,43,3218,512,319,58,0.846,0.6,0.36,"basic_hp;basic_hp;basic_hp;basic_mr;basic_mr;basic_hp;basic_mr;basic_mr;basic_power;basic_hp;basic_power"
98,0,377,150,55,bot0_2,Summoner,0,MAGE,magical,5,3,19,8,7740,4762,7138,0,13.7,0,158,228,49,26,11,212,3887,619,347,30,0.92,0.8,0.67,"basic_hp;basic_hp;basic_hp;basic_hp;basic_hp;basic_mr;basic_armor;basic_armor;basic_mr;basic_mr;basic_haste;basic_armor;basic_haste"
98,0,377,150,55,bot1_2,Quiller,1,SLAYER,physical,2,6,9,1.83,11645,6460,8069,348,21.5,1.2,273,449,38,24,10,11,2911,463,301,76,0.798,0.3,0.8,"special_lifesteal;basic_power;basic_hp;basic_power;basic_as;basic_mr;basic_hp;basic_power;basic_as;basic_haste"
98,0,377,150,55,bot0_3,Mage,0,MAGE,magical,2,5,20,4.4,16375,9250,7162,459,30.2,1.5,671,752,59,25,11,197,3472,553,307,70,0.814,0.3,1.29,"special_lifesteal;basic_power;basic_power;basic_hp;basic_hp;basic_hp;basic_mr;basic_power;basic_power;basic_haste;basic_haste"
98,0,377,150,55,bot1_3,Tamer,1,MAGE,magical,3,8,9,1.5,12803,7126,8583,3169,25.9,11.5,298,486,30,14,10,200,3125,497,275,102,0.729,0.5,0.83,"special_lifesteal;basic_power;basic_hp;basic_mr;basic_power;basic_hp;basic_haste;basic_hp;basic_armor;basic_power"
98,0,377,150,55,bot0_4,Jailer,0,TANK,magical,7,3,19,8.67,17199,11314,7242,0,34.4,0,655,975,31,28,12,36,4186,666,329,48,0.873,1.1,1.56,"special_gw;basic_hp;basic_hp;basic_hp;basic_mr;basic_armor;basic_armor;basic_mr;basic_power;basic_haste;basic_power;basic_hp;basic_hp;basic_armor"
98,0,377,150,55,bot1_4,Ironclad,1,TANK,physical,4,5,8,2.4,15585,9555,13887,0,29.8,0,353,623,34,23,10,154,3154,502,320,57,0.85,0.6,0.69,"basic_hp;basic_hp;basic_mr;basic_mr;basic_power;basic_hp;basic_mr;basic_mr;basic_as;basic_armor;basic_power"
99,0,333,150,10,bot0_1,Mage,0,MAGE,magical,7,0,19,26,19595,11515,5009,545,34.6,1.6,516,719,86,26,11,98,3973,716,333,0,1,1.3,2.3,"special_lifesteal;basic_hp;basic_power;basic_hp;basic_hp;basic_armor;basic_hp;basic_haste;basic_armor;basic_mr;basic_power;basic_hp;basic_armor"
99,0,333,150,10,bot1_1,Summoner,1,MAGE,magical,0,9,1,0.11,6364,3755,8326,193,16.2,0.8,165,233,29,14,8,299,2074,374,232,100,0.698,0,0.45,"special_lifesteal;basic_power;basic_hp;basic_mr;basic_haste;basic_armor"
99,0,333,150,10,bot0_2,Hana,0,TANK,magical,3,1,19,22,10675,5175,7978,0,16.2,0,384,628,16,36,10,84,3334,601,320,13,0.962,0.5,0.65,"basic_hp;basic_hp;basic_hp;basic_armor;basic_mr;basic_armor;basic_hp;basic_haste;basic_power;basic_mr;basic_armor;basic_as"
99,0,333,150,10,bot1_2,Quiller,1,SLAYER,physical,0,7,1,0.14,11000,5207,6805,0,19.5,0,216,370,33,20,9,78,2153,388,266,66,0.801,0,0.77,"basic_hp;basic_hp;basic_mr;basic_power;basic_as;basic_armor;basic_hp;basic_haste"
99,0,333,150,10,bot0_3,Cleric,0,SUPPORT,magical,10,0,17,27,11427,6105,3517,8347,18.3,25.1,248,316,60,47,12,148,4248,766,333,0,1,1.8,1.74,"basic_hp;basic_hp;basic_hp;basic_armor;basic_hp;basic_power;basic_armor;basic_hp;basic_mr;basic_haste;basic_as;basic_armor;basic_hp;basic_hp"
99,0,333,150,10,bot1_3,Wanderer,1,SLAYER,physical,1,6,0,0.17,10912,5917,6138,202,23.1,0.8,533,965,16,14,8,263,2088,376,256,77,0.768,0.2,0.96,"special_lifesteal;basic_power;basic_hp;basic_power;basic_as;basic_hp"
99,0,333,150,10,bot0_4,Healer,0,SUPPORT,magical,7,0,18,25,9047,5847,7180,6982,17.6,21,161,232,59,19,11,3,3953,713,333,0,1,1.3,0.81,"basic_hp;basic_hp;basic_hp;basic_hp;basic_armor;basic_power;basic_armor;basic_mr;basic_power;basic_mr;basic_armor;basic_haste;basic_hp;basic_armor"
99,0,333,150,10,bot1_4,Vanguard,1,FIGHTER,physical,0,5,1,0.2,5957,3029,9172,0,10.8,0,358,448,45,15,8,139,1964,354,281,52,0.845,0,0.33,"basic_hp;basic_hp;basic_hp;basic_mr;basic_as;basic_power;basic_haste"