gameIndex,winner,gameDuration,score0,score1,id,className,team,role,dmgType,kills,deaths,assists,kda,dmgDealtTotal,dmgDealtToHeroes,dmgTaken,hpHealed,dpsToHeroes,hpsHealed,maxBurst1s,maxBurst3s,spellCastsQ,spellCastsE,level,gold,totalGold,goldPerMin,timeAlive,timeDead,survivalRate,killsPerMin,dmgEfficiency,items
0,0,358,151,28,bot0_1,Goliath,0,TANK,physical,3,3,26,9.67,11900,6975,7923,2020,22.4,6.5,476,660,41,21,12,67,3892,652,311,47,0.869,0.5,0.88,"basic_hp;basic_hp;basic_armor;basic_mr;basic_power;basic_as;basic_haste;basic_hp;basic_mr;basic_armor;basic_mr;basic_armor;basic_power;basic_hp"
0,0,358,151,28,bot1_1,Tamer,1,MAGE,magical,2,8,5,0.88,14015,7473,9055,3274,29.4,12.9,255,454,29,12,10,46,2721,456,254,104,0.711,0.3,0.83,"special_lifesteal;basic_power;basic_power;basic_power;basic_hp;basic_haste;basic_power;basic_mr;basic_armor"
0,0,358,151,28,bot0_2,Jailer,0,TANK,magical,8,1,18,26,18120,8463,6825,0,24.4,0,398,634,39,36,12,226,4401,737,347,11,0.97,1.3,1.24,"basic_hp;basic_hp;basic_armor;basic_mr;basic_power;basic_hp;basic_hp;basic_haste;basic_mr;basic_armor;basic_as;basic_mr;basic_armor;basic_power;basic_hp"
0,0,358,151,28,bot1_2,Oracle,1,MAGE,physical,3,8,4,0.88,9791,5966,11896,0,23,0,479,581,19,19,9,223,2698,452,259,99,0.723,0.5,0.5,"basic_hp;basic_hp;basic_hp;basic_hp;basic_mr;basic_mr;basic_armor;basic_mr;basic_as"
0,0,358,151,28,bot0_3,Hana,0,TANK,magical,13,2,18,15.5,23898,13050,7934,65,39.2,0.2,426,936,13,42,13,202,5002,838,333,25,0.929,2.2,1.64,"special_gw;basic_hp;basic_power;basic_mr;basic_armor;basic_hp;basic_hp;basic_power;basic_hp;basic_hp;basic_mr;basic_hp;basic_power;special_lifesteal;basic_armor"
0,0,358,151,28,bot1_3,Summoner,1,MAGE,magical,0,9,7,0.78,6644,4263,10387,190,16.8,0.8,158,225,36,18,9,102,2452,411,253,105,0.707,0,0.41,"special_lifesteal;basic_hp;basic_power;basic_hp;basic_mr;basic_power;basic_mr;basic_haste"
0,0,358,151,28,bot0_4,Jirina,0,FIGHTER,magical,8,1,23,31,19780,10082,6550,3151,29.1,9.1,587,818,52,14,13,107,4557,764,346,12,0.967,1.3,1.54,"basic_hp;basic_hp;basic_armor;basic_hp;basic_mr;basic_mr;basic_power;basic_armor;basic_haste;basic_as;basic_power;basic_hp;basic_hp;basic_mr;basic_armor;basic_haste"
0,0,358,151,28,bot1_4,Fusilier,1,SLAYER,physical,2,7,5,1,12531,5650,9383,0,21.6,0,302,475,34,16,10,215,2665,447,262,96,0.731,0.3,0.6,"special_gw;basic_hp;basic_hp;basic_hp;basic_power;basic_mr;basic_power;basic_hp"
1,1,258,7,151,bot0_1,Summoner,0,MAGE,magical,0,6,1,0.17,3284,1418,6675,0,7.4,0,151,215,20,10,7,143,1693,393,191,67,0.741,0,0.21,"basic_hp;basic_hp;basic_mr;basic_mr;basic_haste;basic_power"
1,1,258,7,151,bot1_1,Zephyr,1,SPLITPUSHER,magical,5,0,22,27,15217,8923,1518,505,34.5,2,372,644,34,23,11,186,3461,804,258,0,1,1.2,5.88,"special_lifesteal;basic_power;basic_hp;basic_haste;basic_power;basic_hp;basic_hp;basic_haste;basic_power;basic_hp;basic_mr"
1,1,258,7,151,bot0_2,Cleric,0,SUPPORT,magical,0,6,1,0.17,4776,1465,6778,2003,7.6,10.4,196,254,19,16,7,160,1710,397,192,66,0.745,0,0.22,"special_gw;basic_hp;basic_mr;basic_power;basic_hp"
1,1,258,7,151,bot1_2,Tamer,1,MAGE,magical,9,0,17,26,12502,6655,2412,2147,25.8,8.3,329,553,33,10,11,200,3800,883,258,0,1,2.1,2.76,"basic_hp;basic_hp;basic_hp;basic_mr;basic_hp;basic_armor;basic_haste;basic_power;basic_mr;basic_armor;basic_haste;basic_power;basic_hp"
1,1,258,7,151,bot0_3,Quiller,0,SLAYER,physical,1,7,0,0.14,4262,1556,5576,98,8.9,0.6,212,354,14,14,7,63,1838,427,174,84,0.674,0.2,0.28,"special_lifesteal;basic_power;basic_as;basic_hp;basic_mr;basic_haste"
1,1,258,7,151,bot1_3,Hana,1,TANK,magical,6,1,20,26,11165,6245,2626,0,25.5,0,525,775,5,32,11,230,3530,820,245,14,0.947,1.4,2.38,"basic_hp;basic_hp;basic_mr;basic_hp;basic_mr;basic_armor;basic_armor;basic_power;basic_haste;basic_hp;basic_as;basic_hp"
1,1,258,7,151,bot0_4,Lynx,0,SLAYER,physical,0,8,1,0.13,9050,3149,8552,0,16.7,0,377,524,30,23,7,221,1746,406,189,70,0.73,0,0.37,"basic_hp;basic_hp;basic_mr;basic_power;basic_as;basic_armor"
1,1,258,7,151,bot1_4,Jailer,1,TANK,magical,7,0,13,20,8047,4293,3710,0,16.6,0,354,413,19,19,10,202,3377,785,258,0,1,1.6,1.16,"special_gw;basic_hp;basic_hp;basic_hp;basic_power;basic_hp;basic_power;basic_hp;basic_hp;basic_mr"
2,0,323,152,28,bot0_1,Goliath,0,TANK,physical,2,0,22,24,11551,7218,2642,1108,22.4,3.4,257,482,41,20,11,266,3366,625,323,0,1,0.4,2.73,"basic_hp;basic_hp;basic_hp;basic_mr;basic_mr;basic_mr;basic_hp;basic_armor;basic_power;basic_armor;basic_hp"
2,0,323,152,28,bot1_1,Healer,1,SUPPORT,magical,1,7,0,0.14,6069,2709,8917,3869,10.3,14.7,136,195,33,10,7,113,1963,365,263,60,0.813,0.2,0.3,"special_gw;special_gw;basic_hp;basic_power;basic_armor"
2,0,323,152,28,bot0_2,Doctor,0,SUPPORT,physical,7,0,18,25,11348,7442,2703,7528,23.1,23.3,210,337,33,18,11,181,3806,707,323,0,1,1.3,2.75,"basic_hp;basic_hp;basic_hp;basic_hp;basic_mr;basic_hp;basic_armor;basic_mr;basic_armor;basic_power;basic_mr;basic_as;basic_power"
2,0,323,152,28,bot1_2,Quiller,1,SLAYER,physical,0,6,0,0,8569,3479,6428,243,14.2,1,200,395,31,21,8,156,1931,359,245,78,0.758,0,0.54,"special_lifesteal;basic_power;basic_hp;basic_as;basic_armor;basic_mr"
2,0,323,152,28,bot0_3,Hana,0,TANK,magical,5,1,17,22,8833,6089,5071,0,19.6,0,348,520,10,38,11,174,3524,655,311,12,0.964,0.9,1.2,"basic_hp;basic_hp;basic_hp;basic_hp;basic_mr;basic_mr;basic_armor;basic_hp;basic_armor;basic_haste;basic_mr;basic_power"
2,0,323,152,28,bot1_3,Pyromancer,1,SLAYER,magical,0,6,1,0.17,8641,4570,10790,0,18.7,0,514,698,21,16,8,60,1985,369,244,79,0.755,0,0.42,"basic_hp;basic_hp;basic_armor;basic_hp;basic_hp;basic_armor;basic_haste"
2,0,323,152,28,bot0_4,Fusilier,0,SLAYER,physical,11,0,12,23,20189,11659,5111,892,36.1,2.8,356,750,62,18,11,73,3923,729,323,0,1,2,2.28,"special_lifesteal;special_lifesteal;basic_power;basic_power;basic_as;basic_hp;basic_mr;basic_power;basic_as;basic_power;basic_as;basic_hp"
2,0,323,152,28,bot1_4,Eggchanter,1,SUPPORT,magical,0,6,1,0.17,4789,2630,8490,2965,10.6,12,173,287,23,11,8,51,1901,353,248,75,0.767,0,0.31,"special_gw;basic_hp;basic_power;basic_hp;basic_armor;basic_hp"
3,0,423,150,79,bot0_1,Reaper,0,SPLITPUSHER,magical,20,3,9,9.67,31036,20154,8397,0,53.5,0,730,1751,59,32,13,281,5831,828,377,46,0.891,2.8,2.4,"basic_hp;basic_hp;basic_hp;basic_hp;basic_armor;basic_haste;basic_armor;basic_armor;basic_power;basic_mr;basic_hp;basic_as;basic_haste;basic_power;basic_haste;basic_armor;basic_hp;basic_armor;basic_haste"
3,0,423,150,79,bot1_1,Vanguard,1,FIGHTER,physical,2,7,11,1.86,14436,5791,9787,341,18.3,1.1,335,477,49,32,11,56,3306,469,317,105,0.751,0.3,0.59,"special_lifesteal;basic_power;basic_power;basic_as;basic_power;basic_as;basic_power;basic_as;basic_hp;basic_armor;basic_mr"
3,0,423,150,79,bot0_2,Bruiser,0,FIGHTER,physical,4,5,15,3.8,10276,4852,11190,0,13.9,0,301,383,57,41,12,185,3785,537,349,73,0.827,0.6,0.43,"basic_hp;basic_hp;basic_armor;basic_mr;basic_armor;basic_as;basic_hp;basic_power;basic_mr;basic_haste;basic_hp;basic_armor;basic_hp"
3,0,423,150,79,bot1_2,Lynx,1,SLAYER,physical,11,8,5,2,28923,17700,10484,675,51.3,2,802,1488,51,46,12,214,4314,612,345,78,0.816,1.6,1.69,"special_lifesteal;basic_power;basic_hp;basic_power;basic_power;basic_as;basic_hp;basic_as;basic_armor;basic_hp;basic_armor;basic_as;basic_mr;basic_hp"
3,0,423,150,79,bot0_3,Ironclad,0,TANK,physical,5,2,23,14,12969,6856,7962,0,17.4,0,305,474,40,27,12,219,4344,617,394,28,0.933,0.7,0.86,"basic_hp;basic_hp;basic_armor;basic_hp;basic_mr;basic_armor;basic_power;basic_armor;basic_power;basic_hp;basic_as;basic_armor;basic_mr;basic_as;basic_haste"
3,0,423,150,79,bot1_3,Quiller,1,SLAYER,physical,3,6,12,2.5,12005,5281,8538,0,15.6,0,199,375,42,30,11,281,3506,498,339,84,0.802,0.4,0.62,"basic_hp;basic_hp;basic_hp;basic_hp;basic_armor;basic_power;basic_as;basic_mr;basic_haste;basic_armor;basic_power;basic_as"
3,0,423,150,79,bot0_4,Oracle,0,MAGE,physical,1,7,19,2.86,10034,6067,7638,299,18.6,0.9,375,441,20,20,11,211,3461,491,326,97,0.772,0.1,0.79,"special_lifesteal;basic_power;basic_power;basic_as;basic_as;basic_power;basic_hp;basic_armor;basic_mr;basic_power;basic_as"
3,0,423,150,79,bot1_4,Zephyr,1,SPLITPUSHER,magical,1,9,13,1.56,8696,4417,12216,192,14.9,0.6,412,463,33,30,11,34,3259,463,297,126,0.703,0.1,0.36,"special_lifesteal;basic_hp;basic_hp;basic_power;basic_hp;basic_armor;basic_haste;basic_power;basic_hp;basic_armor;basic_mr"
4,1,252,0,152,bot0_1,Pyromancer,0,SLAYER,magical,0,5,0,0,6550,3357,5276,76,17.1,0.4,521,629,16,12,7,84,1609,382,196,57,0.776,0,0.64,"special_lifesteal;basic_power;basic_hp;basic_armor;basic_haste"
4,1,252,0,152,bot1_1,Oracle,1,MAGE,physical,2,0,17,19,8559,5097,2487,0,20.2,0,267,459,17,16,10,84,2834,674,252,0,1,0.5,2.05,"basic_hp;basic_hp;basic_mr;basic_hp;basic_mr;basic_as;basic_mr;basic_power;basic_power;basic_hp"
4,1,252,0,152,bot0_2,Goliath,0,TANK,physical,0,6,0,0,4244,2734,10628,754,12.7,3.5,549,657,25,12,7,39,1614,384,216,36,0.856,0,0.26,"basic_hp;basic_hp;basic_hp;basic_armor;basic_mr;basic_power"
4,1,252,0,152,bot1_2,Zephyr,1,SPLITPUSHER,magical,8,0,12,20,11207,7069,3468,0,28,0,332,422,32,37,10,85,3410,811,252,0,1,1.9,2.04,"basic_hp;basic_hp;basic_mr;basic_haste;basic_hp;basic_hp;basic_mr;basic_armor;basic_power;basic_hp;basic_as;basic_mr"
4,1,252,0,152,bot0_3,Volstrov,0,MAGE,magical,0,5,0,0,8658,2703,6219,165,14.1,0.9,183,372,11,12,8,218,1743,414,192,60,0.76,0,0.43,"special_lifesteal;basic_hp;basic_power;basic_armor;basic_haste"
4,1,252,0,152,bot1_3,Doctor,1,SUPPORT,physical,5,0,15,20,8789,5514,2439,5180,21.8,20.5,190,432,21,13,10,174,3149,749,252,0,1,1.2,2.26,"special_gw;basic_hp;basic_power;basic_hp;basic_mr;basic_as;basic_hp;basic_power;basic_hp;basic_mr"
4,1,252,0,152,bot0_4,Eggchanter,0,SUPPORT,magical,0,6,0,0,3980,1395,6420,1603,7.5,8.7,132,186,15,9,7,161,1686,401,185,67,0.734,0,0.22,"special_gw;basic_hp;basic_armor;basic_power;basic_mr"
4,1,252,0,152,bot1_4,Fusilier,1,SLAYER,physical,7,0,15,22,14246,8859,3355,401,35.1,1.6,384,481,44,11,10,103,3353,797,252,0,1,1.7,2.64,"special_lifesteal;basic_power;basic_hp;basic_as;basic_power;basic_hp;basic_as;basic_power;basic_hp;basic_as;basic_mr"
5,1,270,0,150,bot0_1,Reaper,0,SPLITPUSHER,magical,0,6,0,0,4852,3072,5781,104,15.3,0.5,630,744,19,10,7,115,1640,364,201,69,0.743,0,0.53,"special_lifesteal;basic_power;basic_hp;basic_haste;basic_armor"
5,1,270,0,150,bot1_1,Mage,1,MAGE,magical,3,0,14,17,16494,6952,2608,0,25.7,0,606,676,55,25,10,88,2913,647,270,0,1,0.7,2.67,"basic_hp;basic_hp;basic_mr;basic_mr;basic_power;basic_hp;basic_mr;basic_hp;basic_haste;basic_hp"
5,1,270,0,150,bot0_2,Tamer,0,MAGE,magical,0,7,0,0,10003,3058,6545,2091,14.6,10,254,418,24,14,8,51,1826,406,210,60,0.776,0,0.47,"special_lifesteal;basic_power;basic_hp;basic_haste;basic_mr;basic_armor"
5,1,270,0,150,bot1_2,Fusilier,1,SLAYER,physical,9,0,14,23,16792,9411,3932,0,34.9,0,491,655,48,17,11,66,3766,837,270,0,1,2,2.39,"basic_hp;basic_hp;basic_hp;basic_mr;basic_power;basic_as;basic_mr;basic_armor;basic_hp;basic_haste;basic_mr;basic_hp;basic_hp"
5,1,270,0,150,bot0_3,Ironclad,0,TANK,physical,0,5,0,0,5833,2504,11107,0,11.2,0,441,545,19,15,7,249,1649,366,223,47,0.825,0,0.23,"basic_hp;basic_hp;basic_hp;basic_hp;basic_mr"
5,1,270,0,150,bot1_3,Quiller,1,SLAYER,physical,10,0,13,23,11893,7408,2253,417,27.4,1.5,338,659,37,25,11,33,3808,846,270,0,1,2.2,3.29,"special_lifesteal;basic_power;basic_power;basic_hp;basic_power;basic_hp;basic_as;basic_hp;basic_mr;basic_armor;basic_as;basic_as;basic_mr"
5,1,270,0,150,bot0_4,Eggchanter,0,SUPPORT,magical,0,7,0,0,5224,1468,8439,1356,7.6,7,140,214,18,11,7,146,1721,382,192,78,0.713,0,0.17,"basic_hp;basic_hp;basic_armor;basic_mr;basic_hp;basic_power"
5,1,270,0,150,bot1_4,Cleric,1,SUPPORT,magical,3,0,20,23,8634,5262,3042,5464,19.5,20.2,372,436,44,36,11,221,3196,710,270,0,1,0.7,1.73,"special_gw;basic_hp;basic_hp;basic_power;basic_hp;basic_mr;basic_power;basic_haste;basic_hp;basic_mr"
6,1,507,111,151,bot0_1,Ironclad,0,TANK,physical,2,5,17,3.8,16825,11295,15832,0,26.8,0,435,651,41,25,12,140,3890,460,422,85,0.833,0.2,0.71,"basic_hp;basic_hp;basic_hp;basic_mr;basic_mr;basic_armor;basic_power;basic_armor;basic_power;basic_as;basic_haste;basic_mr;basic_as;basic_haste"
6,1,507,111,151,bot1_1,Cleric,1,SUPPORT,magical,7,5,18,5,17186,9256,11502,11263,21,25.5,354,414,76,67,13,10,4835,572,442,65,0.871,0.8,0.8,"special_heal_power;basic_hp;basic_hp;basic_power;basic_hp;basic_mr;basic_power;basic_hp;basic_mr;basic_haste;basic_mr;basic_armor;basic_haste;basic_power;basic_hp;basic_hp"
6,1,507,111,151,bot0_2,Pyromancer,0,SLAYER,magical,6,8,10,2,17713,9221,10275,275,21.7,0.6,423,547,42,30,12,336,4086,484,425,82,0.838,0.7,0.9,"special_lifesteal;basic_power;basic_power;basic_hp;basic_haste;basic_hp;basic_mr;basic_haste;basic_armor;basic_power;basic_mr;basic_hp;basic_armor"
6,1,507,111,151,bot1_2,Mage,1,MAGE,magical,3,6,21,4,26891,11778,10735,680,27.3,1.6,533,704,96,40,12,13,4213,499,432,75,0.852,0.4,1.1,"special_lifesteal;basic_hp;basic_hp;basic_mr;basic_power;basic_hp;basic_power;basic_mr;basic_hp;basic_hp;basic_haste;basic_haste;basic_mr;basic_power"
6,1,507,111,151,bot0_3,Tamer,0,MAGE,magical,7,8,12,2.38,21544,12144,10215,6343,33,17.3,389,607,56,19,13,249,4649,550,368,139,0.725,0.8,1.19,"special_lifesteal;basic_power;basic_hp;basic_power;basic_hp;basic_haste;basic_mr;basic_hp;basic_haste;basic_power;basic_mr;basic_armor;basic_hp;basic_power;basic_armor"
6,1,507,111,151,bot1_3,Bruiser,1,FIGHTER,physical,6,5,23,5.8,19789,11216,15785,0,25.6,0,427,570,76,52,13,184,4884,578,438,69,0.863,0.7,0.71,"basic_hp;basic_hp;basic_hp;basic_mr;basic_hp;basic_mr;basic_mr;basic_armor;basic_mr;basic_hp;basic_hp;basic_as;basic_power;basic_haste;basic_hp;basic_armor"
6,1,507,111,151,bot0_4,Jailer,0,TANK,magical,5,9,14,2.11,19377,12775,15713,0,33.4,0,642,750,37,43,12,63,4238,502,382,125,0.753,0.6,0.81,"basic_hp;basic_hp;basic_hp;basic_mr;basic_armor;basic_power;basic_haste;basic_mr;basic_as;basic_mr;basic_hp;basic_armor;basic_hp;basic_armor;basic_power"
6,1,507,111,151,bot1_4,Kratoma,1,SLAYER,physical,14,4,14,7,28763,15909,10603,704,32.4,1.4,417,844,41,42,13,135,5535,655,491,16,0.969,1.7,1.5,"special_lifesteal;basic_power;basic_power;basic_hp;basic_as;basic_as;basic_power;basic_mr;basic_armor;basic_power;basic_as;basic_hp;basic_hp;basic_mr;basic_armor;basic_power;basic_mr;basic_power"
7,1,562,114,150,bot0_1,Mage,0,MAGE,magical,7,9,12,2.11,16218,7981,14016,0,18.7,0,448,587,63,28,13,287,4662,498,426,136,0.758,0.7,0.57,"basic_hp;basic_hp;basic_hp;basic_armor;basic_mr;basic_armor;basic_hp;basic_mr;basic_haste;basic_hp;basic_mr;basic_armor;basic_armor;basic_hp;basic_haste"
7,1,562,114,150,bot1_1,Doctor,1,SUPPORT,physical,3,4,30,8.25,18871,12204,10754,8653,24.5,17.4,342,559,42,33,13,40,4840,517,498,64,0.886,0.3,1.13,"basic_hp;basic_hp;basic_hp;basic_mr;basic_mr;basic_power;basic_armor;basic_as;basic_haste;basic_hp;basic_hp;basic_armor;basic_hp;basic_power;basic_as;basic_haste;basic_mr"
7,1,562,114,150,bot0_2,Wanderer,0,SLAYER,physical,7,8,10,2.13,30215,11098,13117,756,25.9,1.8,549,916,35,27,13,66,4741,506,429,133,0.764,0.7,0.85,"special_lifesteal;basic_power;basic_power;basic_power;basic_hp;basic_as;basic_mr;basic_as;basic_hp;basic_hp;basic_armor;basic_as;basic_power;basic_mr;basic_armor;basic_mr"
7,1,562,114,150,bot1_2,Quiller,1,SLAYER,physical,16,5,18,6.8,22425,13448,7330,576,27.7,1.2,313,696,76,40,14,172,6147,656,486,76,0.865,1.7,1.83,"special_lifesteal;basic_power;basic_hp;basic_as;basic_mr;basic_power;basic_armor;basic_hp;basic_as;basic_power;basic_hp;basic_as;basic_mr;basic_mr;basic_armor;basic_armor;basic_power;basic_hp;basic_as;basic_power"
7,1,562,114,150,bot0_3,Zephyr,0,SPLITPUSHER,magical,4,10,12,1.6,16623,6732,16689,498,16.4,1.2,484,596,48,58,12,70,4120,440,411,151,0.731,0.4,0.4,"special_lifesteal;basic_power;basic_hp;basic_power;basic_haste;basic_hp;basic_armor;basic_armor;basic_mr;basic_mr;basic_hp;basic_power;basic_haste;basic_haste"
7,1,562,114,150,bot1_3,Tamer,1,MAGE,magical,12,8,23,4.38,21148,13756,9810,6391,31.1,14.5,337,610,72,19,14,233,5883,628,442,120,0.787,1.3,1.4,"special_lifesteal;basic_power;basic_power;basic_hp;basic_mr;basic_hp;basic_haste;basic_power;basic_armor;basic_hp;basic_mr;basic_haste;basic_armor;basic_power;basic_mr;basic_haste;basic_hp;basic_armor;basic_hp"
7,1,562,114,150,bot0_4,Reaper,0,SPLITPUSHER,magical,3,12,16,1.58,15821,10896,14941,424,24.1,0.9,446,731,56,30,12,63,4138,442,452,109,0.805,0.3,0.73,"special_lifesteal;basic_power;basic_hp;basic_power;basic_hp;basic_hp;basic_haste;basic_power;basic_mr;basic_haste;basic_hp;basic_armor;basic_armor;basic_mr"
7,1,562,114,150,bot1_4,Jailer,1,TANK,magical,8,4,30,9.5,21651,16441,11363,0,33.3,0,508,737,49,36,14,56,5656,604,494,68,0.878,0.9,1.45,"basic_hp;basic_hp;basic_hp;basic_hp;basic_mr;basic_mr;basic_mr;basic_hp;basic_armor;basic_mr;basic_hp;basic_mr;basic_power;basic_haste;basic_mr;basic_armor;basic_as;basic_power;basic_armor"
8,1,405,55,151,bot0_1,Healer,0,SUPPORT,magical,1,7,6,1,5854,3315,10351,4404,10.3,13.7,130,190,39,18,9,21,2671,396,321,84,0.791,0.1,0.32,"special_gw;basic_hp;basic_mr;basic_hp;basic_power;basic_mr;basic_power;basic_haste;basic_hp"
8,1,405,55,151,bot1_1,Hana,1,TANK,magical,5,2,20,12.5,24948,15711,7546,0,41.5,0,497,954,20,47,13,112,4287,635,379,26,0.935,0.7,2.08,"special_gw;basic_hp;basic_armor;basic_mr;basic_hp;basic_power;basic_hp;basic_armor;basic_haste;basic_mr;basic_hp;basic_mr;basic_armor;basic_hp"
8,1,405,55,151,bot0_2,Vanguard,0,FIGHTER,physical,1,5,4,1,13034,6379,13254,194,19,0.6,676,784,49,31,9,272,2597,385,336,69,0.829,0.1,0.48,"basic_hp;basic_hp;special_lifesteal;basic_mr;basic_mr;basic_power;basic_as;basic_haste"
8,1,405,55,151,bot1_2,Zephyr,1,SPLITPUSHER,magical,8,3,13,7,16211,7516,8500,485,20.8,1.3,426,534,53,56,12,266,4341,643,361,44,0.892,1.2,0.88,"special_lifesteal;basic_power;basic_hp;basic_haste;basic_power;basic_hp;basic_mr;basic_armor;basic_hp;basic_armor;basic_power;basic_haste;basic_hp;basic_mr"
8,1,405,55,151,bot0_3,Wanderer,0,SLAYER,physical,2,7,6,1.14,14386,9550,9600,0,31.3,0,509,866,21,15,10,129,2854,423,305,100,0.753,0.3,0.99,"basic_hp;basic_hp;basic_hp;basic_mr;basic_mr;basic_power;basic_as;basic_mr;basic_haste;basic_hp"
8,1,405,55,151,bot1_3,Volstrov,1,MAGE,magical,8,2,13,10.5,15839,7984,3858,417,21.1,1.1,301,528,14,14,13,239,4389,650,378,27,0.933,1.2,2.07,"special_lifesteal;basic_hp;basic_power;basic_hp;basic_power;basic_hp;basic_power;basic_hp;basic_haste;basic_mr;basic_haste;basic_armor;basic_hp;basic_mr"
8,1,405,55,151,bot0_4,Eggchanter,0,SUPPORT,magical,4,6,3,1.17,6087,3286,8697,3250,10.1,10,119,175,29,17,10,92,2992,443,324,81,0.8,0.6,0.38,"special_gw;special_gw;basic_hp;basic_mr;basic_hp;basic_mr;basic_power;basic_haste;basic_armor"
8,1,405,55,151,bot1_4,Jirina,1,FIGHTER,magical,4,1,20,24,16513,7981,5767,3702,20.5,9.5,369,464,53,16,13,220,4170,618,389,16,0.961,0.6,1.38,"basic_hp;basic_hp;special_lifesteal;basic_hp;basic_hp;basic_hp;basic_armor;basic_mr;basic_power;basic_haste;basic_mr;basic_armor;basic_hp"
9,0,505,152,127,bot0_1,Summoner,0,MAGE,magical,2,7,20,3.14,10977,6332,8302,291,15.5,0.7,202,244,62,32,12,143,3918,466,408,97,0.809,0.2,0.76,"special_lifesteal;basic_power;basic_hp;basic_mr;basic_power;basic_haste;basic_hp;basic_mr;basic_haste;basic_as;basic_power;basic_mr;basic_hp"
9,0,505,152,127,bot1_1,Volstrov,1,MAGE,magical,1,7,22,3.29,18064,7186,10900,369,18.3,0.9,276,471,15,15,13,32,4107,488,393,112,0.778,0.1,0.66,"basic_hp;basic_hp;special_lifesteal;basic_power;basic_power;basic_mr;basic_mr;basic_armor;basic_hp;basic_haste;basic_hp;basic_armor;basic_haste;basic_mr"
9,0,505,152,127,bot0_2,Goliath,0,TANK,physical,7,6,15,3.67,14218,9243,14492,4470,21.6,10.4,381,515,54,37,12,164,4439,528,429,76,0.849,0.8,0.64,"basic_hp;basic_hp;basic_mr;basic_power;basic_as;basic_armor;basic_haste;basic_mr;basic_hp;basic_mr;basic_power;basic_hp;basic_mr;basic_hp;basic_mr"
9,0,505,152,127,bot1_2,Healer,1,SUPPORT,magical,4,6,20,4,10220,5604,13983,8241,13.9,20.4,156,220,57,21,12,103,4278,508,403,102,0.799,0.5,0.4,"basic_hp;basic_hp;special_gw;basic_hp;basic_mr;basic_hp;basic_armor;basic_hp;basic_power;basic_armor;basic_haste;basic_armor;basic_mr;basic_mr"
9,0,505,152,127,bot0_3,Zephyr,0,SPLITPUSHER,magical,2,7,19,3,13748,7580,10105,718,18.6,1.8,457,563,48,47,11,308,3808,453,407,98,0.807,0.2,0.75,"special_lifesteal;special_lifesteal;basic_power;basic_hp;basic_mr;basic_haste;basic_power;basic_armor;basic_hp;basic_power;basic_hp"
9,0,505,152,127,bot1_3,Tamer,1,MAGE,magical,8,9,17,2.78,22787,11996,11590,4173,30.2,10.5,376,565,52,18,14,27,5002,594,397,107,0.787,1,1.04,"special_lifesteal;basic_power;basic_hp;basic_power;basic_power;basic_haste;basic_mr;basic_hp;basic_armor;basic_power;basic_haste;basic_hp;basic_mr;basic_haste;basic_armor;basic_mr;basic_armor"
9,0,505,152,127,bot0_4,Kratoma,0,SLAYER,physical,13,6,11,4,30908,15621,8354,569,36.8,1.3,426,813,37,40,13,188,5238,622,425,80,0.842,1.5,1.87,"special_lifesteal;basic_power;basic_power;basic_as;basic_hp;basic_mr;basic_power;basic_haste;basic_as;basic_power;basic_as;basic_hp;basic_mr;basic_power;basic_haste;basic_as;basic_hp"
9,0,505,152,127,bot1_4,Reaper,1,SPLITPUSHER,magical,13,2,9,11,27060,14080,12283,1773,30.2,3.8,606,919,62,33,13,80,5230,622,467,38,0.925,1.5,1.15,"special_lifesteal;special_lifesteal;basic_power;basic_power;basic_power;basic_hp;basic_hp;basic_haste;basic_hp;basic_armor;basic_power;basic_power;basic_hp;basic_mr;basic_power;basic_haste"
10,0,335,152,5,bot0_1,Oracle,0,MAGE,physical,11,1,13,24,16974,6078,4781,486,18.2,1.5,308,495,28,26,12,169,4244,761,335,0,1,2,1.27,"special_lifesteal;basic_hp;basic_hp;basic_hp;basic_as;basic_power;basic_as;basic_mr;basic_power;basic_mr;basic_armor;basic_as;basic_armor;basic_hp"
10,0,335,152,5,bot1_1,Pyromancer,1,SLAYER,magical,1,7,3,0.57,8134,2757,6518,130,10.3,0.5,390,425,20,16,8,141,2241,402,267,67,0.799,0.2,0.42,"special_lifesteal;basic_power;basic_power;basic_hp;basic_power;basic_haste;basic_mr"
10,0,335,152,5,bot0_2,Doctor,0,SUPPORT,physical,4,3,20,8,12810,8131,9464,7518,27.1,25,337,507,33,19,11,288,3538,634,300,34,0.898,0.7,0.86,"basic_hp;basic_hp;basic_hp;basic_mr;basic_hp;basic_armor;basic_power;basic_as;basic_mr;basic_armor;basic_power;basic_as"
10,0,335,152,5,bot1_2,Wanderer,1,SLAYER,physical,3,6,1,0.67,14755,8064,8701,0,31.4,0,849,1085,20,14,9,263,2438,437,257,78,0.767,0.5,0.93,"basic_hp;basic_hp;basic_hp;basic_mr;basic_hp;basic_armor;basic_armor;basic_power"
10,0,335,152,5,bot0_3,Hana,0,TANK,magical,5,1,14,19,12607,5882,5317,0,18.3,0,396,926,10,35,11,313,3488,625,321,14,0.959,0.9,1.11,"basic_hp;basic_hp;basic_hp;basic_armor;basic_hp;basic_mr;basic_mr;basic_power;basic_hp;basic_hp;basic_armor"
10,0,335,152,5,bot1_3,Tamer,1,MAGE,magical,1,9,4,0.56,8825,5999,7948,2624,27.6,12.1,277,410,21,9,9,250,2300,412,218,117,0.65,0.2,0.75,"special_lifesteal;basic_power;basic_hp;basic_power;basic_haste;basic_mr;basic_armor"
10,0,335,152,5,bot0_4,Zephyr,0,SPLITPUSHER,magical,9,0,16,25,21702,9010,5127,618,26.9,1.8,503,719,44,44,11,218,4143,743,335,0,1,1.6,1.76,"special_lifesteal;basic_power;basic_hp;basic_power;basic_haste;basic_hp;basic_hp;basic_power;basic_mr;basic_armor;basic_hp;basic_power;basic_hp"
10,0,335,152,5,bot1_4,Quiller,1,SLAYER,physical,0,7,4,0.57,6287,3333,7960,0,13.3,0,161,348,32,20,8,183,2083,373,251,83,0.751,0,0.42,"basic_hp;basic_hp;basic_hp;basic_hp;basic_armor;basic_mr;basic_power"
11,0,335,151,8,bot0_1,Cleric,0,SUPPORT,magical,5,1,22,27,7958,5549,5155,10619,17.1,32.7,349,414,51,41,11,72,3897,699,325,10,0.971,0.9,1.08,"special_gw;basic_hp;basic_hp;basic_power;basic_armor;basic_power;basic_armor;basic_haste;basic_hp;basic_mr;basic_hp;basic_armor;basic_power"
11,0,335,151,8,bot1_1,Goliath,1,TANK,physical,0,8,1,0.13,7224,4208,12782,1226,15.8,4.6,521,579,31,19,8,182,1982,355,267,68,0.797,0,0.33,"special_gw;basic_hp;basic_hp;basic_mr;basic_armor;basic_power"
11,0,335,151,8,bot0_2,Jailer,0,TANK,magical,3,1,24,27,13700,9464,3832,0,29.6,0,372,487,32,23,11,101,3626,650,320,15,0.956,0.5,2.47,"basic_hp;basic_hp;special_gw;basic_armor;basic_power;basic_mr;basic_haste;basic_hp;basic_armor;basic_armor;basic_mr;basic_hp"
11,0,335,151,8,bot1_2,Oracle,1,MAGE,physical,2,8,0,0.25,10811,5587,10341,260,21.1,1,607,736,15,13,9,241,2316,415,265,70,0.791,0.4,0.54,"special_lifesteal;basic_power;basic_power;basic_hp;basic_as;basic_as;basic_mr"
11,0,335,151,8,bot0_3,Kratoma,0,SLAYER,physical,13,0,14,27,16987,10564,8097,449,31.6,1.3,328,602,28,27,12,124,4549,816,335,0,1,2.3,1.3,"basic_hp;basic_hp;special_lifesteal;basic_power;basic_power;basic_as;basic_hp;basic_power;basic_armor;basic_as;basic_hp;basic_power;basic_mr;basic_as;basic_armor"
11,0,335,151,8,bot1_3,Fusilier,1,SLAYER,physical,0,8,1,0.13,11549,5649,8021,236,24.2,1,342,573,30,12,8,14,2064,370,234,101,0.698,0,0.7,"special_lifesteal;basic_power;basic_hp;basic_as;basic_power;basic_mr;basic_armor"
11,0,335,151,8,bot0_4,Jirina,0,FIGHTER,magical,8,0,20,28,19464,10481,3056,1695,31.3,5.1,463,628,46,8,12,135,4160,746,335,0,1,1.4,3.43,"basic_hp;basic_hp;basic_hp;basic_armor;basic_mr;basic_haste;basic_armor;basic_hp;basic_power;basic_armor;basic_hp;basic_as;basic_hp;basic_armor"
11,0,335,151,8,bot1_4,Eggchanter,1,SUPPORT,magical,0,5,2,0.4,4547,2337,8942,2112,8.7,7.8,132,195,20,10,9,297,2147,385,269,65,0.805,0,0.26,"special_gw;basic_hp;basic_power;basic_hp;basic_hp;basic_mr"
12,1,350,49,150,bot0_1,Cleric,0,SUPPORT,magical,1,7,6,1,7317,4082,10159,3743,16,14.7,299,358,39,29,9,112,2462,422,255,95,0.73,0.2,0.4,"basic_hp;basic_hp;basic_hp;basic_armor;basic_armor;basic_mr;basic_haste;basic_power;basic_as"
12,1,350,49,150,bot1_1,Pyromancer,1,SLAYER,magical,8,3,13,7,15030,10742,6262,238,34.3,0.8,424,638,35,27,11,252,3777,647,313,37,0.894,1.4,1.72,"special_lifesteal;basic_power;basic_power;basic_hp;basic_mr;basic_haste;basic_hp;basic_power;basic_mr;basic_armor;basic_hp;basic_hp"
12,1,350,49,150,bot0_2,Healer,0,SUPPORT,magical,2,6,5,1.17,6778,4612,11250,4217,17.1,15.6,140,200,39,18,9,161,2511,430,270,80,0.772,0.3,0.41,"basic_hp;basic_hp;basic_hp;basic_armor;basic_armor;basic_mr;basic_power;basic_haste;basic_as"
12,1,350,49,150,bot1_2,Doctor,1,SUPPORT,physical,4,1,15,19,6950,5824,7271,12061,17.2,35.6,209,347,25,24,11,102,3377,579,338,12,0.967,0.7,0.8,"special_gw;basic_hp;basic_hp;basic_mr;basic_hp;basic_power;basic_mr;basic_power;basic_hp;basic_as;basic_mr"
12,1,350,49,150,bot0_3,Jirina,0,FIGHTER,magical,3,4,4,1.75,19449,13036,10244,2031,44.7,7,630,898,41,16,9,300,2675,458,292,58,0.833,0.5,1.27,"special_lifesteal;basic_power;basic_power;basic_hp;basic_power;basic_hp;basic_armor;basic_haste"
12,1,350,49,150,bot1_3,Goliath,1,TANK,physical,3,2,18,10.5,11706,10000,7885,2314,29.5,6.8,480,529,40,26,10,279,3279,562,339,11,0.969,0.5,1.27,"special_gw;basic_hp;basic_hp;basic_hp;basic_mr;basic_armor;basic_mr;basic_power;basic_hp;basic_mr"
12,1,350,49,150,bot0_4,Ironclad,0,TANK,physical,1,4,5,1.5,6577,4842,12043,0,16.4,0,442,604,26,15,9,313,2388,409,296,55,0.844,0.2,0.4,"basic_hp;basic_hp;basic_hp;basic_armor;basic_mr;basic_power;basic_as;basic_haste"
12,1,350,49,150,bot1_4,Wanderer,1,SLAYER,physical,6,1,13,19,23250,15150,7103,655,44.6,1.9,635,1060,31,22,11,56,3581,614,339,11,0.969,1,2.13,"special_lifesteal;basic_power;basic_hp;basic_power;basic_power;basic_as;basic_hp;basic_as;basic_hp;basic_mr;basic_as;basic_mr"
13,1,317,29,151,bot0_1,Pyromancer,0,SLAYER,magical,1,7,7,1.14,8617,2941,6434,89,12.9,0.4,279,366,21,16,9,114,2464,466,229,88,0.722,0.2,0.46,"special_lifesteal;basic_power;basic_power;basic_hp;basic_power;basic_haste;basic_mr;basic_armor"
13,1,317,29,151,bot1_1,Tamer,1,MAGE,magical,15,3,8,7.67,17627,12091,4452,4749,43.3,17,368,600,41,16,11,28,4453,843,279,38,0.88,2.8,2.72,"special_lifesteal;basic_power;basic_power;basic_power;basic_hp;basic_power;basic_haste;basic_mr;basic_armor;basic_hp;basic_haste;basic_power;basic_hp;basic_mr;basic_armor"
13,1,317,29,151,bot0_2,Oracle,0,MAGE,physical,3,6,5,1.33,9853,5138,6869,214,21.5,0.9,441,566,16,13,10,133,2733,517,239,78,0.754,0.6,0.75,"special_lifesteal;basic_power;basic_hp;basic_as;basic_mr;basic_power;basic_armor;basic_hp;basic_as"
13,1,317,29,151,bot1_2,Bruiser,1,FIGHTER,physical,3,1,9,12,11375,4310,6915,0,14.2,0,219,424,51,33,9,66,2741,519,304,13,0.96,0.6,0.62,"basic_hp;basic_hp;basic_hp;basic_mr;basic_power;basic_as;basic_mr;basic_armor;basic_haste;basic_hp"
13,1,317,29,151,bot0_3,Jailer,0,TANK,magical,3,6,5,1.33,7533,4912,9269,0,19.3,0,314,431,19,15,9,109,2559,484,255,62,0.803,0.6,0.53,"special_gw;basic_hp;basic_mr;basic_hp;basic_hp;basic_mr;basic_armor;basic_hp"
13,1,317,29,151,bot1_3,Ironclad,1,TANK,physical,3,1,16,19,7848,4601,6341,0,15.2,0,230,339,33,25,10,97,3197,605,303,14,0.957,0.6,0.73,"basic_hp;basic_hp;basic_mr;basic_armor;basic_hp;basic_hp;basic_power;basic_mr;basic_hp;basic_armor;basic_mr"
13,1,317,29,151,bot0_4,Volstrov,0,MAGE,magical,1,7,7,1.14,15159,6572,9085,342,29,1.5,274,489,17,21,10,120,2620,496,226,91,0.714,0.2,0.72,"special_lifesteal;basic_power;basic_hp;basic_power;basic_hp;basic_hp;basic_power;basic_hp"
13,1,317,29,151,bot1_4,Mage,1,MAGE,magical,5,3,11,5.33,15381,8845,5148,424,30.8,1.5,672,912,49,22,10,7,3207,607,287,30,0.905,0.9,1.72,"special_lifesteal;basic_power;basic_hp;basic_power;basic_hp;basic_power;basic_mr;basic_haste;basic_armor;basic_hp;basic_mr"
14,0,340,152,55,bot0_1,Ironclad,0,TANK,physical,4,2,19,11.5,7926,5525,7957,0,17.4,0,297,401,29,22,11,231,3581,631,317,23,0.931,0.7,0.69,"basic_hp;basic_hp;basic_hp;basic_hp;basic_mr;basic_mr;basic_armor;basic_mr;basic_armor;basic_mr;basic_power;basic_power"
14,0,340,152,55,bot1_1,Pyromancer,1,SLAYER,magical,4,7,5,1.29,8765,4678,8133,116,19.5,0.5,270,480,23,15,9,175,2800,493,241,100,0.706,0.7,0.58,"special_lifesteal;basic_power;basic_hp;basic_power;basic_haste;basic_armor;basic_power;basic_mr;basic_hp"
14,0,340,152,55,bot0_2,Fusilier,0,SLAYER,physical,8,2,13,10.5,15822,9460,4788,523,29.9,1.7,338,658,50,17,11,136,3911,689,316,24,0.928,1.4,1.98,"special_lifesteal;basic_power;basic_hp;basic_power;basic_hp;basic_hp;basic_as;basic_mr;basic_power;basic_as;basic_as;basic_mr;basic_armor"
14,0,340,152,55,bot1_2,Oracle,1,MAGE,physical,2,6,7,1.5,11477,6214,7402,291,24.4,1.1,436,635,17,15,9,8,2658,468,255,86,0.748,0.4,0.84,"special_lifesteal;basic_power;basic_power;basic_power;basic_as;basic_as;basic_hp;basic_hp;basic_armor"
14,0,340,152,55,bot0_3,Kratoma,0,SLAYER,physical,6,3,18,8,10290,7005,4829,366,23,1.2,250,433,25,23,11,323,3798,669,304,36,0.894,1.1,1.45,"special_lifesteal;basic_power;basic_power;basic_hp;basic_hp;basic_as;basic_power;basic_mr;basic_armor;basic_hp;basic_as;basic_mr"
14,0,340,152,55,bot1_3,Healer,1,SUPPORT,magical,1,6,7,1.33,7225,3514,10092,3944,12.2,13.7,140,202,41,15,9,20,2495,440,289,52,0.848,0.2,0.35,"basic_hp;basic_hp;basic_hp;basic_armor;basic_armor;basic_armor;basic_hp;basic_power;basic_haste"
14,0,340,152,55,bot0_4,Bruiser,0,FIGHTER,physical,7,2,17,12,17628,11882,5122,0,37.5,0,339,617,47,32,11,68,3918,690,317,23,0.931,1.2,2.32,"basic_hp;basic_hp;basic_hp;basic_mr;basic_mr;basic_mr;basic_armor;basic_hp;basic_power;basic_armor;basic_as;basic_power;basic_as;basic_armor"
14,0,340,152,55,bot1_4,Hana,1,TANK,magical,2,6,7,1.5,10192,6913,11535,0,26.8,0,395,870,14,39,9,159,2584,455,258,83,0.757,0.4,0.6,"basic_hp;basic_hp;basic_hp;basic_armor;basic_haste;basic_armor;basic_haste;basic_power;basic_armor"
15,1,503,138,150,bot0_1,Oracle,0,MAGE,physical,7,6,9,2.67,29323,15661,13180,857,39.1,2.1,678,905,36,30,12,194,4244,506,401,102,0.796,0.8,1.19,"special_lifesteal;basic_power;basic_power;basic_as;basic_hp;basic_as;basic_armor;basic_power;basic_mr;basic_hp;basic_as;basic_armor;basic_hp;basic_mr"
15,1,503,138,150,bot1_1,Healer,1,SUPPORT,magical,8,3,16,8,12058,7886,10044,11109,17.1,24,162,204,75,25,14,302,4952,590,462,41,0.919,1,0.79,"special_gw;basic_hp;basic_armor;basic_mr;basic_power;basic_haste;basic_hp;basic_hp;basic_hp;basic_hp;basic_armor;basic_hp;basic_armor;basic_mr;basic_hp"
15,1,503,138,150,bot0_2,Hana,0,TANK,magical,3,7,10,1.86,12814,9320,14882,0,23.7,0,352,766,12,45,11,69,3569,426,394,109,0.783,0.4,0.63,"special_gw;basic_hp;basic_hp;basic_hp;basic_armor;basic_mr;basic_power;basic_hp;basic_haste;basic_armor;basic_mr;basic_power"
15,1,503,138,150,bot1_2,Jailer,1,TANK,magical,7,3,18,8.33,22776,13099,11284,0,28.3,0,446,576,46,48,14,226,4926,587,462,41,0.919,0.8,1.16,"basic_hp;basic_hp;basic_hp;basic_hp;basic_hp;basic_armor;basic_hp;basic_mr;basic_haste;basic_hp;basic_armor;basic_mr;basic_power;basic_armor;basic_mr;basic_haste"
15,1,503,138,150,bot0_3,Goliath,0,TANK,physical,1,6,12,2.17,14701,8295,16481,2875,20,6.9,326,497,43,33,11,81,3381,403,415,88,0.825,0.1,0.5,"basic_hp;basic_hp;basic_mr;basic_hp;basic_armor;basic_as;basic_power;basic_armor;basic_haste;basic_hp;basic_mr;basic_hp"
15,1,503,138,150,bot1_3,Wanderer,1,SLAYER,physical,7,5,19,5.2,34183,20197,11119,0,43.8,0,756,1428,42,34,14,91,4966,592,461,42,0.917,0.8,1.82,"basic_hp;basic_hp;basic_hp;basic_armor;basic_mr;basic_hp;basic_hp;basic_hp;basic_power;basic_armor;basic_armor;basic_as;basic_mr;basic_mr;basic_haste;basic_power;basic_armor"
15,1,503,138,150,bot0_4,Eggchanter,0,SUPPORT,magical,6,7,9,2.14,9039,6798,13961,7151,17.2,18.1,141,229,46,23,11,188,3913,467,396,108,0.786,0.7,0.49,"basic_hp;basic_hp;basic_armor;basic_mr;basic_hp;basic_hp;basic_hp;basic_armor;basic_mr;basic_armor;basic_power;basic_hp;basic_haste"
15,1,503,138,150,bot1_4,Kratoma,1,SLAYER,physical,4,6,22,4.33,20042,11974,10800,467,25.9,1,292,561,35,36,13,62,4487,535,463,40,0.92,0.5,1.11,"special_lifesteal;basic_power;basic_power;basic_hp;basic_as;basic_armor;basic_mr;basic_hp;basic_power;basic_hp;basic_as;basic_mr;basic_as;basic_power;basic_hp"
16,0,452,150,110,bot0_1,Tamer,0,MAGE,magical,14,5,10,4.8,17350,10618,8592,5630,28,14.9,336,565,46,17,13,241,5266,699,379,73,0.838,1.9,1.24,"basic_hp;basic_hp;basic_hp;basic_armor;basic_armor;basic_haste;basic_hp;basic_armor;basic_hp;basic_armor;basic_hp;basic_mr;basic_haste;basic_power;basic_as;basic_armor;basic_armor"
16,0,452,150,110,bot1_1,Bruiser,1,FIGHTER,physical,4,8,12,2,10582,5996,11265,265,18.2,0.8,399,758,47,38,11,167,3667,487,330,122,0.73,0.5,0.53,"basic_hp;basic_hp;special_lifesteal;basic_power;basic_as;basic_power;basic_armor;basic_mr;basic_hp;basic_as;basic_power;basic_as"
16,0,452,150,110,bot0_2,Vanguard,0,FIGHTER,physical,3,5,18,4.2,13109,6629,10273,270,17.3,0.7,442,916,61,29,11,285,3760,499,383,69,0.847,0.4,0.65,"basic_hp;basic_hp;special_lifesteal;basic_power;basic_power;basic_as;basic_hp;basic_armor;basic_mr;basic_as;basic_power;basic_armor"
16,0,452,150,110,bot1_2,Wanderer,1,SLAYER,physical,4,5,16,4,23170,9503,9946,555,24.5,1.4,823,1118,29,23,12,5,4105,545,388,64,0.858,0.5,0.96,"special_lifesteal;basic_power;basic_power;basic_hp;basic_hp;basic_as;basic_power;basic_as;basic_mr;basic_hp;basic_as;basic_armor;basic_power;basic_armor"
16,0,452,150,110,bot0_3,Hana,0,TANK,magical,4,6,20,4,17764,11480,10255,0,31.9,0,810,1274,11,43,13,201,4276,568,360,92,0.797,0.5,1.12,"basic_hp;basic_hp;basic_hp;basic_armor;basic_mr;basic_power;basic_haste;basic_armor;basic_power;basic_mr;basic_as;basic_haste;basic_as;basic_hp;basic_armor"
16,0,452,150,110,bot1_3,Jailer,1,TANK,magical,8,5,12,4,19011,10950,10164,0,29.4,0,773,961,30,30,13,31,4456,591,372,80,0.823,1.1,1.08,"basic_hp;basic_hp;basic_armor;basic_mr;basic_armor;basic_power;basic_haste;basic_as;basic_hp;basic_mr;basic_hp;basic_mr;basic_power;basic_hp;basic_haste;basic_as"
16,0,452,150,110,bot0_4,Kratoma,0,SLAYER,physical,3,6,18,3.5,16048,8195,10229,0,22.1,0,297,613,29,31,12,256,3856,512,370,82,0.819,0.4,0.8,"basic_hp;basic_hp;basic_hp;basic_armor;basic_power;basic_hp;basic_as;basic_armor;basic_power;basic_mr;basic_haste;basic_hp;basic_armor"
16,0,452,150,110,bot1_4,Fusilier,1,SLAYER,physical,6,6,14,3.33,15857,8776,8999,507,24.8,1.4,438,694,50,16,12,278,4103,545,354,98,0.784,0.8,0.98,"special_lifesteal;basic_power;basic_power;basic_hp;basic_power;basic_hp;basic_as;basic_hp;basic_armor;basic_as;basic_mr;basic_power;basic_as"
17,1,382,30,150,bot0_1,Hana,0,TANK,magical,0,8,9,1.13,11865,9506,11528,0,34.2,0,446,956,11,33,9,216,2566,403,278,103,0.729,0,0.82,"special_gw;basic_hp;basic_hp;basic_mr;basic_mr;basic_power;basic_haste;basic_power"
17,1,382,30,150,bot1_1,Healer,1,SUPPORT,magical,5,2,21,13,7790,5987,12702,14128,16.8,39.7,159,225,64,22,11,86,3936,619,356,25,0.933,0.8,0.47,"special_gw;basic_hp;basic_hp;basic_power;basic_mr;basic_power;basic_haste;basic_hp;basic_mr;basic_armor;basic_hp;basic_armor;basic_hp"
17,1,382,30,150,bot0_2,Reaper,0,SPLITPUSHER,magical,4,7,5,1.29,27992,17590,9891,697,57.6,2.3,1025,1647,41,20,10,137,3087,485,306,76,0.801,0.6,1.78,"special_lifesteal;basic_power;basic_power;basic_power;basic_hp;basic_power;basic_haste;basic_mr;basic_armor;basic_hp"
17,1,382,30,150,bot1_2,Wanderer,1,SLAYER,physical,5,3,20,8.33,20246,15707,10504,0,46.1,0,565,969,27,23,11,278,3878,610,341,41,0.893,0.8,1.5,"basic_hp;basic_hp;basic_hp;basic_power;basic_power;basic_mr;basic_mr;basic_armor;basic_as;basic_haste;basic_hp;basic_hp;basic_power"
17,1,382,30,150,bot0_3,Ironclad,0,TANK,physical,1,6,8,1.5,13483,9312,12525,0,27.6,0,483,729,31,23,10,225,2850,448,338,44,0.885,0.2,0.74,"special_gw;basic_hp;basic_mr;basic_hp;basic_armor;basic_hp;basic_power;basic_as;basic_mr"
17,1,382,30,150,bot1_3,Cleric,1,SUPPORT,magical,6,3,20,8.67,9679,7829,12808,13480,21.3,36.7,293,353,61,51,11,172,3997,628,367,15,0.962,0.9,0.61,"basic_hp;basic_hp;basic_hp;basic_mr;basic_mr;basic_armor;basic_haste;basic_hp;basic_armor;basic_haste;basic_power;basic_mr;basic_armor;basic_as"
17,1,382,30,150,bot0_4,Lynx,0,SLAYER,physical,4,6,5,1.5,15608,9027,10198,0,28.2,0,593,954,56,41,10,156,3106,488,320,61,0.839,0.6,0.89,"basic_hp;basic_hp;basic_hp;basic_hp;basic_mr;basic_hp;basic_power;basic_mr;basic_mr;basic_hp"
17,1,382,30,150,bot1_4,Jirina,1,FIGHTER,magical,11,1,14,25,20717,12285,10290,6584,33.4,17.9,507,733,47,19,12,149,4524,711,368,14,0.964,1.7,1.19,"special_lifesteal;basic_power;basic_power;basic_power;basic_hp;basic_haste;basic_hp;basic_haste;basic_mr;basic_armor;basic_power;basic_hp;basic_haste;basic_mr;basic_armor"
18,1,411,58,150,bot0_1,Mage,0,MAGE,magical,6,7,10,2.29,20826,8599,9511,399,24.5,1.1,644,680,67,28,13,102,4177,610,350,60,0.853,0.9,0.9,"special_lifesteal;basic_power;basic_hp;basic_hp;basic_mr;basic_power;basic_haste;basic_armor;basic_hp;basic_mr;basic_haste;basic_armor;basic_power;basic_hp"
18,1,411,58,150,bot1_1,Reaper,1,SPLITPUSHER,magical,10,4,13,5.75,21604,16418,10307,856,46.9,2.4,608,971,54,26,12,236,4361,637,350,60,0.853,1.5,1.59,"special_lifesteal;basic_power;basic_power;basic_hp;basic_hp;basic_hp;basic_power;basic_power;basic_haste;basic_mr;basic_haste;basic_hp;basic_armor;basic_mr"
18,1,411,58,150,bot0_2,Doctor,0,SUPPORT,physical,6,6,12,3,7833,4834,10640,4921,13.8,14,431,483,30,19,12,162,3962,578,351,60,0.854,0.9,0.45,"basic_hp;basic_hp;basic_hp;basic_mr;basic_mr;basic_hp;basic_power;basic_power;basic_as;basic_as;basic_armor;basic_armor;basic_mr;basic_haste"
18,1,411,58,150,bot1_2,Jailer,1,TANK,magical,5,4,16,5.25,17177,12585,8312,0,35.9,0,456,567,35,30,12,103,3903,570,350,60,0.853,0.7,1.51,"special_gw;basic_hp;basic_hp;basic_hp;basic_mr;basic_armor;basic_mr;basic_armor;basic_mr;basic_power;basic_haste;basic_power;basic_hp"
18,1,411,58,150,bot0_3,Hana,0,TANK,magical,3,5,13,3.2,11052,6983,12677,0,19.9,0,484,606,13,50,12,245,3570,521,351,60,0.854,0.4,0.55,"basic_hp;basic_hp;basic_mr;basic_hp;basic_mr;basic_power;basic_haste;basic_power;basic_mr;basic_hp;basic_mr;basic_armor"
18,1,411,58,150,bot1_3,Eggchanter,1,SUPPORT,magical,3,4,19,5.5,6744,4865,10439,10176,13.7,28.6,132,199,42,23,11,205,3705,541,356,55,0.867,0.4,0.47,"basic_hp;basic_hp;basic_mr;basic_armor;basic_hp;basic_mr;basic_armor;basic_power;basic_haste;basic_as;basic_power;basic_hp;basic_haste"
18,1,411,58,150,bot0_4,Bruiser,0,FIGHTER,physical,3,6,15,3,24857,14492,12041,692,45.1,2.2,695,1130,50,33,12,80,3830,559,321,90,0.782,0.4,1.2,"special_lifesteal;basic_power;basic_power;basic_hp;basic_mr;basic_hp;basic_as;basic_hp;basic_armor;basic_mr;basic_power;basic_as;basic_armor"
18,1,411,58,150,bot1_4,Pyromancer,1,SLAYER,magical,6,6,12,3,15567,7995,8548,209,21.7,0.6,514,631,38,29,11,189,3789,553,368,43,0.896,0.9,0.94,"special_lifesteal;basic_power;basic_hp;basic_power;basic_power;basic_hp;basic_hp;basic_haste;basic_hp;basic_mr;basic_power;basic_haste"
19,0,317,150,39,bot0_1,Lynx,0,SLAYER,physical,2,3,13,5,11558,7548,5180,374,27.1,1.3,480,765,49,37,9,135,2810,532,279,38,0.88,0.4,1.46,"special_lifesteal;basic_power;basic_power;basic_hp;basic_power;basic_as;basic_hp;basic_hp;basic_mr"
19,0,317,150,39,bot1_1,Kratoma,1,SLAYER,physical,3,5,5,1.6,6640,4492,6799,81,17.8,0.3,260,455,13,14,9,202,2527,478,253,64,0.797,0.6,0.66,"basic_hp;basic_hp;special_lifesteal;basic_power;basic_power;basic_armor;basic_as;basic_haste"
19,0,317,150,39,bot0_2,Quiller,0,SLAYER,physical,11,1,6,17,11375,7230,3888,427,23.7,1.4,285,567,46,27,11,45,3845,728,305,12,0.963,2.1,1.86,"special_lifesteal;basic_power;basic_hp;basic_hp;basic_power;basic_as;basic_hp;basic_as;basic_mr;basic_power;basic_hp;basic_armor;basic_mr"
19,0,317,150,39,bot1_2,Zephyr,1,SPLITPUSHER,magical,2,6,7,1.5,6236,4363,8642,0,18.4,0,362,512,26,20,9,107,2507,474,237,80,0.747,0.4,0.5,"basic_hp;basic_hp;basic_hp;basic_armor;basic_armor;basic_armor;basic_power;basic_haste;basic_as"
19,0,317,150,39,bot0_3,Ironclad,0,TANK,physical,5,3,15,6.67,6756,5835,7736,0,21.1,0,343,491,25,21,11,226,3451,653,276,41,0.871,0.9,0.75,"special_gw;basic_hp;basic_hp;basic_mr;basic_armor;basic_mr;basic_power;basic_as;basic_hp;basic_armor;basic_hp"
19,0,317,150,39,bot1_3,Jirina,1,FIGHTER,magical,1,4,5,1.5,11025,5465,6693,1828,20.6,6.9,305,496,31,11,8,154,2229,422,265,52,0.837,0.2,0.82,"special_lifesteal;basic_power;basic_hp;basic_power;basic_armor;basic_haste;basic_armor"
19,0,317,150,39,bot0_4,Bruiser,0,FIGHTER,physical,3,2,15,9,14032,7791,4002,0,26.6,0,333,595,47,29,10,293,3093,585,293,24,0.923,0.6,1.95,"special_gw;basic_hp;basic_hp;basic_hp;basic_mr;basic_mr;basic_hp;basic_power;basic_hp"
19,0,317,150,39,bot1_4,Healer,1,SUPPORT,magical,3,6,5,1.33,5951,3618,8800,3472,15.2,14.6,157,211,34,15,9,252,2602,492,238,79,0.75,0.6,0.41,"special_heal_power;basic_hp;basic_hp;basic_hp;basic_armor;basic_power;basic_haste;basic_as"
20,1,255,9,150,bot0_1,Jailer,0,TANK,magical,0,6,0,0,9581,4774,9791,0,24.3,0,410,569,17,18,7,306,1631,383,197,59,0.77,0,0.49,"basic_hp;basic_hp;basic_hp;basic_mr;basic_armor"
20,1,255,9,150,bot1_1,Volstrov,1,MAGE,magical,4,0,11,15,9244,4857,2711,292,19,1.1,288,477,5,11,10,15,2965,696,255,0,1,0.9,1.79,"special_lifesteal;basic_power;basic_hp;basic_power;basic_hp;basic_mr;basic_haste;basic_hp;basic_armor;basic_hp"
20,1,255,9,150,bot0_2,Eggchanter,0,SUPPORT,magical,0,5,0,0,2692,1243,6999,2017,6.2,10.1,107,157,13,9,7,286,1611,378,200,56,0.782,0,0.18,"basic_hp;basic_hp;basic_hp;basic_mr;basic_armor"
20,1,255,9,150,bot1_2,Jirina,1,FIGHTER,magical,6,0,13,19,11405,5953,2430,1284,23.3,5,413,655,25,6,10,215,3165,743,255,0,1,1.4,2.45,"special_lifesteal;basic_power;basic_power;basic_hp;basic_power;basic_hp;basic_mr;basic_haste;basic_mr;basic_hp"
20,1,255,9,150,bot0_3,Tamer,0,MAGE,magical,0,7,0,0,7760,3563,6452,1800,19.9,10.1,238,402,16,9,7,151,1701,399,179,77,0.7,0,0.55,"special_lifesteal;basic_power;basic_power;basic_hp;basic_haste"
20,1,255,9,150,bot1_3,Fusilier,1,SLAYER,physical,8,0,13,21,20302,9682,3657,720,37.9,2.8,430,836,43,13,11,200,3475,816,255,0,1,1.9,2.65,"special_lifesteal;basic_power;basic_power;basic_power;basic_as;basic_as;basic_hp;basic_as;basic_power;basic_mr;basic_hp"
20,1,255,9,150,bot0_4,Quiller,0,SLAYER,physical,0,6,0,0,5224,1967,7005,0,10.1,0,150,333,22,18,7,61,1636,384,195,60,0.765,0,0.28,"basic_hp;basic_hp;basic_hp;basic_armor;basic_mr;basic_power"
20,1,255,9,150,bot1_4,Doctor,1,SUPPORT,physical,6,0,18,24,10483,7246,4005,7337,28.4,28.7,240,366,24,16,11,166,3391,796,255,0,1,1.4,1.81,"special_gw;basic_hp;basic_hp;basic_hp;basic_mr;basic_mr;basic_mr;basic_power;basic_armor;basic_power;basic_armor"
21,1,305,12,150,bot0_1,Healer,0,SUPPORT,magical,0,7,2,0.29,6266,3379,11599,5021,14.7,21.9,127,185,36,19,8,111,1986,391,230,75,0.753,0,0.29,"special_gw;basic_hp;basic_hp;basic_armor;basic_hp;basic_armor"
21,1,305,12,150,bot1_1,Quiller,1,SLAYER,physical,3,2,19,11,11994,6604,3658,358,23.9,1.3,280,483,44,27,10,75,3275,644,277,28,0.907,0.6,1.81,"special_lifesteal;basic_power;basic_power;basic_power;basic_hp;basic_as;basic_hp;basic_mr;basic_armor;basic_as;basic_hp"
21,1,305,12,150,bot0_2,Jailer,0,TANK,magical,2,5,1,0.6,8383,5382,8688,0,22.5,0,464,564,21,16,8,72,2172,427,240,65,0.786,0.4,0.62,"basic_hp;basic_hp;basic_mr;basic_armor;basic_power;basic_hp;basic_armor;basic_haste"
21,1,305,12,150,bot1_2,Hana,1,TANK,magical,6,0,17,23,22320,16106,5745,0,52.8,0,609,1047,21,38,11,316,3616,711,305,0,1,1.2,2.8,"basic_hp;basic_hp;basic_hp;basic_mr;basic_mr;basic_armor;basic_haste;basic_hp;basic_armor;basic_mr;basic_armor;basic_power"
21,1,305,12,150,bot0_3,Doctor,0,SUPPORT,physical,1,6,2,0.5,6329,3257,9348,3523,14.2,15.3,278,395,22,13,8,217,2042,402,230,75,0.754,0.2,0.35,"basic_hp;basic_hp;basic_armor;basic_hp;basic_mr;basic_power;basic_as"
21,1,305,12,150,bot1_3,Vanguard,1,FIGHTER,physical,8,1,14,22,13779,7781,4188,455,25.5,1.5,518,870,46,28,11,13,3763,740,305,0,1,1.6,1.86,"special_lifesteal;basic_power;basic_power;basic_power;basic_as;basic_hp;basic_as;basic_mr;basic_armor;basic_hp;basic_hp;basic_mr;basic_armor"
21,1,305,12,150,bot0_4,Zephyr,0,SPLITPUSHER,magical,0,6,2,0.33,6172,2606,9060,170,11.3,0.7,265,329,26,24,8,82,1907,375,231,74,0.757,0,0.29,"special_lifesteal;basic_power;basic_hp;basic_haste;basic_power;basic_hp"
21,1,305,12,150,bot1_4,Jirina,1,FIGHTER,magical,7,0,12,19,10864,6496,4071,5455,21.3,17.9,402,452,43,20,11,209,3534,695,305,0,1,1.4,1.6,"basic_hp;basic_hp;basic_hp;basic_mr;basic_mr;basic_power;basic_mr;basic_power;basic_hp;basic_haste;basic_mr;basic_armor"
22,1,411,79,152,bot0_1,Jirina,0,FIGHTER,magical,6,2,7,6.5,19691,9669,9343,5358,25.5,14.1,547,691,53,25,11,219,3544,517,380,31,0.924,0.9,1.03,"basic_hp;basic_hp;special_lifesteal;basic_hp;basic_hp;basic_power;basic_hp;basic_power;basic_mr;basic_armor;basic_mr"
22,1,411,79,152,bot1_1,Cleric,1,SUPPORT,magical,2,3,15,5.67,9810,5809,8495,9188,15.9,25.1,352,412,45,39,12,243,3568,521,366,45,0.891,0.3,0.68,"basic_hp;basic_hp;basic_hp;basic_hp;basic_mr;basic_mr;basic_mr;basic_mr;basic_power;basic_armor;basic_haste;basic_power"
22,1,411,79,152,bot0_2,Summoner,0,MAGE,magical,3,6,8,1.83,8948,3787,7576,271,11.7,0.8,173,249,50,24,11,279,3204,468,325,86,0.791,0.4,0.5,"special_lifesteal;basic_hp;basic_power;basic_haste;basic_mr;basic_hp;basic_armor;basic_power;basic_hp;basic_power"
22,1,411,79,152,bot1_2,Mage,1,MAGE,magical,10,3,7,5.67,23251,10338,7123,563,28.3,1.5,771,888,72,28,12,114,4364,637,365,46,0.888,1.5,1.45,"special_lifesteal;basic_power;basic_power;basic_hp;basic_haste;basic_power;basic_power;basic_hp;basic_hp;basic_power;basic_mr;basic_haste;basic_haste;basic_hp"
22,1,411,79,152,bot0_3,Jailer,0,TANK,magical,3,6,10,2.17,12093,7095,10251,0,21.7,0,503,569,26,26,11,84,3334,487,327,84,0.796,0.4,0.69,"basic_hp;basic_hp;basic_hp;basic_mr;basic_armor;basic_power;basic_haste;basic_mr;basic_as;basic_hp;basic_mr;basic_armor"
22,1,411,79,152,bot1_3,Kratoma,1,SLAYER,physical,3,4,10,3.25,12770,5986,7575,355,17,1,219,427,25,23,11,85,3310,483,351,59,0.855,0.4,0.79,"special_lifesteal;basic_power;basic_power;basic_as;basic_hp;basic_as;basic_mr;basic_power;basic_armor;basic_power;basic_hp"
22,1,411,79,152,bot0_4,Vanguard,0,FIGHTER,physical,1,4,12,3.25,14981,7737,9290,417,20.3,1.1,475,799,60,38,11,186,3086,451,382,29,0.929,0.1,0.83,"special_lifesteal;special_gw;basic_hp;basic_power;basic_as;basic_power;basic_mr;basic_hp;basic_hp"
22,1,411,79,152,bot1_4,Goliath,1,TANK,physical,3,3,13,5.33,18661,9408,12882,3458,25.5,9.4,429,656,37,32,11,61,3361,491,369,42,0.898,0.4,0.73,"basic_hp;basic_hp;basic_hp;basic_mr;basic_mr;basic_armor;basic_power;basic_hp;basic_as;basic_haste;basic_mr;basic_mr"
23,1,205,0,151,bot0_1,Ironclad,0,TANK,physical,0,6,0,0,1843,932,9306,0,5.8,0,160,213,14,6,6,148,1423,415,162,44,0.786,0,0.1,"basic_hp;basic_hp;basic_armor;basic_mr;basic_power"
23,1,205,0,151,bot1_1,Oracle,1,MAGE,physical,7,0,12,19,8554,5733,1032,165,27.9,0.8,452,622,16,15,10,40,3065,895,205,0,1,2,5.56,"special_lifesteal;basic_power;basic_power;basic_as;basic_hp;basic_power;basic_as;basic_power;basic_as;basic_hp"
23,1,205,0,151,bot0_2,Healer,0,SUPPORT,magical,0,6,0,0,2389,893,7567,1365,6.1,9.4,117,173,17,8,5,29,1354,395,145,60,0.707,0,0.12,"basic_hp;basic_hp;basic_hp;basic_armor;basic_mr"
23,1,205,0,151,bot1_2,Cleric,1,SUPPORT,magical,2,0,19,21,3568,2828,752,2271,13.8,11.1,242,302,27,25,9,181,2706,790,205,0,1,0.6,3.76,"basic_hp;basic_hp;basic_mr;basic_armor;basic_hp;basic_hp;basic_power;basic_mr;basic_hp"
23,1,205,0,151,bot0_3,Eggchanter,0,SUPPORT,magical,0,7,0,0,2047,974,7276,1131,7.7,8.9,121,179,12,6,6,157,1432,418,127,78,0.619,0,0.13,"special_gw;basic_hp;basic_armor;basic_mr"
23,1,205,0,151,bot1_3,Lynx,1,SLAYER,physical,6,0,13,19,18121,10429,1094,0,50.8,0,429,783,42,24,9,302,2927,855,205,0,1,1.8,9.53,"special_gw;basic_hp;basic_hp;basic_hp;basic_power;basic_power;basic_mr;basic_armor;basic_as"
23,1,205,0,151,bot0_4,Goliath,0,TANK,physical,0,5,0,0,1702,280,7596,224,1.7,1.4,68,68,20,5,6,68,1393,407,161,45,0.782,0,0.04,"basic_hp;basic_hp;basic_armor;basic_mr;basic_hp"
23,1,205,0,151,bot1_4,Reaper,1,SPLITPUSHER,magical,9,0,14,23,15558,11649,1219,0,56.7,0,621,1004,28,14,10,58,3233,944,205,0,1,2.6,9.56,"special_gw;basic_hp;basic_hp;basic_power;basic_hp;basic_haste;basic_mr;basic_power;basic_haste;basic_armor;basic_mr"
24,1,387,20,152,bot0_1,Eggchanter,0,SUPPORT,magical,0,8,4,0.5,5989,3908,12587,4440,13.8,15.7,138,237,28,15,9,171,2321,359,283,104,0.73,0,0.31,"basic_hp;basic_hp;basic_hp;basic_mr;basic_power;basic_haste;basic_mr;basic_mr"
24,1,387,20,152,bot1_1,Cleric,1,SUPPORT,magical,5,0,16,21,11310,5100,4424,5673,13.2,14.6,326,381,68,51,12,306,4006,620,387,0,1,0.8,1.15,"basic_hp;basic_hp;basic_hp;basic_hp;basic_mr;basic_armor;basic_haste;basic_hp;basic_hp;basic_armor;basic_mr;basic_haste;basic_power"
24,1,387,20,152,bot0_2,Ironclad,0,TANK,physical,0,6,2,0.33,5893,2844,12471,0,9.3,0,258,317,30,22,9,147,2247,348,306,81,0.791,0,0.23,"special_gw;basic_hp;basic_mr;basic_power;basic_hp;basic_hp;basic_as"
24,1,387,20,152,bot1_2,Reaper,1,SPLITPUSHER,magical,13,1,16,29,43108,20810,6148,1133,55.5,3,1144,1919,68,35,13,213,4688,726,375,13,0.967,2,3.38,"special_lifesteal;basic_power;basic_power;basic_hp;basic_haste;basic_hp;basic_mr;basic_power;basic_armor;basic_hp;basic_haste;basic_power;basic_hp;basic_power;basic_mr"
24,1,387,20,152,bot0_3,Tamer,0,MAGE,magical,4,8,1,0.63,12972,5639,8156,2410,20.4,8.7,277,434,28,10,10,59,2959,458,276,111,0.713,0.6,0.69,"special_lifesteal;basic_power;basic_power;basic_power;basic_hp;basic_haste;basic_mr;basic_as;basic_hp;basic_haste"
24,1,387,20,152,bot1_3,Healer,1,SUPPORT,magical,5,1,21,26,11412,6000,5236,3411,16,9.1,168,232,65,19,12,224,4099,635,375,13,0.967,0.8,1.15,"special_gw;basic_hp;basic_hp;basic_hp;basic_mr;basic_mr;basic_armor;basic_hp;basic_hp;basic_armor;basic_power;basic_armor;basic_haste"
24,1,387,20,152,bot0_4,Fusilier,0,SLAYER,physical,1,8,3,0.5,11815,4938,8596,313,17.8,1.1,286,486,35,12,10,187,2562,397,277,110,0.716,0.2,0.57,"special_lifesteal;basic_power;basic_power;basic_hp;basic_power;basic_as;basic_hp;basic_mr"
24,1,387,20,152,bot1_4,Volstrov,1,MAGE,magical,7,3,14,7,18375,7825,4345,375,22.6,1.1,308,512,21,18,12,381,4181,647,346,41,0.894,1.1,1.8,"special_lifesteal;basic_power;basic_power;basic_hp;basic_haste;basic_mr;basic_power;basic_armor;basic_power;basic_power;basic_power;basic_power"
25,0,346,151,48,bot0_1,Mage,0,MAGE,magical,9,2,15,12,18737,9557,4334,555,30.3,1.8,693,693,62,28,12,107,4232,734,316,30,0.913,1.6,2.21,"special_lifesteal;basic_power;basic_power;basic_hp;basic_hp;basic_power;basic_haste;basic_mr;basic_hp;basic_armor;basic_mr;basic_power;basic_hp;basic_haste"
25,0,346,151,48,bot1_1,Fusilier,1,SLAYER,physical,4,8,5,1.13,9553,6872,10586,270,28.2,1.1,302,483,28,10,9,105,2805,486,244,102,0.704,0.7,0.65,"special_lifesteal;basic_hp;basic_power;basic_hp;basic_as;basic_hp;basic_power;basic_hp;basic_mr"
25,0,346,151,48,bot0_2,Jailer,0,TANK,magical,4,3,18,7.33,14957,9737,6202,0,31.9,0,589,770,31,27,11,93,3643,632,305,41,0.882,0.7,1.57,"basic_hp;basic_hp;basic_hp;basic_hp;basic_mr;basic_mr;basic_armor;basic_armor;basic_power;basic_mr;basic_haste;basic_armor;basic_as"
25,0,346,151,48,bot1_2,Ironclad,1,TANK,physical,4,4,4,2,5518,3472,11021,0,11,0,320,367,29,18,10,133,2833,491,317,29,0.915,0.7,0.32,"basic_hp;basic_hp;basic_hp;basic_hp;basic_mr;basic_armor;basic_power;basic_armor;basic_mr;basic_as"
25,0,346,151,48,bot0_3,Quiller,0,SLAYER,physical,4,2,16,10,16166,9465,3035,0,29.9,0,269,481,48,27,11,90,3590,622,317,29,0.915,0.7,3.12,"basic_hp;basic_hp;basic_power;basic_hp;basic_power;basic_mr;basic_as;basic_hp;basic_armor;basic_as;basic_mr;basic_armor;basic_haste"
25,0,346,151,48,bot1_3,Eggchanter,1,SUPPORT,magical,0,7,9,1.29,5178,2617,10335,5233,10.2,20.3,113,173,25,14,9,66,2441,423,257,89,0.743,0,0.25,"basic_hp;basic_hp;basic_mr;basic_armor;basic_mr;basic_haste;basic_hp;basic_armor;basic_power"
25,0,346,151,48,bot0_4,Lynx,0,SLAYER,physical,7,2,11,9,13713,7696,5310,0,24.1,0,411,587,46,42,11,76,3751,650,319,27,0.921,1.2,1.45,"basic_hp;basic_hp;basic_hp;basic_hp;basic_mr;basic_armor;basic_mr;basic_hp;basic_power;basic_armor;basic_as;basic_hp;basic_haste"
25,0,346,151,48,bot1_4,Pyromancer,1,SLAYER,magical,1,5,6,1.4,11312,4240,6855,181,15.4,0.7,302,498,26,20,9,113,2513,436,276,70,0.797,0.2,0.62,"special_lifesteal;basic_power;basic_power;basic_hp;basic_haste;basic_hp;basic_power;basic_haste"
26,0,270,150,3,bot0_1,Zephyr,0,SPLITPUSHER,magical,7,0,19,26,16901,11977,3498,499,44.4,1.8,495,649,33,27,11,191,3741,831,270,0,1,1.6,3.42,"special_lifesteal;basic_power;basic_power;basic_hp;basic_armor;basic_hp;basic_haste;basic_hp;basic_armor;basic_haste;basic_power;basic_power"
26,0,270,150,3,bot1_1,Eggchanter,1,SUPPORT,magical,0,7,3,0.43,3051,1141,8296,1568,6.2,8.5,124,165,17,10,8,104,1879,417,185,85,0.686,0,0.14,"special_heal_power;basic_hp;basic_mr;basic_armor;basic_haste;basic_power"
26,0,270,150,3,bot0_2,Wanderer,0,SLAYER,physical,4,2,17,10.5,16318,8668,2681,426,35.6,1.7,862,1250,20,15,10,82,3257,724,244,26,0.903,0.9,3.23,"special_lifesteal;basic_power;basic_as;basic_power;basic_as;basic_hp;basic_armor;basic_hp;basic_armor;basic_power;basic_mr"
26,0,270,150,3,bot1_2,Oracle,1,MAGE,physical,1,7,2,0.43,8046,1998,7398,128,10.9,0.7,311,311,13,13,8,256,2031,451,183,87,0.679,0.2,0.27,"special_lifesteal;basic_power;basic_as;basic_hp;basic_mr;basic_armor"
26,0,270,150,3,bot0_3,Tamer,0,MAGE,magical,8,1,17,25,14627,7385,2793,3101,27.4,11.5,348,548,33,9,11,317,3792,843,270,0,1,1.8,2.64,"special_lifesteal;basic_power;basic_hp;basic_armor;basic_power;basic_hp;basic_haste;basic_power;basic_mr;basic_hp;basic_armor;basic_haste"
26,0,270,150,3,bot1_3,Ironclad,1,TANK,physical,1,6,2,0.5,3696,2086,10888,0,10.5,0,194,293,15,11,7,199,1874,416,198,72,0.733,0.2,0.19,"basic_hp;basic_hp;basic_mr;basic_hp;basic_hp;basic_mr"
26,0,270,150,3,bot0_4,Jailer,0,TANK,magical,8,0,18,26,13205,8731,2521,0,32.3,0,522,637,27,20,11,202,3752,834,270,0,1,1.8,3.46,"basic_hp;basic_hp;basic_armor;basic_armor;basic_hp;basic_hp;basic_mr;basic_hp;basic_armor;basic_mr;basic_hp;basic_armor"
26,0,270,150,3,bot1_4,Vanguard,1,FIGHTER,physical,1,7,2,0.43,8454,4424,11298,0,23.8,0,233,461,31,14,7,69,1894,421,186,84,0.69,0.2,0.39,"basic_hp;basic_hp;basic_hp;basic_mr;basic_power;basic_armor;basic_as"
27,1,461,110,150,bot0_1,Bruiser,0,FIGHTER,physical,6,6,9,2.5,11654,7205,10509,348,19.7,1,378,543,52,43,11,60,3810,496,365,96,0.793,0.8,0.69,"basic_hp;basic_hp;special_lifesteal;basic_power;basic_armor;basic_as;basic_power;basic_hp;basic_power;basic_as;basic_mr;basic_armor;basic_mr"
27,1,461,110,150,bot1_1,Kratoma,1,SLAYER,physical,15,5,13,5.6,27191,14151,9963,513,36.4,1.3,437,691,31,34,14,138,5613,731,389,72,0.843,2,1.42,"special_lifesteal;basic_power;basic_hp;basic_as;basic_power;basic_hp;basic_mr;basic_power;basic_armor;basic_hp;basic_as;basic_as;basic_power;basic_hp;basic_as;basic_power;basic_mr;basic_power"
27,1,461,110,150,bot0_2,Volstrov,0,MAGE,magical,4,8,12,2,11678,6875,11158,363,19.7,1,280,498,11,29,11,244,3744,487,350,111,0.759,0.5,0.62,"special_lifesteal;basic_hp;basic_hp;basic_power;basic_armor;basic_haste;basic_hp;basic_mr;basic_power;basic_hp;basic_armor;basic_haste"
27,1,461,110,150,bot1_2,Cleric,1,SUPPORT,magical,3,7,21,3.43,12815,7193,12840,8551,18.1,21.5,371,439,65,50,12,321,4171,543,398,63,0.862,0.4,0.56,"special_heal_power;basic_hp;basic_hp;basic_hp;basic_power;basic_mr;basic_haste;basic_armor;basic_power;basic_mr;basic_haste;basic_hp;basic_hp"
27,1,461,110,150,bot0_3,Summoner,0,MAGE,magical,8,9,12,2.22,12906,9841,10631,388,27.2,1.1,206,295,60,31,12,134,4284,558,362,99,0.786,1,0.93,"special_lifesteal;basic_power;basic_power;basic_hp;basic_power;basic_haste;basic_hp;basic_power;basic_power;basic_armor;basic_haste;basic_mr;basic_armor;basic_hp"
27,1,461,110,150,bot1_3,Goliath,1,TANK,physical,5,5,15,4,12523,5483,14786,2807,13,6.6,275,393,49,30,12,163,4063,529,423,38,0.917,0.7,0.37,"basic_hp;basic_hp;basic_hp;basic_mr;basic_hp;basic_mr;basic_armor;basic_mr;basic_mr;basic_armor;basic_as;basic_armor;basic_power;basic_as"
27,1,461,110,150,bot0_4,Pyromancer,0,SLAYER,magical,2,6,14,2.67,12706,7105,8383,0,19.3,0,304,458,26,21,11,175,3475,452,367,94,0.797,0.3,0.85,"basic_hp;basic_hp;basic_hp;basic_armor;basic_armor;basic_power;basic_hp;basic_haste;basic_mr;basic_as;basic_power;basic_hp"
27,1,461,110,150,bot1_4,Quiller,1,SLAYER,physical,6,3,18,8,34720,11562,7774,1108,28,2.7,385,633,69,37,13,124,4574,595,413,48,0.896,0.8,1.49,"special_lifesteal;basic_hp;basic_hp;basic_power;basic_as;basic_hp;basic_as;basic_mr;basic_power;basic_armor;basic_mr;basic_as;basic_hp;basic_power;basic_hp"
28,1,317,53,150,bot0_1,Volstrov,0,MAGE,magical,0,8,0,0,6740,2663,9171,94,12,0.4,228,346,12,13,8,82,1882,356,223,94,0.702,0,0.29,"basic_hp;basic_hp;special_lifesteal;basic_power;basic_mr;basic_armor"
28,1,317,53,150,bot1_1,Wanderer,1,SLAYER,physical,4,0,20,24,13634,9685,2298,0,30.6,0,783,1264,17,20,11,256,3481,659,317,0,1,0.8,4.21,"special_gw;basic_hp;basic_power;basic_hp;basic_hp;basic_mr;basic_power;basic_mr;basic_hp;basic_as;basic_armor"
28,1,317,53,150,bot0_2,Healer,0,SUPPORT,magical,1,7,0,0.14,4999,3314,9054,2763,14.6,12.2,137,189,27,13,8,195,1995,378,227,90,0.717,0.2,0.37,"special_heal_power;basic_hp;basic_hp;basic_power;basic_armor;basic_mr"
28,1,317,53,150,bot1_2,Lynx,1,SLAYER,physical,15,0,12,27,28778,16318,3242,588,51.5,1.9,910,1520,62,37,11,102,4477,847,317,0,1,2.8,5.03,"special_gw;special_lifesteal;basic_power;basic_power;basic_hp;basic_hp;basic_as;basic_mr;basic_power;basic_as;basic_hp;basic_as;basic_mr;basic_power"
28,1,317,53,150,bot0_3,Goliath,0,TANK,physical,0,6,0,0,4466,1605,9622,632,6.7,2.6,249,249,28,12,8,297,1872,354,241,76,0.76,0,0.17,"basic_hp;basic_hp;basic_hp;basic_armor;basic_mr;basic_power"
28,1,317,53,150,bot1_3,Tamer,1,MAGE,magical,7,0,13,20,11454,5810,2029,1890,18.3,6,298,492,38,8,11,337,3612,684,317,0,1,1.3,2.86,"special_lifesteal;basic_power;basic_power;basic_hp;basic_hp;basic_hp;basic_mr;basic_power;basic_hp;basic_mr;basic_haste"
28,1,317,53,150,bot0_4,Ironclad,0,TANK,physical,0,7,0,0,4519,2148,12285,0,9.3,0,322,322,24,12,7,310,1835,347,230,87,0.726,0,0.17,"special_gw;basic_hp;basic_power;basic_armor;basic_mr"
28,1,317,53,150,bot1_4,Jailer,1,TANK,magical,2,1,15,17,8797,6702,4123,0,21.8,0,320,403,27,26,10,424,2899,549,307,10,0.969,0.4,1.63,"basic_hp;basic_hp;basic_hp;basic_mr;basic_armor;basic_hp;basic_haste;basic_mr;basic_mr"
29,0,522,151,135,bot0_1,Tamer,0,MAGE,magical,11,7,16,3.86,22758,11335,10593,5461,24.3,11.7,339,594,67,23,14,87,5437,624,467,56,0.893,1.3,1.07,"basic_hp;basic_hp;basic_hp;basic_hp;basic_mr;basic_mr;basic_armor;basic_armor;basic_hp;basic_haste;basic_power;basic_haste;basic_mr;basic_as;basic_power;basic_armor;basic_haste;basic_as;basic_mr"
29,0,522,151,135,bot1_1,Kratoma,1,SLAYER,physical,8,7,14,3.14,18189,8598,9436,393,20.9,1,409,579,32,31,13,346,4721,542,412,110,0.789,0.9,0.91,"special_lifesteal;special_gw;basic_power;basic_power;basic_hp;basic_as;basic_hp;basic_armor;basic_hp;basic_power;basic_as;basic_armor;basic_as;basic_hp"
29,0,522,151,135,bot0_2,Jailer,0,TANK,magical,8,5,19,5.4,23321,13245,12558,0,29.7,0,457,928,51,36,13,294,5019,576,446,76,0.854,0.9,1.05,"basic_hp;basic_hp;basic_hp;basic_hp;basic_armor;basic_mr;basic_power;basic_mr;basic_haste;basic_as;basic_armor;basic_hp;basic_armor;basic_power;basic_haste;basic_mr;basic_as"
29,0,522,151,135,bot1_2,Fusilier,1,SLAYER,physical,10,7,15,3.57,19540,12194,12389,0,29.8,0,428,651,59,22,13,179,5004,575,409,113,0.783,1.1,0.98,"basic_hp;basic_hp;basic_power;basic_armor;basic_mr;basic_hp;basic_power;basic_hp;basic_as;basic_hp;basic_haste;basic_power;basic_armor;basic_as;basic_armor;basic_hp;basic_mr"
29,0,522,151,135,bot0_3,Quiller,0,SLAYER,physical,6,7,13,2.71,18948,9820,9872,575,23.3,1.4,405,702,57,37,12,146,4346,499,421,102,0.806,0.7,0.99,"special_lifesteal;basic_power;basic_as;basic_power;basic_as;basic_power;basic_power;basic_as;basic_hp;basic_mr;basic_power;basic_armor;basic_as;basic_hp"
29,0,522,151,135,bot1_3,Pyromancer,1,SLAYER,magical,6,8,16,2.75,16289,6404,12183,185,16.3,0.5,442,719,35,27,13,207,4557,523,394,129,0.754,0.7,0.53,"special_lifesteal;basic_power;basic_hp;basic_power;basic_haste;basic_hp;basic_armor;basic_haste;basic_mr;basic_armor;basic_mr;basic_hp;basic_power;basic_haste;basic_armor"
29,0,522,151,135,bot0_4,Oracle,0,MAGE,physical,4,7,23,3.86,21243,10598,10780,529,23.1,1.2,576,720,36,33,14,383,4808,552,459,63,0.878,0.5,0.98,"special_lifesteal;basic_hp;basic_hp;basic_as;basic_power;basic_hp;basic_as;basic_power;basic_mr;basic_armor;basic_armor;basic_as;basic_hp;basic_power;basic_as"
29,0,522,151,135,bot1_4,Zephyr,1,SPLITPUSHER,magical,2,7,24,3.71,23307,14083,13097,556,29.9,1.2,459,692,56,55,12,129,4254,488,472,51,0.903,0.2,1.08,"special_lifesteal;basic_power;basic_hp;basic_haste;basic_hp;basic_power;basic_hp;basic_armor;basic_mr;basic_power;basic_haste;basic_hp;basic_armor;basic_power"
30,1,470,114,150,bot0_1,Healer,0,SUPPORT,magical,3,5,13,3.2,9830,5994,13884,8508,15.4,21.8,166,225,65,16,11,229,3629,464,390,80,0.83,0.4,0.43,"basic_hp;basic_hp;basic_hp;basic_mr;basic_armor;basic_hp;basic_hp;basic_haste;basic_power;basic_as;basic_mr;basic_hp"
30,1,470,114,150,bot1_1,Oracle,1,MAGE,physical,8,4,13,5.25,21338,13743,7824,585,33,1.4,624,784,28,25,12,346,4496,574,417,53,0.888,1,1.76,"special_lifesteal;basic_power;basic_hp;basic_as;basic_power;basic_power;basic_mr;basic_as;basic_as;basic_armor;basic_power;basic_hp;basic_hp;basic_as"
30,1,470,114,150,bot0_2,Pyromancer,0,SLAYER,magical,1,7,16,2.43,15452,7937,11001,168,22.1,0.5,473,657,31,27,11,11,3486,445,358,111,0.763,0.1,0.72,"special_lifesteal;basic_power;basic_power;basic_hp;basic_haste;basic_mr;basic_hp;basic_hp;basic_armor;basic_power;basic_haste;basic_mr"
30,1,470,114,150,bot1_2,Mage,1,MAGE,magical,9,5,12,4.2,22624,12808,6033,417,31.5,1,675,717,108,28,12,84,4559,582,406,63,0.865,1.1,2.12,"special_lifesteal;basic_power;basic_power;basic_hp;basic_mr;basic_hp;basic_power;basic_hp;basic_haste;basic_mr;basic_haste;basic_armor;basic_power;basic_power;basic_hp"
30,1,470,114,150,bot0_3,Quiller,0,SLAYER,physical,9,5,8,3.4,23195,10836,9675,670,28.3,1.8,339,678,58,36,12,254,4404,563,383,87,0.815,1.1,1.12,"special_lifesteal;basic_power;basic_as;basic_hp;basic_power;basic_mr;basic_power;basic_as;basic_power;basic_armor;basic_hp;basic_as;basic_as;basic_hp"
30,1,470,114,150,bot1_3,Summoner,1,MAGE,magical,2,7,17,2.71,10296,5736,9471,338,13.7,0.8,196,278,57,32,12,205,3780,483,418,52,0.89,0.3,0.61,"special_lifesteal;basic_hp;basic_power;basic_mr;basic_hp;basic_hp;basic_power;basic_hp;basic_haste;basic_mr;basic_power;basic_mr"
30,1,470,114,150,bot0_4,Cleric,0,SUPPORT,magical,5,6,12,2.83,10179,6323,15475,9658,16.8,25.7,313,369,51,41,12,25,3900,498,376,94,0.801,0.6,0.41,"basic_hp;basic_hp;basic_mr;special_heal_power;basic_hp;basic_armor;basic_mr;basic_hp;basic_armor;basic_mr;basic_hp;basic_power;basic_haste"
30,1,470,114,150,bot1_4,Vanguard,1,FIGHTER,physical,4,2,18,11,16918,10097,11353,0,22.6,0,717,917,65,46,11,97,3947,504,447,22,0.952,0.5,0.89,"basic_hp;basic_hp;basic_hp;basic_mr;basic_hp;basic_mr;basic_armor;basic_mr;basic_mr;basic_power;basic_as;basic_armor;basic_power;basic_haste"
31,1,276,21,151,bot0_1,Wanderer,0,SLAYER,physical,0,5,1,0.2,7339,2613,6659,0,12.2,0,372,496,12,12,8,194,1844,401,214,61,0.777,0,0.39,"basic_hp;basic_hp;basic_hp;basic_power;basic_armor;basic_hp"
31,1,276,21,151,bot1_1,Zephyr,1,SPLITPUSHER,magical,5,1,18,23,10818,7629,3081,298,28.9,1.1,340,454,30,30,10,78,3303,718,264,12,0.958,1.1,2.48,"special_lifesteal;basic_power;basic_hp;basic_haste;basic_power;basic_mr;basic_power;basic_hp;basic_haste;basic_power;basic_armor"
31,1,276,21,151,bot0_2,Jirina,0,FIGHTER,magical,1,5,0,0.2,4905,2671,5675,1062,12.4,4.9,416,465,20,7,7,69,1869,406,215,60,0.781,0.2,0.47,"special_lifesteal;special_gw;basic_power;basic_hp;basic_armor"
31,1,276,21,151,bot1_2,Oracle,1,MAGE,physical,8,0,13,21,13345,7315,3023,362,26.5,1.3,402,459,22,21,10,282,3482,757,276,0,1,1.7,2.42,"special_lifesteal;basic_power;basic_as;basic_power;basic_hp;basic_power;basic_mr;basic_as;basic_hp;basic_armor;basic_as"
31,1,276,21,151,bot0_3,Reaper,0,SPLITPUSHER,magical,0,7,1,0.14,5328,2640,7210,125,12.2,0.6,525,739,21,12,7,192,1742,379,216,60,0.784,0,0.37,"special_lifesteal;basic_power;basic_hp;basic_armor;basic_power"
31,1,276,21,151,bot1_3,Kratoma,1,SLAYER,physical,6,0,16,22,11209,6297,2777,381,22.8,1.4,366,591,22,25,10,164,3339,726,276,0,1,1.3,2.27,"special_lifesteal;basic_power;basic_hp;basic_power;basic_as;basic_hp;basic_as;basic_power;basic_mr;basic_mr;basic_armor"
31,1,276,21,151,bot0_4,Hana,0,TANK,magical,1,7,1,0.29,5876,3436,10094,0,18.3,0,213,477,9,21,8,144,1994,434,187,89,0.679,0.2,0.34,"basic_hp;basic_hp;basic_hp;basic_armor;basic_mr;basic_power;basic_armor"
31,1,276,21,151,bot1_4,Doctor,1,SUPPORT,physical,5,1,17,22,8373,6276,4686,3533,23.5,13.2,185,340,18,18,10,229,3254,708,267,9,0.968,1.1,1.34,"special_gw;basic_hp;basic_mr;basic_hp;basic_mr;basic_hp;basic_mr;basic_hp;basic_armor;basic_armor"
32,0,252,151,16,bot0_1,Eggchanter,0,SUPPORT,magical,1,1,11,12,3913,3383,5107,5317,14.1,22.2,116,182,26,13,8,181,2306,548,240,13,0.95,0.2,0.66,"basic_hp;basic_hp;basic_mr;basic_hp;basic_armor;basic_mr;basic_haste;basic_armor"
32,0,252,151,16,bot1_1,Goliath,1,TANK,physical,1,3,3,1.33,4550,2122,7268,700,9.9,3.3,120,231,21,10,8,184,1934,460,215,37,0.853,0.2,0.29,"basic_hp;basic_hp;basic_hp;basic_hp;basic_armor;basic_hp"
32,0,252,151,16,bot0_2,Quiller,0,SLAYER,physical,5,1,7,12,9029,4428,1641,334,18.5,1.4,246,402,38,21,9,110,2710,644,240,13,0.95,1.2,2.7,"special_lifesteal;basic_power;basic_hp;special_gw;basic_as;basic_mr;basic_power;basic_hp"
32,0,252,151,16,bot1_2,Ironclad,1,TANK,physical,2,4,2,1,8921,3888,8983,0,18.9,0,225,329,22,15,9,30,2205,524,205,47,0.814,0.5,0.43,"basic_hp;basic_hp;basic_hp;basic_armor;basic_hp;basic_mr;basic_power;basic_armor"
32,0,252,151,16,bot0_3,Reaper,0,SPLITPUSHER,magical,6,1,6,12,17237,9371,2701,541,37.1,2.1,624,913,35,17,9,364,2814,669,252,0,1,1.4,3.47,"special_lifesteal;basic_power;basic_power;basic_power;basic_hp;basic_hp;basic_haste;basic_power"
32,0,252,151,16,bot1_3,Hana,1,TANK,magical,0,3,3,1,5270,1414,6021,0,5.9,0,264,471,8,29,8,326,1901,452,240,13,0.95,0,0.23,"basic_hp;basic_hp;basic_hp;basic_armor;basic_mr;basic_power"
32,0,252,151,16,bot0_4,Kratoma,0,SLAYER,physical,2,1,11,13,10221,6484,3230,238,27.1,1,274,583,18,17,9,47,2497,594,240,13,0.95,0.5,2.01,"special_lifesteal;basic_power;basic_power;basic_as;basic_as;basic_hp;basic_power;basic_power"
32,0,252,151,16,bot1_4,Volstrov,1,MAGE,magical,1,4,3,1,6887,3450,5083,195,17.6,1,222,499,11,11,9,70,2120,504,196,57,0.776,0.2,0.68,"special_lifesteal;basic_power;basic_hp;basic_power;basic_haste;basic_mr;basic_armor"
33,0,452,152,73,bot0_1,Healer,0,SUPPORT,magical,4,3,21,8.33,8657,6193,12001,10764,15.3,26.6,168,220,69,27,12,202,4177,554,405,47,0.896,0.5,0.52,"basic_hp;basic_hp;basic_hp;basic_mr;basic_mr;basic_mr;basic_armor;basic_power;basic_armor;basic_hp;basic_haste;basic_hp;basic_as;basic_hp"
33,0,452,152,73,bot1_1,Pyromancer,1,SLAYER,magical,6,9,13,2.11,15716,8377,9630,213,22.4,0.6,370,556,29,26,11,135,3985,529,374,78,0.827,0.8,0.87,"special_lifesteal;basic_power;basic_power;basic_power;basic_hp;basic_hp;basic_hp;basic_power;basic_mr;basic_haste;basic_armor;basic_hp;basic_mr"
33,0,452,152,73,bot0_2,Tamer,0,MAGE,magical,10,4,17,6.75,20557,10992,7222,6571,28.7,17.2,275,484,53,20,13,300,5025,667,383,69,0.847,1.3,1.52,"special_lifesteal;basic_hp;basic_hp;basic_hp;basic_power;basic_mr;basic_power;basic_hp;basic_mr;basic_haste;basic_mr;basic_haste;basic_armor;basic_power;basic_armor;basic_hp"
33,0,452,152,73,bot1_2,Reaper,1,SPLITPUSHER,magical,5,8,11,2,10389,5569,10022,303,16.2,0.9,357,496,42,23,11,21,3771,500,344,108,0.761,0.7,0.56,"special_lifesteal;basic_power;basic_hp;basic_mr;basic_power;basic_hp;basic_hp;basic_haste;basic_mr;basic_armor;basic_power;basic_haste;basic_armor"
33,0,452,152,73,bot0_3,Zephyr,0,SPLITPUSHER,magical,9,6,22,5.17,24681,14305,11119,725,37.7,1.9,505,679,51,47,13,254,4904,651,380,72,0.84,1.2,1.29,"special_lifesteal;basic_power;basic_hp;basic_power;basic_power;basic_hp;basic_mr;basic_haste;basic_armor;basic_mr;basic_hp;basic_haste;basic_mr;basic_armor;basic_haste;basic_armor"
33,0,452,152,73,bot1_3,Mage,1,MAGE,magical,3,9,14,1.89,18366,9065,9667,457,27.5,1.4,462,503,69,26,12,146,3771,500,330,122,0.73,0.4,0.94,"special_lifesteal;basic_power;basic_power;basic_hp;basic_power;basic_hp;basic_mr;basic_hp;basic_haste;basic_mr;basic_power;basic_power"
33,0,452,152,73,bot0_4,Quiller,0,SLAYER,physical,9,6,17,4.33,18424,10647,8548,621,25.4,1.5,438,772,62,40,12,215,4690,622,419,33,0.927,1.2,1.25,"special_lifesteal;basic_power;basic_as;basic_hp;basic_power;basic_mr;basic_armor;basic_as;basic_power;basic_as;basic_power;basic_power;basic_hp;basic_as;basic_mr"
33,0,452,152,73,bot1_4,Vanguard,1,FIGHTER,physical,5,6,14,3.17,20578,12681,13955,0,34,0,390,533,62,39,11,234,3909,519,373,79,0.825,0.7,0.91,"basic_hp;basic_hp;basic_hp;basic_hp;basic_mr;basic_mr;basic_armor;basic_mr;basic_power;basic_hp;basic_as;basic_armor;basic_mr"
34,1,288,19,151,bot0_1,Ironclad,0,TANK,physical,1,7,3,0.57,4497,2881,12916,0,12.3,0,332,375,19,15,8,135,2035,424,234,54,0.812,0.2,0.22,"basic_hp;basic_hp;basic_hp;basic_hp;basic_armor;basic_mr;basic_power"
34,1,288,19,151,bot1_1,Jirina,1,FIGHTER,magical,5,0,17,22,12765,6071,2160,1319,21.1,4.6,322,430,36,8,10,84,3359,701,288,0,1,1,2.81,"basic_hp;basic_hp;basic_hp;basic_armor;basic_armor;basic_armor;basic_haste;basic_haste;basic_power;basic_mr;basic_hp;basic_mr"
34,1,288,19,151,bot0_2,Kratoma,0,SLAYER,physical,0,7,3,0.43,4622,1159,7347,121,5.6,0.6,170,190,12,12,7,142,1917,400,208,79,0.724,0,0.16,"special_lifesteal;basic_power;basic_hp;basic_as;basic_armor;basic_mr"
34,1,288,19,151,bot1_2,Wanderer,1,SLAYER,physical,13,0,13,26,28365,16804,2505,733,58.4,2.5,636,926,22,21,11,58,3958,825,288,0,1,2.7,6.71,"special_lifesteal;basic_power;basic_power;basic_as;basic_hp;basic_power;basic_armor;basic_as;basic_power;basic_as;basic_hp;basic_as;basic_hp"
34,1,288,19,151,bot0_3,Vanguard,0,FIGHTER,physical,1,6,2,0.5,6493,2240,7399,133,10.6,0.6,330,382,37,15,8,277,2077,433,211,77,0.733,0.2,0.3,"special_lifesteal;basic_power;basic_power;basic_hp;basic_as;basic_armor"
34,1,288,19,151,bot1_3,Quiller,1,SLAYER,physical,7,1,12,19,9257,4757,2832,316,16.5,1.1,263,449,43,25,10,155,3430,715,288,0,1,1.5,1.68,"special_lifesteal;basic_hp;basic_hp;basic_hp;basic_power;basic_as;basic_as;basic_power;basic_as;basic_armor;basic_hp"
34,1,288,19,151,bot0_4,Zephyr,0,SPLITPUSHER,magical,2,6,1,0.5,7097,3285,8454,169,15.5,0.8,259,446,23,18,8,310,2135,445,212,76,0.736,0.4,0.39,"special_lifesteal;basic_power;basic_power;basic_hp;basic_hp;basic_armor"
34,1,288,19,151,bot1_4,Jailer,1,TANK,magical,1,3,19,6.67,8637,6737,4352,0,27,0,545,676,20,21,10,242,2892,603,250,38,0.868,0.2,1.55,"basic_hp;basic_hp;basic_armor;basic_mr;basic_hp;basic_armor;basic_mr;basic_power;basic_power;basic_haste"
35,0,350,150,26,bot0_1,Healer,0,SUPPORT,magical,5,1,21,26,7582,4847,7119,8150,14.3,24.1,150,215,44,19,11,12,3862,663,339,11,0.969,0.9,0.68,"basic_hp;basic_hp;basic_hp;basic_armor;basic_hp;basic_hp;basic_mr;basic_hp;basic_hp;basic_power;basic_armor;basic_mr;basic_power"
35,0,350,150,26,bot1_1,Summoner,1,MAGE,magical,3,7,3,0.86,4300,2354,8863,113,9.3,0.4,158,222,32,15,9,218,2593,445,253,97,0.724,0.5,0.27,"special_lifesteal;basic_hp;basic_hp;basic_power;basic_hp;basic_mr;basic_haste;basic_power"
35,0,350,150,26,bot0_2,Jailer,0,TANK,magical,4,1,23,27,17617,8146,5405,0,24,0,564,676,35,29,11,105,3830,657,339,11,0.969,0.7,1.51,"basic_hp;basic_hp;basic_hp;basic_armor;basic_armor;basic_mr;basic_mr;basic_armor;basic_power;basic_hp;basic_haste;basic_hp;basic_hp"
35,0,350,150,26,bot1_2,Cleric,1,SUPPORT,magical,3,7,3,0.86,5517,3887,9958,3465,15.2,13.6,307,369,34,26,9,233,2608,448,255,95,0.729,0.5,0.39,"special_gw;basic_hp;basic_hp;basic_mr;basic_hp;basic_armor;basic_mr;basic_power"
35,0,350,150,26,bot0_3,Quiller,0,SLAYER,physical,9,2,14,11.5,11169,5881,5999,307,17.4,0.9,220,397,37,27,12,212,4187,719,337,12,0.965,1.5,0.98,"basic_hp;basic_hp;special_lifesteal;basic_as;basic_hp;basic_power;basic_hp;basic_as;basic_armor;basic_as;basic_mr;basic_hp;basic_hp"
35,0,350,150,26,bot1_3,Fusilier,1,SLAYER,physical,0,9,6,0.67,12165,6595,9147,293,27.1,1.2,388,572,35,11,9,45,2395,411,243,106,0.696,0,0.72,"special_lifesteal;basic_power;basic_power;basic_as;basic_hp;basic_mr;basic_armor;basic_power"
35,0,350,150,26,bot0_4,Reaper,0,SPLITPUSHER,magical,12,2,15,13.5,25822,15798,5369,404,48.6,1.2,752,1169,42,21,12,3,4578,786,325,24,0.93,2.1,2.94,"basic_hp;basic_hp;basic_hp;basic_power;basic_haste;basic_armor;special_lifesteal;basic_power;basic_power;basic_mr;basic_hp;basic_power;basic_haste;basic_hp;basic_hp"
35,0,350,150,26,bot1_4,Wanderer,1,SLAYER,physical,0,7,6,0.86,10443,5828,8018,152,23.3,0.6,560,1197,19,15,10,130,2480,426,250,99,0.716,0,0.73,"special_lifesteal;basic_power;basic_power;basic_as;basic_hp;basic_mr;basic_armor;basic_power"
36,0,376,152,56,bot0_1,Reaper,0,SPLITPUSHER,magical,18,2,15,16.5,36913,21133,7119,823,59.7,2.3,855,1586,50,26,13,269,5369,857,354,21,0.943,2.9,2.97,"special_lifesteal;basic_power;basic_power;basic_hp;basic_power;basic_haste;basic_power;basic_hp;basic_haste;basic_hp;basic_haste;basic_hp;basic_power;basic_mr;basic_armor;basic_armor;basic_haste"
36,0,376,152,56,bot1_1,Quiller,1,SLAYER,physical,1,8,7,1,13697,6216,8175,0,23.9,0,262,517,34,24,10,21,2696,430,260,116,0.691,0.2,0.76,"special_gw;basic_hp;basic_hp;basic_power;basic_hp;basic_power;basic_power;basic_as;basic_mr"
36,0,376,152,56,bot0_2,Fusilier,0,SLAYER,physical,8,5,13,4.2,14544,5446,5731,445,17.7,1.4,298,532,42,15,12,290,4090,653,308,67,0.821,1.3,0.95,"special_lifesteal;basic_power;basic_hp;basic_as;basic_power;basic_mr;basic_power;basic_as;basic_armor;basic_power;basic_hp;basic_mr;basic_as"
36,0,376,152,56,bot1_2,Bruiser,1,FIGHTER,physical,5,8,7,1.5,12171,7663,11205,360,29.6,1.4,436,695,39,29,10,60,3260,521,259,117,0.688,0.8,0.68,"special_lifesteal;basic_power;basic_power;basic_as;basic_hp;basic_power;basic_armor;basic_mr;basic_hp;basic_as;basic_as"
36,0,376,152,56,bot0_3,Jailer,0,TANK,magical,5,4,15,5,11543,6080,6861,0,19,0,397,512,26,29,11,107,3682,588,320,56,0.852,0.8,0.89,"basic_hp;basic_hp;basic_hp;basic_mr;basic_armor;basic_haste;basic_hp;basic_mr;basic_power;basic_hp;basic_as;basic_armor;basic_haste"
36,0,376,152,56,bot1_3,Tamer,1,MAGE,magical,3,9,10,1.44,10880,6006,9108,2613,24.6,10.7,265,413,31,11,11,267,3167,506,244,132,0.65,0.5,0.66,"basic_hp;basic_hp;basic_hp;basic_power;basic_haste;basic_mr;basic_armor;basic_mr;basic_as;basic_haste;basic_power"
36,0,376,152,56,bot0_4,Goliath,0,TANK,physical,3,3,22,8.33,9044,4475,9561,1767,13.3,5.3,386,513,43,19,11,163,3763,601,336,40,0.894,0.5,0.47,"basic_hp;basic_hp;basic_mr;basic_hp;basic_armor;basic_mr;basic_power;basic_hp;basic_as;basic_haste;basic_mr;basic_hp;basic_armor"
36,0,376,152,56,bot1_4,Summoner,1,MAGE,magical,5,9,9,1.56,5860,3562,10503,155,14.4,0.6,176,250,32,17,11,125,3375,539,247,129,0.657,0.8,0.34,"special_lifesteal;basic_hp;basic_hp;basic_hp;basic_power;basic_power;basic_power;basic_mr;basic_haste;basic_armor;basic_hp"
37,0,335,152,24,bot0_1,Pyromancer,0,SLAYER,magical,6,1,15,21,13518,7306,4070,205,22.8,0.6,340,532,30,24,12,309,3834,687,320,15,0.956,1.1,1.8,"special_lifesteal;basic_hp;basic_hp;basic_power;basic_hp;basic_power;basic_haste;basic_haste;basic_power;basic_mr;basic_hp;basic_armor"
37,0,335,152,24,bot1_1,Fusilier,1,SLAYER,physical,4,6,2,1,14460,7286,6809,373,28.5,1.5,273,474,36,12,9,131,2731,490,255,79,0.764,0.7,1.07,"special_lifesteal;basic_power;basic_hp;basic_as;basic_power;basic_mr;basic_hp;basic_as;basic_armor"
37,0,335,152,24,bot0_2,Tamer,0,MAGE,magical,8,2,11,9.5,14832,8278,5255,3083,26.8,10,261,439,41,16,11,144,3869,694,309,25,0.924,1.4,1.58,"basic_hp;basic_hp;basic_mr;basic_armor;basic_hp;basic_mr;basic_hp;basic_armor;basic_haste;basic_hp;basic_armor;basic_hp;basic_power"
37,0,335,152,24,bot1_2,Eggchanter,1,SUPPORT,magical,0,7,6,0.86,5048,2538,9484,3056,10.4,12.5,126,178,25,12,9,153,2253,404,244,91,0.729,0,0.27,"special_gw;basic_hp;basic_hp;basic_hp;basic_power;basic_mr;basic_haste"
37,0,335,152,24,bot0_3,Kratoma,0,SLAYER,physical,1,1,17,18,9450,6255,4187,0,19.6,0,254,392,24,26,10,334,3059,548,320,15,0.956,0.2,1.49,"basic_hp;basic_hp;basic_hp;basic_power;basic_mr;basic_power;basic_armor;basic_armor;basic_hp;basic_mr"
37,0,335,152,24,bot1_3,Lynx,1,SLAYER,physical,1,5,5,1.2,9815,4815,7585,0,17.9,0,432,711,40,36,9,281,2356,422,269,65,0.805,0.2,0.63,"basic_hp;basic_hp;basic_hp;basic_mr;basic_power;basic_armor;basic_as;basic_haste"
37,0,335,152,24,bot0_4,Jirina,0,FIGHTER,magical,8,2,12,10,11042,6677,5743,4906,22,16.2,349,507,36,14,12,206,3956,709,303,31,0.907,1.4,1.16,"special_lifesteal;basic_power;basic_hp;basic_power;basic_hp;basic_armor;basic_hp;basic_armor;basic_mr;basic_mr;basic_haste;basic_power;basic_haste"
37,0,335,152,24,bot1_4,Zephyr,1,SPLITPUSHER,magical,1,5,4,1,6439,3203,7518,179,11.9,0.7,312,406,30,27,8,140,2240,402,270,64,0.808,0.2,0.43,"special_lifesteal;basic_power;basic_hp;basic_haste;basic_power;basic_power;basic_mr"
38,1,260,1,150,bot0_1,Goliath,0,TANK,physical,0,6,1,0.17,3960,1873,8689,777,9.9,4.1,280,396,24,10,7,132,1707,394,190,70,0.729,0,0.22,"basic_hp;basic_hp;basic_mr;basic_power;basic_armor;basic_hp"
38,1,260,1,150,bot1_1,Lynx,1,SLAYER,physical,14,0,10,24,25118,14813,2177,707,57,2.7,599,1030,50,28,11,156,3981,919,260,0,1,3.2,6.8,"special_lifesteal;basic_power;basic_power;basic_hp;basic_hp;basic_as;basic_as;basic_armor;basic_power;basic_hp;basic_as;basic_mr;basic_power"
38,1,260,1,150,bot0_2,Reaper,0,SPLITPUSHER,magical,0,7,1,0.14,6250,2630,7085,126,14.1,0.7,482,482,19,9,7,171,1746,403,187,73,0.719,0,0.37,"special_lifesteal;basic_power;basic_hp;basic_power;basic_hp"
38,1,260,1,150,bot1_2,Cleric,1,SUPPORT,magical,5,0,20,25,5633,4783,3769,7062,18.4,27.2,265,318,37,31,10,86,3336,770,260,0,1,1.2,1.27,"basic_hp;basic_hp;basic_armor;basic_mr;basic_power;basic_hp;basic_hp;basic_haste;basic_armor;basic_as;basic_mr;basic_armor"
38,1,260,1,150,bot0_3,Oracle,0,MAGE,physical,1,7,0,0.14,6821,2770,6942,98,13.5,0.5,534,601,11,11,7,21,1821,420,205,55,0.787,0.2,0.4,"special_lifesteal;basic_power;basic_power;basic_hp;basic_as;basic_mr"
38,1,260,1,150,bot1_3,Summoner,1,MAGE,magical,4,1,15,19,5837,3382,2533,196,13.7,0.8,175,244,42,19,9,246,2921,674,247,13,0.951,0.9,1.34,"special_lifesteal;basic_power;basic_hp;basic_power;basic_hp;basic_hp;basic_haste;basic_armor;basic_power"
38,1,260,1,150,bot0_4,Jailer,0,TANK,magical,0,7,1,0.14,7312,4497,10083,0,24.1,0,448,505,14,15,7,147,1722,397,186,74,0.717,0,0.45,"basic_hp;basic_hp;basic_mr;basic_hp;basic_armor;basic_haste"
38,1,260,1,150,bot1_4,Healer,1,SUPPORT,magical,4,0,19,23,5880,5492,4546,2378,21.1,9.1,136,190,42,7,10,80,3130,722,260,0,1,0.9,1.21,"basic_hp;basic_hp;basic_hp;basic_mr;basic_hp;basic_armor;basic_armor;basic_mr;basic_armor;basic_haste;basic_mr"
39,0,282,150,1,bot0_1,Pyromancer,0,SLAYER,magical,5,0,13,18,12924,6203,3858,209,22,0.7,634,822,28,19,11,344,3294,701,282,0,1,1.1,1.61,"special_lifesteal;basic_power;basic_power;basic_hp;basic_power;basic_mr;basic_haste;basic_hp;basic_mr;basic_hp"
39,0,282,150,1,bot1_1,Eggchanter,1,SUPPORT,magical,0,5,1,0.2,3265,1543,9052,2420,7,11,132,190,22,11,8,266,1841,392,219,62,0.778,0,0.17,"basic_hp;basic_hp;basic_hp;basic_mr;basic_power;basic_haste"
39,0,282,150,1,bot0_2,Zephyr,0,SPLITPUSHER,magical,10,1,13,23,12011,7281,2225,249,27.2,0.9,464,590,34,24,12,174,4049,862,268,14,0.952,2.1,3.27,"special_lifesteal;basic_power;basic_power;basic_hp;basic_haste;basic_mr;basic_hp;basic_power;basic_power;basic_haste;basic_hp;basic_mr;basic_hp"
39,0,282,150,1,bot1_2,Cleric,1,SUPPORT,magical,0,7,1,0.14,4150,1817,9928,2400,8.6,11.3,273,333,21,16,7,218,1768,376,212,70,0.751,0,0.18,"special_gw;basic_hp;basic_mr;basic_hp;basic_power"
39,0,282,150,1,bot0_3,Jirina,0,FIGHTER,magical,3,0,20,23,15979,8896,3791,4578,31.6,16.2,550,606,50,22,11,181,3431,730,282,0,1,0.6,2.35,"basic_hp;basic_hp;basic_mr;basic_mr;basic_hp;basic_haste;basic_mr;basic_haste;basic_power;basic_as;basic_hp;basic_armor"
39,0,282,150,1,bot1_3,Summoner,1,MAGE,magical,1,7,0,0.14,4889,1397,6754,127,6.7,0.6,166,244,26,13,8,104,1954,416,208,74,0.737,0.2,0.21,"special_lifesteal;basic_power;basic_power;basic_hp;basic_power;basic_haste"
39,0,282,150,1,bot0_4,Mage,0,MAGE,magical,7,0,15,22,14152,8955,2314,356,31.8,1.3,603,827,58,18,11,200,3725,793,282,0,1,1.5,3.87,"special_lifesteal;basic_power;basic_power;basic_power;basic_hp;basic_mr;basic_haste;basic_hp;basic_armor;basic_mr;basic_mr;basic_power"
39,0,282,150,1,bot1_4,Volstrov,1,MAGE,magical,0,6,1,0.17,11935,4495,7485,289,22.1,1.4,228,430,14,14,9,167,1992,424,204,78,0.723,0,0.6,"special_lifesteal;basic_hp;basic_power;basic_hp;basic_power;basic_mr"
40,0,470,150,130,bot0_1,Lynx,0,SLAYER,physical,7,7,15,3.14,17522,9690,11405,0,26,0,535,924,73,52,12,234,4384,560,373,97,0.794,0.9,0.85,"basic_hp;basic_hp;basic_hp;basic_mr;basic_armor;basic_mr;basic_hp;basic_power;basic_armor;basic_as;basic_haste;basic_power;basic_hp;basic_as;basic_mr"
40,0,470,150,130,bot1_1,Summoner,1,MAGE,magical,8,6,11,3.17,10712,6326,9357,374,16.9,1,193,275,54,28,12,157,4232,541,375,95,0.798,1,0.68,"special_lifesteal;basic_power;basic_hp;basic_power;basic_armor;basic_haste;basic_hp;basic_power;basic_armor;basic_mr;basic_hp;basic_haste;basic_hp;basic_mr"
40,0,470,150,130,bot0_2,Jirina,0,FIGHTER,magical,5,4,21,6.5,19992,10962,10875,8209,26.4,19.7,387,499,62,25,13,50,4525,578,416,54,0.886,0.6,1.01,"special_lifesteal;basic_hp;basic_power;basic_mr;basic_armor;basic_haste;basic_power;basic_hp;basic_hp;basic_mr;basic_power;basic_hp;basic_power;basic_hp;basic_armor"
40,0,470,150,130,bot1_2,Pyromancer,1,SLAYER,magical,3,8,13,2,11092,7206,11573,181,20,0.5,436,528,27,21,11,270,3545,453,361,109,0.769,0.4,0.62,"special_lifesteal;basic_power;basic_power;basic_hp;basic_power;basic_hp;basic_hp;basic_armor;basic_hp;basic_armor;basic_haste"
40,0,470,150,130,bot0_3,Fusilier,0,SLAYER,physical,6,4,18,6,18431,9709,7401,482,23.3,1.2,516,619,72,20,13,130,4480,572,417,53,0.888,0.8,1.31,"special_lifesteal;basic_power;basic_power;basic_hp;basic_power;basic_hp;basic_as;basic_as;basic_mr;basic_hp;basic_as;basic_armor;basic_mr;basic_armor;basic_mr"
40,0,470,150,130,bot1_3,Wanderer,1,SLAYER,physical,4,6,12,2.67,23061,13913,13307,648,36.1,1.7,980,1184,32,20,11,276,3726,476,385,84,0.82,0.5,1.05,"special_lifesteal;basic_power;basic_as;basic_hp;basic_power;basic_as;basic_hp;basic_armor;basic_mr;basic_armor;basic_power;basic_mr"
40,0,470,150,130,bot0_4,Goliath,0,TANK,physical,9,6,18,4.5,21910,15265,16467,3820,35.3,8.8,366,724,47,34,13,210,4885,624,433,37,0.921,1.1,0.93,"basic_hp;basic_hp;basic_mr;basic_hp;basic_armor;basic_hp;basic_power;basic_hp;basic_as;basic_hp;basic_mr;basic_haste;basic_hp;basic_armor;basic_mr;basic_armor"
40,0,470,150,130,bot1_4,Oracle,1,MAGE,physical,6,7,13,2.71,14991,9936,13677,0,27,0,316,420,29,29,12,142,4067,520,368,101,0.784,0.8,0.73,"basic_hp;basic_hp;basic_hp;basic_armor;basic_armor;basic_hp;basic_hp;basic_mr;basic_armor;basic_as;basic_armor;basic_power;basic_haste;basic_mr"
41,0,499,152,70,bot0_1,Tamer,0,MAGE,magical,7,4,17,6,30024,14201,7473,4668,32.5,10.7,342,613,72,17,15,209,5134,617,438,61,0.877,0.8,1.9,"special_lifesteal;basic_hp;basic_power;basic_hp;basic_haste;basic_mr;basic_armor;basic_power;basic_hp;basic_hp;basic_haste;basic_mr;basic_hp;basic_hp;basic_power;basic_hp"
41,0,499,152,70,bot1_1,Eggchanter,1,SUPPORT,magical,2,8,8,1.25,7790,4275,15445,7151,11,18.4,119,165,43,21,11,84,3334,401,388,111,0.777,0.2,0.28,"special_gw;basic_hp;basic_hp;basic_hp;basic_hp;basic_mr;basic_armor;basic_mr;basic_mr;basic_power;basic_haste"
41,0,499,152,70,bot0_2,Goliath,0,TANK,physical,11,2,16,13.5,26230,11535,11658,4292,23.1,8.6,445,668,69,42,14,105,5530,665,499,0,1,1.3,0.99,"special_gw;basic_hp;special_gw;basic_hp;basic_hp;basic_power;basic_mr;basic_hp;basic_hp;basic_power;basic_armor;basic_hp;special_lifesteal;basic_power;basic_mr;basic_power"
41,0,499,152,70,bot1_2,Kratoma,1,SLAYER,physical,6,7,4,1.43,17521,8899,12761,417,22.4,1.1,312,615,32,31,11,194,3769,453,397,102,0.795,0.7,0.7,"special_lifesteal;basic_power;basic_power;basic_hp;basic_power;basic_as;basic_hp;basic_hp;basic_as;basic_mr;basic_as;basic_power"
41,0,499,152,70,bot0_3,Volstrov,0,MAGE,magical,3,3,19,7.33,16876,7433,6051,0,16.5,0,302,471,18,17,14,322,4472,538,449,50,0.9,0.4,1.23,"basic_hp;basic_hp;basic_hp;basic_hp;basic_mr;basic_mr;basic_armor;basic_haste;basic_armor;basic_haste;basic_power;basic_power;basic_as;basic_hp;basic_mr"
41,0,499,152,70,bot1_3,Summoner,1,MAGE,magical,1,8,8,1.13,7379,3721,9201,159,9.6,0.4,180,256,42,21,11,266,3166,381,387,112,0.775,0.1,0.4,"special_lifesteal;basic_power;basic_power;basic_hp;basic_hp;basic_haste;basic_mr;basic_armor;basic_power;basic_haste"
41,0,499,152,70,bot0_4,Hana,0,TANK,magical,8,1,18,26,35386,17604,8397,0,36.7,0,552,1090,22,62,14,108,5183,623,479,20,0.961,1,2.1,"special_gw;basic_hp;special_gw;basic_mr;basic_hp;basic_hp;basic_armor;basic_power;basic_haste;basic_mr;basic_hp;basic_hp;basic_hp;basic_armor;basic_power;basic_haste"
41,0,499,152,70,bot1_4,Ironclad,1,TANK,physical,1,6,8,1.5,11316,7044,15279,0,17.2,0,251,375,40,25,11,246,3246,390,410,89,0.822,0.1,0.46,"basic_hp;basic_hp;basic_mr;basic_hp;basic_mr;basic_armor;basic_power;basic_mr;basic_hp;basic_as;basic_armor"
42,1,311,40,150,bot0_1,Goliath,0,TANK,physical,0,6,7,1.17,8620,5773,10979,1110,24.6,4.7,440,539,29,17,8,229,2204,425,235,76,0.755,0,0.53,"basic_hp;basic_hp;basic_hp;basic_armor;basic_armor;basic_hp;basic_armor"
42,1,311,40,150,bot1_1,Wanderer,1,SLAYER,physical,5,2,16,10.5,14499,7747,6233,0,27.1,0,1034,1649,20,18,11,203,3503,675,286,25,0.919,1,1.24,"basic_hp;basic_hp;basic_power;basic_armor;basic_power;basic_armor;basic_hp;basic_as;basic_mr;basic_haste;basic_hp;basic_hp"
42,1,311,40,150,bot0_2,Eggchanter,0,SUPPORT,magical,1,7,6,1,3994,2408,8493,2349,11.1,10.8,127,177,21,11,9,207,2332,450,217,94,0.699,0.2,0.28,"basic_hp;basic_hp;basic_armor;basic_power;basic_haste;basic_armor;basic_power;basic_hp"
42,1,311,40,150,bot1_2,Quiller,1,SLAYER,physical,11,2,14,12.5,19838,10683,5981,515,34.3,1.7,357,756,50,25,12,170,4320,833,311,0,1,2.1,1.79,"special_lifesteal;basic_power;basic_power;basic_hp;basic_power;basic_as;basic_as;basic_hp;basic_armor;basic_armor;basic_hp;basic_as;basic_power;basic_armor"
42,1,311,40,150,bot0_3,Fusilier,0,SLAYER,physical,3,7,4,1,9484,4492,7968,262,20.9,1.2,355,586,27,11,9,196,2521,486,215,97,0.69,0.6,0.56,"special_lifesteal;basic_power;basic_power;basic_as;basic_hp;basic_armor;basic_mr;basic_as"
42,1,311,40,150,bot1_3,Zephyr,1,SPLITPUSHER,magical,8,1,19,27,17213,8721,5239,528,28.9,1.8,613,762,38,31,12,63,4188,808,301,10,0.969,1.5,1.66,"special_lifesteal;basic_hp;basic_hp;basic_power;basic_hp;basic_armor;basic_armor;basic_hp;basic_power;basic_hp;basic_haste;basic_mr;basic_haste;basic_mr"
42,1,311,40,150,bot0_4,Bruiser,0,FIGHTER,physical,3,7,4,1,11510,8989,8261,296,41.2,1.4,544,693,30,24,9,144,2494,481,218,93,0.702,0.6,1.09,"special_lifesteal;basic_power;basic_power;basic_as;basic_hp;basic_power;basic_armor;basic_mr"
42,1,311,40,150,bot1_4,Doctor,1,SUPPORT,physical,3,2,23,13,11718,7004,6819,9610,22.5,30.9,238,399,35,17,12,209,3734,720,311,0,1,0.6,1.03,"basic_hp;basic_hp;basic_hp;basic_armor;basic_power;basic_mr;basic_armor;basic_power;basic_hp;basic_armor;basic_mr;basic_as;basic_haste"
43,1,423,47,150,bot0_1,Reaper,0,SPLITPUSHER,magical,6,6,11,2.83,26292,18087,9920,690,53,2,996,1556,46,23,11,6,3756,533,341,81,0.808,0.9,1.82,"special_lifesteal;basic_power;basic_hp;basic_haste;basic_armor;basic_power;basic_hp;basic_mr;basic_haste;basic_armor;basic_hp;basic_power;basic_mr"
43,1,423,47,150,bot1_1,Oracle,1,MAGE,physical,4,4,19,5.75,12864,6651,9962,0,18.2,0,398,539,29,28,11,47,3847,546,365,57,0.864,0.6,0.67,"basic_hp;basic_hp;basic_mr;basic_hp;basic_hp;basic_armor;basic_power;basic_mr;basic_as;basic_haste;basic_armor;basic_as;basic_mr;basic_power"
43,1,423,47,150,bot0_2,Pyromancer,0,SLAYER,magical,7,8,8,1.88,14944,8094,8798,153,26,0.5,431,707,35,26,12,154,3954,561,311,111,0.737,1,0.92,"special_lifesteal;basic_power;basic_power;basic_hp;basic_haste;basic_armor;basic_hp;basic_hp;basic_haste;basic_power;basic_mr;basic_power;basic_armor"
43,1,423,47,150,bot1_2,Healer,1,SUPPORT,magical,6,4,19,6.25,7525,5699,13294,11849,15.4,32.1,171,207,59,21,12,119,4194,595,369,54,0.873,0.9,0.43,"basic_hp;basic_hp;basic_mr;basic_armor;basic_haste;basic_power;basic_hp;basic_hp;basic_hp;basic_as;basic_hp;basic_hp;basic_armor;basic_mr"
43,1,423,47,150,bot0_3,Bruiser,0,FIGHTER,physical,1,7,14,2.14,20293,10307,11494,521,31.7,1.6,402,746,51,34,11,183,3358,477,325,98,0.769,0.1,0.9,"special_lifesteal;basic_power;basic_power;basic_hp;basic_power;basic_as;basic_armor;basic_mr;basic_as;basic_hp;basic_armor"
43,1,423,47,150,bot1_3,Hana,1,TANK,magical,9,3,18,9,21980,15846,14354,0,41.5,0,435,819,17,56,12,45,4620,656,382,41,0.903,1.3,1.1,"basic_hp;basic_hp;basic_hp;basic_mr;basic_mr;basic_armor;basic_armor;basic_hp;basic_power;basic_mr;basic_haste;basic_hp;basic_armor;basic_hp;basic_power;basic_haste"
43,1,423,47,150,bot0_4,Lynx,0,SLAYER,physical,3,7,13,2.29,13161,9245,10998,0,28.7,0,437,643,47,44,11,171,3496,496,322,100,0.762,0.4,0.84,"basic_hp;basic_hp;basic_hp;basic_power;basic_hp;basic_armor;basic_mr;basic_armor;basic_as;basic_power;basic_hp;basic_mr"
43,1,423,47,150,bot1_4,Kratoma,1,SLAYER,physical,9,6,14,3.83,15524,9119,10279,372,27.3,1.1,303,651,26,29,12,213,4313,612,334,89,0.79,1.3,0.89,"special_lifesteal;basic_power;basic_power;basic_power;basic_as;basic_hp;basic_mr;basic_as;basic_armor;basic_hp;basic_hp;basic_as;basic_power;basic_mr"
44,0,376,150,51,bot0_1,Lynx,0,SLAYER,physical,11,4,10,5.25,15613,7345,9480,0,20.3,0,401,638,60,50,11,85,4185,668,362,14,0.964,1.8,0.77,"basic_hp;basic_hp;basic_hp;basic_power;basic_hp;basic_hp;basic_hp;basic_mr;basic_armor;basic_hp;basic_as;basic_power;basic_mr;basic_armor"
44,0,376,150,51,bot1_1,Bruiser,1,FIGHTER,physical,9,5,5,2.8,20028,12370,8660,305,41,1,600,906,45,34,12,141,3941,629,302,74,0.803,1.4,1.43,"basic_hp;basic_hp;basic_hp;basic_hp;basic_mr;basic_mr;special_lifesteal;basic_power;basic_as;basic_as;basic_power;basic_armor;basic_as"
44,0,376,150,51,bot0_2,Eggchanter,0,SUPPORT,magical,1,5,16,3.4,4426,3200,10888,4458,10.4,14.5,138,198,29,16,10,82,3007,480,307,69,0.816,0.2,0.29,"special_heal_power;basic_hp;basic_hp;basic_hp;basic_power;basic_power;basic_mr;basic_haste;basic_armor;basic_power"
44,0,376,150,51,bot1_2,Quiller,1,SLAYER,physical,0,6,9,1.5,8989,3691,5680,297,11.6,0.9,275,429,36,24,11,248,2848,455,317,59,0.844,0,0.65,"special_lifesteal;special_gw;basic_power;basic_power;basic_hp;basic_as;basic_mr;basic_hp"
44,0,376,150,51,bot0_3,Jirina,0,FIGHTER,magical,7,3,16,7.67,17731,12236,7941,4730,35.8,13.8,669,857,34,20,11,79,3954,631,342,34,0.909,1.1,1.54,"special_lifesteal;basic_power;basic_hp;basic_power;basic_power;basic_power;basic_power;basic_hp;basic_haste;basic_haste;basic_mr;basic_hp;basic_armor"
44,0,376,150,51,bot1_3,Mage,1,MAGE,magical,3,7,10,1.86,18627,10207,8973,460,34.3,1.5,609,726,58,24,11,196,3371,538,298,78,0.792,0.5,1.14,"special_lifesteal;basic_power;basic_hp;basic_power;basic_hp;basic_mr;basic_haste;basic_mr;basic_armor;basic_haste;basic_hp"
44,0,376,150,51,bot0_4,Pyromancer,0,SLAYER,magical,4,2,14,9,9335,4348,7029,111,12.5,0.3,491,647,26,21,11,225,3450,551,348,27,0.927,0.6,0.62,"basic_hp;basic_hp;special_lifesteal;basic_power;basic_mr;basic_hp;basic_armor;basic_hp;basic_power;basic_haste;basic_armor"
44,0,376,150,51,bot1_4,Volstrov,1,MAGE,magical,2,5,11,2.6,13985,6354,5878,327,21,1.1,402,691,23,20,11,128,3303,527,303,73,0.806,0.3,1.08,"special_lifesteal;special_gw;basic_power;basic_hp;basic_power;basic_mr;basic_haste;basic_hp;basic_mr;basic_hp"
45,0,257,150,3,bot0_1,Eggchanter,0,SUPPORT,magical,2,2,13,7.5,2808,2356,4249,2829,10,12,141,229,19,11,8,336,2511,586,237,20,0.92,0.5,0.55,"basic_hp;basic_hp;basic_armor;basic_mr;basic_haste;basic_hp;basic_hp;basic_armor"
45,0,257,150,3,bot1_1,Wanderer,1,SLAYER,physical,1,5,1,0.4,8956,2998,6943,115,15.6,0.6,381,588,13,12,8,155,1980,462,193,64,0.749,0.2,0.43,"basic_hp;basic_hp;special_lifesteal;basic_power;basic_power;basic_as"
45,0,257,150,3,bot0_2,Reaper,0,SPLITPUSHER,magical,11,0,11,22,19991,13897,4246,667,54.1,2.6,797,1179,34,19,10,22,3822,892,257,0,1,2.6,3.27,"special_lifesteal;basic_power;basic_power;basic_hp;basic_power;basic_hp;basic_haste;basic_haste;basic_mr;basic_armor;basic_power;basic_hp;basic_armor"
45,0,257,150,3,bot1_2,Oracle,1,MAGE,physical,1,6,2,0.5,8903,4191,7259,183,20.8,0.9,379,526,13,11,9,23,2098,490,201,56,0.783,0.2,0.58,"special_lifesteal;basic_power;basic_power;basic_hp;basic_hp;basic_as;basic_mr"
45,0,257,150,3,bot0_3,Quiller,0,SLAYER,physical,4,1,10,14,9994,4268,3294,369,17.6,1.5,307,613,32,20,9,102,2752,642,242,15,0.943,0.9,1.3,"special_lifesteal;basic_power;basic_power;basic_power;basic_as;basic_hp;basic_as;basic_armor;basic_hp"
45,0,257,150,3,bot1_3,Pyromancer,1,SLAYER,magical,0,5,2,0.4,6925,1412,5045,69,6.9,0.3,436,446,17,13,8,39,1814,423,205,52,0.799,0,0.28,"special_lifesteal;basic_power;basic_hp;basic_haste;basic_mr;basic_armor"
45,0,257,150,3,bot0_4,Mage,0,MAGE,magical,5,0,8,13,5333,3298,1184,139,12.8,0.5,341,421,51,7,9,328,2778,649,257,0,1,1.2,2.79,"special_lifesteal;basic_power;basic_power;basic_hp;basic_power;basic_hp;basic_haste;basic_power"
45,0,257,150,3,bot1_4,Zephyr,1,SPLITPUSHER,magical,1,6,2,0.5,5146,3276,7084,157,17,0.8,210,336,20,20,8,96,1946,454,193,64,0.75,0.2,0.46,"special_lifesteal;basic_power;basic_power;basic_power;basic_hp;basic_haste"
46,1,268,2,150,bot0_1,Kratoma,0,SLAYER,physical,0,5,2,0.4,6716,2916,6950,0,13.4,0,174,344,13,11,7,231,1806,405,217,51,0.81,0,0.42,"basic_hp;basic_hp;basic_hp;basic_mr;basic_power;basic_armor"
46,1,268,2,150,bot1_1,Wanderer,1,SLAYER,physical,9,0,9,18,22660,14496,3000,553,54.2,2.1,589,1143,21,18,10,252,3452,774,268,0,1,2,4.83,"special_lifesteal;basic_power;basic_power;basic_hp;basic_power;basic_hp;basic_as;basic_hp;basic_as;basic_armor;basic_mr"
46,1,268,2,150,bot0_2,Oracle,0,MAGE,physical,1,5,1,0.4,7016,3975,6266,152,18.7,0.7,327,405,12,13,8,92,1917,430,213,55,0.795,0.2,0.63,"special_lifesteal;basic_power;basic_hp;basic_power;basic_hp;basic_as"
46,1,268,2,150,bot1_2,Pyromancer,1,SLAYER,magical,3,1,9,12,7286,2897,2250,137,10.8,0.5,405,482,20,15,9,185,2585,580,268,0,1,0.7,1.29,"special_lifesteal;basic_power;basic_hp;basic_power;basic_armor;basic_power;basic_armor;basic_hp"
46,1,268,2,150,bot0_3,Ironclad,0,TANK,physical,0,3,1,0.33,4176,1740,7450,0,7.5,0,306,306,22,15,8,233,1783,400,231,37,0.861,0,0.23,"special_gw;basic_hp;basic_power;basic_hp;basic_mr"
46,1,268,2,150,bot1_3,Volstrov,1,MAGE,magical,4,0,8,12,9859,5501,1857,234,20.6,0.9,272,544,8,10,9,6,2731,612,268,0,1,0.9,2.96,"special_lifesteal;basic_power;basic_power;basic_hp;basic_power;basic_armor;basic_hp;basic_armor;basic_power"
46,1,268,2,150,bot0_4,Doctor,0,SUPPORT,physical,1,5,0,0.2,3344,2174,8252,2220,10.6,10.8,110,191,18,11,7,169,1844,413,205,62,0.767,0.2,0.26,"basic_hp;basic_hp;basic_hp;basic_mr;basic_hp;basic_mr"
46,1,268,2,150,bot1_4,Eggchanter,1,SUPPORT,magical,2,1,16,18,5414,4458,5910,6630,16.7,24.8,167,212,31,14,10,84,2834,635,268,0,1,0.4,0.75,"basic_hp;basic_hp;basic_hp;basic_armor;basic_armor;basic_power;basic_hp;basic_armor;basic_haste;basic_power"
47,0,296,150,7,bot0_1,Oracle,0,MAGE,physical,5,0,18,23,16577,8872,4493,621,29.9,2.1,552,688,22,23,11,356,3606,730,296,0,1,1,1.97,"special_lifesteal;basic_power;basic_as;basic_hp;basic_power;basic_as;basic_power;basic_as;basic_armor;basic_mr;basic_power"
47,0,296,150,7,bot1_1,Vanguard,1,FIGHTER,physical,0,6,0,0,6839,1930,8803,55,8.8,0.3,265,365,33,21,8,17,1867,378,218,78,0.737,0,0.22,"basic_hp;basic_hp;special_lifesteal;basic_armor;basic_hp;basic_as"
47,0,296,150,7,bot0_2,Tamer,0,MAGE,magical,11,1,11,22,13103,9345,2274,2572,32.8,9,334,628,39,9,11,192,4092,828,285,12,0.961,2.2,4.11,"special_gw;basic_hp;basic_hp;basic_power;basic_haste;basic_armor;basic_hp;basic_hp;basic_power;basic_armor;basic_hp;basic_haste;basic_armor"
47,0,296,150,7,bot1_2,Eggchanter,1,SUPPORT,magical,0,7,0,0,3487,1391,8188,1709,6.6,8.1,129,190,17,7,7,195,1770,358,212,85,0.714,0,0.17,"basic_hp;basic_hp;basic_armor;basic_power;basic_hp;basic_mr"
47,0,296,150,7,bot0_3,Wanderer,0,SLAYER,physical,4,0,20,24,21779,10554,3095,636,35.6,2.1,701,1255,23,17,11,120,3595,728,296,0,1,0.8,3.41,"special_lifesteal;basic_power;special_gw;basic_hp;basic_power;basic_hp;basic_as;basic_power;basic_armor;basic_as;basic_as"
47,0,296,150,7,bot1_3,Kratoma,1,SLAYER,physical,1,7,0,0.14,10192,4376,8585,216,21.1,1,225,407,14,14,8,177,2002,405,208,89,0.701,0.2,0.51,"special_lifesteal;basic_power;basic_power;basic_hp;basic_as;basic_hp"
47,0,296,150,7,bot0_4,Ironclad,0,TANK,physical,6,0,17,23,7907,4734,3068,0,16,0,269,412,30,20,11,112,3687,746,296,0,1,1.2,1.54,"special_gw;basic_hp;basic_armor;basic_hp;basic_hp;basic_power;basic_mr;basic_as;basic_hp;basic_armor;basic_power;basic_hp"
47,0,296,150,7,bot1_4,Goliath,1,TANK,physical,0,6,0,0,4995,2294,11077,1039,10.3,4.7,221,324,28,14,7,214,1789,362,222,74,0.75,0,0.21,"basic_hp;basic_hp;basic_hp;basic_armor;basic_mr;basic_power"
48,0,255,151,3,bot0_1,Jailer,0,TANK,magical,5,1,16,21,8595,6684,3918,0,27.5,0,372,462,20,20,10,233,3183,749,243,12,0.954,1.2,1.71,"special_gw;basic_hp;basic_hp;basic_power;basic_mr;basic_hp;basic_power;basic_armor;basic_power;basic_armor"
48,0,255,151,3,bot1_1,Summoner,1,MAGE,magical,2,6,1,0.5,3822,2715,7226,0,14.9,0,148,218,22,11,7,228,1903,448,183,72,0.717,0.5,0.38,"basic_hp;basic_hp;basic_hp;basic_hp;basic_mr;basic_mr"
48,0,255,151,3,bot0_2,Lynx,0,SLAYER,physical,8,0,9,17,16728,8518,1941,0,33.4,0,603,1191,55,30,10,139,3314,780,255,0,1,1.9,4.39,"basic_hp;basic_hp;basic_hp;basic_hp;basic_armor;basic_hp;basic_hp;basic_mr;basic_armor;basic_mr;basic_power"
48,0,255,151,3,bot1_2,Jirina,1,FIGHTER,magical,0,4,1,0.25,4267,1164,7105,786,5.6,3.8,175,265,17,5,7,67,1642,387,206,49,0.809,0,0.16,"basic_hp;basic_hp;basic_hp;basic_mr;basic_armor;basic_haste"
48,0,255,151,3,bot0_3,Cleric,0,SUPPORT,magical,5,1,12,17,5878,3818,3975,5531,15.5,22.5,282,345,38,32,10,72,3022,711,246,9,0.966,1.2,0.96,"special_gw;basic_hp;basic_power;basic_haste;basic_hp;basic_armor;basic_mr;basic_hp;basic_hp;basic_power"
48,0,255,151,3,bot1_3,Goliath,1,TANK,physical,0,5,2,0.4,4505,2753,7511,205,14.2,1.1,315,367,24,9,7,104,1704,401,193,61,0.759,0,0.37,"special_gw;basic_hp;basic_hp;basic_power;basic_hp"
48,0,255,151,3,bot0_4,Wanderer,0,SLAYER,physical,3,1,12,15,11794,7224,3763,213,30.1,0.9,675,1109,15,13,9,278,2728,642,240,15,0.943,0.7,1.92,"basic_hp;basic_hp;special_lifesteal;basic_hp;basic_hp;basic_as;basic_as;basic_power"
48,0,255,151,3,bot1_4,Oracle,1,MAGE,physical,1,6,1,0.33,5070,3179,5886,85,17.2,0.5,486,606,10,11,7,232,1782,419,185,70,0.725,0.2,0.54,"special_lifesteal;basic_power;basic_power;basic_hp;basic_as"
49,0,247,150,3,bot0_1,Jirina,0,FIGHTER,magical,2,1,10,12,6355,4385,4972,3052,18.8,13.1,360,472,25,14,8,164,2339,569,233,14,0.945,0.5,0.88,"basic_hp;basic_hp;basic_hp;basic_hp;basic_mr;basic_mr;basic_power;basic_haste"
49,0,247,150,3,bot1_1,Hana,1,TANK,magical,0,5,3,0.6,4979,3130,7804,0,16.6,0,214,378,10,22,7,161,1686,410,188,58,0.763,0,0.4,"basic_hp;basic_hp;basic_mr;basic_power;basic_haste;basic_armor"
49,0,247,150,3,bot0_2,Zephyr,0,SPLITPUSHER,magical,6,2,8,7,10831,5977,3572,296,26.9,1.3,441,600,25,23,9,234,2834,690,222,24,0.901,1.5,1.67,"special_lifesteal;basic_power;basic_hp;basic_power;basic_mr;basic_hp;basic_haste;basic_armor;basic_mr"
49,0,247,150,3,bot1_2,Cleric,1,SUPPORT,magical,1,3,2,1,3471,1884,4828,2814,9,13.4,282,334,16,13,7,252,1852,451,209,37,0.85,0.2,0.39,"basic_hp;basic_hp;special_gw;basic_mr;basic_hp"
49,0,247,150,3,bot0_3,Mage,0,MAGE,magical,6,0,8,14,11801,6847,2556,352,27.8,1.4,479,677,48,16,9,212,2937,715,247,0,1,1.5,2.68,"special_lifesteal;basic_hp;basic_hp;basic_hp;basic_power;basic_mr;basic_hp;basic_power;basic_mr"
49,0,247,150,3,bot1_3,Wanderer,1,SLAYER,physical,2,3,0,0.67,6661,3936,4530,53,18.9,0.3,379,702,12,11,7,23,1848,450,209,38,0.846,0.5,0.87,"basic_hp;basic_hp;special_lifesteal;basic_power;basic_power;basic_as"
49,0,247,150,3,bot0_4,Healer,0,SUPPORT,magical,2,0,12,14,4478,3296,3091,3809,13.4,15.5,146,203,38,8,9,153,2478,603,247,0,1,0.5,1.07,"basic_hp;basic_hp;basic_hp;basic_mr;basic_mr;basic_hp;basic_mr;basic_hp"
49,0,247,150,3,bot1_4,Pyromancer,1,SLAYER,magical,0,5,3,0.6,5486,3356,5500,88,18,0.5,528,563,13,11,7,221,1746,425,186,60,0.755,0,0.61,"special_lifesteal;basic_power;basic_hp;basic_mr;basic_haste"
50,0,364,150,66,bot0_1,Mage,0,MAGE,magical,11,2,14,12.5,23262,13534,4844,373,39.7,1.1,829,1043,85,26,12,243,4493,741,341,23,0.936,1.8,2.79,"special_lifesteal;basic_power;basic_power;basic_hp;basic_power;basic_hp;basic_power;basic_power;basic_haste;basic_armor;basic_mr;basic_power;basic_haste;basic_hp"
50,0,364,150,66,bot1_1,Healer,1,SUPPORT,magical,2,7,5,1,7279,3640,11968,3683,12.5,12.6,170,238,38,11,9,247,2622,432,292,72,0.802,0.3,0.3,"special_gw;basic_hp;basic_power;basic_hp;basic_power;basic_mr;basic_hp;basic_haste"
50,0,364,150,66,bot0_2,Ironclad,0,TANK,physical,7,1,17,24,13544,8627,5160,0,24.4,0,340,603,41,23,11,153,3953,652,353,11,0.97,1.2,1.67,"special_gw;basic_hp;basic_hp;basic_armor;basic_mr;basic_power;basic_hp;basic_as;basic_hp;basic_hp;basic_hp;basic_hp"
50,0,364,150,66,bot1_2,Cleric,1,SUPPORT,magical,1,6,6,1.17,6377,4048,10531,4134,14.5,14.8,336,396,31,27,9,83,2483,409,279,85,0.767,0.2,0.38,"basic_hp;basic_hp;basic_hp;basic_hp;basic_mr;basic_armor;basic_power;basic_haste;basic_as"
50,0,364,150,66,bot0_3,Doctor,0,SUPPORT,physical,3,2,21,12,10471,6851,4448,4584,20.1,13.4,365,595,25,18,11,240,3565,588,342,22,0.938,0.5,1.54,"special_gw;basic_hp;basic_armor;basic_hp;basic_mr;basic_hp;basic_hp;basic_hp;basic_mr;basic_armor;basic_power"
50,0,364,150,66,bot1_3,Quiller,1,SLAYER,physical,4,5,3,1.4,12807,5113,8897,0,17.5,0,258,510,37,26,9,124,2824,465,292,72,0.802,0.7,0.57,"basic_hp;basic_hp;basic_power;basic_hp;basic_power;basic_mr;basic_mr;basic_as;basic_hp;basic_armor"
50,0,364,150,66,bot0_4,Reaper,0,SPLITPUSHER,magical,4,2,16,10,16026,10237,5401,563,30.3,1.7,456,816,45,25,11,191,3516,580,338,26,0.928,0.7,1.9,"special_lifesteal;basic_power;basic_power;basic_power;basic_power;basic_hp;basic_power;basic_haste;basic_hp;basic_armor;basic_haste"
50,0,364,150,66,bot1_4,Vanguard,1,FIGHTER,physical,0,7,7,1,9731,4144,10730,223,13.4,0.7,300,394,43,25,9,126,2451,404,310,54,0.851,0,0.39,"special_lifesteal;basic_power;basic_power;basic_as;basic_hp;basic_mr;basic_armor;basic_as"
51,0,373,150,33,bot0_1,Quiller,0,SLAYER,physical,8,2,19,13.5,25748,14997,4579,813,43,2.3,343,664,59,30,11,77,4227,679,349,24,0.935,1.3,3.28,"special_lifesteal;basic_power;basic_power;basic_hp;basic_as;basic_hp;basic_power;basic_as;basic_hp;basic_as;basic_armor;basic_mr;basic_power;basic_as"
51,0,373,150,33,bot1_1,Wanderer,1,SLAYER,physical,2,6,4,1,14693,7088,8849,282,24.7,1,852,1237,17,14,10,88,2738,440,286,87,0.767,0.3,0.8,"special_lifesteal;basic_power;basic_power;basic_power;basic_hp;basic_as;basic_hp;basic_mr;basic_as"
51,0,373,150,33,bot0_2,Kratoma,0,SLAYER,physical,6,2,17,11.5,13782,7841,5747,417,22.8,1.2,356,633,30,27,11,67,3892,625,344,29,0.922,1,1.36,"special_lifesteal;basic_power;basic_as;basic_hp;basic_power;basic_power;basic_as;basic_armor;basic_power;basic_mr;basic_as;basic_hp;basic_hp"
51,0,373,150,33,bot1_2,Healer,1,SUPPORT,magical,0,7,8,1.14,5860,3949,11120,4646,13.9,16.4,143,195,35,13,9,213,2563,412,283,90,0.759,0,0.36,"basic_hp;basic_hp;basic_hp;basic_armor;basic_armor;basic_mr;basic_power;basic_haste;basic_as"
51,0,373,150,33,bot0_3,Cleric,0,SUPPORT,magical,6,2,19,12.5,10154,7242,6559,7960,20.1,22.1,403,440,48,38,11,97,3972,638,360,14,0.963,1,1.1,"special_heal_power;basic_hp;basic_hp;basic_hp;basic_power;basic_power;basic_power;basic_haste;basic_hp;basic_armor;basic_haste;basic_hp;basic_mr"
51,0,373,150,33,bot1_3,Pyromancer,1,SLAYER,magical,1,8,7,1,11319,5095,9874,154,18.8,0.6,762,1018,24,17,10,29,2654,427,271,103,0.725,0.2,0.52,"special_lifesteal;basic_hp;basic_hp;basic_hp;basic_power;basic_haste;basic_armor;basic_power;basic_mr"
51,0,373,150,33,bot0_4,Hana,0,TANK,magical,7,2,17,12,10076,7651,8150,0,22.2,0,302,567,12,45,11,218,3993,642,344,29,0.922,1.1,0.94,"basic_hp;basic_hp;basic_hp;basic_armor;basic_hp;basic_armor;basic_mr;basic_mr;basic_haste;basic_armor;basic_mr;basic_hp;basic_hp"
51,0,373,150,33,bot1_4,Bruiser,1,FIGHTER,physical,5,6,3,1.33,9566,7282,10320,269,23.1,0.9,343,537,43,39,10,107,3057,491,315,59,0.843,0.8,0.71,"special_lifesteal;basic_power;basic_hp;basic_power;basic_hp;basic_as;basic_hp;basic_power;basic_as;basic_armor"
52,1,376,55,150,bot0_1,Fusilier,0,SLAYER,physical,3,6,6,1.5,12046,7731,8758,0,26.9,0,521,677,41,11,10,19,3019,482,287,89,0.764,0.5,0.88,"basic_hp;basic_hp;basic_hp;basic_power;basic_power;basic_hp;basic_armor;basic_armor;basic_armor;basic_as;basic_mr"
52,1,376,55,150,bot1_1,Bruiser,1,FIGHTER,physical,13,2,13,13,27633,17564,10463,785,50,2.2,640,753,58,44,12,338,4788,765,351,24,0.935,2.1,1.68,"special_lifesteal;basic_power;basic_power;basic_as;basic_hp;basic_power;basic_as;basic_hp;basic_armor;basic_as;basic_power;basic_hp;basic_mr;basic_power;basic_armor"
52,1,376,55,150,bot0_2,Ironclad,0,TANK,physical,0,6,6,1,7492,4093,13850,0,13.9,0,373,517,31,22,9,29,2404,384,295,81,0.785,0,0.3,"basic_hp;basic_hp;basic_hp;basic_armor;basic_armor;basic_mr;basic_power;basic_mr;basic_as"
52,1,376,55,150,bot1_2,Doctor,1,SUPPORT,physical,0,2,22,11,8303,5799,11413,16136,16.4,45.7,155,216,30,27,11,274,3324,531,353,22,0.94,0,0.51,"special_gw;basic_hp;basic_hp;basic_hp;basic_armor;basic_mr;basic_mr;basic_hp;basic_power;basic_hp"
52,1,376,55,150,bot0_3,Summoner,0,MAGE,magical,1,7,5,0.86,8832,2859,7643,237,10.3,0.9,185,263,38,19,10,294,2619,418,277,98,0.738,0.2,0.37,"special_lifesteal;basic_power;basic_hp;basic_power;basic_armor;basic_haste;basic_mr;basic_hp"
52,1,376,55,150,bot1_3,Lynx,1,SLAYER,physical,9,3,12,7,17167,8884,7572,0,26.3,0,333,715,67,47,11,114,4114,657,338,38,0.899,1.4,1.17,"basic_hp;basic_hp;basic_mr;basic_hp;basic_hp;basic_armor;basic_mr;basic_hp;basic_hp;basic_power;basic_as;basic_armor;basic_power;basic_mr"
52,1,376,55,150,bot0_4,Hana,0,TANK,magical,6,7,4,1.43,20179,16520,14321,0,60.2,0,488,902,10,39,10,162,3162,505,274,101,0.73,1,1.15,"basic_hp;basic_hp;basic_hp;basic_armor;basic_hp;basic_armor;basic_mr;basic_power;basic_haste;basic_armor;basic_mr"
52,1,376,55,150,bot1_4,Reaper,1,SPLITPUSHER,magical,4,3,18,7.33,15441,9846,7477,0,29.4,0,440,708,45,24,12,90,3790,605,335,41,0.891,0.6,1.32,"basic_hp;basic_hp;basic_hp;basic_hp;basic_hp;basic_mr;basic_armor;basic_mr;basic_armor;basic_haste;basic_haste;basic_hp;basic_power"
53,0,428,150,76,bot0_1,Ironclad,0,TANK,physical,4,3,17,7,15436,8517,12429,0,22.1,0,353,471,40,34,11,307,3807,533,386,43,0.9,0.6,0.69,"basic_hp;basic_hp;special_gw;basic_armor;basic_mr;basic_hp;basic_hp;basic_armor;basic_mr;basic_power;basic_power;basic_as"
53,0,428,150,76,bot1_1,Goliath,1,TANK,physical,2,6,11,2.17,10689,5453,14690,2679,15.7,7.7,293,401,40,27,11,179,3204,449,347,82,0.809,0.3,0.37,"basic_hp;basic_hp;basic_hp;basic_armor;special_gw;basic_mr;basic_mr;basic_hp;basic_armor;basic_mr"
53,0,428,150,76,bot0_2,Hana,0,TANK,magical,2,3,16,6,10193,6283,9461,0,16.2,0,269,455,14,49,11,114,3439,481,388,41,0.904,0.3,0.66,"basic_hp;basic_hp;basic_hp;basic_armor;basic_mr;basic_armor;basic_armor;basic_mr;basic_power;basic_mr;basic_hp;basic_power"
53,0,428,150,76,bot1_2,Bruiser,1,FIGHTER,physical,7,6,6,2.17,17256,8115,9122,882,21.5,2.3,475,601,55,43,11,243,3818,535,378,50,0.882,1,0.89,"special_lifesteal;special_lifesteal;basic_power;basic_power;basic_as;basic_hp;basic_power;basic_as;basic_armor;basic_as;basic_power"
53,0,428,150,76,bot0_3,Lynx,0,SLAYER,physical,13,4,8,5.25,26557,15977,8675,0,43.2,0,649,1145,77,53,12,234,4784,670,370,58,0.864,1.8,1.84,"basic_hp;basic_hp;basic_hp;basic_power;basic_power;basic_armor;basic_armor;basic_mr;basic_as;basic_power;basic_armor;basic_haste;basic_hp;basic_hp;basic_hp;basic_as"
53,0,428,150,76,bot1_3,Vanguard,1,FIGHTER,physical,4,7,11,2.14,20040,10262,10496,421,31,1.3,481,680,47,34,11,55,3555,498,331,97,0.773,0.6,0.98,"special_lifesteal;basic_power;basic_power;basic_power;basic_hp;basic_hp;basic_as;basic_mr;basic_as;basic_armor;basic_hp;basic_as"
53,0,428,150,76,bot0_4,Tamer,0,MAGE,magical,6,5,15,4.2,14454,9484,6588,3611,26.8,10.2,322,546,43,11,12,98,4023,563,353,75,0.825,0.8,1.44,"special_lifesteal;basic_power;basic_power;basic_hp;basic_hp;basic_hp;basic_armor;basic_power;basic_haste;basic_mr;basic_power;basic_hp;basic_hp"
53,0,428,150,76,bot1_4,Mage,1,MAGE,magical,2,6,12,2.33,20556,9571,9301,432,28.2,1.3,591,666,58,28,11,190,3440,482,340,89,0.793,0.3,1.03,"special_lifesteal;basic_hp;basic_power;basic_hp;basic_mr;basic_power;basic_hp;basic_haste;basic_hp;basic_power;basic_armor"
54,1,476,82,150,bot0_1,Tamer,0,MAGE,magical,2,9,15,1.89,14138,8412,10352,4123,25,12.3,291,451,35,14,12,209,3709,468,336,140,0.706,0.3,0.81,"basic_hp;basic_hp;basic_hp;basic_mr;basic_armor;basic_armor;basic_haste;basic_hp;basic_power;basic_as;basic_mr;basic_haste;basic_power"
54,1,476,82,150,bot1_1,Bruiser,1,FIGHTER,physical,8,4,23,7.75,29699,16464,9461,854,40,2.1,558,922,70,47,13,42,5042,636,411,64,0.865,1,1.74,"special_lifesteal;basic_power;basic_hp;basic_power;basic_as;basic_hp;basic_hp;basic_armor;basic_mr;basic_as;basic_armor;basic_mr;basic_power;basic_as;basic_armor;basic_hp;basic_power"
54,1,476,82,150,bot0_2,Ironclad,0,TANK,physical,2,8,16,2.25,11719,7437,21425,0,21,0,436,579,37,28,12,206,3781,477,354,122,0.744,0.3,0.35,"basic_hp;basic_hp;basic_hp;basic_hp;basic_mr;basic_armor;basic_power;basic_as;basic_mr;basic_haste;basic_hp;basic_armor;basic_power"
54,1,476,82,150,bot1_2,Kratoma,1,SLAYER,physical,9,5,22,6.2,22684,15576,9833,600,39,1.5,330,530,30,32,13,68,5068,639,399,76,0.84,1.1,1.58,"special_lifesteal;basic_power;basic_power;basic_power;basic_hp;basic_hp;basic_as;basic_armor;basic_as;basic_mr;basic_armor;basic_hp;basic_mr;basic_as;basic_power;basic_armor;basic_hp"
54,1,476,82,150,bot0_3,Goliath,0,TANK,physical,4,7,15,2.71,11487,6677,16828,2623,17.9,7,354,486,46,28,12,31,3931,496,374,102,0.786,0.5,0.4,"basic_hp;basic_hp;basic_mr;basic_armor;basic_armor;basic_hp;basic_as;basic_hp;basic_mr;basic_hp;basic_power;basic_haste;basic_armor;basic_mr"
54,1,476,82,150,bot1_3,Pyromancer,1,SLAYER,magical,9,5,21,6,23477,12227,8222,0,27.4,0,471,779,54,41,13,129,5004,631,446,29,0.938,1.1,1.49,"basic_hp;basic_hp;basic_hp;basic_armor;basic_haste;basic_hp;basic_armor;basic_armor;basic_hp;basic_armor;basic_mr;basic_power;basic_mr;basic_haste;basic_armor;basic_mr;basic_power"
54,1,476,82,150,bot0_4,Lynx,0,SLAYER,physical,11,8,6,2.13,23478,11099,12804,137,31.9,0.4,605,938,67,52,12,139,4589,579,348,128,0.732,1.4,0.87,"basic_hp;basic_hp;basic_power;basic_power;basic_hp;basic_power;basic_hp;basic_hp;basic_armor;basic_mr;basic_armor;special_lifesteal;basic_as;basic_as;basic_as"
54,1,476,82,150,bot1_4,Jailer,1,TANK,magical,6,5,23,5.8,21708,12247,9842,0,29.7,0,526,644,39,32,12,103,4528,571,412,63,0.867,0.8,1.24,"basic_hp;basic_hp;basic_hp;basic_armor;basic_hp;basic_mr;basic_haste;basic_power;basic_armor;basic_armor;basic_as;basic_hp;basic_armor;basic_hp;basic_hp"
55,0,349,150,38,bot0_1,Jailer,0,TANK,magical,5,1,17,22,16383,9741,5754,0,28.8,0,510,689,34,30,11,149,3574,615,338,11,0.969,0.9,1.69,"basic_hp;basic_hp;basic_hp;basic_armor;basic_armor;basic_hp;basic_hp;basic_armor;basic_mr;basic_armor;basic_mr;basic_haste"
55,0,349,150,38,bot1_1,Bruiser,1,FIGHTER,physical,4,5,4,1.6,8369,4694,11608,0,16.2,0,328,441,33,34,10,127,2902,499,289,60,0.829,0.7,0.4,"basic_hp;basic_hp;basic_hp;basic_hp;basic_armor;basic_armor;basic_mr;basic_power;basic_hp;basic_as"
55,0,349,150,38,bot0_2,Doctor,0,SUPPORT,physical,3,3,19,7.33,10865,6756,6875,6030,21.7,19.4,166,401,19,20,11,7,3407,586,311,38,0.891,0.5,0.98,"basic_hp;basic_hp;basic_hp;basic_armor;basic_armor;basic_power;basic_hp;basic_hp;basic_mr;basic_as;basic_hp;basic_haste"
55,0,349,150,38,bot1_2,Oracle,1,MAGE,physical,1,7,7,1.14,7903,4212,10138,228,16.6,0.9,400,410,14,14,9,246,2571,442,253,96,0.726,0.2,0.42,"special_lifesteal;basic_power;basic_hp;basic_hp;basic_as;basic_armor;basic_mr;basic_power"
55,0,349,150,38,bot0_3,Vanguard,0,FIGHTER,physical,11,3,12,7.67,24089,15997,8043,551,48.2,1.7,819,1037,51,33,11,35,4285,737,332,17,0.952,1.9,1.99,"special_lifesteal;basic_power;basic_power;basic_power;basic_as;basic_as;basic_power;basic_as;basic_hp;basic_power;basic_armor;basic_mr;basic_power;basic_hp"
55,0,349,150,38,bot1_3,Kratoma,1,SLAYER,physical,1,6,6,1.17,12237,7667,8235,343,28.7,1.3,229,532,17,17,9,159,2509,432,267,81,0.767,0.2,0.93,"special_lifesteal;basic_power;basic_power;basic_hp;basic_power;basic_as;basic_armor;basic_mr"
55,0,349,150,38,bot0_4,Eggchanter,0,SUPPORT,magical,5,1,15,20,4929,2923,4288,4914,8.7,14.6,123,185,31,19,11,151,3501,602,337,12,0.966,0.9,0.68,"basic_hp;basic_hp;special_heal_power;basic_hp;basic_armor;basic_hp;basic_armor;basic_power;basic_mr;basic_hp;basic_armor"
55,0,349,150,38,bot1_4,Volstrov,1,MAGE,magical,2,6,6,1.33,8278,4844,7636,260,18,1,219,424,15,13,10,204,2804,482,269,80,0.77,0.3,0.63,"special_lifesteal;basic_power;basic_power;basic_hp;basic_haste;basic_mr;basic_hp;basic_armor;basic_haste"
56,1,223,0,150,bot0_1,Oracle,0,MAGE,physical,0,5,0,0,3423,1633,5112,80,10,0.5,356,356,10,11,6,191,1491,401,164,59,0.733,0,0.32,"special_lifesteal;basic_power;basic_power;basic_as"
56,1,223,0,150,bot1_1,Healer,1,SUPPORT,magical,4,0,8,12,4073,3620,3727,7064,16.2,31.7,137,197,29,12,8,37,2462,662,223,0,1,1.1,0.97,"basic_hp;basic_hp;basic_armor;basic_hp;basic_hp;basic_armor;basic_mr;basic_power;basic_haste"
56,1,223,0,150,bot0_2,Bruiser,0,FIGHTER,physical,0,4,0,0,3669,1951,7463,0,11,0,270,285,24,20,6,127,1452,391,177,46,0.794,0,0.26,"basic_hp;basic_hp;basic_hp;basic_power;basic_armor"
56,1,223,0,150,bot1_2,Pyromancer,1,SLAYER,magical,2,0,15,17,7798,5396,2708,0,24.2,0,508,691,21,15,9,27,2502,673,223,0,1,0.5,1.99,"basic_hp;basic_hp;basic_hp;basic_armor;basic_hp;basic_armor;basic_power;basic_haste;basic_armor"
56,1,223,0,150,bot0_3,Goliath,0,TANK,physical,0,4,0,0,2386,1712,6271,579,9.4,3.2,189,343,22,7,6,112,1437,387,183,40,0.82,0,0.27,"basic_hp;basic_hp;basic_hp;basic_mr;basic_armor"
56,1,223,0,150,bot1_3,Vanguard,1,FIGHTER,physical,3,0,13,16,7570,4853,3383,0,21.8,0,340,629,34,23,9,53,2603,700,223,0,1,0.8,1.43,"basic_hp;basic_hp;basic_hp;basic_armor;basic_hp;basic_armor;basic_armor;basic_armor;basic_mr"
56,1,223,0,150,bot0_4,Jailer,0,TANK,magical,0,5,0,0,6254,4620,6909,0,27.7,0,358,575,11,9,6,139,1464,394,167,56,0.748,0,0.67,"basic_hp;basic_hp;basic_hp;basic_mr;basic_armor"
56,1,223,0,150,bot1_4,Wanderer,1,SLAYER,physical,9,0,9,18,16479,10700,1903,0,48,0,973,1603,17,14,9,52,3252,875,223,0,1,2.4,5.62,"basic_hp;basic_hp;basic_hp;basic_armor;basic_hp;basic_power;basic_as;basic_armor;basic_hp;basic_armor;basic_hp"
57,1,487,133,150,bot0_1,Kratoma,0,SLAYER,physical,7,8,13,2.5,29648,15918,12543,719,41.4,1.9,402,814,30,32,13,91,4616,569,385,102,0.79,0.9,1.27,"special_lifesteal;basic_power;basic_as;basic_power;basic_power;basic_power;basic_as;basic_as;basic_hp;basic_mr;basic_as;basic_power;basic_hp;basic_hp;basic_mr"
57,1,487,133,150,bot1_1,Reaper,1,SPLITPUSHER,magical,14,4,10,6,26692,17446,11671,0,39.8,0,744,1332,64,32,13,73,5298,653,438,49,0.899,1.7,1.49,"basic_hp;basic_hp;basic_hp;basic_power;basic_armor;basic_hp;basic_mr;basic_hp;basic_armor;basic_power;basic_haste;basic_haste;basic_hp;basic_mr;basic_hp;basic_armor;basic_as;basic_mr"
57,1,487,133,150,bot0_2,Pyromancer,0,SLAYER,magical,4,5,15,3.8,19278,8593,10943,282,19.8,0.7,383,574,44,34,13,11,4161,512,434,54,0.89,0.5,0.79,"special_lifesteal;basic_hp;basic_hp;basic_hp;basic_power;basic_haste;basic_power;basic_hp;basic_haste;basic_mr;basic_hp;special_pen;basic_power"
57,1,487,133,150,bot1_2,Vanguard,1,FIGHTER,physical,6,6,15,3.5,23185,9782,11998,0,25,0,347,767,56,43,12,131,4306,530,391,97,0.802,0.7,0.82,"basic_hp;basic_hp;basic_power;basic_armor;basic_power;basic_armor;basic_mr;basic_as;basic_hp;basic_hp;basic_haste;basic_hp;basic_mr;basic_armor;basic_mr"
57,1,487,133,150,bot0_3,Healer,0,SUPPORT,magical,2,7,13,2.14,7199,4140,11804,8664,10.5,22,162,218,59,16,11,23,3623,446,395,93,0.81,0.2,0.35,"basic_hp;basic_hp;basic_mr;basic_armor;basic_power;basic_hp;basic_haste;basic_as;basic_mr;basic_hp;basic_armor;basic_mr;basic_hp"
57,1,487,133,150,bot1_3,Ironclad,1,TANK,physical,6,5,17,4.6,12276,7468,16483,0,18.5,0,329,500,48,37,12,11,4436,546,403,84,0.828,0.7,0.45,"special_gw;basic_hp;basic_hp;basic_power;basic_hp;basic_mr;basic_armor;basic_power;basic_armor;basic_hp;basic_as;basic_hp;basic_armor;basic_mr;basic_as"
57,1,487,133,150,bot0_4,Bruiser,0,FIGHTER,physical,8,7,12,2.86,27443,17470,13405,704,44.4,1.8,522,823,62,50,13,206,4581,564,394,94,0.808,1,1.3,"special_lifesteal;basic_power;basic_hp;basic_power;basic_as;basic_hp;basic_hp;basic_mr;basic_as;basic_armor;basic_mr;basic_power;basic_as;basic_hp;basic_armor"
57,1,487,133,150,bot1_4,Summoner,1,MAGE,magical,1,6,19,3.33,13034,6712,11076,400,16.9,1,199,281,62,31,12,0,3750,462,396,91,0.814,0.1,0.61,"special_lifesteal;basic_hp;basic_power;basic_haste;basic_hp;basic_armor;basic_hp;basic_power;basic_power;basic_mr;basic_armor;basic_mr;basic_haste"
58,1,346,41,150,bot0_1,Vanguard,0,FIGHTER,physical,1,6,3,0.67,7281,3314,8722,0,12.6,0,352,413,35,22,9,226,2326,403,263,83,0.76,0.2,0.38,"basic_hp;basic_hp;basic_hp;basic_mr;basic_armor;basic_mr;basic_power;basic_as"
58,1,346,41,150,bot1_1,Healer,1,SUPPORT,magical,3,2,20,11.5,8775,5840,5326,5170,18.1,16,203,241,53,12,11,137,3462,601,323,23,0.932,0.5,1.1,"basic_hp;basic_hp;basic_armor;basic_hp;basic_armor;basic_mr;basic_mr;basic_power;basic_power;basic_hp;basic_hp;basic_haste"
58,1,346,41,150,bot0_2,Quiller,0,SLAYER,physical,2,6,2,0.67,8158,3706,6921,231,13.9,0.9,238,389,26,22,8,252,2352,408,266,80,0.769,0.3,0.54,"special_lifesteal;basic_power;basic_hp;basic_as;basic_power;basic_hp;basic_as"
58,1,346,41,150,bot1_2,Lynx,1,SLAYER,physical,10,1,10,20,18754,9797,6069,404,29.3,1.2,512,897,67,43,11,182,3982,691,334,12,0.966,1.7,1.61,"basic_hp;basic_hp;special_lifesteal;basic_power;basic_as;basic_armor;basic_mr;basic_hp;basic_power;basic_as;basic_hp;basic_armor;basic_as"
58,1,346,41,150,bot0_3,Goliath,0,TANK,physical,0,7,5,0.71,6578,4680,10611,1004,18.5,4,313,473,30,16,9,113,2238,388,253,93,0.732,0,0.44,"basic_hp;basic_hp;basic_mr;basic_mr;basic_armor;basic_armor;basic_power;basic_hp"
58,1,346,41,150,bot1_3,Reaper,1,SPLITPUSHER,magical,10,1,9,19,15165,8699,4229,601,26.2,1.8,614,841,44,22,11,337,4037,700,332,14,0.961,1.7,2.06,"special_lifesteal;basic_power;basic_power;basic_power;basic_hp;basic_hp;basic_power;basic_haste;basic_armor;basic_power;basic_power;basic_haste"
58,1,346,41,150,bot0_4,Zephyr,0,SPLITPUSHER,magical,2,6,3,0.83,9606,5165,8041,217,19.8,0.8,424,575,27,29,9,154,2479,430,261,85,0.755,0.3,0.64,"special_lifesteal;basic_power;basic_power;basic_hp;basic_hp;basic_mr;basic_haste;basic_armor"
58,1,346,41,150,bot1_4,Ironclad,1,TANK,physical,2,1,23,25,10074,7696,4017,0,23.1,0,266,494,34,22,11,292,3492,606,333,13,0.963,0.3,1.92,"basic_hp;basic_hp;basic_armor;basic_mr;basic_armor;basic_power;basic_mr;basic_hp;basic_armor;basic_as;basic_haste;basic_power"
59,0,235,150,1,bot0_1,Cleric,0,SUPPORT,magical,2,0,11,13,5201,4546,2802,4901,19.4,20.9,297,327,40,31,8,199,2374,607,235,0,1,0.5,1.62,"basic_hp;basic_hp;basic_mr;basic_hp;basic_hp;basic_armor;basic_haste;basic_armor"
59,0,235,150,1,bot1_1,Jailer,1,TANK,magical,0,4,1,0.25,4372,2462,6283,0,13.2,0,350,406,14,13,7,286,1611,412,187,48,0.796,0,0.39,"basic_hp;basic_hp;basic_hp;basic_armor;basic_mr"
59,0,235,150,1,bot0_2,Ironclad,0,TANK,physical,5,0,11,16,4863,3273,3697,0,13.9,0,336,432,25,18,9,24,2799,715,235,0,1,1.3,0.89,"basic_hp;basic_hp;basic_hp;basic_hp;basic_armor;basic_mr;basic_armor;basic_power;basic_hp;basic_as"
59,0,235,150,1,bot1_2,Vanguard,1,FIGHTER,physical,0,5,1,0.2,7393,3931,7380,0,22.2,0,430,580,25,18,7,268,1593,407,177,58,0.755,0,0.53,"basic_hp;basic_hp;basic_hp;basic_armor;basic_power"
59,0,235,150,1,bot0_3,Oracle,0,MAGE,physical,9,1,6,15,9307,7271,3916,215,32.5,1,264,439,17,17,9,172,3122,798,224,11,0.954,2.3,1.86,"special_lifesteal;basic_power;basic_hp;basic_power;basic_power;basic_as;basic_as;basic_armor;basic_hp;basic_as"
59,0,235,150,1,bot1_3,Fusilier,1,SLAYER,physical,1,5,0,0.2,7202,4082,6674,0,22.6,0,365,589,23,8,7,39,1714,438,181,54,0.77,0.3,0.61,"basic_hp;basic_hp;basic_hp;basic_armor;basic_hp;basic_armor"
59,0,235,150,1,bot0_4,Wanderer,0,SLAYER,physical,1,0,15,16,18674,10129,4027,540,43.1,2.3,641,1086,24,16,9,310,2435,622,235,0,1,0.3,2.52,"special_lifesteal;basic_hp;basic_hp;basic_power;basic_as;basic_hp;basic_power"
59,0,235,150,1,bot1_4,Zephyr,1,SPLITPUSHER,magical,0,3,1,0.33,3575,2321,6674,0,11.6,0,287,375,21,18,6,148,1548,395,200,35,0.851,0,0.35,"basic_hp;basic_hp;basic_hp;basic_hp;basic_armor"
60,1,293,2,150,bot0_1,Reaper,0,SPLITPUSHER,magical,1,5,0,0.2,8555,1160,7627,256,4.5,1,265,312,29,15,8,490,2040,418,257,36,0.877,0.2,0.15,"special_lifesteal;basic_power;basic_hp;basic_haste;basic_power"
60,1,293,2,150,bot1_1,Tamer,1,MAGE,magical,11,0,15,26,19716,10479,2527,3804,35.8,13,505,881,47,13,11,33,4133,847,293,0,1,2.3,4.15,"special_lifesteal;basic_power;basic_hp;basic_mr;basic_power;basic_power;basic_hp;basic_power;basic_haste;basic_hp;basic_haste;basic_armor;basic_mr;basic_mr"
60,1,293,2,150,bot0_2,Mage,0,MAGE,magical,1,8,1,0.25,11865,3929,7776,277,19.5,1.4,447,636,35,14,8,273,2048,420,202,91,0.689,0.2,0.51,"special_lifesteal;basic_power;basic_hp;basic_haste;basic_mr;basic_armor"
60,1,293,2,150,bot1_2,Summoner,1,MAGE,magical,4,1,17,21,5579,3844,3283,0,13.6,0,154,226,43,24,10,79,3229,662,282,11,0.963,0.8,1.17,"basic_hp;basic_hp;basic_hp;basic_mr;basic_mr;basic_mr;basic_hp;basic_hp;basic_haste;basic_armor;basic_mr"
60,1,293,2,150,bot0_3,Jailer,0,TANK,magical,0,7,2,0.29,7021,3765,10494,0,18.3,0,421,492,15,14,8,176,1951,400,206,87,0.704,0,0.36,"basic_hp;basic_hp;basic_mr;basic_power;basic_haste;basic_armor;basic_as"
60,1,293,2,150,bot1_3,Volstrov,1,MAGE,magical,7,1,16,23,8934,6551,2675,257,23.6,0.9,349,695,5,10,11,149,3674,753,277,16,0.947,1.4,2.45,"special_lifesteal;basic_power;basic_hp;basic_power;basic_mr;basic_haste;basic_hp;basic_hp;basic_armor;basic_mr;basic_power;basic_hp"
60,1,293,2,150,bot0_4,Goliath,0,TANK,physical,0,9,2,0.22,5492,2274,11989,1099,11.6,5.6,339,564,23,13,8,149,1924,394,196,97,0.67,0,0.19,"special_gw;basic_hp;basic_mr;basic_power;basic_as;basic_armor"
60,1,293,2,150,bot1_4,Hana,1,TANK,magical,7,0,21,28,16584,11271,3996,0,38.5,0,476,952,10,33,11,61,3861,791,293,0,1,1.4,2.82,"basic_hp;basic_hp;basic_hp;basic_mr;basic_mr;basic_power;basic_hp;basic_mr;basic_armor;basic_armor;basic_haste;basic_power;basic_as;basic_haste"
61,1,382,53,151,bot0_1,Reaper,0,SPLITPUSHER,magical,2,7,7,1.29,20703,10997,10336,558,38.4,1.9,559,1055,39,21,9,184,2784,438,287,95,0.751,0.3,1.06,"special_lifesteal;basic_hp;basic_power;basic_hp;basic_haste;basic_armor;basic_mr;basic_power;basic_haste"
61,1,382,53,151,bot1_1,Jirina,1,FIGHTER,magical,5,3,16,7,12900,7427,8175,5737,21.6,16.7,389,533,44,20,11,139,3689,580,343,38,0.9,0.8,0.91,"special_lifesteal;basic_power;basic_power;basic_hp;basic_hp;basic_mr;basic_power;basic_haste;basic_power;basic_mr;basic_hp;basic_haste"
61,1,382,53,151,bot0_2,Cleric,0,SUPPORT,magical,1,7,9,1.43,6210,3514,11350,5475,12.4,19.3,201,251,40,32,10,141,2766,435,284,98,0.744,0.2,0.31,"special_gw;basic_hp;basic_mr;basic_hp;basic_armor;basic_power;basic_hp;basic_haste;basic_mr"
61,1,382,53,151,bot1_2,Vanguard,1,FIGHTER,physical,2,2,17,9.5,14354,8581,7700,50,23.3,0.1,657,657,54,37,11,184,3359,528,368,14,0.964,0.3,1.11,"special_gw;basic_hp;basic_mr;basic_power;basic_hp;basic_mr;basic_hp;basic_as;special_lifesteal;basic_power"
61,1,382,53,151,bot0_3,Volstrov,0,MAGE,magical,5,6,4,1.5,7755,5659,9735,0,17.6,0,198,384,13,15,10,67,3092,486,322,59,0.844,0.8,0.58,"basic_hp;basic_hp;basic_mr;basic_power;basic_hp;basic_armor;basic_haste;basic_mr;basic_hp;basic_hp;basic_as"
61,1,382,53,151,bot1_3,Fusilier,1,SLAYER,physical,8,4,14,5.5,21643,13220,6867,687,40.2,2.1,371,625,58,14,12,51,4101,645,329,53,0.862,1.3,1.93,"special_lifesteal;basic_power;basic_power;basic_power;basic_hp;basic_as;basic_hp;basic_as;basic_hp;basic_mr;basic_haste;basic_mr;basic_as;basic_haste"
61,1,382,53,151,bot0_4,Healer,0,SUPPORT,magical,3,4,7,2.5,8629,5798,11737,6769,17.9,20.9,154,220,51,23,10,297,2922,459,324,58,0.849,0.5,0.49,"special_gw;basic_hp;basic_hp;basic_power;basic_mr;basic_hp;basic_haste;basic_power;basic_armor"
61,1,382,53,151,bot1_4,Pyromancer,1,SLAYER,magical,9,2,15,12,16588,11903,5961,222,33.6,0.6,431,736,36,25,12,204,4354,685,354,27,0.928,1.4,2,"special_lifesteal;basic_power;basic_hp;basic_power;basic_mr;basic_hp;basic_power;basic_mr;basic_hp;basic_mr;basic_hp;basic_haste;basic_armor;basic_power"
62,0,335,151,6,bot0_1,Tamer,0,MAGE,magical,3,3,17,6.67,10907,6600,4006,2309,22.3,7.8,278,467,38,9,11,32,3332,597,296,39,0.883,0.5,1.65,"special_lifesteal;basic_power;basic_power;basic_hp;basic_haste;basic_power;basic_hp;basic_mr;basic_armor;basic_power;basic_power"
62,0,335,151,6,bot1_1,Goliath,1,TANK,physical,0,7,2,0.29,5480,2058,11553,469,8.4,1.9,234,289,32,14,8,220,2045,367,245,90,0.732,0,0.18,"basic_hp;basic_hp;basic_hp;basic_power;basic_armor;basic_mr;basic_as"
62,0,335,151,6,bot0_2,Fusilier,0,SLAYER,physical,11,0,17,28,20564,11048,2186,648,33,1.9,401,744,52,14,12,161,4311,773,335,0,1,2,5.05,"special_lifesteal;basic_power;basic_power;basic_as;basic_power;basic_hp;basic_as;basic_mr;basic_as;basic_hp;basic_power;basic_armor;basic_power;basic_mr"
62,0,335,151,6,bot1_2,Hana,1,TANK,magical,2,7,4,0.86,9243,4754,13723,0,19.9,0,394,738,14,31,9,266,2416,433,239,96,0.714,0.4,0.35,"basic_hp;basic_hp;basic_hp;basic_mr;basic_armor;basic_power;basic_hp;basic_haste"
62,0,335,151,6,bot0_3,Mage,0,MAGE,magical,6,1,18,24,17199,9644,3651,458,29.9,1.4,523,735,59,28,12,390,3840,689,323,12,0.965,1.1,2.64,"special_lifesteal;basic_power;basic_power;basic_hp;basic_haste;basic_armor;basic_mr;basic_hp;basic_mr;basic_armor;basic_haste;basic_hp"
62,0,335,151,6,bot1_3,Oracle,1,MAGE,physical,1,7,5,0.86,8722,3143,9318,0,13,0,304,348,14,14,9,218,2343,420,241,94,0.72,0.2,0.34,"basic_hp;basic_hp;basic_hp;basic_mr;basic_armor;basic_mr;basic_armor;basic_as"
62,0,335,151,6,bot0_4,Lynx,0,SLAYER,physical,9,2,18,13.5,21529,13949,3282,644,45.4,2.1,951,1479,50,38,12,191,4241,760,307,27,0.918,1.6,4.25,"special_lifesteal;basic_power;basic_hp;basic_power;basic_power;basic_as;basic_hp;basic_armor;basic_as;basic_mr;basic_hp;basic_mr;basic_armor;basic_as"
62,0,335,151,6,bot1_4,Eggchanter,1,SUPPORT,magical,3,8,2,0.63,4181,1815,9171,1807,7.1,7,127,158,22,11,9,88,2463,442,256,78,0.767,0.5,0.2,"special_gw;basic_hp;basic_hp;basic_mr;basic_armor;basic_mr;basic_power;basic_hp"
63,1,323,32,150,bot0_1,Vanguard,0,FIGHTER,physical,4,5,4,1.6,13329,8054,9858,0,31.9,0,301,474,43,24,10,250,2875,534,253,70,0.782,0.7,0.82,"basic_hp;basic_hp;basic_mr;basic_power;basic_as;basic_hp;basic_armor;basic_mr;basic_haste;basic_power"
63,1,323,32,150,bot1_1,Eggchanter,1,SUPPORT,magical,3,1,17,20,5177,4047,7441,8802,13.1,28.5,129,206,31,17,10,79,3229,600,309,14,0.958,0.6,0.54,"basic_hp;basic_hp;basic_hp;basic_hp;basic_armor;basic_power;basic_armor;basic_mr;basic_armor;basic_hp;basic_armor"
63,1,323,32,150,bot0_2,Bruiser,0,FIGHTER,physical,1,5,7,1.6,8850,4579,8716,251,17.1,0.9,419,506,35,32,10,262,2612,485,268,55,0.829,0.2,0.53,"special_lifesteal;basic_power;basic_as;basic_hp;basic_mr;basic_power;basic_power;basic_armor"
63,1,323,32,150,bot1_2,Jirina,1,FIGHTER,magical,2,2,14,8,14969,9816,5835,2403,33,8.1,385,547,37,11,10,34,2934,545,298,25,0.922,0.4,1.68,"special_lifesteal;basic_power;basic_hp;basic_armor;basic_power;basic_hp;basic_armor;basic_haste;basic_mr;basic_hp"
63,1,323,32,150,bot0_3,Kratoma,0,SLAYER,physical,1,6,6,1.17,11820,6100,7427,258,25.5,1.1,252,414,16,15,10,132,2507,466,239,84,0.74,0.2,0.82,"special_lifesteal;basic_power;basic_power;basic_as;basic_power;basic_hp;basic_mr;basic_as"
63,1,323,32,150,bot1_3,Zephyr,1,SPLITPUSHER,magical,8,2,11,9.5,16881,9295,4842,0,31.6,0,322,556,41,39,11,164,3639,676,295,28,0.912,1.5,1.92,"basic_hp;basic_hp;basic_hp;basic_armor;basic_hp;basic_armor;basic_haste;basic_haste;basic_hp;basic_armor;basic_hp;basic_power"
63,1,323,32,150,bot0_4,Healer,0,SUPPORT,magical,2,5,6,1.6,6359,3973,10501,6716,15.2,25.7,138,197,34,21,10,215,2690,500,261,61,0.81,0.4,0.38,"basic_hp;basic_hp;basic_mr;basic_hp;basic_mr;basic_haste;basic_mr;basic_hp;basic_power"
63,1,323,32,150,bot1_4,Reaper,1,SPLITPUSHER,magical,8,3,11,6.33,15909,11511,7743,625,40.6,2.2,365,635,41,24,11,187,3712,690,284,39,0.879,1.5,1.49,"special_lifesteal;basic_power;basic_hp;basic_armor;basic_haste;basic_power;basic_hp;basic_hp;basic_mr;basic_armor;basic_power;basic_hp"
64,1,317,10,151,bot0_1,Quiller,0,SLAYER,physical,0,7,3,0.43,6411,2566,6919,166,11.3,0.7,217,342,28,17,8,206,2031,384,227,89,0.718,0,0.37,"special_lifesteal;basic_power;basic_power;basic_hp;basic_as;basic_hp"
64,1,317,10,151,bot1_1,Goliath,1,TANK,physical,4,0,21,25,11333,8136,6308,2083,25.7,6.6,307,401,31,25,11,92,3492,661,317,0,1,0.8,1.29,"basic_hp;basic_hp;basic_hp;basic_mr;basic_hp;basic_armor;basic_mr;basic_power;basic_armor;basic_armor;basic_hp;basic_mr"
64,1,317,10,151,bot0_2,Lynx,0,SLAYER,physical,3,5,1,0.8,7616,5501,7492,0,21.9,0,358,571,29,30,8,102,2327,440,252,65,0.794,0.6,0.73,"basic_hp;basic_hp;basic_armor;basic_hp;basic_power;basic_armor;basic_hp;basic_armor"
64,1,317,10,151,bot1_2,Wanderer,1,SLAYER,physical,7,2,15,11,13644,7452,5205,0,25.9,0,548,978,26,18,11,145,3670,695,288,29,0.908,1.3,1.43,"basic_hp;basic_hp;basic_hp;basic_hp;basic_armor;basic_mr;basic_armor;basic_hp;basic_mr;basic_armor;basic_mr;basic_hp"
64,1,317,10,151,bot0_3,Pyromancer,0,SLAYER,magical,0,7,2,0.29,8560,3148,7655,96,13.3,0.4,458,642,19,13,8,185,2035,385,236,81,0.746,0,0.41,"special_lifesteal;basic_hp;basic_hp;basic_hp;basic_armor;basic_power"
64,1,317,10,151,bot1_3,Doctor,1,SUPPORT,physical,10,1,14,24,9492,7144,3770,7769,23.2,25.2,194,371,25,17,11,126,4051,767,308,9,0.972,1.9,1.89,"basic_hp;basic_hp;basic_hp;basic_mr;basic_armor;basic_hp;basic_armor;basic_hp;basic_mr;basic_armor;basic_power;basic_mr;basic_power;basic_as"
64,1,317,10,151,bot0_4,Hana,0,TANK,magical,1,7,3,0.57,7041,5375,11283,0,23.3,0,303,514,11,29,8,116,2191,415,231,86,0.729,0.2,0.48,"special_gw;basic_hp;basic_hp;basic_armor;basic_armor;basic_power;basic_haste"
64,1,317,10,151,bot1_4,Fusilier,1,SLAYER,physical,5,1,19,24,12121,8990,3224,0,29.4,0,335,531,52,15,10,171,3471,657,306,11,0.966,0.9,2.79,"basic_hp;basic_hp;basic_hp;basic_armor;basic_armor;basic_mr;basic_mr;basic_power;basic_as;basic_haste;basic_hp;basic_hp"
65,0,399,152,27,bot0_1,Vanguard,0,FIGHTER,physical,8,2,18,13,22202,10460,5266,863,28.4,2.3,518,823,55,37,12,78,4453,669,369,30,0.924,1.2,1.99,"special_lifesteal;special_lifesteal;basic_power;basic_power;basic_as;basic_as;basic_hp;basic_power;basic_hp;basic_mr;basic_armor;basic_armor;basic_as;basic_power"
65,0,399,152,27,bot1_1,Mage,1,MAGE,magical,4,8,2,0.75,13348,7197,10186,0,25,0,546,742,56,19,10,208,3008,452,288,111,0.722,0.6,0.71,"basic_hp;basic_hp;basic_hp;basic_mr;basic_armor;basic_hp;basic_mr;basic_hp;basic_armor;basic_haste"
65,0,399,152,27,bot0_2,Goliath,0,TANK,physical,4,1,25,29,12988,8831,9143,2921,23,7.6,366,572,46,29,13,98,4273,642,385,15,0.963,0.6,0.97,"basic_hp;basic_hp;basic_hp;basic_mr;basic_armor;basic_mr;basic_power;basic_as;basic_haste;basic_hp;basic_armor;basic_hp;basic_mr;basic_armor;basic_power"
65,0,399,152,27,bot1_2,Ironclad,1,TANK,physical,0,6,6,1,7450,5302,12669,0,16.4,0,408,500,28,18,9,141,2491,374,324,75,0.812,0,0.42,"special_gw;basic_hp;basic_mr;basic_armor;basic_hp;basic_mr;basic_power;basic_armor"
65,0,399,152,27,bot0_3,Healer,0,SUPPORT,magical,6,1,23,29,12934,8220,6529,8385,21.2,21.6,169,222,72,18,13,204,4429,666,387,12,0.971,0.9,1.26,"basic_hp;basic_hp;special_gw;basic_mr;basic_armor;basic_power;basic_hp;basic_hp;basic_hp;basic_haste;basic_armor;basic_mr;basic_hp;basic_power"
65,0,399,152,27,bot1_3,Lynx,1,SLAYER,physical,1,9,4,0.56,15319,9482,10355,430,28.7,1.3,674,1131,49,44,9,205,2580,388,331,68,0.829,0.2,0.92,"special_lifesteal;basic_power;basic_power;basic_hp;basic_power;basic_as;basic_hp;basic_mr"
65,0,399,152,27,bot0_4,Hana,0,TANK,magical,13,2,18,15.5,24644,15714,8291,0,42.8,0,457,919,15,44,13,199,5024,755,367,32,0.919,2,1.9,"basic_hp;special_gw;basic_hp;basic_mr;basic_armor;basic_hp;basic_mr;basic_power;basic_armor;basic_power;basic_hp;basic_hp;basic_haste;basic_mr;basic_hp;basic_armor"
65,0,399,152,27,bot1_4,Eggchanter,1,SUPPORT,magical,1,8,4,0.63,5625,4025,12285,2855,13.5,9.6,118,174,30,14,9,80,2505,376,299,100,0.748,0.2,0.33,"basic_hp;basic_hp;basic_hp;basic_mr;basic_hp;basic_armor;basic_haste;basic_armor;basic_power"
66,1,399,47,150,bot0_1,Mage,0,MAGE,magical,0,6,8,1.33,14057,6955,8662,309,22.2,1,618,660,59,19,10,96,2721,409,313,86,0.784,0,0.8,"special_lifesteal;basic_power;basic_power;basic_hp;basic_hp;basic_armor;basic_haste;basic_mr;basic_hp"
66,1,399,47,150,bot1_1,Zephyr,1,SPLITPUSHER,magical,6,1,13,19,14275,6705,7251,370,17.3,1,401,533,44,48,11,65,3740,562,388,11,0.973,0.9,0.92,"basic_hp;basic_hp;special_lifesteal;basic_power;basic_armor;basic_power;basic_hp;basic_power;basic_hp;basic_mr;basic_hp;basic_power"
66,1,399,47,150,bot0_2,Oracle,0,MAGE,physical,5,6,3,1.33,16680,10133,9964,476,32.2,1.5,474,608,21,21,11,82,3257,489,315,84,0.789,0.8,1.02,"special_lifesteal;basic_power;basic_hp;basic_as;basic_power;basic_hp;basic_armor;basic_mr;basic_as;basic_armor;basic_hp"
66,1,399,47,150,bot1_2,Quiller,1,SLAYER,physical,9,3,15,8,20270,12285,5181,661,34.2,1.8,308,617,53,31,12,258,4308,647,359,40,0.9,1.4,2.37,"special_lifesteal;basic_power;basic_hp;basic_power;basic_power;basic_hp;basic_as;basic_as;basic_mr;basic_armor;basic_armor;basic_hp;basic_mr;basic_as"
66,1,399,47,150,bot0_3,Fusilier,0,SLAYER,physical,3,8,4,0.88,11474,7953,9698,314,27.5,1.1,393,622,32,11,9,210,2835,426,289,110,0.724,0.5,0.82,"special_lifesteal;basic_power;basic_power;basic_hp;basic_power;basic_as;basic_hp;basic_armor;basic_mr"
66,1,399,47,150,bot1_3,Cleric,1,SUPPORT,magical,8,2,18,13,12073,8819,8958,11421,23.7,30.6,352,414,56,52,12,48,4298,646,373,26,0.934,1.2,0.98,"basic_hp;basic_hp;basic_hp;basic_armor;basic_hp;basic_mr;basic_armor;basic_mr;basic_power;basic_hp;basic_hp;basic_haste;basic_armor;basic_as;basic_power"
66,1,399,47,150,bot0_4,Volstrov,0,MAGE,magical,0,8,7,0.88,8874,6680,9894,0,23,0,180,340,18,15,9,190,2565,385,291,108,0.729,0,0.68,"basic_hp;basic_hp;basic_hp;basic_mr;basic_armor;basic_armor;basic_haste;basic_mr;basic_power"
66,1,399,47,150,bot1_4,Ironclad,1,TANK,physical,5,2,20,12.5,10746,8747,12816,0,23.3,0,307,405,40,32,11,234,3934,591,375,24,0.939,0.8,0.68,"basic_hp;basic_hp;basic_hp;basic_hp;basic_mr;basic_armor;basic_armor;basic_power;basic_hp;basic_as;basic_mr;basic_power;basic_hp"
67,0,289,150,34,bot0_1,Vanguard,0,FIGHTER,physical,5,3,9,4.67,10911,4178,8120,305,16.7,1.2,372,491,35,27,10,141,3041,631,250,39,0.865,1,0.51,"special_lifesteal;basic_hp;basic_power;basic_as;basic_mr;basic_hp;basic_power;basic_armor;basic_hp;basic_mr"
67,0,289,150,34,bot1_1,Summoner,1,MAGE,magical,1,5,8,1.8,5006,2403,6133,133,11,0.6,173,251,29,14,9,91,2441,507,218,71,0.754,0.2,0.39,"special_lifesteal;basic_power;basic_power;basic_hp;basic_haste;basic_armor;basic_mr;basic_power"
67,0,289,150,34,bot0_2,Eggchanter,0,SUPPORT,magical,2,2,15,8.5,5507,2416,4537,6585,9.1,24.7,143,197,26,14,10,240,2965,616,267,22,0.922,0.4,0.53,"basic_hp;basic_hp;basic_mr;basic_mr;basic_power;basic_armor;basic_power;basic_hp;basic_armor;basic_hp"
67,0,289,150,34,bot1_2,Mage,1,MAGE,magical,5,5,5,2,14825,6788,5735,357,31.1,1.6,560,761,34,18,10,56,2981,619,218,71,0.754,1,1.18,"special_lifesteal;basic_power;basic_hp;basic_power;basic_haste;basic_hp;basic_mr;basic_power;basic_armor;basic_hp"
67,0,289,150,34,bot0_3,Wanderer,0,SLAYER,physical,5,3,14,6.33,20446,11804,4646,469,47.4,1.9,967,1247,17,16,11,76,3351,696,249,40,0.862,1,2.54,"special_lifesteal;basic_hp;basic_hp;basic_power;basic_as;basic_as;basic_power;basic_hp;basic_as;basic_hp;basic_mr"
67,0,289,150,34,bot1_3,Zephyr,1,SPLITPUSHER,magical,2,3,5,2.33,7571,2454,8339,137,9.8,0.5,366,462,29,28,9,36,2411,500,250,39,0.865,0.4,0.29,"basic_hp;basic_hp;special_lifesteal;basic_power;basic_hp;basic_haste;basic_power;basic_mr"
67,0,289,150,34,bot0_4,Pyromancer,0,SLAYER,magical,7,2,10,8.5,15237,6739,5612,216,25.3,0.8,460,611,29,24,11,170,3445,715,267,22,0.922,1.5,1.2,"special_lifesteal;basic_power;basic_hp;basic_mr;basic_power;basic_hp;basic_hp;basic_power;basic_haste;basic_hp;basic_mr"
67,0,289,150,34,bot1_4,Lynx,1,SLAYER,physical,2,6,5,1.17,6971,5255,7452,0,23.8,0,396,552,31,27,9,34,2384,495,221,68,0.764,0.4,0.71,"basic_hp;basic_hp;basic_hp;basic_power;basic_power;basic_armor;basic_mr;basic_as;basic_haste"
68,0,513,151,119,bot0_1,Vanguard,0,FIGHTER,physical,0,7,19,2.71,19168,8507,14396,0,20.5,0,458,875,58,45,11,59,3634,425,415,99,0.808,0,0.59,"basic_hp;basic_hp;basic_hp;basic_mr;basic_hp;basic_mr;basic_power;basic_power;basic_as;basic_mr;basic_power;basic_armor;basic_as"
68,0,513,151,119,bot1_1,Goliath,1,TANK,physical,4,4,17,5.25,16632,8773,14195,4139,19.5,9.2,596,847,53,34,13,134,4359,510,449,64,0.875,0.5,0.62,"basic_hp;basic_hp;basic_hp;basic_armor;basic_hp;basic_armor;basic_mr;basic_power;basic_mr;basic_armor;basic_hp;basic_as;basic_mr;basic_armor;basic_haste"
68,0,513,151,119,bot0_2,Quiller,0,SLAYER,physical,10,6,9,3.17,25181,14928,8479,770,35.7,1.8,383,666,61,38,13,254,4729,553,419,95,0.816,1.2,1.76,"special_lifesteal;basic_power;basic_power;basic_as;basic_hp;basic_power;basic_as;basic_mr;basic_armor;basic_power;basic_as;basic_hp;basic_power;basic_as;basic_mr"
68,0,513,151,119,bot1_2,Pyromancer,1,SLAYER,magical,1,5,18,3.8,17302,8312,10945,0,19.3,0,351,552,39,27,13,164,4014,469,431,82,0.84,0.1,0.76,"basic_hp;basic_hp;basic_hp;basic_armor;basic_power;basic_hp;basic_haste;basic_mr;basic_armor;basic_as;basic_armor;basic_power;basic_armor;basic_haste"
68,0,513,151,119,bot0_3,Kratoma,0,SLAYER,physical,8,3,10,6,21577,11920,10048,1042,25.3,2.2,264,672,39,37,12,311,4411,516,471,42,0.918,0.9,1.19,"special_lifesteal;basic_hp;basic_hp;basic_hp;special_lifesteal;basic_as;basic_power;basic_as;basic_power;basic_mr;basic_armor;basic_as;basic_as"
68,0,513,151,119,bot1_3,Tamer,1,MAGE,magical,12,7,8,2.86,24232,16214,9285,5518,41.2,14,396,634,48,16,14,153,5203,608,393,120,0.766,1.4,1.75,"special_lifesteal;basic_power;basic_hp;basic_power;basic_power;basic_armor;basic_haste;basic_hp;basic_hp;basic_armor;basic_power;basic_hp;basic_hp;basic_haste;basic_armor;basic_mr;basic_mr"
68,0,513,151,119,bot0_4,Eggchanter,0,SUPPORT,magical,4,7,17,3,8682,4443,13706,8887,10.6,21.3,133,217,40,25,12,72,4222,494,418,96,0.814,0.5,0.32,"basic_hp;basic_hp;basic_hp;basic_mr;basic_armor;basic_power;basic_mr;basic_haste;basic_as;basic_hp;basic_armor;basic_power;basic_mr;basic_hp;basic_haste"
68,0,513,151,119,bot1_4,Volstrov,1,MAGE,magical,6,6,16,3.67,20320,9904,9726,641,23.7,1.5,273,511,17,23,14,56,4756,556,418,95,0.814,0.7,1.02,"special_lifesteal;basic_power;basic_hp;basic_power;basic_armor;basic_hp;basic_armor;basic_hp;basic_power;basic_power;basic_haste;basic_mr;basic_haste;basic_hp;basic_armor;basic_mr"
69,1,326,58,151,bot0_1,Goliath,0,TANK,physical,4,7,6,1.43,10193,6539,11851,1415,26.4,5.7,252,496,28,18,9,192,2817,518,248,78,0.76,0.7,0.55,"special_gw;basic_hp;basic_hp;basic_power;basic_mr;basic_armor;basic_power;basic_hp;basic_as"
69,1,326,58,151,bot1_1,Tamer,1,MAGE,magical,6,4,15,5.25,12146,8407,4283,2344,31.1,8.7,334,571,33,11,11,212,3687,678,271,56,0.83,1.1,1.96,"special_lifesteal;basic_power;basic_hp;basic_power;basic_hp;basic_armor;basic_haste;basic_power;basic_armor;basic_haste;basic_mr;basic_hp"
69,1,326,58,151,bot0_2,Quiller,0,SLAYER,physical,1,7,8,1.29,8494,3475,6230,185,14.6,0.8,261,437,29,18,9,77,2452,451,237,89,0.728,0.2,0.56,"special_lifesteal;basic_power;basic_as;basic_power;basic_hp;basic_power;basic_as;basic_armor"
69,1,326,58,151,bot1_2,Wanderer,1,SLAYER,physical,8,1,18,26,26743,13649,5350,146,44.1,0.5,591,1132,22,21,12,135,4210,774,310,17,0.949,1.5,2.55,"special_gw;basic_hp;basic_hp;basic_power;basic_hp;basic_armor;basic_hp;basic_armor;basic_as;special_lifesteal;basic_power;basic_power;basic_as"
69,1,326,58,151,bot0_3,Jirina,0,FIGHTER,magical,1,6,6,1.17,6648,3781,9461,2557,15,10.1,356,379,21,12,9,189,2364,435,252,74,0.773,0.2,0.4,"basic_hp;basic_hp;basic_hp;basic_power;basic_power;basic_mr;basic_armor;basic_hp"
69,1,326,58,151,bot1_3,Zephyr,1,SPLITPUSHER,magical,4,3,17,7,10520,5866,6284,332,20.6,1.2,401,578,32,38,11,239,3489,642,285,41,0.875,0.7,0.93,"special_lifesteal;basic_power;basic_hp;basic_haste;basic_power;basic_armor;basic_mr;basic_power;basic_hp;basic_power;basic_hp"
69,1,326,58,151,bot0_4,Fusilier,0,SLAYER,physical,4,7,6,1.43,9754,6063,7336,302,23.5,1.2,382,674,33,10,10,249,2874,529,258,68,0.791,0.7,0.83,"special_lifesteal;basic_power;basic_as;basic_hp;basic_mr;basic_power;basic_power;basic_armor;basic_as"
69,1,326,58,151,bot1_4,Vanguard,1,FIGHTER,physical,9,2,11,10,10124,5574,6180,0,18.8,0,452,509,44,27,11,167,3892,716,297,29,0.91,1.7,0.9,"basic_hp;basic_hp;basic_armor;basic_hp;basic_armor;basic_hp;basic_armor;basic_power;basic_hp;basic_power;basic_mr;basic_power;basic_armor"
70,0,407,150,52,bot0_1,Vanguard,0,FIGHTER,physical,11,5,17,5.6,22254,13386,9435,572,39.8,1.7,793,1020,52,35,12,99,4774,703,336,71,0.825,1.6,1.42,"special_lifesteal;basic_power;basic_hp;basic_power;basic_as;basic_power;basic_armor;basic_hp;basic_as;basic_power;basic_as;basic_mr;basic_armor;basic_hp;basic_armor;basic_mr"
70,0,407,150,52,bot1_1,Wanderer,1,SLAYER,physical,6,6,10,2.67,16449,7780,8225,0,24.6,0,467,905,20,19,11,91,3691,543,317,91,0.777,0.9,0.95,"basic_hp;basic_hp;basic_hp;basic_power;basic_power;basic_mr;basic_as;basic_armor;basic_hp;basic_haste;basic_mr;basic_hp;basic_mr"
70,0,407,150,52,bot0_2,Hana,0,TANK,magical,7,4,20,6.75,9656,7683,8925,0,20.2,0,353,591,12,48,12,79,4329,637,380,27,0.933,1,0.86,"basic_hp;basic_hp;basic_hp;basic_armor;basic_armor;basic_mr;basic_hp;basic_armor;basic_power;basic_haste;basic_as;basic_mr;basic_power;basic_hp;basic_hp"
70,0,407,150,52,bot1_2,Fusilier,1,SLAYER,physical,4,8,14,2.25,14809,9041,10388,441,30.4,1.5,436,673,44,16,11,199,3649,537,297,110,0.729,0.6,0.87,"special_lifesteal;basic_power;basic_as;basic_power;basic_as;basic_hp;basic_power;basic_hp;basic_mr;basic_armor;basic_mr;basic_armor"
70,0,407,150,52,bot0_3,Tamer,0,MAGE,magical,7,6,17,4,16576,11599,7389,1874,35.6,5.8,340,586,43,9,12,70,4220,621,326,82,0.799,1,1.57,"basic_hp;basic_hp;basic_power;basic_armor;basic_haste;basic_mr;basic_as;basic_hp;basic_armor;basic_power;basic_hp;basic_armor;basic_haste;basic_mr;basic_hp"
70,0,407,150,52,bot1_3,Reaper,1,SPLITPUSHER,magical,7,8,9,2,11392,7634,9315,336,26.1,1.1,818,1135,34,18,11,256,3731,549,293,114,0.719,1,0.82,"special_lifesteal;special_gw;basic_power;basic_hp;basic_mr;basic_power;basic_hp;basic_haste;basic_hp;basic_power;basic_mr"
70,0,407,150,52,bot0_4,Zephyr,0,SPLITPUSHER,magical,5,4,22,6.75,18117,9793,8160,428,27.3,1.2,439,709,46,45,12,243,4118,606,358,49,0.879,0.7,1.2,"special_lifesteal;basic_power;basic_power;basic_hp;basic_haste;basic_hp;basic_power;basic_armor;basic_mr;basic_hp;basic_power;basic_haste;basic_power"
70,0,407,150,52,bot1_4,Goliath,1,TANK,physical,2,8,16,2.25,9454,6581,15798,1826,21.7,6,275,355,36,23,10,43,3293,485,303,105,0.743,0.3,0.42,"special_gw;basic_hp;basic_mr;basic_armor;basic_hp;basic_hp;basic_mr;basic_power;basic_armor;basic_hp;basic_power"
71,0,258,151,3,bot0_1,Tamer,0,MAGE,magical,10,2,11,10.5,11455,9251,4159,3578,40.1,15.5,278,448,30,12,10,86,3686,856,231,27,0.894,2.3,2.22,"basic_hp;basic_hp;basic_hp;basic_hp;basic_mr;basic_hp;basic_hp;basic_mr;basic_armor;basic_haste;basic_hp;basic_mr"
71,0,258,151,3,bot1_1,Goliath,1,TANK,physical,1,6,2,0.5,5560,2776,9140,773,13.1,3.6,401,739,26,13,7,41,1891,439,213,46,0.824,0.2,0.3,"basic_hp;basic_hp;basic_hp;basic_mr;basic_armor;basic_as;basic_mr"
71,0,258,151,3,bot0_2,Hana,0,TANK,magical,2,0,18,20,10826,6054,6881,0,23.4,0,304,415,17,31,10,97,2897,673,258,0,1,0.5,0.88,"basic_hp;basic_hp;basic_hp;basic_mr;basic_mr;basic_hp;basic_hp;basic_armor;basic_power;basic_armor"
71,0,258,151,3,bot1_2,Kratoma,1,SLAYER,physical,1,7,2,0.43,12586,5393,7581,349,25.9,1.7,242,436,15,15,7,344,1894,440,209,50,0.808,0.2,0.71,"special_lifesteal;basic_power;basic_as;basic_hp;basic_power"
71,0,258,151,3,bot0_3,Lynx,0,SLAYER,physical,5,1,4,9,11907,4221,3851,0,17.2,0,330,570,42,30,9,246,2621,609,246,13,0.951,1.2,1.1,"basic_hp;basic_hp;basic_hp;basic_hp;basic_mr;basic_hp;basic_armor;basic_hp"
71,0,258,151,3,bot1_3,Healer,1,SUPPORT,magical,0,6,3,0.5,4740,2215,9540,3490,11.4,17.9,129,184,25,13,7,93,1743,405,194,64,0.753,0,0.23,"basic_hp;basic_hp;basic_mr;basic_armor;basic_hp;basic_hp"
71,0,258,151,3,bot0_4,Jirina,0,FIGHTER,magical,9,0,17,26,16522,11950,2214,3536,46.3,13.7,527,706,40,9,10,247,3572,830,258,0,1,2.1,5.4,"special_lifesteal;basic_power;basic_hp;basic_power;basic_power;basic_power;basic_hp;basic_haste;basic_haste;basic_power;basic_mr"
71,0,258,151,3,bot1_4,Summoner,1,MAGE,magical,1,7,0,0.14,4252,2096,6922,108,11.5,0.6,172,212,25,12,7,182,1782,414,182,77,0.704,0.2,0.3,"special_lifesteal;basic_power;basic_hp;basic_power;basic_power"
72,0,323,151,54,bot0_1,Summoner,0,MAGE,magical,4,2,17,10.5,7825,3243,3948,282,10.9,0.9,182,231,44,24,11,121,3471,645,298,25,0.921,0.7,0.82,"special_lifesteal;basic_hp;basic_hp;basic_power;basic_power;basic_hp;basic_hp;basic_hp;basic_power;basic_armor;basic_mr"
72,0,323,151,54,bot1_1,Eggchanter,1,SUPPORT,magical,1,6,5,1,4905,1987,10407,4372,7.9,17.4,143,232,22,12,9,335,2410,448,251,72,0.777,0.2,0.19,"special_gw;basic_hp;basic_hp;basic_mr;basic_mr;basic_power;basic_haste"
72,0,323,151,54,bot0_2,Zephyr,0,SPLITPUSHER,magical,7,2,17,12,20496,11784,5820,552,39.2,1.8,572,926,40,35,12,190,3990,741,300,22,0.93,1.3,2.02,"special_lifesteal;basic_power;basic_hp;basic_power;basic_hp;basic_haste;basic_power;basic_haste;basic_hp;basic_armor;basic_armor;basic_mr;basic_power"
72,0,323,151,54,bot1_2,Volstrov,1,MAGE,magical,1,6,4,0.83,8037,2997,6845,294,12.2,1.2,199,391,13,15,9,35,2360,439,246,77,0.761,0.2,0.44,"special_lifesteal;basic_power;basic_hp;basic_power;basic_haste;basic_mr;basic_hp;basic_as"
72,0,323,151,54,bot0_3,Jirina,0,FIGHTER,magical,9,1,15,24,18023,8393,5295,1772,26,5.5,382,595,43,12,12,217,4217,784,323,0,1,1.7,1.59,"basic_hp;basic_hp;basic_hp;basic_haste;basic_armor;basic_mr;basic_haste;basic_armor;basic_hp;basic_mr;basic_hp;basic_armor;basic_power;basic_hp"
72,0,323,151,54,bot1_3,Quiller,1,SLAYER,physical,2,5,3,1,10866,2966,6734,431,11.4,1.7,258,413,30,22,9,120,2445,454,259,64,0.803,0.4,0.44,"special_lifesteal;basic_hp;basic_power;basic_hp;basic_as;basic_mr;basic_power;basic_haste"
72,0,323,151,54,bot0_4,Healer,0,SUPPORT,magical,4,1,18,22,8444,3721,6288,7063,12,22.7,156,215,49,17,11,32,3632,675,311,12,0.964,0.7,0.59,"basic_hp;basic_hp;basic_hp;basic_armor;basic_mr;basic_power;basic_hp;basic_hp;basic_haste;basic_armor;basic_as;basic_armor;basic_mr"
72,0,323,151,54,bot1_4,Wanderer,1,SLAYER,physical,2,7,4,0.86,16485,9907,8289,416,39.2,1.6,372,625,17,13,9,150,2525,469,253,70,0.784,0.4,1.2,"special_lifesteal;basic_power;basic_hp;basic_power;basic_power;basic_as;basic_as;basic_mr"
73,1,440,72,152,bot0_1,Hana,0,TANK,magical,3,6,8,1.83,10500,6340,14050,0,18,0,430,449,22,46,10,197,3147,429,352,88,0.801,0.4,0.45,"basic_hp;basic_hp;basic_hp;basic_armor;basic_mr;basic_haste;basic_armor;basic_power;basic_hp;basic_as;basic_mr"
73,1,440,72,152,bot1_1,Volstrov,1,MAGE,magical,8,4,16,6,24662,13780,7893,742,33.9,1.8,334,541,24,23,14,353,4753,648,407,33,0.925,1.1,1.75,"special_lifesteal;basic_power;basic_hp;basic_power;basic_mr;basic_hp;basic_hp;basic_haste;basic_power;basic_armor;basic_mr;basic_hp;basic_power;basic_haste;basic_armor"
73,1,440,72,152,bot0_2,Cleric,0,SUPPORT,magical,3,6,10,2.17,10965,6295,12421,6958,17.7,19.5,337,392,52,41,10,199,3274,446,357,84,0.81,0.4,0.51,"basic_hp;basic_hp;basic_hp;basic_armor;basic_hp;basic_power;basic_armor;basic_mr;basic_mr;basic_armor;basic_armor"
73,1,440,72,152,bot1_2,Vanguard,1,FIGHTER,physical,1,3,20,7,20664,9815,6296,0,24.6,0,550,694,64,44,12,216,3741,510,398,42,0.905,0.1,1.56,"special_gw;basic_hp;basic_hp;basic_mr;basic_power;basic_hp;basic_armor;basic_as;basic_hp;basic_mr;basic_mr;basic_power"
73,1,440,72,152,bot0_3,Eggchanter,0,SUPPORT,magical,3,8,9,1.5,7247,4595,15113,6155,13.9,18.6,137,240,34,21,10,187,3262,445,332,109,0.753,0.4,0.3,"basic_hp;basic_hp;basic_armor;basic_mr;basic_hp;basic_armor;basic_armor;basic_power;basic_hp;basic_hp;basic_haste"
73,1,440,72,152,bot1_3,Goliath,1,TANK,physical,3,3,23,8.67,14378,9613,8713,2822,24.6,7.2,303,636,53,32,14,215,4440,605,391,49,0.889,0.4,1.1,"basic_hp;basic_hp;basic_hp;basic_mr;basic_hp;basic_mr;basic_mr;basic_armor;basic_hp;basic_power;basic_as;basic_mr;basic_haste;basic_armor;basic_armor"
73,1,440,72,152,bot0_4,Fusilier,0,SLAYER,physical,4,6,9,2.17,17862,11246,8992,508,31.5,1.4,340,574,51,18,11,270,3470,473,357,84,0.81,0.5,1.25,"special_lifesteal;basic_power;basic_hp;basic_as;basic_power;basic_armor;basic_hp;basic_mr;basic_power;basic_as;basic_hp"
73,1,440,72,152,bot1_4,Lynx,1,SLAYER,physical,14,3,10,8,23925,14654,9458,0,36.6,0,784,1134,69,61,13,69,5294,722,400,40,0.909,1.9,1.55,"special_gw;basic_hp;basic_hp;basic_hp;basic_power;basic_power;basic_hp;basic_mr;basic_as;basic_mr;basic_armor;basic_hp;basic_hp;basic_mr;basic_power;basic_as;basic_hp"
74,1,528,144,150,bot0_1,Lynx,0,SLAYER,physical,9,7,15,3.43,19315,11776,9782,449,26.9,1,605,1142,70,58,13,268,5068,576,438,90,0.83,1,1.2,"special_lifesteal;basic_power;basic_as;basic_power;basic_as;basic_hp;basic_armor;basic_hp;basic_power;basic_power;basic_as;basic_mr;basic_mr;basic_armor;basic_power;basic_power"
74,1,528,144,150,bot1_1,Eggchanter,1,SUPPORT,magical,2,9,20,2.44,8374,5719,13775,6669,12.7,14.8,136,200,50,24,12,135,3960,450,451,77,0.854,0.2,0.42,"special_gw;basic_hp;basic_hp;basic_mr;basic_hp;basic_mr;basic_armor;basic_mr;basic_power;basic_haste;basic_hp;basic_armor;basic_armor"
74,1,528,144,150,bot0_2,Jailer,0,TANK,magical,9,6,20,4.83,21931,12910,12951,0,29.5,0,557,672,48,44,14,308,5458,621,437,91,0.828,1,1,"basic_hp;basic_hp;basic_hp;basic_mr;basic_armor;basic_armor;basic_mr;basic_power;basic_mr;basic_hp;basic_haste;basic_as;basic_armor;basic_hp;basic_hp;basic_haste;basic_power;basic_armor"
74,1,528,144,150,bot1_2,Fusilier,1,SLAYER,physical,7,8,14,2.63,24853,14973,12630,701,37.5,1.8,428,648,61,26,13,255,4630,526,399,129,0.756,0.8,1.19,"special_lifesteal;basic_power;basic_hp;basic_power;basic_as;basic_mr;basic_hp;basic_as;basic_power;basic_armor;basic_hp;basic_as;basic_power;basic_mr;basic_armor"
74,1,528,144,150,bot0_3,Hana,0,TANK,magical,8,5,21,5.8,24572,14843,14790,0,33,0,1045,1373,20,73,15,304,5454,620,450,78,0.852,0.9,1,"basic_hp;basic_hp;basic_hp;basic_armor;basic_mr;basic_hp;basic_armor;basic_mr;basic_power;basic_haste;basic_as;basic_armor;basic_hp;basic_power;basic_mr;basic_hp;basic_haste;basic_armor"
74,1,528,144,150,bot1_3,Bruiser,1,FIGHTER,physical,6,6,14,3.33,13192,8569,13621,0,19.7,0,351,507,59,53,12,455,4330,492,435,93,0.825,0.7,0.63,"special_gw;basic_hp;basic_hp;basic_mr;basic_power;basic_armor;basic_as;basic_hp;basic_hp;basic_mr;basic_power;basic_mr;basic_hp"
74,1,528,144,150,bot0_4,Jirina,0,FIGHTER,magical,4,5,25,5.8,21184,9471,10303,4949,20.7,10.8,433,496,61,19,14,198,4898,557,458,70,0.867,0.5,0.92,"special_lifesteal;basic_power;basic_hp;basic_haste;basic_power;basic_hp;basic_armor;basic_mr;basic_hp;basic_hp;basic_power;basic_mr;basic_armor;basic_power;basic_haste;basic_armor"
74,1,528,144,150,bot1_4,Reaper,1,SPLITPUSHER,magical,8,7,15,3.29,21393,15196,11522,816,36.9,2,478,900,57,31,12,210,4685,533,412,116,0.78,0.9,1.32,"special_lifesteal;basic_power;basic_power;basic_hp;basic_haste;basic_power;basic_mr;basic_hp;basic_armor;basic_power;basic_power;basic_hp;basic_haste;basic_mr;basic_hp"
75,1,411,65,151,bot0_1,Vanguard,0,FIGHTER,physical,1,7,8,1.29,9538,3825,12061,0,12,0,315,395,56,30,10,203,2828,413,319,92,0.775,0.1,0.32,"special_gw;basic_hp;basic_hp;basic_power;basic_armor;basic_mr;basic_hp;basic_power;basic_as"
75,1,411,65,151,bot1_1,Bruiser,1,FIGHTER,physical,9,4,19,7,15469,9268,9275,0,25.9,0,476,697,54,40,12,236,4511,659,358,53,0.872,1.3,1,"basic_hp;basic_hp;basic_hp;basic_power;basic_power;basic_hp;basic_armor;basic_mr;basic_mr;basic_hp;basic_hp;basic_as;basic_armor;basic_as;basic_armor"
75,1,411,65,151,bot0_2,Pyromancer,0,SLAYER,magical,2,9,12,1.56,9044,5722,10255,131,20,0.5,347,436,24,18,10,183,3133,457,287,124,0.698,0.3,0.56,"special_lifesteal;basic_power;basic_power;basic_hp;basic_haste;basic_armor;basic_mr;basic_power;basic_hp;basic_power"
75,1,411,65,151,bot1_2,Wanderer,1,SLAYER,physical,5,6,18,3.83,17190,8969,7523,311,27.3,0.9,728,1020,24,22,12,204,4029,588,329,82,0.801,0.7,1.19,"special_lifesteal;basic_power;basic_power;basic_hp;basic_as;basic_hp;basic_as;basic_mr;basic_power;basic_armor;basic_hp;basic_as;basic_power"
75,1,411,65,151,bot0_3,Fusilier,0,SLAYER,physical,9,8,5,1.75,16608,10333,8667,500,35.5,1.7,415,754,44,16,11,132,3932,574,291,120,0.707,1.3,1.19,"special_lifesteal;basic_power;basic_power;basic_power;basic_as;basic_hp;basic_as;basic_hp;basic_as;basic_power;basic_armor;basic_mr;basic_mr"
75,1,411,65,151,bot1_3,Hana,1,TANK,magical,14,2,17,15.5,23578,13839,9191,0,36.1,0,540,1029,22,48,13,320,5245,766,384,27,0.933,2,1.51,"basic_hp;basic_hp;basic_hp;basic_mr;basic_mr;basic_armor;basic_hp;basic_armor;basic_hp;basic_hp;basic_mr;basic_armor;basic_mr;basic_power;basic_haste;basic_as;basic_armor"
75,1,411,65,151,bot0_4,Mage,0,MAGE,magical,2,8,11,1.63,12963,6998,8598,307,24,1.1,608,692,44,20,11,270,3270,477,292,119,0.71,0.3,0.81,"special_lifesteal;basic_power;basic_power;basic_power;basic_hp;basic_haste;basic_hp;basic_hp;basic_power;basic_mr"
75,1,411,65,151,bot1_4,Volstrov,1,MAGE,magical,4,2,21,12.5,9163,5221,4175,276,13.6,0.7,374,672,7,15,12,85,3960,578,384,26,0.936,0.6,1.25,"special_lifesteal;basic_hp;basic_power;basic_mr;basic_hp;basic_power;basic_haste;basic_hp;basic_armor;basic_power;basic_hp;basic_hp;basic_mr"
76,1,274,11,150,bot0_1,Cleric,0,SUPPORT,magical,1,6,1,0.33,4283,2521,9150,1687,12.6,8.5,289,350,26,23,8,318,1918,421,199,74,0.729,0.2,0.28,"basic_hp;basic_hp;basic_hp;basic_mr;basic_mr;basic_power"
76,1,274,11,150,bot1_1,Mage,1,MAGE,magical,6,0,13,19,12348,7433,2577,432,27.2,1.6,493,578,61,21,10,29,3279,719,274,0,1,1.3,2.88,"special_lifesteal;basic_power;basic_hp;basic_power;basic_hp;basic_power;basic_haste;basic_power;basic_mr;basic_armor;basic_hp"
76,1,274,11,150,bot0_2,Volstrov,0,MAGE,magical,0,6,0,0,5690,1388,6546,138,6,0.6,188,308,11,11,7,187,1712,375,230,43,0.842,0,0.21,"special_lifesteal;basic_power;basic_hp;basic_mr;basic_haste"
76,1,274,11,150,bot1_2,Zephyr,1,SPLITPUSHER,magical,2,1,18,20,7200,4886,3824,249,18.8,1,291,402,27,26,10,252,2902,636,260,14,0.95,0.4,1.28,"special_lifesteal;basic_power;basic_hp;basic_power;basic_mr;basic_hp;basic_hp;basic_haste;basic_mr"
76,1,274,11,150,bot0_3,Healer,0,SUPPORT,magical,0,6,2,0.33,3830,2129,9317,2545,10.5,12.6,125,185,25,11,7,173,1773,389,202,71,0.74,0,0.23,"basic_hp;basic_hp;basic_hp;basic_mr;basic_mr;basic_armor"
76,1,274,11,150,bot1_3,Fusilier,1,SLAYER,physical,10,0,14,24,18467,12840,1853,601,46.9,2.2,412,793,45,12,11,102,3627,795,274,0,1,2.2,6.93,"special_lifesteal;basic_power;basic_as;basic_power;basic_power;basic_as;basic_hp;basic_mr;basic_power;basic_as;basic_armor;basic_hp"
76,1,274,11,150,bot0_4,Reaper,0,SPLITPUSHER,magical,1,7,0,0.14,6186,2873,8457,0,14.9,0,411,559,20,11,7,218,1793,393,193,81,0.704,0.2,0.34,"basic_hp;basic_hp;basic_hp;basic_mr;basic_haste;basic_power"
76,1,274,11,150,bot1_4,Tamer,1,MAGE,magical,7,1,7,14,8689,6466,2274,2261,24.6,8.6,276,453,20,8,9,44,3019,662,263,11,0.961,1.5,2.84,"special_lifesteal;basic_hp;basic_hp;basic_hp;basic_mr;basic_power;basic_mr;basic_hp;basic_power;basic_haste"
77,0,340,150,27,bot0_1,Eggchanter,0,SUPPORT,magical,3,2,14,8.5,6893,4489,8141,6312,14.3,20.1,130,218,33,19,10,68,3143,554,314,26,0.923,0.5,0.55,"basic_hp;basic_hp;basic_armor;basic_power;basic_armor;basic_hp;basic_armor;basic_hp;basic_hp;basic_mr;basic_haste"
77,0,340,150,27,bot1_1,Bruiser,1,FIGHTER,physical,6,3,3,3,11650,6421,8938,0,21.7,0,468,745,43,35,11,283,3208,565,296,45,0.868,1.1,0.72,"basic_hp;basic_hp;basic_hp;basic_hp;basic_hp;basic_power;basic_power;basic_hp;basic_armor;basic_armor"
77,0,340,150,27,bot0_2,Oracle,0,MAGE,physical,7,3,10,5.67,21672,11772,7966,593,35.9,1.8,518,728,25,24,10,253,3528,622,328,13,0.963,1.2,1.48,"special_lifesteal;basic_power;basic_power;basic_as;basic_hp;basic_power;basic_as;basic_power;basic_as;basic_hp;basic_armor"
77,0,340,150,27,bot1_2,Jirina,1,FIGHTER,magical,0,4,9,2.25,15147,7973,10667,2244,28.2,7.9,509,615,38,13,11,287,2737,482,283,58,0.831,0,0.75,"basic_hp;basic_hp;basic_hp;basic_mr;basic_armor;basic_armor;basic_power;basic_mr;basic_hp"
77,0,340,150,27,bot0_3,Reaper,0,SPLITPUSHER,magical,2,3,9,3.67,10977,6259,6485,0,20.5,0,400,829,40,20,9,22,2697,475,306,34,0.899,0.4,0.97,"basic_hp;basic_hp;basic_hp;basic_armor;basic_armor;basic_haste;basic_mr;basic_hp;basic_power;basic_as"
77,0,340,150,27,bot1_3,Kratoma,1,SLAYER,physical,2,5,6,1.6,13131,6833,6775,303,22.7,1,295,494,19,17,11,247,2872,506,300,40,0.883,0.4,1.01,"special_lifesteal;basic_power;basic_power;basic_as;basic_hp;basic_armor;basic_power;basic_as;basic_mr"
77,0,340,150,27,bot0_4,Ironclad,0,TANK,physical,6,1,11,17,13167,9040,7954,0,27.8,0,490,874,37,27,10,170,3445,607,325,16,0.954,1.1,1.14,"special_gw;basic_hp;basic_hp;basic_hp;basic_armor;basic_armor;basic_power;basic_power;basic_mr;basic_armor;basic_hp"
77,0,340,150,27,bot1_4,Doctor,1,SUPPORT,physical,1,6,7,1.33,9147,5456,7663,2687,21.1,10.4,282,445,32,13,10,59,2709,477,259,82,0.76,0.2,0.71,"special_heal_power;special_gw;basic_hp;basic_hp;basic_power;basic_power;basic_hp;basic_armor"
78,1,387,74,150,bot0_1,Volstrov,0,MAGE,magical,2,6,6,1.33,8050,5047,9706,0,16.8,0,245,360,11,15,9,195,2745,425,300,88,0.773,0.3,0.52,"basic_hp;basic_hp;basic_hp;basic_hp;basic_mr;basic_mr;basic_power;basic_power;basic_hp"
78,1,387,74,150,bot1_1,Reaper,1,SPLITPUSHER,magical,7,3,19,8.67,22258,11941,7539,677,34,1.9,542,1084,50,27,12,278,4353,674,351,36,0.907,1.1,1.58,"special_lifesteal;basic_power;basic_hp;basic_hp;basic_power;basic_hp;basic_mr;basic_power;basic_haste;basic_mr;basic_haste;basic_as;basic_as;basic_hp"
78,1,387,74,150,bot0_2,Healer,0,SUPPORT,magical,4,7,7,1.57,8176,5028,12873,8183,16.3,26.5,170,218,48,27,10,249,3174,491,308,79,0.796,0.6,0.39,"special_gw;basic_hp;basic_hp;basic_mr;basic_hp;basic_mr;basic_power;basic_power;basic_armor;basic_armor"
78,1,387,74,150,bot1_2,Goliath,1,TANK,physical,9,2,15,12,16934,9128,6472,2585,25.1,7.1,300,528,44,25,12,289,4389,680,363,24,0.937,1.4,1.41,"basic_hp;basic_hp;special_gw;basic_mr;basic_mr;basic_hp;basic_power;basic_as;basic_power;basic_mr;basic_hp;basic_power;basic_as;basic_haste"
78,1,387,74,150,bot0_3,Pyromancer,0,SLAYER,magical,3,8,5,1,14433,6401,9541,168,23.3,0.6,501,665,26,21,10,175,2875,445,274,113,0.708,0.5,0.67,"special_lifesteal;basic_power;basic_power;basic_hp;basic_haste;basic_power;basic_hp;basic_mr;basic_power"
78,1,387,74,150,bot1_3,Jirina,1,FIGHTER,magical,4,3,19,7.67,15988,6469,7302,4658,18,12.9,327,441,46,16,12,301,3851,596,360,27,0.93,0.6,0.89,"basic_hp;basic_hp;special_lifesteal;basic_mr;basic_mr;basic_power;basic_hp;basic_haste;basic_mr;basic_power;basic_haste;basic_hp"
78,1,387,74,150,bot0_4,Summoner,0,MAGE,magical,2,7,9,1.57,6435,3639,9231,154,12.7,0.5,178,240,34,19,10,239,2864,443,287,100,0.741,0.3,0.39,"special_lifesteal;basic_power;basic_power;basic_power;basic_hp;basic_haste;basic_mr;basic_armor;basic_hp"
78,1,387,74,150,bot1_4,Tamer,1,MAGE,magical,8,3,16,8,23165,12199,5893,4782,34.5,13.5,335,561,47,15,13,309,4409,683,353,34,0.912,1.2,2.07,"special_lifesteal;basic_power;basic_hp;basic_power;basic_power;basic_mr;basic_hp;basic_mr;basic_haste;basic_power;basic_mr;basic_as;basic_hp;basic_haste"
79,0,428,151,73,bot0_1,Doctor,0,SUPPORT,physical,5,2,18,11.5,14258,8692,7081,8540,20.9,20.5,325,438,47,24,13,296,4271,598,416,13,0.97,0.7,1.23,"special_gw;basic_hp;basic_hp;basic_hp;basic_power;basic_hp;basic_mr;basic_armor;basic_mr;basic_hp;basic_as;basic_hp;basic_mr"
79,0,428,151,73,bot1_1,Pyromancer,1,SLAYER,magical,2,6,8,1.67,16245,8591,8098,195,25.5,0.6,639,796,33,27,10,177,3077,431,337,92,0.786,0.3,1.06,"special_lifesteal;special_gw;basic_power;basic_hp;basic_power;basic_hp;basic_power;basic_haste;basic_mr"
79,0,428,151,73,bot0_2,Goliath,0,TANK,physical,4,3,17,7,15517,8672,11959,3258,20.9,7.8,409,468,44,35,12,93,3993,559,416,13,0.97,0.6,0.73,"basic_hp;basic_hp;basic_hp;basic_mr;basic_mr;basic_hp;basic_armor;basic_mr;basic_armor;special_gw;basic_power;basic_hp;basic_power"
79,0,428,151,73,bot1_2,Eggchanter,1,SUPPORT,magical,0,5,9,1.8,8480,5476,11787,6362,14.3,16.6,128,225,40,20,10,143,2818,395,384,45,0.895,0,0.46,"basic_hp;basic_hp;special_gw;basic_mr;basic_hp;basic_mr;basic_armor;basic_mr;basic_power"
79,0,428,151,73,bot0_3,Cleric,0,SUPPORT,magical,5,3,15,6.67,10796,6850,8911,6521,17.6,16.7,339,403,60,44,12,47,4047,567,389,39,0.909,0.7,0.77,"basic_hp;basic_hp;special_gw;basic_hp;basic_hp;basic_mr;basic_armor;basic_mr;basic_haste;basic_hp;basic_mr;basic_armor;basic_hp"
79,0,428,151,73,bot1_3,Volstrov,1,MAGE,magical,4,6,5,1.5,16158,9404,9522,390,27.7,1.1,484,718,20,26,11,50,3300,462,340,89,0.792,0.6,0.99,"basic_hp;basic_hp;special_lifesteal;basic_hp;basic_power;basic_haste;basic_mr;basic_armor;basic_hp;basic_power;basic_power"
79,0,428,151,73,bot0_4,Zephyr,0,SPLITPUSHER,magical,9,2,14,11.5,22763,11848,9297,500,29.3,1.2,472,690,50,61,13,197,4597,644,404,24,0.943,1.3,1.27,"special_lifesteal;basic_power;basic_power;basic_hp;basic_power;basic_hp;basic_haste;basic_power;basic_hp;basic_power;basic_mr;basic_power;basic_haste;basic_power"
79,0,428,151,73,bot1_4,Kratoma,1,SLAYER,physical,4,6,4,1.33,12284,8043,8568,226,23.1,0.7,280,540,27,25,10,245,3145,440,347,81,0.811,0.6,0.94,"special_lifesteal;special_gw;basic_power;basic_power;basic_hp;basic_hp;basic_as;basic_mr;basic_power"
80,1,493,107,152,bot0_1,Zephyr,0,SPLITPUSHER,magical,13,8,10,2.88,23619,14295,11351,671,38.6,1.8,464,778,52,43,13,115,5140,625,370,123,0.751,1.6,1.26,"special_lifesteal;basic_power;basic_hp;basic_haste;basic_power;basic_power;basic_hp;basic_armor;basic_haste;basic_mr;basic_armor;basic_mr;basic_power;basic_hp;basic_haste;basic_power;basic_armor"
80,1,493,107,152,bot1_1,Fusilier,1,SLAYER,physical,10,6,19,4.83,24515,14414,10514,626,32.7,1.4,384,741,68,20,14,85,5385,655,441,52,0.895,1.2,1.37,"special_lifesteal;basic_power;basic_hp;basic_power;basic_hp;basic_hp;basic_as;basic_power;basic_mr;basic_armor;basic_as;basic_mr;basic_as;basic_hp;basic_armor;basic_mr;basic_power;basic_armor"
80,1,493,107,152,bot0_2,Oracle,0,MAGE,physical,5,7,13,2.57,14855,8755,9105,258,22.9,0.7,520,736,26,26,12,39,4089,498,383,110,0.776,0.6,0.96,"special_lifesteal;basic_power;basic_power;basic_power;basic_as;basic_as;basic_as;basic_hp;basic_armor;basic_hp;basic_mr;basic_armor;basic_mr;basic_hp"
80,1,493,107,152,bot1_2,Pyromancer,1,SLAYER,magical,10,6,13,3.83,14089,7830,8931,197,19.3,0.5,468,724,31,26,13,118,4818,586,405,88,0.822,1.2,0.88,"special_lifesteal;basic_power;basic_power;basic_hp;basic_hp;basic_hp;basic_mr;basic_power;basic_mr;special_gw;basic_hp;basic_haste;basic_haste;basic_power;basic_mr"
80,1,493,107,152,bot0_3,Summoner,0,MAGE,magical,2,7,18,2.86,10566,4503,10373,317,11.6,0.8,218,302,63,26,12,125,3925,478,390,104,0.79,0.2,0.43,"special_lifesteal;basic_power;basic_hp;basic_haste;basic_power;basic_hp;basic_haste;basic_hp;basic_armor;basic_mr;basic_power;basic_armor;basic_power"
80,1,493,107,152,bot1_3,Quiller,1,SLAYER,physical,7,4,15,5.5,23052,10635,6941,661,24.8,1.5,382,743,67,36,13,250,4550,554,429,64,0.87,0.9,1.53,"special_lifesteal;basic_power;basic_as;basic_power;basic_power;basic_as;basic_hp;basic_power;basic_as;basic_power;basic_mr;basic_power;basic_armor;basic_as"
80,1,493,107,152,bot0_4,Mage,0,MAGE,magical,3,7,19,3.14,15548,7690,11923,0,17.2,0,512,512,66,24,12,186,4086,497,447,46,0.907,0.4,0.64,"basic_hp;basic_hp;basic_mr;basic_hp;basic_hp;basic_armor;basic_armor;basic_mr;basic_haste;basic_armor;basic_power;basic_as;basic_mr;basic_hp"
80,1,493,107,152,bot1_4,Jirina,1,FIGHTER,magical,2,7,22,3.43,12580,6979,13509,6382,18.1,16.6,345,401,45,22,12,35,4110,500,385,108,0.78,0.2,0.52,"special_lifesteal;basic_power;basic_hp;basic_power;basic_hp;basic_haste;basic_mr;basic_armor;basic_haste;basic_power;basic_hp;basic_power;basic_mr;basic_armor"
81,1,382,89,151,bot0_1,Tamer,0,MAGE,magical,2,6,7,1.5,11376,7226,9749,2645,24.6,9,271,422,29,13,9,107,2732,430,294,88,0.77,0.3,0.74,"basic_hp;basic_hp;basic_armor;basic_hp;basic_mr;basic_haste;basic_armor;basic_power;basic_as;basic_mr"
81,1,382,89,151,bot1_1,Vanguard,1,FIGHTER,physical,6,2,16,11,22348,10440,4652,0,29.1,0,530,801,50,40,12,181,4006,630,358,23,0.939,0.9,2.24,"special_gw;basic_hp;basic_mr;basic_power;basic_as;basic_hp;basic_hp;basic_mr;basic_mr;basic_power;basic_armor;basic_power;basic_hp"
81,1,382,89,151,bot0_2,Healer,0,SUPPORT,magical,0,5,9,1.8,5650,3238,9426,6128,10.5,19.8,123,178,42,13,9,66,2516,396,309,72,0.811,0,0.34,"special_gw;basic_hp;basic_hp;basic_armor;basic_hp;basic_armor;basic_hp;basic_mr"
81,1,382,89,151,bot1_2,Mage,1,MAGE,magical,9,3,15,8,22540,10743,4719,477,31.4,1.4,885,1199,65,24,12,98,4448,699,343,39,0.898,1.4,2.28,"special_lifesteal;basic_power;basic_hp;basic_haste;basic_mr;basic_power;basic_power;basic_as;basic_hp;basic_power;basic_power;basic_power;basic_haste;basic_power"
81,1,382,89,151,bot0_3,Zephyr,0,SPLITPUSHER,magical,4,8,5,1.13,9196,5164,12225,284,19.2,1.1,326,468,34,30,9,223,2898,456,268,113,0.704,0.6,0.42,"special_lifesteal;basic_power;basic_hp;basic_power;basic_hp;basic_hp;basic_armor;basic_power;basic_haste"
81,1,382,89,151,bot1_3,Goliath,1,TANK,physical,6,2,18,12,16156,9593,6388,2231,26.9,6.2,364,602,45,28,12,184,4034,634,357,24,0.936,0.9,1.5,"special_gw;basic_hp;basic_hp;basic_mr;basic_power;basic_as;basic_mr;basic_hp;basic_mr;basic_haste;basic_power;basic_hp;basic_mr"
81,1,382,89,151,bot0_4,Eggchanter,0,SUPPORT,magical,3,5,6,1.8,6011,2894,8582,3756,9.4,12.2,108,159,29,17,10,231,2856,449,308,73,0.808,0.5,0.34,"special_gw;basic_hp;basic_hp;basic_hp;basic_armor;basic_mr;basic_power;basic_haste;basic_armor"
81,1,382,89,151,bot1_4,Ironclad,1,TANK,physical,3,2,18,10.5,13609,7226,6798,0,20.2,0,364,599,39,27,11,306,3581,563,358,23,0.939,0.5,1.06,"special_gw;basic_hp;basic_hp;basic_mr;basic_mr;basic_hp;basic_mr;basic_hp;basic_power;basic_power;basic_as"
82,0,237,151,18,bot0_1,Healer,0,SUPPORT,magical,5,0,14,19,6510,5306,4184,5567,22.4,23.5,149,212,40,14,9,156,2956,748,237,0,1,1.3,1.27,"basic_hp;basic_hp;basic_hp;basic_armor;basic_hp;basic_mr;basic_armor;basic_power;basic_hp;basic_mr"
82,0,237,151,18,bot1_1,Lynx,1,SLAYER,physical,0,6,0,0,7106,2381,6581,0,14.4,0,320,497,25,22,7,48,1573,398,166,71,0.7,0,0.36,"basic_hp;basic_hp;basic_power;basic_mr;basic_armor;basic_as"
82,0,237,151,18,bot0_2,Summoner,0,MAGE,magical,4,0,18,22,7125,4474,1608,360,18.9,1.5,211,276,38,17,10,213,2963,750,237,0,1,1,2.78,"special_lifesteal;special_lifesteal;basic_power;basic_power;basic_hp;basic_power;basic_hp;basic_hp"
82,0,237,151,18,bot1_2,Mage,1,MAGE,magical,0,5,0,0,6632,2934,6958,0,16.3,0,392,579,26,9,6,141,1541,390,180,57,0.758,0,0.42,"basic_hp;basic_hp;basic_hp;basic_hp;basic_armor"
82,0,237,151,18,bot0_3,Ironclad,0,TANK,physical,4,0,14,18,5143,3292,4584,0,13.9,0,158,283,24,17,9,164,2839,719,237,0,1,1,0.72,"basic_hp;basic_hp;basic_hp;basic_armor;basic_mr;basic_as;basic_armor;basic_hp;basic_power;basic_haste"
82,0,237,151,18,bot1_3,Kratoma,1,SLAYER,physical,0,5,0,0,5176,2160,4962,155,12.4,0.9,196,330,13,11,7,29,1579,400,175,62,0.737,0,0.44,"special_lifesteal;basic_power;basic_power;basic_as;basic_hp"
82,0,237,151,18,bot0_4,Quiller,0,SLAYER,physical,9,0,10,19,11662,8100,1604,425,34.2,1.8,294,585,37,20,10,77,3352,848,237,0,1,2.3,5.05,"special_lifesteal;basic_power;basic_power;basic_power;basic_as;basic_as;basic_hp;basic_as;basic_hp;basic_armor;basic_power"
82,0,237,151,18,bot1_4,Doctor,1,SUPPORT,physical,0,6,0,0,3196,2636,6542,713,15.2,4.1,187,262,20,6,6,167,1492,378,174,63,0.734,0,0.4,"basic_hp;basic_hp;basic_mr;basic_armor;basic_hp"
83,0,261,150,2,bot0_1,Oracle,0,MAGE,physical,7,0,12,19,8092,4236,2515,0,16.2,0,391,531,19,19,10,72,3322,763,261,0,1,1.6,1.68,"basic_hp;basic_hp;basic_mr;basic_hp;basic_mr;basic_armor;basic_hp;basic_power;basic_mr;basic_armor;basic_as;basic_haste"
83,0,261,150,2,bot1_1,Tamer,1,MAGE,magical,0,6,2,0.33,5319,3127,5790,1241,15.6,6.2,282,449,13,7,7,120,1720,395,200,62,0.765,0,0.54,"basic_hp;basic_hp;basic_hp;basic_power;basic_power;basic_haste"
83,0,261,150,2,bot0_2,Cleric,0,SUPPORT,magical,2,1,17,19,5514,4482,4264,5941,17.9,23.7,348,411,34,29,9,73,2773,637,251,11,0.959,0.5,1.05,"basic_hp;basic_hp;basic_mr;basic_armor;basic_power;basic_hp;basic_hp;basic_mr;basic_haste;basic_armor"
83,0,261,150,2,bot1_2,Vanguard,1,FIGHTER,physical,2,6,0,0.33,8727,4669,8161,129,23.9,0.7,559,710,29,19,7,144,1944,446,195,66,0.747,0.5,0.57,"basic_hp;basic_hp;special_lifesteal;basic_as;basic_armor;basic_power"
83,0,261,150,2,bot0_3,Hana,0,TANK,magical,8,1,15,23,9842,6489,4812,0,26,0,460,697,3,28,10,80,3555,816,250,12,0.955,1.8,1.35,"basic_hp;basic_hp;basic_mr;basic_mr;basic_hp;basic_armor;basic_armor;basic_mr;basic_armor;basic_hp;basic_hp;basic_mr"
83,0,261,150,2,bot1_3,Zephyr,1,SPLITPUSHER,magical,0,5,2,0.4,6179,3589,7427,167,17.9,0.8,218,419,20,22,7,177,1702,391,200,61,0.765,0,0.48,"special_lifesteal;basic_power;basic_hp;basic_haste;basic_armor"
83,0,261,150,2,bot0_4,Wanderer,0,SLAYER,physical,6,0,15,21,18109,10962,3770,0,41.9,0,673,1065,20,16,10,27,3352,770,261,0,1,1.4,2.91,"basic_hp;basic_hp;basic_power;basic_hp;basic_mr;basic_power;basic_as;basic_mr;basic_armor;basic_armor;basic_hp;basic_hp"
83,0,261,150,2,bot1_4,Bruiser,1,FIGHTER,physical,0,6,1,0.17,5608,2661,7729,99,13.7,0.5,329,479,25,20,7,101,1651,379,195,66,0.746,0,0.34,"basic_hp;basic_hp;special_lifesteal;basic_power;basic_as"
84,1,389,68,150,bot0_1,Eggchanter,0,SUPPORT,magical,1,5,11,2.4,7202,3377,13304,8323,10.4,25.7,136,183,35,20,10,242,2942,454,324,64,0.835,0.2,0.25,"basic_hp;basic_hp;basic_hp;basic_armor;basic_mr;basic_haste;basic_armor;basic_armor;basic_mr;basic_haste"
84,1,389,68,150,bot1_1,Ironclad,1,TANK,physical,7,3,18,8.33,19128,12991,12051,0,38,0,426,637,30,24,13,241,4441,685,342,47,0.88,1.1,1.08,"special_gw;basic_hp;basic_mr;basic_armor;basic_hp;basic_power;basic_as;basic_hp;basic_mr;basic_hp;basic_hp;basic_mr;basic_armor;basic_mr"
84,1,389,68,150,bot0_2,Tamer,0,MAGE,magical,4,9,9,1.44,12805,6622,8428,1928,23.8,6.9,321,533,34,8,11,113,3313,511,279,110,0.717,0.6,0.79,"special_lifesteal;basic_power;basic_hp;basic_power;basic_power;basic_haste;basic_armor;basic_hp;basic_haste;basic_mr;basic_hp"
84,1,389,68,150,bot1_2,Lynx,1,SLAYER,physical,6,5,9,3,15800,6846,6681,364,21.5,1.1,602,1219,53,43,11,1,3626,560,319,70,0.819,0.9,1.02,"special_lifesteal;basic_power;basic_power;basic_as;basic_as;basic_power;basic_hp;basic_power;basic_as;basic_hp;basic_power;basic_mr"
84,1,389,68,150,bot0_3,Jailer,0,TANK,magical,3,6,11,2.33,15871,6653,11550,0,20.9,0,419,550,33,36,10,253,3203,494,319,70,0.819,0.5,0.58,"basic_hp;basic_hp;basic_hp;basic_armor;basic_armor;basic_mr;basic_mr;basic_power;basic_hp;basic_haste;basic_as"
84,1,389,68,150,bot1_3,Volstrov,1,MAGE,magical,4,4,16,5,14822,6741,5857,305,20.5,0.9,274,519,20,16,11,230,3705,572,328,60,0.844,0.6,1.15,"special_lifesteal;basic_power;basic_hp;basic_mr;basic_power;basic_haste;basic_hp;basic_armor;basic_mr;basic_haste;basic_hp;basic_power"
84,1,389,68,150,bot0_4,Fusilier,0,SLAYER,physical,8,7,8,2.29,18110,12132,8003,434,40.2,1.4,498,863,43,14,11,37,3887,600,302,87,0.776,1.2,1.52,"special_lifesteal;basic_power;basic_as;basic_hp;basic_power;basic_as;basic_power;basic_hp;basic_as;basic_power;basic_armor;basic_hp;basic_armor"
84,1,389,68,150,bot1_4,Quiller,1,SLAYER,physical,10,4,14,6,19616,11743,6499,661,35.1,2,333,599,44,29,12,3,4353,672,334,55,0.86,1.5,1.81,"special_lifesteal;basic_power;basic_power;basic_hp;basic_power;basic_as;basic_hp;basic_as;basic_mr;basic_mr;basic_armor;basic_hp;basic_armor;basic_as;basic_mr"
85,1,346,28,150,bot0_1,Doctor,0,SUPPORT,physical,2,6,4,1,8775,5164,8833,2296,19.4,8.6,162,306,37,19,10,201,2701,468,266,80,0.769,0.3,0.58,"basic_hp;basic_hp;basic_mr;basic_hp;basic_mr;basic_mr;basic_power;basic_power;basic_hp"
85,1,346,28,150,bot1_1,Eggchanter,1,SUPPORT,magical,1,2,20,10.5,6851,4609,7467,6923,14.6,21.9,127,209,40,21,10,41,3116,540,316,30,0.913,0.2,0.62,"basic_hp;basic_hp;basic_hp;basic_armor;basic_mr;basic_haste;basic_armor;basic_mr;basic_haste;basic_hp;basic_hp"
85,1,346,28,150,bot0_2,Mage,0,MAGE,magical,4,7,3,1,19102,6980,8304,269,26.8,1,480,685,42,22,11,137,3037,526,261,86,0.752,0.7,0.84,"special_lifesteal;basic_power;basic_hp;basic_haste;basic_mr;basic_as;basic_power;basic_power;basic_hp;basic_haste"
85,1,346,28,150,bot1_2,Pyromancer,1,SLAYER,magical,9,3,10,6.33,13308,8808,6175,185,26.6,0.6,614,784,32,26,11,263,3788,656,331,16,0.955,1.6,1.43,"special_lifesteal;special_gw;basic_power;basic_power;basic_hp;basic_armor;basic_hp;basic_hp;basic_haste;basic_power;basic_power"
85,1,346,28,150,bot0_3,Ironclad,0,TANK,physical,1,4,4,1.25,5156,2934,9146,0,10.1,0,271,319,26,17,10,145,2520,437,291,56,0.839,0.2,0.32,"basic_hp;basic_hp;special_gw;basic_hp;basic_mr;basic_mr;basic_power;basic_as"
85,1,346,28,150,bot1_3,Healer,1,SUPPORT,magical,4,1,17,21,7638,6508,6139,5618,19.7,17,155,207,53,13,10,44,3419,592,331,16,0.955,0.7,1.06,"basic_hp;basic_hp;basic_hp;basic_hp;basic_armor;basic_mr;basic_armor;basic_mr;basic_armor;basic_hp;basic_power;basic_power"
85,1,346,28,150,bot0_4,Wanderer,0,SLAYER,physical,0,4,7,1.75,14457,6673,6520,144,20.8,0.4,602,734,22,18,11,118,2718,471,321,25,0.927,0,1.02,"basic_hp;basic_hp;special_lifesteal;basic_power;basic_as;basic_power;basic_mr;basic_armor;basic_mr"
85,1,346,28,150,bot1_4,Jailer,1,TANK,magical,7,1,14,21,17114,10570,3735,0,30.5,0,413,604,34,32,11,221,3746,649,346,0,1,1.2,2.83,"basic_hp;basic_hp;basic_armor;basic_mr;basic_armor;basic_hp;basic_hp;basic_mr;basic_power;basic_power;basic_armor;basic_haste;basic_as"
86,1,329,45,152,bot0_1,Doctor,0,SUPPORT,physical,3,6,5,1.33,6139,3449,13251,5547,13.3,21.4,132,214,16,18,9,149,2599,474,260,69,0.79,0.5,0.26,"basic_hp;basic_hp;basic_hp;basic_mr;basic_armor;basic_hp;basic_mr;basic_armor;basic_power"
86,1,329,45,152,bot1_1,Kratoma,1,SLAYER,physical,2,2,19,10.5,14708,7903,6230,434,26.5,1.5,251,565,24,23,11,72,3272,597,299,30,0.908,0.4,1.27,"special_lifesteal;basic_power;basic_power;basic_hp;basic_power;basic_as;basic_mr;basic_hp;basic_armor;basic_as;basic_hp"
86,1,329,45,152,bot0_2,Volstrov,0,MAGE,magical,3,6,6,1.5,15513,7245,8149,448,28,1.7,232,516,17,17,10,61,2811,513,259,70,0.789,0.5,0.89,"special_lifesteal;basic_power;basic_power;basic_power;basic_hp;basic_hp;basic_hp;basic_power;basic_mr"
86,1,329,45,152,bot1_2,Mage,1,MAGE,magical,10,2,12,11,19284,11618,5085,579,38.9,1.9,562,705,68,26,12,63,4163,760,298,30,0.908,1.8,2.28,"special_lifesteal;basic_hp;basic_hp;basic_hp;basic_power;basic_mr;basic_haste;basic_power;basic_armor;basic_mr;basic_mr;basic_hp;basic_haste;basic_power"
86,1,329,45,152,bot0_3,Pyromancer,0,SLAYER,magical,1,5,8,1.8,12087,5509,7159,128,19.9,0.5,420,480,27,18,9,120,2545,464,277,52,0.842,0.2,0.77,"special_lifesteal;basic_hp;basic_hp;basic_hp;basic_power;basic_hp;basic_mr;basic_haste"
86,1,329,45,152,bot1_3,Summoner,1,MAGE,magical,4,2,13,8.5,8226,3721,3501,234,12.4,0.8,186,268,43,22,11,92,3292,601,300,28,0.914,0.7,1.06,"special_lifesteal;basic_power;basic_hp;basic_power;basic_power;basic_hp;basic_mr;basic_mr;basic_haste;basic_armor;basic_hp"
86,1,329,45,152,bot0_4,Eggchanter,0,SUPPORT,magical,2,6,7,1.5,7065,3870,10058,5406,15.2,21.2,156,226,27,13,9,240,2615,477,255,74,0.774,0.4,0.38,"special_heal_power;basic_hp;basic_hp;basic_power;basic_power;basic_hp;basic_mr;basic_haste"
86,1,329,45,152,bot1_4,Jailer,1,TANK,magical,7,3,12,6.33,14159,8642,7259,0,28.6,0,625,753,34,28,11,19,3744,683,302,27,0.919,1.3,1.19,"basic_hp;basic_hp;basic_mr;basic_armor;basic_power;basic_hp;basic_haste;basic_mr;basic_hp;basic_armor;basic_mr;basic_hp;basic_hp"
87,0,326,151,21,bot0_1,Quiller,0,SLAYER,physical,2,3,17,6.33,8337,4318,5528,0,15,0,234,390,38,26,10,79,3079,566,287,39,0.88,0.4,0.78,"basic_hp;basic_hp;basic_hp;basic_mr;basic_mr;basic_hp;basic_power;basic_mr;basic_as;basic_haste;basic_as"
87,0,326,151,21,bot1_1,Healer,1,SUPPORT,magical,2,8,7,1.13,4871,3546,12842,5062,16,22.8,141,193,33,15,9,197,2622,482,222,104,0.68,0.4,0.28,"basic_hp;basic_hp;basic_hp;basic_armor;basic_power;basic_hp;basic_armor;basic_mr;basic_haste"
87,0,326,151,21,bot0_2,Lynx,0,SLAYER,physical,20,1,9,29,26574,16842,4742,786,54.4,2.5,658,1262,60,36,12,220,4945,909,310,17,0.949,3.7,3.55,"special_lifesteal;basic_power;basic_power;basic_hp;basic_power;basic_as;basic_as;basic_hp;basic_mr;basic_mr;basic_haste;basic_power;basic_hp;basic_as;basic_mr;basic_as"
87,0,326,151,21,bot1_2,Reaper,1,SPLITPUSHER,magical,5,7,4,1.29,14541,9253,8602,316,39.5,1.3,651,949,25,14,9,88,2788,512,234,92,0.718,0.9,1.08,"special_lifesteal;basic_power;basic_power;basic_hp;basic_haste;basic_power;basic_hp;basic_power;basic_armor"
87,0,326,151,21,bot0_3,Jirina,0,FIGHTER,magical,4,2,18,11,8757,6333,7037,4443,21,14.7,351,405,36,19,11,193,3543,651,302,24,0.925,0.7,0.9,"basic_hp;basic_hp;basic_mr;basic_power;basic_hp;basic_haste;basic_mr;basic_power;basic_mr;basic_hp;basic_haste;basic_mr"
87,0,326,151,21,bot1_3,Pyromancer,1,SLAYER,magical,0,8,8,1,4733,2420,7357,68,10.9,0.3,299,491,16,14,8,221,2271,417,222,104,0.681,0,0.33,"special_lifesteal;basic_power;basic_power;basic_hp;basic_haste;basic_armor;basic_mr"
87,0,326,151,21,bot0_4,Wanderer,0,SLAYER,physical,3,3,18,7,11946,7441,5012,0,26,0,638,830,20,16,10,86,3286,604,286,40,0.878,0.6,1.48,"basic_hp;basic_hp;basic_mr;basic_mr;basic_power;basic_as;basic_armor;basic_hp;basic_mr;basic_haste;basic_power;basic_as"
87,0,326,151,21,bot1_4,Volstrov,1,MAGE,magical,2,6,7,1.5,9795,5535,7473,196,22.4,0.8,238,524,19,17,9,191,2566,472,247,79,0.758,0.4,0.74,"special_lifesteal;basic_power;basic_power;basic_hp;basic_hp;basic_haste;basic_armor;basic_power"
88,0,309,150,19,bot0_1,Quiller,0,SLAYER,physical,7,2,11,9,14014,7098,3577,468,25.6,1.7,278,660,38,24,11,218,3493,679,277,31,0.899,1.4,1.98,"special_lifesteal;basic_power;basic_hp;basic_power;basic_power;basic_as;basic_as;basic_hp;basic_as;basic_power;basic_armor"
88,0,309,150,19,bot1_1,Goliath,1,TANK,physical,2,5,5,1.4,7793,2834,11555,1681,11.6,6.9,301,483,27,19,9,160,2535,493,244,64,0.791,0.4,0.25,"basic_hp;basic_hp;basic_hp;basic_mr;basic_armor;basic_mr;basic_armor;basic_power;basic_as"
88,0,309,150,19,bot0_2,Summoner,0,MAGE,magical,5,2,15,10,5816,4629,3908,0,15.8,0,160,224,40,19,10,271,3321,646,293,16,0.949,1,1.18,"basic_hp;basic_hp;basic_hp;basic_hp;basic_armor;basic_armor;basic_mr;basic_haste;basic_power;basic_haste;basic_hp"
88,0,309,150,19,bot1_2,Ironclad,1,TANK,physical,2,6,5,1.17,7770,4329,13077,0,18.5,0,331,428,19,16,9,177,2452,477,234,75,0.758,0.4,0.33,"basic_hp;basic_hp;basic_hp;basic_mr;basic_armor;basic_hp;basic_mr;basic_hp"
88,0,309,150,19,bot0_3,Hana,0,TANK,magical,7,2,15,11,8315,6537,5779,0,23.3,0,336,586,13,30,11,93,3768,733,280,28,0.908,1.4,1.13,"basic_hp;basic_hp;basic_hp;basic_armor;basic_hp;basic_armor;basic_armor;basic_hp;basic_armor;basic_mr;basic_mr;basic_power;basic_haste"
88,0,309,150,19,bot1_3,Bruiser,1,FIGHTER,physical,3,8,4,0.88,13050,6135,9132,268,29.1,1.3,509,639,30,21,9,189,2564,499,211,98,0.683,0.6,0.67,"special_lifesteal;basic_power;basic_as;basic_power;basic_power;basic_hp;basic_as;basic_mr"
88,0,309,150,19,bot0_4,Reaper,0,SPLITPUSHER,magical,7,1,18,25,23160,17145,4346,792,58.3,2.7,870,1282,39,19,11,287,3812,741,294,15,0.953,1.4,3.95,"special_lifesteal;basic_power;basic_power;basic_hp;basic_power;basic_haste;basic_armor;basic_hp;basic_mr;basic_hp;basic_power;basic_haste"
88,0,309,150,19,bot1_4,Pyromancer,1,SLAYER,magical,0,7,6,0.86,9499,3128,8664,0,14.2,0,300,507,20,17,9,55,2205,429,220,89,0.712,0,0.36,"basic_hp;basic_hp;basic_hp;basic_mr;basic_power;basic_haste;basic_hp;basic_armor"
89,1,305,12,150,bot0_1,Summoner,0,MAGE,magical,2,7,1,0.43,5540,1690,7365,91,7.1,0.4,150,217,31,16,9,173,2273,447,239,66,0.783,0.4,0.23,"special_lifesteal;basic_power;basic_hp;basic_power;basic_haste;basic_power;basic_mr"
89,1,305,12,150,bot1_1,Jailer,1,TANK,magical,4,1,17,21,10340,4676,4160,0,16,0,430,489,29,26,11,297,3447,677,293,13,0.958,0.8,1.12,"basic_hp;basic_hp;basic_hp;basic_mr;basic_armor;basic_mr;basic_mr;basic_haste;basic_hp;basic_mr;basic_hp"
89,1,305,12,150,bot0_2,Healer,0,SUPPORT,magical,1,6,2,0.5,4630,2139,10086,4029,9.4,17.7,126,184,32,16,8,211,2061,405,227,78,0.744,0.2,0.21,"basic_hp;basic_hp;basic_hp;basic_mr;basic_mr;basic_armor;basic_haste"
89,1,305,12,150,bot1_2,Goliath,1,TANK,physical,4,0,20,24,12228,6064,3735,1823,19.9,6,366,574,35,19,12,161,3686,724,305,0,1,0.8,1.62,"basic_hp;basic_hp;special_gw;basic_mr;basic_hp;basic_armor;basic_mr;basic_power;basic_as;basic_hp;basic_armor;basic_mr"
89,1,305,12,150,bot0_3,Eggchanter,0,SUPPORT,magical,0,8,3,0.38,4479,1937,10042,2622,9.4,12.7,124,216,21,12,9,32,2082,409,206,100,0.674,0,0.19,"special_gw;basic_hp;basic_mr;basic_power;basic_armor;basic_hp;basic_haste"
89,1,305,12,150,bot1_3,Reaper,1,SPLITPUSHER,magical,11,0,13,24,26235,13000,3048,824,42.6,2.7,1001,1289,42,22,12,180,4255,836,305,0,1,2.2,4.27,"special_lifesteal;special_gw;basic_power;basic_hp;basic_power;basic_hp;basic_power;basic_hp;basic_mr;basic_hp;basic_mr;basic_haste;basic_haste"
89,1,305,12,150,bot0_4,Wanderer,0,SLAYER,physical,0,6,2,0.33,10884,2771,7837,0,12.1,0,334,676,14,13,8,145,1970,387,228,77,0.748,0,0.35,"basic_hp;basic_hp;basic_hp;basic_power;basic_mr;basic_as;basic_armor"
89,1,305,12,150,bot1_4,Tamer,1,MAGE,magical,8,2,18,13,16902,10308,2778,2547,37.5,9.3,360,639,35,11,12,116,3966,779,275,30,0.901,1.6,3.71,"special_lifesteal;basic_power;basic_power;basic_power;basic_hp;basic_haste;basic_power;basic_hp;basic_haste;basic_power;basic_mr;basic_mr;basic_armor"
90,0,294,150,12,bot0_1,Eggchanter,0,SUPPORT,magical,0,2,15,7.5,6099,3596,6128,5080,13.3,18.7,127,191,31,15,9,221,2521,515,271,22,0.924,0,0.59,"basic_hp;basic_hp;basic_hp;basic_mr;basic_hp;basic_mr;basic_mr;basic_mr"
90,0,294,150,12,bot1_1,Reaper,1,SPLITPUSHER,magical,3,4,1,1,10307,5928,6666,0,24.7,0,438,745,28,14,9,313,2388,488,240,54,0.817,0.6,0.89,"basic_hp;basic_hp;basic_hp;basic_mr;basic_haste;basic_armor;basic_power;basic_as"
90,0,294,150,12,bot0_2,Hana,0,TANK,magical,3,1,14,17,10620,7117,6631,0,25.4,0,450,555,17,31,10,212,2912,595,280,14,0.954,0.6,1.07,"basic_hp;basic_hp;basic_hp;basic_mr;basic_mr;basic_armor;basic_armor;basic_hp;basic_haste;basic_power"
90,0,294,150,12,bot1_2,Goliath,1,TANK,physical,1,4,5,1.5,9791,5511,8777,1414,22.9,5.9,294,497,30,17,9,188,2288,468,241,53,0.821,0.2,0.63,"special_gw;basic_hp;basic_hp;basic_hp;basic_mr;basic_armor;basic_power"
90,0,294,150,12,bot0_3,Cleric,0,SUPPORT,magical,5,2,12,8.5,7680,4684,4665,4736,16,16.1,320,372,42,36,10,89,3189,652,294,0,1,1,1,"basic_hp;basic_hp;basic_hp;basic_mr;basic_hp;basic_mr;basic_armor;basic_armor;basic_hp;basic_haste;basic_mr"
90,0,294,150,12,bot1_3,Summoner,1,MAGE,magical,1,5,5,1.2,6684,3325,6977,167,14.6,0.7,164,242,30,15,9,214,2264,463,228,66,0.775,0.2,0.48,"special_lifesteal;basic_power;basic_hp;basic_mr;basic_haste;basic_power;basic_armor"
90,0,294,150,12,bot0_4,Lynx,0,SLAYER,physical,10,1,8,18,19517,12920,7333,0,46,0,493,920,57,40,11,5,3730,762,281,13,0.957,2,1.76,"basic_hp;basic_hp;basic_mr;basic_hp;basic_hp;basic_power;basic_mr;basic_hp;basic_mr;basic_hp;basic_as;basic_power;basic_armor"
90,0,294,150,12,bot1_4,Healer,1,SUPPORT,magical,1,5,4,1,6339,3702,8053,4096,15.5,17.2,131,189,32,18,9,134,2234,457,239,55,0.813,0.2,0.46,"basic_hp;basic_hp;basic_hp;basic_mr;basic_mr;basic_armor;basic_power;basic_haste"
91,1,411,97,151,bot0_1,Summoner,0,MAGE,magical,4,7,11,2.14,6698,4603,12096,170,14.8,0.5,181,261,44,23,11,47,3522,514,311,99,0.758,0.6,0.38,"special_lifesteal;basic_power;basic_hp;basic_power;basic_hp;basic_armor;basic_haste;basic_armor;basic_as;basic_power;basic_haste;basic_hp"
91,1,411,97,151,bot1_1,Kratoma,1,SLAYER,physical,11,5,17,5.6,20129,8695,8489,509,25.9,1.5,270,571,27,29,14,211,5261,768,336,75,0.817,1.6,1.02,"special_lifesteal;basic_hp;basic_power;basic_hp;basic_as;basic_mr;basic_armor;basic_hp;basic_power;basic_as;basic_hp;basic_mr;basic_as;basic_armor;basic_hp;basic_power;basic_as"
91,1,411,97,151,bot0_2,Lynx,0,SLAYER,physical,12,7,5,2.43,30593,17322,10095,676,56.9,2.2,701,1111,58,42,12,168,4518,660,304,106,0.741,1.8,1.72,"special_lifesteal;basic_power;basic_power;basic_hp;basic_as;basic_hp;basic_armor;basic_power;basic_mr;basic_hp;basic_as;basic_armor;basic_mr;basic_armor;basic_as"
91,1,411,97,151,bot1_2,Ironclad,1,TANK,physical,4,4,23,6.75,16772,8653,10275,0,24.2,0,348,714,39,23,13,185,4460,651,358,53,0.872,0.6,0.84,"special_gw;basic_hp;basic_hp;basic_hp;basic_power;basic_mr;basic_power;basic_armor;basic_armor;basic_hp;basic_power;basic_hp;basic_mr;basic_hp"
91,1,411,97,151,bot0_3,Vanguard,0,FIGHTER,physical,3,9,12,1.67,9458,5099,15496,221,15.8,0.7,256,356,47,26,11,139,3314,484,322,89,0.784,0.4,0.33,"special_lifesteal;basic_hp;basic_power;basic_armor;basic_hp;basic_power;basic_as;basic_mr;basic_hp;basic_armor;basic_as"
91,1,411,97,151,bot1_3,Wanderer,1,SLAYER,physical,2,4,24,6.5,24857,12142,7907,0,31.7,0,757,1065,33,23,13,147,4297,627,383,28,0.931,0.3,1.54,"basic_hp;basic_hp;basic_hp;basic_power;basic_mr;basic_armor;basic_as;basic_haste;basic_hp;basic_power;basic_power;basic_mr;basic_armor;basic_as;basic_hp"
91,1,411,97,151,bot0_4,Eggchanter,0,SUPPORT,magical,0,7,18,2.57,7766,4420,11744,6264,14.3,20.3,164,222,39,17,12,44,3419,499,309,102,0.752,0,0.38,"basic_hp;basic_hp;basic_armor;basic_armor;basic_power;basic_hp;basic_armor;basic_power;basic_hp;basic_haste;basic_haste;basic_hp"
91,1,411,97,151,bot1_4,Bruiser,1,FIGHTER,physical,13,6,17,5,32477,17529,10039,842,47.8,2.3,769,1161,61,46,14,301,5576,814,367,44,0.893,1.9,1.75,"special_lifesteal;basic_power;basic_hp;basic_power;basic_as;basic_mr;basic_power;basic_as;basic_hp;basic_armor;basic_as;basic_hp;basic_power;basic_as;basic_power;basic_power;basic_power"
92,0,305,152,6,bot0_1,Zephyr,0,SPLITPUSHER,magical,3,1,15,18,17147,10028,4979,0,32.9,0,418,559,36,39,9,165,2965,583,305,0,1,0.6,2.01,"special_gw;basic_hp;basic_hp;basic_hp;basic_hp;basic_power;basic_hp;basic_power;basic_mr"
92,0,305,152,6,bot1_1,Hana,1,TANK,magical,1,5,2,0.6,8261,5413,8450,0,22.6,0,444,818,9,26,8,167,2042,401,240,65,0.786,0.2,0.64,"special_gw;special_gw;basic_hp;basic_hp;basic_power"
92,0,305,152,6,bot0_2,Oracle,0,MAGE,physical,7,1,10,17,14300,8450,5690,372,28.9,1.3,421,657,21,20,10,117,3392,667,293,13,0.958,1.4,1.49,"special_lifesteal;basic_power;basic_power;basic_power;basic_as;basic_as;basic_as;basic_hp;basic_hp;basic_power;basic_mr"
92,0,305,152,6,bot1_2,Ironclad,1,TANK,physical,1,5,2,0.6,9829,5520,10806,0,23,0,561,768,24,20,8,13,2063,405,240,65,0.786,0.2,0.51,"special_gw;basic_hp;basic_power;basic_hp;basic_mr;basic_armor;basic_as"
92,0,305,152,6,bot0_3,Healer,0,SUPPORT,magical,5,1,14,19,7465,6085,7004,6322,20.7,21.5,143,197,47,17,10,181,3206,630,295,11,0.965,1,0.87,"basic_hp;basic_hp;basic_hp;basic_mr;basic_hp;basic_armor;basic_mr;basic_mr;basic_armor;basic_power;basic_power"
92,0,305,152,6,bot1_3,Cleric,1,SUPPORT,magical,1,5,2,0.6,6115,4274,9221,2760,16,10.3,247,305,36,24,8,138,2063,405,267,38,0.875,0.2,0.46,"basic_hp;basic_hp;basic_hp;basic_hp;basic_mr;basic_mr;basic_armor"
92,0,305,152,6,bot0_4,Jirina,0,FIGHTER,magical,5,0,13,18,15282,9168,4419,4077,30,13.4,386,494,44,15,10,213,3213,631,305,0,1,1,2.07,"special_lifesteal;basic_power;basic_power;basic_hp;basic_power;basic_haste;basic_hp;basic_hp;basic_power;basic_mr"
92,0,305,152,6,bot1_4,Vanguard,1,FIGHTER,physical,0,5,2,0.4,9578,3905,9119,0,16.3,0,535,647,37,24,8,94,1944,382,239,66,0.783,0,0.43,"special_gw;basic_hp;basic_hp;basic_hp;basic_mr;basic_power"
93,1,241,3,151,bot0_1,Pyromancer,0,SLAYER,magical,0,4,2,0.5,7029,2566,5177,97,13,0.5,478,637,19,14,6,64,1614,402,197,43,0.82,0,0.5,"special_lifesteal;basic_hp;basic_power;basic_mr;basic_hp"
93,1,241,3,151,bot1_1,Lynx,1,SLAYER,physical,10,0,5,15,14728,8221,3742,416,34.2,1.7,461,838,50,33,10,237,3262,813,241,0,1,2.5,2.2,"special_lifesteal;basic_power;basic_power;basic_power;basic_as;basic_as;basic_hp;basic_power;basic_as;basic_hp"
93,1,241,3,151,bot0_2,Oracle,0,MAGE,physical,0,5,3,0.6,3238,1480,5365,61,7.8,0.3,258,340,10,11,7,192,1717,428,190,51,0.789,0,0.28,"special_lifesteal;basic_power;basic_hp;basic_as;basic_mr"
93,1,241,3,151,bot1_2,Healer,1,SUPPORT,magical,1,1,14,15,2940,1594,2041,1328,7.1,5.9,136,185,22,3,9,59,2434,607,226,15,0.939,0.2,0.78,"special_gw;basic_hp;basic_mr;basic_hp;basic_hp;basic_armor;basic_mr;basic_power"
93,1,241,3,151,bot0_3,Summoner,0,MAGE,magical,2,5,1,0.6,2908,1317,5466,53,6.9,0.3,167,244,16,9,7,84,1909,476,191,50,0.793,0.5,0.24,"special_lifesteal;basic_hp;basic_power;basic_haste;basic_power;basic_hp"
93,1,241,3,151,bot1_3,Reaper,1,SPLITPUSHER,magical,3,2,11,7,7198,4672,2651,367,22,1.7,490,724,22,13,9,141,2566,640,212,28,0.882,0.7,1.76,"special_lifesteal;special_lifesteal;basic_hp;basic_power;basic_hp;basic_hp;basic_mr"
93,1,241,3,151,bot0_4,Goliath,0,TANK,physical,1,4,2,0.75,6903,2933,7191,862,15.3,4.5,286,392,23,16,7,274,1824,455,192,49,0.797,0.2,0.41,"special_gw;basic_hp;basic_mr;basic_hp;basic_armor"
93,1,241,3,151,bot1_4,Hana,1,TANK,magical,4,0,11,15,9624,6413,2874,0,26.7,0,464,794,11,21,9,136,2761,688,241,0,1,1,2.23,"basic_hp;basic_hp;basic_hp;basic_power;basic_mr;basic_armor;basic_hp;basic_hp;basic_hp"
94,1,258,3,151,bot0_1,Kratoma,0,SLAYER,physical,0,6,0,0,2958,1167,6296,0,6.1,0,188,327,11,9,7,100,1625,378,192,66,0.745,0,0.19,"basic_hp;basic_hp;basic_power;basic_armor;basic_mr;basic_as"
94,1,258,3,151,bot1_1,Zephyr,1,SPLITPUSHER,magical,5,0,13,18,12611,4217,1895,0,16.3,0,379,519,36,34,10,84,2984,693,258,0,1,1.2,2.23,"basic_hp;basic_hp;basic_hp;basic_hp;basic_haste;basic_mr;basic_hp;basic_armor;basic_haste;basic_hp"
94,1,258,3,151,bot0_2,Ironclad,0,TANK,physical,0,5,0,0,2623,946,9859,0,4.8,0,154,203,18,11,7,93,1643,382,199,60,0.769,0,0.1,"basic_hp;basic_hp;basic_armor;basic_mr;basic_armor;basic_power"
94,1,258,3,151,bot1_2,Bruiser,1,FIGHTER,physical,10,0,15,25,13593,8706,2434,428,33.7,1.7,425,787,38,27,11,212,3712,862,258,0,1,2.3,3.58,"special_lifesteal;basic_power;basic_hp;basic_power;basic_as;basic_hp;basic_as;basic_power;basic_mr;basic_armor;basic_hp;basic_as"
94,1,258,3,151,bot0_3,Summoner,0,MAGE,magical,0,8,0,0,3606,1000,7090,80,5.8,0.5,150,222,17,9,7,112,1662,386,174,84,0.673,0,0.14,"special_lifesteal;basic_power;basic_hp;basic_haste;basic_power"
94,1,258,3,151,bot1_3,Lynx,1,SLAYER,physical,10,0,16,26,24152,14031,2018,684,54.3,2.6,699,1170,53,24,11,110,3610,839,258,0,1,2.3,6.95,"special_lifesteal;basic_power;basic_power;basic_hp;basic_power;basic_as;basic_hp;basic_as;basic_mr;basic_power;basic_armor;basic_mr"
94,1,258,3,151,bot0_4,Pyromancer,0,SLAYER,magical,0,7,0,0,5094,1337,6919,0,7.5,0,293,299,13,12,7,94,1619,376,177,81,0.687,0,0.19,"basic_hp;basic_hp;basic_mr;basic_armor;basic_haste;basic_power"
94,1,258,3,151,bot1_4,Volstrov,1,MAGE,magical,1,0,12,13,5684,2194,1639,189,8.5,0.7,224,339,2,8,9,356,2431,565,258,0,1,0.2,1.34,"special_lifesteal;basic_power;basic_hp;basic_haste;basic_power;basic_hp;basic_mr"
95,0,605,151,136,bot0_1,Mage,0,MAGE,magical,12,8,19,3.88,33762,19524,14508,533,36.5,1,711,942,139,42,15,140,6165,612,534,70,0.884,1.2,1.35,"special_lifesteal;basic_power;basic_hp;basic_power;basic_hp;basic_hp;basic_power;basic_hp;basic_mr;basic_haste;basic_armor;basic_power;basic_mr;basic_haste;basic_mr;basic_armor;basic_armor;basic_hp;basic_hp;basic_haste"
95,0,605,151,136,bot1_1,Ironclad,1,TANK,physical,9,7,17,3.71,20776,15961,26674,0,32.5,0,354,491,59,39,14,97,5422,538,492,113,0.813,0.9,0.6,"basic_hp;basic_hp;basic_hp;basic_armor;basic_hp;basic_mr;basic_power;basic_as;basic_haste;basic_mr;basic_hp;basic_armor;basic_power;basic_mr;basic_armor;basic_power;basic_as;basic_as;basic_haste"
95,0,605,151,136,bot0_2,Quiller,0,SLAYER,physical,8,9,18,2.89,22057,12908,10263,487,27.7,1,333,645,64,39,14,305,5305,526,465,139,0.77,0.8,1.26,"special_lifesteal;basic_power;basic_power;basic_as;basic_power;basic_hp;basic_mr;basic_armor;basic_as;basic_as;basic_hp;basic_hp;basic_mr;basic_armor;basic_power;basic_mr;basic_as"
95,0,605,151,136,bot1_2,Vanguard,1,FIGHTER,physical,3,8,18,2.63,20061,10645,17905,443,22.3,0.9,617,822,67,43,13,228,4403,437,478,127,0.79,0.3,0.59,"basic_hp;basic_hp;special_lifesteal;basic_power;basic_power;basic_as;basic_mr;basic_hp;basic_hp;basic_power;basic_armor;basic_as;basic_hp;basic_as"
95,0,605,151,136,bot0_3,Doctor,0,SUPPORT,physical,3,5,26,5.8,21829,12677,17113,18092,22.1,31.6,427,558,44,37,14,331,5106,507,573,31,0.948,0.3,0.74,"basic_hp;basic_hp;basic_hp;basic_mr;basic_armor;basic_mr;basic_armor;basic_power;basic_power;basic_as;basic_as;basic_hp;basic_mr;basic_hp;basic_haste;basic_armor;basic_mr"
95,0,605,151,136,bot1_3,Pyromancer,1,SLAYER,magical,10,9,15,2.78,19483,10358,13469,231,22.6,0.5,409,648,44,32,14,299,5424,538,458,146,0.758,1,0.77,"special_lifesteal;basic_power;basic_power;basic_hp;basic_haste;basic_hp;basic_haste;basic_mr;basic_hp;basic_power;basic_power;basic_armor;basic_haste;basic_hp;basic_power;basic_mr;basic_hp"
95,0,605,151,136,bot0_4,Reaper,0,SPLITPUSHER,magical,9,6,22,5.17,42582,26701,17989,1177,52.4,2.3,719,1052,79,43,14,275,5600,556,510,95,0.843,0.9,1.48,"special_lifesteal;basic_power;basic_hp;basic_power;basic_hp;basic_haste;basic_power;basic_hp;basic_mr;basic_hp;basic_power;basic_hp;basic_power;basic_armor;basic_haste;basic_hp;basic_hp"
95,0,605,151,136,bot1_4,Jailer,1,TANK,magical,6,8,19,3.13,24903,18745,16058,0,39.7,0,502,750,47,41,14,204,5029,499,472,133,0.781,0.6,1.17,"basic_hp;basic_hp;basic_hp;basic_armor;basic_mr;basic_hp;basic_mr;basic_armor;basic_power;basic_mr;basic_haste;basic_as;basic_hp;basic_armor;basic_hp;basic_power;basic_haste"
96,1,426,54,150,bot0_1,Goliath,0,TANK,physical,4,5,11,3,12948,8910,15348,3277,25.2,9.3,268,411,40,30,11,227,3452,486,354,72,0.831,0.6,0.58,"basic_hp;basic_hp;basic_hp;basic_mr;basic_mr;basic_armor;basic_hp;basic_power;basic_as;basic_armor;basic_haste;basic_power"
96,1,426,54,150,bot1_1,Tamer,1,MAGE,magical,10,2,13,11.5,20871,12929,7474,5659,32.6,14.3,273,496,57,21,12,292,4567,643,396,30,0.929,1.4,1.73,"basic_hp;basic_hp;basic_hp;basic_armor;basic_mr;basic_armor;basic_haste;basic_mr;basic_hp;basic_armor;basic_mr;basic_power;basic_as;basic_hp;basic_hp"
96,1,426,54,150,bot0_2,Zephyr,0,SPLITPUSHER,magical,6,7,9,2.14,21298,8843,9971,0,26.6,0,374,612,41,45,11,49,3649,513,333,94,0.78,0.8,0.89,"special_gw;basic_hp;basic_hp;basic_mr;basic_hp;basic_power;basic_hp;basic_haste;basic_armor;basic_mr;basic_mr;basic_hp"
96,1,426,54,150,bot1_2,Volstrov,1,MAGE,magical,3,4,13,4,13972,5993,7298,630,15,1.6,270,606,10,14,11,212,3437,484,399,27,0.936,0.4,0.82,"special_lifesteal;basic_power;basic_power;basic_power;basic_hp;special_lifesteal;basic_hp;basic_haste;basic_mr;basic_haste"
96,1,426,54,150,bot0_3,Quiller,0,SLAYER,physical,1,5,11,2.4,13313,5397,6580,424,15.3,1.2,274,500,45,32,10,156,3056,430,353,73,0.829,0.1,0.82,"special_lifesteal;basic_power;basic_power;basic_hp;basic_as;basic_mr;basic_hp;basic_power;basic_armor;basic_as"
96,1,426,54,150,bot1_3,Healer,1,SUPPORT,magical,4,4,16,5,8883,6180,10360,9450,16.5,25.2,154,208,62,23,11,149,3699,521,376,51,0.881,0.6,0.6,"basic_hp;basic_hp;basic_armor;basic_hp;basic_mr;basic_power;basic_haste;basic_hp;basic_armor;basic_mr;basic_as;basic_armor;basic_mr"
96,1,426,54,150,bot0_4,Jailer,0,TANK,magical,4,7,8,1.71,13864,9812,12125,0,29.9,0,445,495,28,30,10,56,3281,462,328,98,0.769,0.6,0.81,"basic_hp;basic_hp;basic_hp;basic_mr;basic_mr;basic_armor;basic_haste;basic_power;basic_mr;basic_armor;basic_armor;basic_as"
96,1,426,54,150,bot1_4,Kratoma,1,SLAYER,physical,7,5,17,4.8,17708,14221,10485,347,36.9,0.9,275,685,27,28,11,261,4111,579,385,41,0.904,1,1.36,"basic_hp;basic_hp;special_lifesteal;basic_hp;basic_hp;basic_as;basic_power;basic_as;basic_power;basic_armor;basic_armor;basic_hp;basic_mr"
97,1,268,0,151,bot0_1,Tamer,0,MAGE,magical,0,9,0,0,5163,2537,7831,868,13,4.5,232,370,18,6,7,125,1675,375,195,73,0.727,0,0.32,"special_gw;basic_hp;basic_hp;basic_power;basic_mr"
97,1,268,0,151,bot1_1,Hana,1,TANK,magical,5,0,11,16,8955,4668,3521,0,17.4,0,212,420,12,34,11,130,3180,712,268,0,1,1.1,1.33,"basic_hp;basic_hp;basic_hp;basic_mr;basic_mr;basic_mr;basic_power;basic_haste;basic_as;basic_hp;basic_mr"
97,1,268,0,151,bot0_2,Eggchanter,0,SUPPORT,magical,0,7,0,0,2231,1424,9140,2720,7.4,14.1,97,145,16,9,7,69,1644,368,193,75,0.719,0,0.16,"basic_hp;basic_hp;basic_hp;basic_mr;basic_armor;basic_haste"
97,1,268,0,151,bot1_2,Jirina,1,FIGHTER,magical,6,0,18,24,12178,5380,1432,1566,20.1,5.8,526,593,29,6,11,203,3503,784,268,0,1,1.3,3.76,"special_lifesteal;basic_power;basic_power;basic_hp;basic_hp;basic_mr;basic_haste;basic_power;basic_power;basic_as;basic_power"
97,1,268,0,151,bot0_3,Zephyr,0,SPLITPUSHER,magical,0,7,0,0,8464,3187,8490,228,16.9,1.2,293,524,22,24,7,145,1695,379,188,80,0.703,0,0.38,"special_lifesteal;basic_power;basic_hp;basic_power;basic_mr"
97,1,268,0,151,bot1_3,Bruiser,1,FIGHTER,physical,6,0,20,26,17733,9595,3331,507,35.8,1.9,434,962,39,32,11,243,3593,804,268,0,1,1.3,2.88,"special_lifesteal;basic_power;basic_power;basic_power;basic_power;basic_as;basic_as;basic_as;basic_as;basic_hp;basic_hp"
97,1,268,0,151,bot0_4,Pyromancer,0,SLAYER,magical,0,7,0,0,5862,886,5895,57,4.7,0.3,119,289,15,11,7,145,1695,379,187,81,0.699,0,0.15,"special_lifesteal;basic_power;basic_power;basic_hp;basic_mr"
97,1,268,0,151,bot1_4,Reaper,1,SPLITPUSHER,magical,13,0,11,24,21743,9799,2267,746,36.5,2.8,786,1240,39,19,11,275,3775,845,268,0,1,2.9,4.32,"special_lifesteal;basic_hp;basic_mr;basic_hp;basic_power;basic_mr;basic_hp;basic_haste;basic_power;basic_hp;basic_haste;basic_as"
98,1,358,59,150,bot0_1,Zephyr,0,SPLITPUSHER,magical,0,3,2,0.67,5432,3493,6336,77,10.6,0.2,307,447,33,20,9,18,2193,367,330,28,0.921,0,0.55,"basic_hp;basic_hp;special_lifesteal;basic_hp;basic_power;basic_armor;basic_hp"
98,1,358,59,150,bot1_1,Eggchanter,1,SUPPORT,magical,1,1,17,18,8531,4127,8731,7785,11.9,22.4,131,210,35,19,10,24,2999,502,347,11,0.97,0.2,0.47,"basic_hp;basic_hp;basic_hp;basic_mr;basic_mr;basic_armor;basic_mr;basic_power;basic_armor;basic_armor;basic_haste"
98,1,358,59,150,bot0_2,Goliath,0,TANK,physical,1,5,1,0.4,9321,5056,10108,1512,17.4,5.2,245,398,33,19,9,249,2374,398,291,67,0.811,0.2,0.5,"basic_hp;basic_hp;special_gw;basic_armor;basic_hp;basic_mr;basic_armor"
98,1,358,59,150,bot1_2,Doctor,1,SUPPORT,physical,3,1,15,18,6982,4408,6892,6012,12.8,17.5,252,380,17,22,10,207,3157,529,343,15,0.959,0.5,0.64,"special_gw;basic_hp;basic_hp;basic_mr;basic_hp;basic_armor;basic_mr;basic_power;basic_armor;basic_mr"
98,1,358,59,150,bot0_3,Tamer,0,MAGE,magical,0,7,3,0.43,11749,6479,6322,1848,24.8,7.1,338,602,26,12,9,12,2337,392,261,97,0.73,0,1.02,"special_lifesteal;basic_power;basic_power;basic_hp;basic_hp;basic_haste;basic_mr;basic_armor"
98,1,358,59,150,bot1_3,Oracle,1,MAGE,physical,12,0,9,21,19775,13897,8256,676,38.8,1.9,546,795,27,31,11,135,4235,710,358,0,1,2,1.68,"special_lifesteal;basic_power;basic_power;basic_hp;basic_power;basic_as;basic_hp;basic_as;basic_mr;basic_armor;basic_mr;basic_hp;basic_as;basic_power"
98,1,358,59,150,bot0_4,Ironclad,0,TANK,physical,2,6,1,0.5,13324,8955,12654,0,29.9,0,398,797,28,20,9,110,2485,416,300,59,0.837,0.3,0.71,"basic_hp;basic_hp;special_gw;basic_armor;basic_hp;basic_mr;basic_power;basic_armor"
98,1,358,59,150,bot1_4,Jailer,1,TANK,magical,5,1,14,19,17219,11026,5231,0,31.8,0,374,613,36,30,10,74,3449,578,346,12,0.967,0.8,2.11,"special_gw;basic_hp;basic_hp;basic_mr;basic_hp;basic_mr;basic_armor;basic_hp;basic_hp;basic_mr;basic_armor"
99,0,299,151,3,bot0_1,Jirina,0,FIGHTER,magical,5,0,13,18,12546,6795,4249,2144,22.7,7.2,327,479,34,11,10,149,3149,631,299,0,1,1,1.6,"special_lifesteal;basic_power;basic_hp;basic_power;basic_hp;basic_hp;basic_armor;basic_mr;basic_hp;basic_power"
99,0,299,151,3,bot1_1,Bruiser,1,FIGHTER,physical,1,6,1,0.33,3967,1715,7174,87,6.9,0.3,213,343,27,29,8,177,2002,401,249,51,0.831,0.2,0.24,"special_lifesteal;basic_power;basic_power;basic_hp;basic_hp;basic_as"
99,0,299,151,3,bot0_2,Wanderer,0,SLAYER,physical,6,1,17,23,21346,10702,4351,0,37.5,0,528,716,27,22,11,85,3560,713,286,14,0.954,1.2,2.46,"basic_hp;basic_hp;basic_hp;basic_hp;basic_mr;basic_armor;basic_hp;basic_armor;basic_armor;basic_mr;basic_hp;basic_power"
99,0,299,151,3,bot1_2,Fusilier,1,SLAYER,physical,0,6,2,0.33,5493,3551,7610,0,15.8,0,309,367,27,6,8,52,1902,381,224,75,0.749,0,0.47,"basic_hp;basic_hp;basic_hp;basic_mr;basic_armor;basic_mr;basic_power"
99,0,299,151,3,bot0_3,Cleric,0,SUPPORT,magical,9,1,13,22,8696,5951,3350,4718,20.5,16.3,363,429,50,41,11,280,3780,757,290,10,0.967,1.8,1.78,"basic_hp;basic_hp;basic_armor;basic_hp;basic_mr;basic_power;special_heal_power;basic_mr;basic_armor;basic_mr;basic_armor;basic_haste"
99,0,299,151,3,bot1_3,Reaper,1,SPLITPUSHER,magical,0,6,3,0.5,10147,6186,6831,160,27.8,0.7,353,526,22,10,8,172,1997,400,222,77,0.743,0,0.91,"special_lifesteal;basic_power;basic_hp;basic_haste;basic_power;basic_hp"
99,0,299,151,3,bot0_4,Ironclad,0,TANK,physical,4,1,18,22,6378,4975,5696,0,17.3,0,300,414,31,21,10,264,3289,659,287,13,0.958,0.8,0.87,"basic_hp;basic_hp;basic_hp;basic_power;basic_armor;basic_mr;basic_hp;basic_as;basic_power;basic_hp;basic_haste"
99,0,299,151,3,bot1_4,Jailer,1,TANK,magical,2,6,1,0.5,6171,3877,8064,0,17.3,0,421,632,15,16,8,41,2116,424,224,75,0.749,0.4,0.48,"special_gw;basic_hp;basic_mr;basic_armor;basic_hp;basic_mr;basic_power"