gameIndex,winner,gameDuration,score0,score1,id,className,team,role,dmgType,kills,deaths,assists,kda,dmgDealtTotal,dmgDealtToHeroes,dmgTaken,hpHealed,dpsToHeroes,hpsHealed,maxBurst1s,maxBurst3s,spellCastsQ,spellCastsE,level,gold,totalGold,goldPerMin,timeAlive,timeDead,survivalRate,killsPerMin,dmgEfficiency,items
0,1,372,33,150,bot0_1,Ironclad,0,TANK,physical,2,6,7,1.5,8759,6812,14721,0,22.3,0,403,539,33,20,10,234,2759,446,306,66,0.822,0.3,0.46,"basic_hp;basic_hp;basic_hp;basic_armor;basic_mr;basic_armor;basic_power;basic_hp;basic_hp"
0,1,372,33,150,bot1_1,Jailer,1,TANK,magical,4,2,16,10,16265,9670,7028,0,28.3,0,514,634,35,32,12,44,3719,601,342,29,0.921,0.6,1.38,"special_gw;basic_hp;basic_hp;basic_hp;basic_mr;basic_hp;basic_armor;basic_power;basic_hp;basic_hp;basic_haste;basic_mr"
0,1,372,33,150,bot0_2,Jirina,0,FIGHTER,magical,3,4,5,2,12432,6788,8279,4559,21.2,14.2,440,554,35,17,10,201,2851,460,321,51,0.863,0.5,0.82,"special_lifesteal;special_gw;basic_power;basic_hp;basic_armor;basic_hp;basic_power;basic_hp"
0,1,372,33,150,bot1_2,Cleric,1,SUPPORT,magical,5,1,14,19,13584,8737,5006,7988,24.7,22.6,346,393,61,54,12,16,3916,632,354,18,0.953,0.8,1.75,"basic_hp;basic_hp;basic_hp;basic_hp;basic_mr;basic_armor;basic_mr;basic_armor;basic_hp;basic_haste;basic_mr;basic_power;basic_as;basic_armor"
0,1,372,33,150,bot0_3,Eggchanter,0,SUPPORT,magical,1,4,8,2.25,8828,4439,12981,7324,13.6,22.5,121,217,39,20,9,188,2638,426,325,46,0.876,0.2,0.34,"basic_hp;basic_hp;basic_hp;basic_armor;basic_armor;basic_mr;basic_mr;basic_hp;basic_haste"
0,1,372,33,150,bot1_3,Bruiser,1,FIGHTER,physical,6,3,13,6.33,16310,11908,7402,490,36.7,1.5,467,693,53,40,11,253,3778,610,325,47,0.874,1,1.61,"special_lifesteal;basic_power;basic_power;basic_power;basic_as;basic_hp;basic_as;basic_power;basic_hp;basic_armor;basic_mr;basic_as"
0,1,372,33,150,bot0_4,Vanguard,0,FIGHTER,physical,3,6,6,1.5,12389,6569,10786,311,21.5,1,641,697,45,27,9,151,2826,456,306,65,0.824,0.5,0.61,"special_lifesteal;basic_hp;basic_power;basic_power;basic_hp;basic_hp;basic_as;basic_power;basic_armor"
0,1,372,33,150,bot1_4,Kratoma,1,SLAYER,physical,5,3,15,6.67,16158,11305,7064,371,34.5,1.1,281,663,27,26,12,69,3844,621,328,44,0.882,0.8,1.6,"special_lifesteal;special_gw;basic_power;basic_hp;basic_power;basic_as;basic_hp;basic_as;basic_power;basic_hp;basic_as;basic_armor"
1,0,393,150,84,bot0_1,Tamer,0,MAGE,magical,16,3,11,9,24085,16511,6429,5770,46.6,16.3,356,617,53,17,13,31,5181,790,354,39,0.901,2.4,2.57,"special_lifesteal;basic_power;basic_power;basic_power;basic_hp;basic_haste;basic_armor;basic_hp;basic_haste;basic_power;basic_mr;basic_hp;basic_power;basic_power;basic_mr;basic_haste;basic_hp"
1,0,393,150,84,bot1_1,Ironclad,1,TANK,physical,2,7,13,2.14,8661,5560,17060,0,17.6,0,233,344,31,21,11,11,3236,494,315,78,0.801,0.3,0.33,"basic_hp;basic_hp;basic_hp;basic_armor;basic_mr;basic_power;basic_armor;basic_as;basic_haste;basic_hp;basic_mr;basic_power"
1,0,393,150,84,bot0_2,Jailer,0,TANK,magical,5,5,19,4.8,13302,10064,9450,0,31.2,0,632,754,33,28,12,81,3956,603,323,70,0.821,0.8,1.06,"basic_hp;basic_hp;basic_hp;basic_armor;basic_mr;basic_haste;basic_hp;basic_power;basic_as;basic_mr;basic_armor;basic_mr;basic_hp;basic_haste"
1,0,393,150,84,bot1_2,Zephyr,1,SPLITPUSHER,magical,2,8,10,1.5,7686,4376,10482,229,14.4,0.8,338,394,37,29,10,144,3069,468,304,89,0.774,0.3,0.42,"special_lifesteal;basic_power;basic_power;basic_hp;basic_power;basic_haste;basic_mr;basic_armor;basic_hp;basic_hp"
1,0,393,150,84,bot0_3,Kratoma,0,SLAYER,physical,3,4,18,5.25,12661,8664,5700,387,23.4,1,230,610,25,25,11,25,3550,541,371,22,0.943,0.5,1.52,"special_lifesteal;basic_power;basic_hp;basic_as;basic_power;basic_power;basic_as;basic_armor;basic_mr;basic_power;basic_as;basic_hp"
1,0,393,150,84,bot1_3,Fusilier,1,SLAYER,physical,9,7,7,2.29,24878,12230,9120,530,42.9,1.9,440,860,45,16,11,152,3977,607,285,108,0.725,1.4,1.34,"special_lifesteal;basic_power;basic_power;basic_power;basic_as;basic_hp;basic_as;basic_hp;basic_armor;basic_mr;basic_power;basic_as;basic_hp"
1,0,393,150,84,bot0_4,Lynx,0,SLAYER,physical,5,5,21,5.2,16991,12363,7869,496,37.8,1.5,513,726,57,40,11,157,3957,604,327,66,0.831,0.8,1.57,"special_lifesteal;basic_power;basic_hp;basic_power;basic_as;basic_hp;basic_as;basic_armor;basic_mr;basic_power;basic_hp;basic_power;basic_armor"
1,0,393,150,84,bot1_4,Healer,1,SUPPORT,magical,4,7,11,2.14,9594,5383,13522,3746,17.8,12.4,187,219,51,16,11,70,3370,514,303,90,0.77,0.6,0.4,"basic_hp;basic_hp;basic_hp;basic_hp;basic_armor;basic_mr;basic_haste;basic_hp;basic_power;basic_as;basic_armor;basic_mr"
2,0,329,152,6,bot0_1,Oracle,0,MAGE,physical,5,2,19,12,12068,7739,4062,339,24.7,1.1,670,834,21,22,11,161,3686,673,313,16,0.952,0.9,1.91,"special_lifesteal;basic_power;basic_power;basic_power;basic_as;basic_as;basic_power;basic_hp;basic_armor;basic_as;basic_mr;basic_hp"
2,0,329,152,6,bot1_1,Cleric,1,SUPPORT,magical,1,8,5,0.75,7104,4101,10267,3834,17.4,16.3,332,394,28,23,9,177,2327,425,236,93,0.716,0.2,0.4,"basic_hp;basic_hp;basic_armor;basic_power;basic_hp;basic_armor;basic_armor;basic_mr"
2,0,329,152,6,bot0_2,Wanderer,0,SLAYER,physical,5,1,22,27,21022,12952,4335,539,41,1.7,789,1554,23,20,11,165,3765,687,316,13,0.961,0.9,2.99,"special_lifesteal;basic_power;basic_power;basic_as;basic_hp;basic_power;basic_as;basic_power;basic_as;basic_as;basic_hp;basic_armor"
2,0,329,152,6,bot1_2,Jailer,1,TANK,magical,2,7,4,0.86,7165,5096,12125,0,21.2,0,394,579,20,15,9,15,2415,441,240,88,0.731,0.4,0.42,"basic_hp;basic_hp;basic_hp;basic_armor;basic_mr;basic_haste;basic_hp;basic_power;basic_as"
2,0,329,152,6,bot0_3,Reaper,0,SPLITPUSHER,magical,18,2,10,14,15024,12140,4863,452,40.8,1.5,644,1278,40,22,12,185,4885,892,297,31,0.905,3.3,2.5,"special_lifesteal;basic_power;basic_power;basic_power;basic_hp;basic_power;basic_hp;basic_power;basic_haste;basic_hp;basic_haste;basic_armor;basic_power;basic_power;basic_haste"
2,0,329,152,6,bot1_3,Bruiser,1,FIGHTER,physical,2,8,3,0.63,7019,4436,9982,118,16.8,0.4,298,596,30,30,8,241,2341,427,264,64,0.804,0.4,0.44,"special_lifesteal;basic_power;basic_power;basic_as;basic_power;basic_hp;basic_armor"
2,0,329,152,6,bot0_4,Ironclad,0,TANK,physical,3,1,22,25,7897,6081,8233,0,19.3,0,410,502,31,25,11,43,3493,637,315,14,0.958,0.5,0.74,"basic_hp;basic_hp;basic_hp;basic_hp;basic_hp;basic_hp;basic_armor;basic_mr;basic_armor;basic_mr;basic_power;basic_power"
2,0,329,152,6,bot1_4,Quiller,1,SLAYER,physical,1,8,4,0.63,10591,5978,8128,222,26.4,1,260,518,26,18,9,214,2289,418,226,102,0.689,0.2,0.74,"special_lifesteal;basic_power;basic_hp;basic_as;basic_power;basic_hp;basic_armor"
3,0,322,150,15,bot0_1,Fusilier,0,SLAYER,physical,14,2,11,12.5,22341,12349,3982,738,42.3,2.5,473,804,44,13,12,131,4531,844,292,30,0.906,2.6,3.1,"special_lifesteal;basic_power;basic_hp;basic_power;basic_power;basic_as;basic_hp;basic_as;basic_mr;basic_hp;basic_mr;basic_as;basic_mr;basic_power;basic_armor"
3,0,322,150,15,bot1_1,Volstrov,1,MAGE,magical,1,8,5,0.75,11862,5060,8485,250,23.4,1.2,290,549,13,13,9,64,2414,450,216,106,0.672,0.2,0.6,"special_lifesteal;basic_power;basic_hp;basic_haste;basic_armor;basic_mr;basic_power;basic_power"
3,0,322,150,15,bot0_2,Wanderer,0,SLAYER,physical,11,2,13,12,17457,8302,3149,405,28.5,1.4,562,1312,17,15,12,192,4392,818,292,30,0.906,2,2.64,"special_lifesteal;basic_power;basic_as;basic_power;basic_power;basic_as;basic_hp;basic_power;basic_as;basic_power;basic_as;basic_hp;basic_mr;basic_armor"
3,0,322,150,15,bot1_2,Kratoma,1,SLAYER,physical,3,7,3,0.86,9155,4683,7838,232,20.3,1,222,463,15,16,9,177,2552,475,230,92,0.715,0.6,0.6,"special_lifesteal;basic_power;basic_power;basic_as;basic_as;basic_hp;basic_power;basic_armor"
3,0,322,150,15,bot0_3,Hana,0,TANK,magical,3,0,19,22,11077,5775,6395,0,17.9,0,410,661,17,32,11,36,3461,645,322,0,1,0.6,0.9,"basic_hp;basic_hp;basic_hp;basic_mr;basic_hp;basic_armor;basic_mr;basic_power;basic_hp;basic_armor;basic_haste;basic_hp"
3,0,322,150,15,bot1_3,Cleric,1,SUPPORT,magical,2,7,4,0.86,5620,3969,10275,2555,16.8,10.8,285,345,24,22,9,44,2494,465,237,85,0.735,0.4,0.39,"special_gw;basic_hp;basic_hp;basic_hp;basic_hp;basic_armor;basic_armor;basic_mr"
3,0,322,150,15,bot0_4,Vanguard,0,FIGHTER,physical,2,2,24,13,10773,6366,6832,0,21.6,0,500,692,42,23,11,112,3562,664,295,27,0.915,0.4,0.93,"basic_hp;basic_hp;basic_hp;basic_mr;basic_hp;basic_power;basic_mr;basic_hp;basic_hp;basic_power;basic_armor;basic_armor"
3,0,322,150,15,bot1_4,Summoner,1,MAGE,magical,0,8,6,0.75,4868,2542,7962,83,10.3,0.3,164,231,27,16,9,179,2254,420,247,75,0.767,0,0.32,"special_lifesteal;basic_power;basic_hp;basic_armor;basic_haste;basic_power;basic_hp"
4,0,294,150,4,bot0_1,Doctor,0,SUPPORT,physical,4,1,16,20,6719,5416,4965,7111,19.2,25.1,229,307,19,20,10,182,3157,645,283,11,0.963,0.8,1.09,"special_heal_power;basic_hp;basic_armor;basic_hp;basic_hp;basic_mr;basic_hp;basic_armor;basic_mr;basic_power"
4,0,294,150,4,bot1_1,Cleric,1,SUPPORT,magical,0,6,4,0.67,5967,4367,8185,1998,19.6,9,290,342,26,23,8,81,1931,395,222,71,0.758,0,0.53,"basic_hp;basic_hp;basic_mr;basic_armor;basic_hp;basic_mr;basic_haste"
4,0,294,150,4,bot0_2,Jirina,0,FIGHTER,magical,8,1,14,22,11961,8072,4977,2844,27.5,9.7,418,656,37,12,11,304,3679,752,294,0,1,1.6,1.62,"special_lifesteal;basic_power;basic_power;basic_power;basic_power;basic_hp;basic_hp;basic_hp;basic_haste;basic_power;basic_haste"
4,0,294,150,4,bot1_2,Wanderer,1,SLAYER,physical,1,6,3,0.67,14169,6498,5498,175,30.6,0.8,805,1331,16,12,9,216,2291,468,213,81,0.724,0.2,1.18,"special_lifesteal;basic_power;basic_power;basic_hp;basic_as;basic_mr;basic_hp"
4,0,294,150,4,bot0_3,Volstrov,0,MAGE,magical,7,2,12,9.5,11902,8526,4416,326,32,1.2,336,894,6,9,10,159,3434,702,266,27,0.907,1.4,1.93,"special_lifesteal;basic_power;basic_power;basic_power;basic_hp;basic_power;basic_hp;basic_haste;basic_mr;basic_haste;basic_hp"
4,0,294,150,4,bot1_3,Jailer,1,TANK,magical,1,6,3,0.67,7146,4810,8019,0,22,0,516,680,18,16,7,147,1997,408,218,75,0.744,0.2,0.6,"special_gw;basic_hp;basic_mr;basic_hp;basic_hp;basic_armor"
4,0,294,150,4,bot0_4,Bruiser,0,FIGHTER,physical,5,0,18,23,12304,8322,6443,0,28.4,0,331,542,51,36,10,159,3384,692,294,0,1,1,1.29,"special_gw;basic_hp;basic_power;basic_armor;basic_hp;basic_hp;basic_hp;basic_power;basic_mr;basic_armor;basic_as"
4,0,294,150,4,bot1_4,Goliath,1,TANK,physical,2,6,1,0.5,5787,3007,10270,777,14.1,3.7,253,393,27,12,9,113,2263,463,213,81,0.724,0.4,0.29,"basic_hp;basic_hp;basic_hp;basic_hp;basic_mr;basic_armor;basic_power;basic_as"
5,1,282,10,152,bot0_1,Reaper,0,SPLITPUSHER,magical,1,5,1,0.4,6618,2746,5860,158,12.8,0.7,484,498,19,12,8,203,2003,426,215,66,0.764,0.2,0.47,"special_lifesteal;basic_power;basic_hp;basic_power;basic_haste;basic_mr"
5,1,282,10,152,bot1_1,Fusilier,1,SLAYER,physical,12,0,7,19,18784,11856,4288,611,42.1,2.2,373,675,49,15,10,47,3872,824,282,0,1,2.6,2.76,"special_lifesteal;basic_power;basic_power;basic_hp;basic_as;basic_hp;basic_power;basic_mr;basic_as;basic_armor;basic_hp;basic_as;basic_power"
5,1,282,10,152,bot0_2,Healer,0,SUPPORT,magical,0,5,3,0.6,4992,3319,6483,2626,15.1,12,139,195,27,14,8,189,1989,423,219,62,0.778,0,0.51,"special_heal_power;basic_hp;basic_mr;basic_hp;basic_armor;basic_haste"
5,1,282,10,152,bot1_2,Zephyr,1,SPLITPUSHER,magical,5,2,12,8.5,10087,6075,5016,333,23.9,1.3,322,430,31,35,9,37,3037,647,254,27,0.903,1.1,1.21,"special_lifesteal;basic_power;basic_hp;basic_power;basic_haste;basic_hp;basic_mr;basic_hp;basic_power;basic_power"
5,1,282,10,152,bot0_3,Wanderer,0,SLAYER,physical,2,5,2,0.8,11726,6367,5553,123,29.9,0.6,492,1125,13,11,9,261,2311,492,213,69,0.755,0.4,1.15,"special_lifesteal;basic_power;basic_hp;basic_as;basic_mr;basic_armor;basic_power"
5,1,282,10,152,bot1_3,Tamer,1,MAGE,magical,0,2,12,6,7200,5287,3183,1959,20.4,7.6,284,440,33,7,8,205,2280,485,259,22,0.921,0,1.66,"special_lifesteal;basic_power;basic_power;basic_hp;basic_haste;basic_mr;basic_hp"
5,1,282,10,152,bot0_4,Ironclad,0,TANK,physical,1,4,1,0.5,6770,3211,10467,0,13.6,0,313,364,20,14,9,174,2099,447,237,45,0.839,0.2,0.31,"basic_hp;basic_hp;basic_mr;basic_hp;basic_mr;basic_hp;basic_armor"
5,1,282,10,152,bot1_4,Eggchanter,1,SUPPORT,magical,2,0,17,19,5302,4198,4361,7001,14.9,24.8,140,198,34,17,9,88,2813,599,282,0,1,0.4,0.96,"special_gw;basic_hp;basic_hp;basic_hp;basic_mr;basic_armor;basic_hp;basic_mr;basic_armor"
6,0,352,150,24,bot0_1,Kratoma,0,SLAYER,physical,14,0,15,29,15513,10966,4257,602,31.1,1.7,262,643,29,29,12,121,4821,821,352,0,1,2.4,2.58,"special_lifesteal;basic_power;basic_hp;basic_as;basic_power;basic_hp;basic_mr;basic_armor;basic_hp;basic_power;basic_as;basic_as;basic_mr;basic_power;basic_armor;basic_hp"
6,0,352,150,24,bot1_1,Goliath,1,TANK,physical,5,7,4,1.29,7537,5594,13843,1606,21.8,6.3,249,422,29,18,10,88,2988,509,256,96,0.728,0.9,0.4,"basic_hp;basic_hp;basic_hp;basic_hp;basic_mr;basic_armor;basic_mr;basic_hp;basic_power;basic_hp"
6,0,352,150,24,bot0_2,Jailer,0,TANK,magical,6,3,20,8.67,14765,10783,6559,0,32.2,0,416,665,37,33,11,66,3966,676,335,17,0.951,1,1.64,"basic_hp;basic_hp;basic_hp;basic_mr;basic_mr;basic_hp;basic_armor;basic_armor;basic_haste;basic_hp;basic_haste;basic_mr;basic_power;basic_power"
6,0,352,150,24,bot1_2,Cleric,1,SUPPORT,magical,1,9,7,0.89,5400,4068,9549,3082,17,12.8,281,339,25,20,9,136,2486,423,240,112,0.681,0.2,0.43,"special_heal_power;basic_hp;basic_mr;basic_armor;basic_hp;basic_hp;basic_haste;basic_power"
6,0,352,150,24,bot0_3,Volstrov,0,MAGE,magical,8,4,22,7.5,14358,12356,5684,526,38.5,1.6,306,584,7,15,12,283,4358,742,321,31,0.911,1.4,2.17,"special_lifesteal;basic_power;basic_power;basic_hp;basic_hp;basic_power;basic_hp;basic_haste;basic_mr;basic_armor;basic_haste;basic_power;basic_mr;basic_armor"
6,0,352,150,24,bot1_3,Bruiser,1,FIGHTER,physical,2,8,6,1,7931,4779,9251,236,19,0.9,306,440,32,27,9,223,2573,438,252,100,0.715,0.3,0.52,"special_lifesteal;basic_power;basic_power;basic_hp;basic_as;basic_hp;basic_as;basic_armor"
6,0,352,150,24,bot0_4,Vanguard,0,FIGHTER,physical,2,2,18,10,14013,6373,6366,0,19.6,0,618,722,43,36,10,204,3204,546,325,27,0.923,0.3,1,"basic_hp;basic_hp;basic_hp;basic_hp;basic_mr;basic_armor;basic_armor;basic_as;basic_armor;basic_mr;basic_power"
6,0,352,150,24,bot1_4,Zephyr,1,SPLITPUSHER,magical,1,6,6,1.17,8457,5049,10354,202,18,0.7,326,450,30,30,9,118,2493,425,281,71,0.797,0.2,0.49,"special_lifesteal;basic_power;basic_power;basic_hp;basic_haste;basic_hp;basic_hp;basic_mr"
7,0,280,150,16,bot0_1,Wanderer,0,SLAYER,physical,7,2,9,8,11841,6232,4292,243,24.2,0.9,689,1138,19,18,9,165,3165,677,258,22,0.92,1.5,1.45,"special_lifesteal;basic_power;basic_power;basic_as;basic_power;basic_hp;basic_as;basic_power;basic_as;basic_mr"
7,0,280,150,16,bot1_1,Mage,1,MAGE,magical,2,6,1,0.5,10351,7069,6897,269,33,1.3,448,531,37,16,8,65,2115,453,214,66,0.763,0.4,1.02,"special_lifesteal;basic_power;basic_hp;basic_armor;basic_power;basic_haste;basic_as"
7,0,280,150,16,bot0_2,Goliath,0,TANK,physical,2,1,15,17,7583,5015,8172,1270,18.8,4.8,336,389,30,20,9,68,2793,598,267,14,0.951,0.4,0.61,"basic_hp;basic_hp;basic_hp;basic_mr;basic_armor;basic_as;basic_mr;basic_mr;basic_armor;basic_armor"
7,0,280,150,16,bot1_2,Pyromancer,1,SLAYER,magical,1,5,2,0.6,8227,4156,5558,139,19.2,0.6,390,570,21,14,7,87,1937,415,217,63,0.774,0.2,0.75,"special_lifesteal;basic_power;basic_hp;basic_power;basic_haste;basic_power"
7,0,280,150,16,bot0_3,Quiller,0,SLAYER,physical,7,0,10,17,11902,6632,3167,329,23.7,1.2,268,455,39,24,10,59,3309,708,280,0,1,1.5,2.09,"special_lifesteal;basic_power;basic_power;basic_hp;basic_power;basic_hp;basic_as;basic_as;basic_mr;basic_hp;basic_as"
7,0,280,150,16,bot1_3,Bruiser,1,FIGHTER,physical,0,6,2,0.33,7026,5003,6549,258,23,1.2,300,432,31,22,7,250,1775,380,218,62,0.777,0,0.76,"special_lifesteal;basic_power;basic_as;basic_hp;basic_armor"
7,0,280,150,16,bot0_4,Doctor,0,SUPPORT,physical,5,1,14,19,6291,4632,5863,9727,17.1,35.9,243,323,18,20,10,190,3215,688,271,10,0.965,1.1,0.79,"basic_hp;basic_hp;basic_mr;basic_hp;basic_mr;basic_hp;basic_mr;basic_armor;basic_armor;basic_power;basic_power"
7,0,280,150,16,bot1_4,Zephyr,1,SPLITPUSHER,magical,1,4,2,0.75,6829,3471,6089,227,15.2,1,573,674,27,25,7,116,1941,415,229,52,0.816,0.2,0.57,"special_lifesteal;basic_power;basic_power;basic_hp;basic_hp;basic_armor"
8,0,264,152,1,bot0_1,Lynx,0,SLAYER,physical,10,0,13,23,14872,8021,3489,0,30.4,0,634,800,53,36,11,226,3751,852,264,0,1,2.3,2.3,"special_gw;basic_hp;basic_hp;basic_power;basic_hp;basic_mr;basic_as;basic_mr;basic_haste;basic_power;basic_mr;basic_hp"
8,0,264,152,1,bot1_1,Volstrov,1,MAGE,magical,0,7,1,0.14,5600,2758,6975,113,15.1,0.6,176,382,11,9,7,156,1706,388,183,81,0.694,0,0.4,"special_lifesteal;basic_power;basic_hp;basic_haste;basic_power"
8,0,264,152,1,bot0_2,Hana,0,TANK,magical,6,0,13,19,8692,6127,5430,0,23.2,0,375,597,16,33,10,310,3210,729,264,0,1,1.4,1.13,"basic_hp;basic_hp;basic_hp;basic_mr;basic_mr;basic_mr;basic_hp;basic_hp;basic_mr;basic_haste"
8,0,264,152,1,bot1_2,Tamer,1,MAGE,magical,0,7,1,0.14,7894,4143,6352,1796,23.5,10.2,148,293,17,10,8,21,1796,408,176,88,0.668,0,0.65,"special_lifesteal;basic_power;basic_hp;basic_haste;basic_armor;basic_mr"
8,0,264,152,1,bot0_3,Wanderer,0,SLAYER,physical,7,1,12,19,12298,7806,2896,342,31.4,1.4,609,796,18,14,10,301,3251,739,249,16,0.941,1.6,2.7,"special_lifesteal;basic_power;basic_power;basic_hp;basic_as;basic_hp;basic_as;basic_power;basic_hp;basic_mr"
8,0,264,152,1,bot1_3,Jirina,1,FIGHTER,magical,1,5,0,0.2,7610,2902,7249,1584,12.8,7,367,422,29,11,7,250,1800,409,227,37,0.86,0.2,0.4,"special_lifesteal;basic_power;basic_hp;basic_haste;basic_power"
8,0,264,152,1,bot0_4,Cleric,0,SUPPORT,magical,3,0,19,22,7865,4273,2273,3916,16.2,14.8,255,291,49,42,10,229,3129,711,264,0,1,0.7,1.88,"basic_hp;basic_hp;basic_hp;basic_mr;basic_haste;basic_power;basic_armor;basic_mr;basic_haste;basic_power;basic_as"
8,0,264,152,1,bot1_4,Healer,1,SUPPORT,magical,0,7,1,0.14,3891,2566,7568,2279,12.5,11.1,131,186,20,11,7,154,1704,387,206,58,0.778,0,0.34,"special_gw;basic_hp;basic_armor;basic_mr;basic_hp"
9,1,335,34,152,bot0_1,Wanderer,0,SLAYER,physical,0,6,8,1.33,11460,5031,7015,242,19.2,0.9,468,892,18,11,10,25,2625,471,262,73,0.782,0,0.72,"special_lifesteal;basic_power;basic_power;basic_hp;basic_as;basic_hp;basic_mr;basic_armor;basic_as"
9,1,335,34,152,bot1_1,Quiller,1,SLAYER,physical,10,2,9,9.5,15328,9119,3410,404,29.5,1.3,295,485,54,27,11,43,3868,694,309,25,0.924,1.8,2.67,"special_lifesteal;basic_power;basic_power;basic_power;basic_as;basic_hp;basic_mr;basic_armor;basic_as;basic_hp;basic_as;basic_power;basic_hp"
9,1,335,34,152,bot0_2,Pyromancer,0,SLAYER,magical,4,6,5,1.5,11649,5109,6357,145,20.2,0.6,582,773,24,19,11,155,3055,548,253,82,0.755,0.7,0.8,"special_lifesteal;basic_power;basic_power;basic_hp;basic_hp;basic_mr;basic_mr;basic_haste;basic_power;basic_armor"
9,1,335,34,152,bot1_2,Jirina,1,FIGHTER,magical,3,3,15,6,11818,6998,7851,4718,23.5,15.9,436,624,45,19,10,212,3112,558,298,37,0.889,0.5,0.89,"special_lifesteal;basic_power;basic_power;basic_hp;basic_haste;basic_power;basic_armor;basic_hp;basic_haste;basic_mr"
9,1,335,34,152,bot0_3,Hana,0,TANK,magical,3,5,7,2,11411,6707,10183,0,25.5,0,490,715,11,40,10,92,2917,523,263,71,0.787,0.5,0.66,"basic_hp;basic_hp;basic_mr;basic_hp;basic_mr;basic_mr;basic_armor;basic_armor;basic_hp;basic_mr"
9,1,335,34,152,bot1_3,Eggchanter,1,SUPPORT,magical,2,2,17,9.5,6039,4226,6012,5030,13.6,16.2,125,185,35,17,10,144,3119,559,310,24,0.927,0.4,0.7,"special_gw;basic_hp;basic_mr;basic_hp;basic_armor;basic_hp;basic_mr;basic_hp;basic_power;basic_armor"
9,1,335,34,152,bot0_4,Vanguard,0,FIGHTER,physical,3,4,7,2.5,10958,5882,8376,32,19.3,0.1,470,547,45,25,11,110,3010,540,305,29,0.912,0.5,0.7,"special_gw;basic_hp;basic_power;basic_mr;basic_hp;basic_hp;basic_power;special_lifesteal;basic_as"
9,1,335,34,152,bot1_4,Jailer,1,TANK,magical,6,3,12,6,11403,9255,7417,0,31.4,0,459,537,31,27,10,146,3421,613,295,40,0.881,1.1,1.25,"basic_hp;basic_hp;basic_mr;basic_hp;basic_armor;basic_power;basic_armor;basic_hp;basic_mr;basic_power;basic_haste;basic_mr"
10,0,240,150,2,bot0_1,Jirina,0,FIGHTER,magical,8,0,8,16,10512,4634,3429,4553,19.3,19,380,488,33,17,10,217,3192,797,240,0,1,2,1.35,"basic_hp;basic_hp;basic_hp;basic_hp;basic_power;basic_armor;basic_power;basic_armor;basic_mr;basic_mr;basic_haste"
10,0,240,150,2,bot1_1,Eggchanter,1,SUPPORT,magical,0,5,1,0.2,5374,2194,8495,3284,12.2,18.3,108,165,17,10,7,149,1699,424,180,60,0.748,0,0.26,"special_gw;basic_hp;basic_hp;basic_mr;basic_armor"
10,0,240,150,2,bot0_2,Goliath,0,TANK,physical,4,0,9,13,6259,3334,5638,1755,13.9,7.3,295,354,28,18,9,157,2707,676,240,0,1,1,0.59,"basic_hp;basic_hp;basic_hp;basic_hp;basic_armor;basic_armor;basic_hp;basic_mr;basic_mr"
10,0,240,150,2,bot1_2,Fusilier,1,SLAYER,physical,2,4,0,0.5,14047,5352,3945,353,26.7,1.8,319,565,32,12,8,186,2036,508,200,40,0.834,0.5,1.36,"special_lifesteal;basic_power;basic_power;basic_as;basic_power;basic_hp"
10,0,240,150,2,bot0_3,Fusilier,0,SLAYER,physical,3,2,12,7.5,12524,7758,3114,394,36.1,1.8,477,718,35,12,9,27,2677,669,215,25,0.894,0.7,2.49,"special_lifesteal;basic_power;basic_as;basic_power;basic_power;basic_hp;basic_as;basic_hp;basic_armor"
10,0,240,150,2,bot1_3,Vanguard,1,FIGHTER,physical,0,5,1,0.2,8374,2772,7334,0,15.1,0,491,813,27,18,7,195,1720,430,184,56,0.766,0,0.38,"special_gw;basic_hp;basic_power;basic_mr;basic_armor"
10,0,240,150,2,bot0_4,Summoner,0,MAGE,magical,4,0,15,19,5346,4333,2697,201,18,0.8,201,286,33,17,10,28,3053,762,240,0,1,1,1.61,"special_lifesteal;basic_power;basic_hp;basic_power;basic_power;basic_haste;basic_hp;basic_haste;basic_power;basic_hp"
10,0,240,150,2,bot1_4,Hana,1,TANK,magical,0,5,2,0.4,5349,2505,7908,0,12.9,0,364,429,8,25,7,126,1701,425,193,47,0.806,0,0.32,"basic_hp;basic_hp;basic_hp;basic_mr;basic_armor;basic_haste"
11,1,493,128,152,bot0_1,Ironclad,0,TANK,physical,3,7,11,2,12550,9813,18888,0,24.9,0,442,591,39,29,11,131,3581,436,395,98,0.801,0.4,0.52,"basic_hp;basic_hp;basic_hp;basic_armor;basic_armor;basic_hp;basic_armor;basic_hp;basic_hp;basic_mr;basic_as;basic_power"
11,1,493,128,152,bot1_1,Lynx,1,SLAYER,physical,11,5,15,5.2,32553,20695,11782,825,49.6,2,764,1191,83,62,13,51,5051,615,417,76,0.846,1.3,1.76,"special_lifesteal;basic_power;basic_hp;basic_power;basic_hp;basic_as;basic_as;basic_mr;basic_power;basic_armor;basic_armor;basic_hp;basic_power;basic_mr;basic_as;basic_hp;basic_mr"
11,1,493,128,152,bot0_2,Reaper,0,SPLITPUSHER,magical,1,7,13,2,16492,10341,9937,518,26.9,1.3,760,902,44,25,11,140,3365,409,384,109,0.779,0.1,1.04,"special_lifesteal;basic_power;basic_power;basic_power;basic_hp;basic_haste;basic_armor;basic_hp;basic_haste;basic_mr;basic_power"
11,1,493,128,152,bot1_2,Jailer,1,TANK,magical,8,3,21,9.67,24508,16155,11927,0,36.2,0,590,704,54,50,13,58,4883,594,446,47,0.905,1,1.35,"basic_hp;basic_hp;basic_mr;basic_hp;basic_armor;basic_hp;basic_mr;basic_hp;basic_haste;basic_mr;basic_armor;basic_power;basic_as;basic_armor;basic_haste;basic_mr;basic_armor"
11,1,493,128,152,bot0_3,Kratoma,0,SLAYER,physical,9,7,5,2,25746,16201,13161,675,40.5,1.7,338,768,33,35,12,202,4252,517,401,93,0.812,1.1,1.23,"special_lifesteal;basic_power;basic_power;basic_hp;basic_as;basic_armor;basic_mr;basic_hp;basic_as;basic_power;basic_armor;basic_hp;basic_as;basic_mr"
11,1,493,128,152,bot1_3,Doctor,1,SUPPORT,physical,4,3,24,9.33,10557,8488,10199,14643,18.9,32.7,450,532,24,33,12,170,4370,532,448,45,0.909,0.5,0.83,"basic_hp;basic_hp;basic_hp;basic_hp;basic_armor;basic_mr;basic_mr;basic_armor;basic_power;basic_hp;basic_as;basic_mr;basic_power;basic_armor;basic_as"
11,1,493,128,152,bot0_4,Healer,0,SUPPORT,magical,1,9,13,1.56,11078,7295,15174,9534,19.4,25.4,178,242,61,28,11,243,3443,419,376,117,0.763,0.1,0.48,"basic_hp;basic_hp;basic_armor;basic_armor;basic_power;basic_hp;basic_mr;basic_haste;basic_armor;basic_power;basic_as;basic_haste"
11,1,493,128,152,bot1_4,Goliath,1,TANK,physical,7,3,20,9,13892,9555,14714,3535,21.3,7.9,317,425,51,37,12,118,4618,562,448,45,0.909,0.9,0.65,"basic_hp;basic_hp;basic_hp;basic_hp;basic_mr;basic_armor;basic_mr;basic_hp;basic_as;basic_mr;basic_armor;basic_power;basic_haste;basic_armor;basic_as;basic_mr"
12,0,452,152,60,bot0_1,Cleric,0,SUPPORT,magical,8,4,16,6,14571,13546,11534,12786,34.3,32.4,340,417,65,59,12,268,4493,596,395,57,0.873,1.1,1.17,"basic_hp;basic_hp;basic_hp;basic_mr;basic_armor;basic_haste;basic_armor;basic_power;basic_hp;basic_hp;basic_mr;basic_as;basic_hp;basic_haste;basic_power"
12,0,452,152,60,bot1_1,Jailer,1,TANK,magical,4,6,14,3,16430,11599,13398,0,32.2,0,541,609,32,29,11,173,3773,501,360,92,0.797,0.5,0.87,"basic_hp;basic_hp;basic_hp;basic_hp;basic_mr;basic_armor;basic_hp;basic_power;basic_haste;basic_as;basic_mr;basic_mr;basic_armor"
12,0,452,152,60,bot0_2,Ironclad,0,TANK,physical,10,3,13,7.67,11470,9584,15158,0,23.7,0,308,500,44,30,12,175,4525,601,405,47,0.896,1.3,0.63,"basic_hp;basic_hp;basic_hp;basic_mr;basic_armor;basic_hp;basic_hp;basic_as;basic_hp;basic_power;basic_mr;basic_hp;basic_armor;basic_haste;basic_as"
12,0,452,152,60,bot1_2,Pyromancer,1,SLAYER,magical,8,5,9,3.4,20651,13753,8305,294,36.8,0.8,521,821,38,30,12,177,4127,548,374,78,0.827,1.1,1.66,"special_lifesteal;basic_power;basic_power;basic_hp;basic_power;basic_haste;basic_mr;basic_power;basic_hp;basic_armor;basic_power;basic_haste;basic_power"
12,0,452,152,60,bot0_3,Jailer,0,TANK,magical,5,5,18,4.6,19071,12778,12687,0,30.2,0,518,674,40,39,12,242,4167,553,424,28,0.937,0.7,1.01,"basic_hp;basic_hp;basic_hp;basic_mr;basic_armor;basic_hp;basic_hp;basic_mr;basic_armor;basic_mr;basic_power;basic_power;basic_haste;basic_armor"
12,0,452,152,60,bot1_3,Quiller,1,SLAYER,physical,3,5,14,3.4,29698,15503,8344,896,41.3,2.4,290,637,63,34,12,311,3811,506,375,77,0.83,0.4,1.86,"special_lifesteal;basic_power;basic_power;basic_hp;basic_power;basic_as;basic_mr;basic_hp;basic_as;basic_as;basic_hp;basic_armor"
12,0,452,152,60,bot0_4,Vanguard,0,FIGHTER,physical,1,6,22,3.83,16740,9842,13978,0,24,0,371,696,66,39,11,92,3692,490,410,42,0.907,0.1,0.7,"basic_hp;basic_hp;basic_hp;basic_armor;basic_mr;basic_as;basic_power;basic_haste;basic_mr;basic_hp;basic_armor;basic_hp;basic_mr"
12,0,452,152,60,bot1_4,Goliath,1,TANK,physical,3,8,14,2.13,13716,10803,18241,2637,28.5,7,493,712,46,28,11,82,3632,482,379,73,0.838,0.4,0.59,"basic_hp;basic_hp;basic_hp;basic_mr;basic_armor;basic_mr;basic_as;basic_power;basic_haste;basic_armor;basic_hp;basic_mr;basic_armor"
13,1,276,7,150,bot0_1,Eggchanter,0,SUPPORT,magical,1,4,0,0.25,5072,3212,7380,3913,14.4,17.6,116,174,25,12,8,50,1925,418,222,54,0.805,0.2,0.44,"special_gw;special_gw;basic_hp;basic_hp;basic_mr"
13,1,276,7,150,bot1_1,Kratoma,1,SLAYER,physical,3,1,10,13,10009,5614,2647,207,21.4,0.8,241,417,22,20,9,34,2734,594,262,14,0.95,0.7,2.12,"special_lifesteal;basic_power;basic_power;basic_power;basic_as;basic_hp;basic_mr;basic_as;basic_power"
13,1,276,7,150,bot0_2,Ironclad,0,TANK,physical,0,4,1,0.25,4704,2388,8965,0,10.1,0,349,394,25,14,7,191,1741,378,235,41,0.853,0,0.27,"basic_hp;basic_hp;special_gw;basic_mr;basic_armor"
13,1,276,7,150,bot1_2,Jirina,1,FIGHTER,magical,7,0,8,15,12219,7349,3953,3013,26.6,10.9,536,575,38,12,10,111,3211,698,276,0,1,1.5,1.86,"basic_hp;basic_hp;basic_hp;basic_mr;basic_power;basic_hp;basic_mr;basic_mr;basic_hp;basic_power;basic_haste"
13,1,276,7,150,bot0_3,Hana,0,TANK,magical,0,3,1,0.33,7174,3724,7824,0,15.6,0,333,696,6,30,7,142,1792,389,239,37,0.866,0,0.48,"basic_hp;basic_hp;basic_hp;basic_hp;basic_mr;basic_armor"
13,1,276,7,150,bot1_3,Jailer,1,TANK,magical,3,0,11,14,11106,7511,3632,0,27.2,0,449,573,25,24,9,39,2764,601,276,0,1,0.7,2.07,"basic_hp;basic_hp;basic_hp;basic_mr;basic_power;basic_armor;basic_mr;basic_mr;basic_haste;basic_hp"
13,1,276,7,150,bot0_4,Reaper,0,SPLITPUSHER,magical,0,4,1,0.25,5991,2144,4401,145,9.6,0.6,249,466,18,10,8,89,1889,410,223,53,0.81,0,0.49,"special_lifesteal;basic_power;basic_power;basic_hp;basic_haste;basic_mr"
13,1,276,7,150,bot1_4,Eggchanter,1,SUPPORT,magical,2,0,12,14,6175,4673,2909,5469,16.9,19.8,124,223,32,17,10,180,2730,593,276,0,1,0.4,1.61,"special_gw;basic_hp;basic_hp;basic_hp;basic_mr;basic_mr;basic_hp;basic_hp"
14,0,299,152,18,bot0_1,Reaper,0,SPLITPUSHER,magical,6,0,13,19,11764,6638,3219,547,22.2,1.8,339,644,41,20,10,83,3358,673,299,0,1,1.2,2.06,"special_lifesteal;basic_power;basic_power;basic_power;basic_hp;basic_haste;basic_hp;basic_mr;basic_power;basic_haste;basic_hp"
14,0,299,152,18,bot1_1,Healer,1,SUPPORT,magical,1,7,2,0.43,4736,2644,8745,2781,12.6,13.2,133,193,30,14,8,275,2075,416,211,89,0.704,0.2,0.3,"special_gw;basic_hp;basic_hp;basic_mr;basic_armor;basic_power"
14,0,299,152,18,bot0_2,Jailer,0,TANK,magical,5,1,12,17,8988,4374,4542,0,15.3,0,387,540,30,24,10,67,3142,630,287,13,0.958,1,0.96,"basic_hp;basic_hp;basic_hp;basic_mr;basic_hp;basic_mr;basic_armor;basic_armor;basic_mr;basic_haste;basic_mr"
14,0,299,152,18,bot1_2,Mage,1,MAGE,magical,2,7,1,0.43,9916,3205,7208,199,15.4,1,343,515,41,14,8,87,2187,438,209,91,0.697,0.4,0.44,"special_lifesteal;basic_power;basic_hp;basic_power;basic_power;basic_haste;basic_mr"
14,0,299,152,18,bot0_3,Tamer,0,MAGE,magical,8,1,15,23,17350,13117,2921,4500,45.9,15.7,323,582,43,16,11,106,3681,738,286,14,0.954,1.6,4.49,"special_lifesteal;basic_power;basic_power;basic_power;basic_hp;basic_power;basic_haste;basic_hp;basic_mr;basic_haste;basic_hp;basic_haste"
14,0,299,152,18,bot1_3,Hana,1,TANK,magical,0,6,3,0.5,7012,2740,10457,0,12.1,0,496,692,7,29,8,33,1933,387,226,73,0.755,0,0.26,"basic_hp;basic_hp;basic_hp;basic_mr;basic_hp;basic_armor;basic_power"
14,0,299,152,18,bot0_4,Quiller,0,SLAYER,physical,7,1,13,20,14193,6447,2210,480,22.4,1.7,312,515,43,24,10,178,3528,707,288,12,0.961,1.4,2.92,"special_lifesteal;basic_power;basic_as;basic_power;basic_power;basic_power;basic_as;basic_hp;basic_as;basic_mr;basic_power"
14,0,299,152,18,bot1_4,Wanderer,1,SLAYER,physical,0,6,3,0.5,10142,2895,6106,175,11.7,0.7,375,588,15,11,9,5,2080,417,247,53,0.824,0,0.47,"special_lifesteal;basic_power;basic_power;basic_hp;basic_as;basic_hp;basic_mr"
15,0,235,152,1,bot0_1,Jailer,0,TANK,magical,2,1,13,15,7874,5713,3236,0,24.3,0,347,418,21,21,8,130,2455,627,235,0,1,0.5,1.77,"basic_hp;basic_hp;basic_hp;basic_mr;basic_hp;basic_mr;basic_mr;basic_hp"
15,0,235,152,1,bot1_1,Goliath,1,TANK,physical,0,4,0,0,4723,1943,7494,1170,10.1,6.1,299,346,21,14,6,158,1483,379,193,42,0.821,0,0.26,"basic_hp;basic_hp;basic_hp;basic_armor;basic_mr"
15,0,235,152,1,bot0_2,Reaper,0,SPLITPUSHER,magical,7,0,11,18,11864,7122,2382,532,30.3,2.3,300,588,34,17,9,177,3102,793,235,0,1,1.8,2.99,"special_lifesteal;basic_power;basic_power;basic_power;basic_hp;basic_mr;basic_hp;basic_haste;basic_hp;basic_armor"
15,0,235,152,1,bot1_2,Zephyr,1,SPLITPUSHER,magical,1,4,0,0.25,4540,2024,5832,112,10.5,0.6,304,399,20,21,6,33,1633,417,194,41,0.825,0.3,0.35,"special_lifesteal;basic_power;basic_power;basic_hp;basic_power"
15,0,235,152,1,bot0_3,Bruiser,0,FIGHTER,physical,3,0,11,14,7163,4582,2358,296,19.5,1.3,271,437,36,24,8,130,2505,640,235,0,1,0.8,1.94,"special_lifesteal;basic_power;basic_power;basic_power;basic_as;basic_hp;basic_as;basic_mr"
15,0,235,152,1,bot1_3,Pyromancer,1,SLAYER,magical,0,5,0,0,4620,1576,5178,70,8.8,0.4,146,337,14,8,6,226,1501,383,178,57,0.759,0,0.3,"special_lifesteal;basic_power;basic_hp;basic_haste"
15,0,235,152,1,bot0_4,Oracle,0,MAGE,physical,7,0,11,18,9056,6968,1856,317,29.7,1.4,396,550,19,16,10,121,3146,804,235,0,1,1.8,3.75,"special_lifesteal;basic_power;basic_power;basic_power;basic_as;basic_hp;basic_as;basic_power;basic_as;basic_hp"
15,0,235,152,1,bot1_4,Healer,1,SUPPORT,magical,0,6,1,0.17,4320,2310,8734,2877,13.7,17,142,202,23,11,7,23,1623,415,169,66,0.721,0,0.26,"basic_hp;basic_hp;basic_hp;basic_armor;basic_mr;basic_armor"
16,1,346,10,150,bot0_1,Goliath,0,TANK,physical,2,7,2,0.57,6937,3625,13514,1193,14.3,4.7,361,410,33,16,9,208,2383,413,254,93,0.732,0.3,0.27,"basic_hp;basic_hp;basic_hp;basic_hp;basic_armor;basic_mr;basic_mr;basic_power"
16,1,346,10,150,bot1_1,Jailer,1,TANK,magical,6,2,19,12.5,14209,9787,5600,0,30.9,0,343,525,37,32,12,271,3971,688,317,29,0.916,1,1.75,"basic_hp;basic_hp;basic_hp;basic_hp;basic_mr;basic_hp;basic_armor;basic_haste;basic_power;basic_as;basic_hp;basic_mr;basic_mr"
16,1,346,10,150,bot0_2,Zephyr,0,SPLITPUSHER,magical,0,6,4,0.67,5757,3719,9155,162,13.4,0.6,348,348,27,20,8,231,2106,365,278,68,0.803,0,0.41,"special_lifesteal;basic_power;basic_power;basic_hp;basic_hp;basic_power"
16,1,346,10,150,bot1_2,Quiller,1,SLAYER,physical,10,1,15,25,15651,10995,3911,624,33,1.9,249,502,48,28,12,227,4277,741,334,13,0.964,1.7,2.81,"special_lifesteal;special_gw;basic_power;basic_power;basic_hp;basic_hp;basic_as;basic_armor;basic_as;basic_armor;basic_power;basic_hp;basic_as"
16,1,346,10,150,bot0_3,Bruiser,0,FIGHTER,physical,2,7,2,0.57,8463,4690,8118,261,18.4,1,370,559,36,28,9,44,2369,410,255,92,0.735,0.3,0.58,"special_lifesteal;basic_power;basic_as;basic_power;basic_hp;basic_as;basic_armor;basic_mr"
16,1,346,10,150,bot1_3,Wanderer,1,SLAYER,physical,4,0,20,24,21275,12821,3259,495,37,1.4,567,1050,26,21,12,275,3750,650,346,0,1,0.7,3.93,"special_lifesteal;basic_power;basic_hp;basic_power;basic_as;basic_hp;basic_mr;basic_as;basic_power;basic_armor;basic_armor;basic_hp"
16,1,346,10,150,bot0_4,Eggchanter,0,SUPPORT,magical,0,7,4,0.57,6131,3599,11931,4860,14.1,19.1,110,222,27,14,8,76,2201,381,255,91,0.736,0,0.3,"special_gw;basic_hp;basic_hp;basic_armor;basic_hp;basic_mr;basic_armor"
16,1,346,10,150,bot1_4,Jirina,1,FIGHTER,magical,7,1,14,21,13933,6571,4540,5596,19,16.2,401,426,46,14,12,49,3874,671,346,0,1,1.2,1.45,"special_lifesteal;basic_power;basic_power;basic_power;basic_hp;basic_power;basic_hp;basic_haste;basic_armor;basic_haste;basic_mr;basic_hp;basic_haste"
17,0,381,150,42,bot0_1,Cleric,0,SUPPORT,magical,5,1,17,22,8223,5757,5961,8273,15.8,22.7,281,336,54,42,11,181,3731,588,365,16,0.959,0.8,0.97,"basic_hp;basic_hp;basic_hp;basic_hp;basic_mr;basic_armor;basic_mr;basic_armor;basic_mr;basic_haste;basic_power;basic_armor;basic_as"
17,0,381,150,42,bot1_1,Pyromancer,1,SLAYER,magical,1,7,8,1.29,11489,6669,8306,175,20.6,0.5,364,456,28,22,10,81,2706,427,324,57,0.851,0.2,0.8,"special_lifesteal;basic_power;basic_hp;basic_haste;basic_armor;basic_mr;basic_power;basic_power;basic_hp"
17,0,381,150,42,bot0_2,Fusilier,0,SLAYER,physical,10,3,10,6.67,19725,10744,4915,547,31.5,1.6,427,705,61,14,12,148,4248,670,341,40,0.895,1.6,2.19,"special_lifesteal;basic_power;basic_hp;basic_as;basic_power;basic_mr;basic_armor;basic_power;basic_hp;basic_as;basic_as;basic_hp;basic_mr;basic_power"
17,0,381,150,42,bot1_2,Goliath,1,TANK,physical,3,6,5,1.33,7855,4946,11941,1393,16.6,4.7,223,275,38,19,10,192,2892,456,299,82,0.785,0.5,0.41,"basic_hp;basic_hp;basic_hp;basic_hp;basic_armor;basic_mr;basic_power;basic_armor;basic_mr;basic_as"
17,0,381,150,42,bot0_3,Hana,0,TANK,magical,4,2,21,12.5,12263,9207,10491,0,24.2,0,333,645,20,47,11,249,3799,599,381,0,1,0.6,0.88,"basic_hp;basic_hp;basic_hp;basic_hp;basic_mr;basic_armor;basic_power;basic_haste;basic_mr;basic_armor;basic_as;basic_mr;basic_armor"
17,0,381,150,42,bot1_3,Mage,1,MAGE,magical,3,7,5,1.14,16153,10671,8010,404,35.8,1.4,484,658,55,24,10,7,2907,458,298,83,0.783,0.5,1.33,"special_lifesteal;basic_power;basic_power;basic_hp;basic_haste;basic_armor;basic_hp;basic_power;basic_mr;basic_haste"
17,0,381,150,42,bot0_4,Vanguard,0,FIGHTER,physical,7,3,17,8,14471,8849,9618,0,26.2,0,573,628,52,32,11,174,4049,638,338,43,0.887,1.1,0.92,"basic_hp;basic_hp;basic_hp;basic_power;basic_power;basic_hp;basic_mr;basic_hp;basic_armor;basic_mr;basic_as;basic_armor;basic_mr;basic_haste"
17,0,381,150,42,bot1_4,Kratoma,1,SLAYER,physical,2,6,5,1.17,9361,5685,7835,235,19.1,0.8,244,395,20,19,10,137,2762,435,298,83,0.782,0.3,0.73,"special_lifesteal;basic_power;basic_as;basic_hp;basic_armor;basic_mr;basic_power;basic_power;basic_as"
18,1,258,6,152,bot0_1,Bruiser,0,FIGHTER,physical,0,3,4,1.33,6546,3250,6807,193,14.6,0.9,361,505,26,22,8,64,1889,439,222,36,0.86,0,0.48,"special_lifesteal;basic_power;basic_power;basic_hp;basic_hp;basic_as"
18,1,258,6,152,bot1_1,Wanderer,1,SLAYER,physical,4,1,18,22,13174,7681,3381,262,31.5,1.1,530,930,18,16,11,130,3305,768,244,15,0.943,0.9,2.27,"special_lifesteal;basic_power;special_gw;basic_hp;basic_power;basic_as;basic_mr;basic_hp;basic_power;basic_as"
18,1,258,6,152,bot0_2,Eggchanter,0,SUPPORT,magical,1,7,4,0.71,3750,2587,9105,2155,14.8,12.3,122,181,18,9,7,170,1970,458,175,83,0.677,0.2,0.28,"special_gw;basic_hp;basic_armor;basic_hp;basic_power;basic_mr"
18,1,258,6,152,bot1_2,Quiller,1,SLAYER,physical,10,2,10,10,9142,5959,2379,222,25.2,0.9,279,568,31,19,11,205,3730,867,237,22,0.917,2.3,2.5,"special_lifesteal;basic_power;basic_power;basic_hp;basic_as;basic_power;basic_hp;basic_as;basic_hp;basic_mr;basic_as;basic_mr"
18,1,258,6,152,bot0_3,Reaper,0,SPLITPUSHER,magical,5,7,0,0.71,7481,4879,6821,220,27.8,1.3,323,508,21,9,8,37,2412,560,175,83,0.678,1.2,0.72,"special_lifesteal;basic_power;basic_power;basic_power;basic_hp;basic_haste;basic_hp;basic_armor"
18,1,258,6,152,bot1_3,Jirina,1,FIGHTER,magical,5,2,14,9.5,11231,6156,4881,2304,26.7,10,319,447,34,13,11,131,3306,768,231,27,0.894,1.2,1.26,"special_lifesteal;basic_power;basic_hp;basic_power;basic_power;basic_hp;basic_haste;basic_mr;basic_armor;basic_haste;basic_mr"
18,1,258,6,152,bot0_4,Mage,0,MAGE,magical,0,7,5,0.71,8697,3631,7247,216,18.5,1.1,477,510,32,12,8,173,1948,452,196,62,0.758,0,0.5,"special_lifesteal;basic_power;basic_hp;basic_armor;basic_haste;basic_mr"
18,1,258,6,152,bot1_4,Kratoma,1,SLAYER,physical,5,1,17,22,10513,7723,4774,325,31.5,1.3,311,627,19,21,11,240,3415,793,246,13,0.951,1.2,1.62,"special_lifesteal;basic_power;basic_power;basic_hp;basic_hp;basic_as;basic_mr;basic_armor;basic_hp;basic_as;basic_mr"
19,0,428,150,81,bot0_1,Eggchanter,0,SUPPORT,magical,4,2,18,11,9625,4284,7134,8562,10.8,21.5,163,242,51,25,12,79,3954,554,398,30,0.929,0.6,0.6,"special_heal_power;basic_hp;basic_mr;basic_hp;basic_hp;basic_hp;basic_armor;basic_mr;basic_hp;basic_mr;basic_armor;basic_haste;basic_power"
19,0,428,150,81,bot1_1,Pyromancer,1,SLAYER,magical,2,7,10,1.71,19970,8043,10221,305,24.6,0.9,525,750,37,27,11,122,3372,472,327,101,0.763,0.3,0.79,"special_lifesteal;basic_power;basic_power;basic_hp;basic_power;basic_power;basic_hp;basic_haste;basic_haste;basic_mr;basic_mr"
19,0,428,150,81,bot0_2,Tamer,0,MAGE,magical,7,2,13,10,27236,12275,5777,5731,30.9,14.4,506,712,64,16,12,114,4189,586,397,31,0.927,1,2.12,"special_lifesteal;special_gw;basic_power;basic_power;basic_hp;basic_haste;basic_mr;basic_hp;basic_haste;basic_power;basic_hp;basic_mr;basic_power"
19,0,428,150,81,bot1_2,Healer,1,SUPPORT,magical,3,6,10,2.17,11013,5090,10102,5035,13.1,13,148,206,63,23,12,320,3520,493,387,41,0.904,0.4,0.5,"basic_hp;basic_hp;basic_hp;basic_mr;basic_hp;basic_mr;basic_hp;basic_armor;basic_mr;basic_haste;basic_hp"
19,0,428,150,81,bot0_3,Jailer,0,TANK,magical,1,4,13,3.5,12471,8082,9454,0,20.3,0,505,687,30,29,10,260,3085,432,398,30,0.929,0.1,0.85,"basic_hp;basic_hp;basic_hp;basic_mr;basic_hp;basic_hp;basic_mr;basic_armor;basic_mr;basic_haste"
19,0,428,150,81,bot1_3,Bruiser,1,FIGHTER,physical,7,4,6,3.25,16043,8637,11043,419,23.7,1.1,519,667,51,42,12,153,3978,557,365,63,0.852,1,0.78,"special_lifesteal;basic_power;basic_hp;basic_power;basic_hp;basic_as;basic_hp;basic_mr;basic_as;basic_power;basic_armor;basic_as;basic_hp"
19,0,428,150,81,bot0_4,Lynx,0,SLAYER,physical,11,5,11,4.4,23246,14780,7352,734,41.6,2.1,979,1535,65,48,12,95,4520,633,355,73,0.829,1.5,2.01,"special_lifesteal;basic_power;basic_power;basic_hp;basic_power;basic_as;basic_mr;basic_hp;basic_hp;basic_as;basic_armor;basic_as;basic_power;basic_hp;basic_mr"
19,0,428,150,81,bot1_4,Doctor,1,SUPPORT,physical,1,6,11,2,8723,4565,11211,5143,13.1,14.8,272,435,29,25,11,192,3142,440,348,81,0.811,0.1,0.41,"basic_hp;basic_hp;basic_mr;basic_mr;basic_armor;basic_armor;basic_power;basic_hp;basic_as;basic_haste;basic_hp"
20,1,405,80,152,bot0_1,Ironclad,0,TANK,physical,2,4,9,2.75,8763,5074,11466,0,14.9,0,382,593,34,22,10,113,3063,454,342,63,0.843,0.3,0.44,"basic_hp;basic_hp;basic_hp;basic_mr;basic_armor;basic_mr;basic_hp;basic_as;basic_power;basic_haste;basic_armor"
20,1,405,80,152,bot1_1,Hana,1,TANK,magical,3,3,15,6,11136,7545,9193,0,20.5,0,301,795,14,37,10,147,3372,499,369,36,0.911,0.4,0.82,"basic_hp;basic_hp;basic_hp;basic_armor;basic_mr;basic_armor;basic_hp;basic_hp;basic_mr;basic_armor;basic_hp"
20,1,405,80,152,bot0_2,Reaper,0,SPLITPUSHER,magical,4,6,8,2,15233,7434,9705,509,23.6,1.6,605,968,34,18,10,161,3236,479,315,90,0.778,0.6,0.77,"special_lifesteal;basic_power;basic_hp;basic_power;basic_hp;basic_mr;basic_hp;basic_power;basic_power;basic_hp"
20,1,405,80,152,bot1_2,Cleric,1,SUPPORT,magical,4,4,18,5.5,10241,7263,9013,9393,19.1,24.7,290,341,59,48,11,306,3681,545,381,24,0.94,0.6,0.81,"special_heal_power;basic_hp;basic_hp;basic_armor;basic_armor;basic_mr;basic_hp;basic_hp;basic_hp;basic_armor;basic_mr"
20,1,405,80,152,bot0_3,Goliath,0,TANK,physical,6,7,6,1.71,11755,6312,15296,2240,18.6,6.6,317,542,43,24,11,168,3468,514,339,66,0.836,0.9,0.41,"basic_hp;basic_hp;basic_hp;basic_mr;basic_hp;basic_mr;basic_mr;basic_armor;basic_power;basic_as;basic_armor;basic_armor"
20,1,405,80,152,bot1_3,Summoner,1,MAGE,magical,3,3,18,7,10026,6516,6364,291,17.7,0.8,185,266,59,32,11,274,3549,526,368,37,0.909,0.4,1.02,"special_lifesteal;basic_power;basic_power;basic_hp;basic_power;basic_haste;basic_power;basic_hp;basic_haste;basic_hp;basic_armor"
20,1,405,80,152,bot0_4,Oracle,0,MAGE,physical,3,6,11,2.33,21449,11384,11255,589,35.8,1.9,563,635,24,24,11,269,3419,506,318,87,0.786,0.4,1.01,"special_lifesteal;basic_power;basic_hp;basic_as;basic_mr;basic_power;basic_hp;basic_armor;basic_as;basic_mr;basic_armor"
20,1,405,80,152,bot1_4,Lynx,1,SLAYER,physical,13,5,7,4,24804,15609,8651,698,45.8,2,590,1089,59,50,12,86,4511,668,341,64,0.841,1.9,1.8,"special_lifesteal;basic_power;basic_power;basic_hp;basic_power;basic_hp;basic_as;basic_as;basic_armor;basic_hp;basic_as;basic_power;basic_armor;basic_hp;basic_mr"
21,1,221,0,150,bot0_1,Lynx,0,SLAYER,physical,0,5,0,0,7623,3460,5354,178,20.8,1.1,695,913,30,23,6,176,1451,394,166,54,0.754,0,0.65,"special_lifesteal;basic_power;basic_hp;basic_as"
21,1,221,0,150,bot1_1,Oracle,1,MAGE,physical,2,0,13,15,6879,4852,1519,218,22,1,389,458,15,15,8,75,2425,659,221,0,1,0.5,3.19,"special_lifesteal;special_gw;basic_power;basic_power;basic_hp;basic_hp;basic_as"
21,1,221,0,150,bot0_2,Doctor,0,SUPPORT,physical,0,4,0,0,1384,872,4911,729,5,4.2,115,157,11,6,6,117,1442,392,174,47,0.788,0,0.18,"basic_hp;basic_hp;basic_hp;basic_armor;basic_mr"
21,1,221,0,150,bot1_2,Ironclad,1,TANK,physical,6,0,4,10,5625,4468,3996,0,20.2,0,333,479,21,18,8,180,2555,695,221,0,1,1.6,1.12,"basic_hp;basic_hp;special_gw;basic_armor;basic_hp;basic_armor;basic_mr;basic_power"
21,1,221,0,150,bot0_3,Hana,0,TANK,magical,0,4,0,0,3734,2542,5905,0,13.6,0,204,334,5,20,6,71,1421,386,187,34,0.845,0,0.43,"basic_hp;basic_hp;basic_hp;basic_armor;basic_armor"
21,1,221,0,150,bot1_3,Reaper,1,SPLITPUSHER,magical,2,0,12,14,9386,5911,1806,373,26.8,1.7,436,807,26,14,9,13,2413,656,221,0,1,0.5,3.27,"special_lifesteal;basic_power;basic_power;basic_hp;basic_hp;basic_armor;basic_hp;basic_armor"
21,1,221,0,150,bot0_4,Bruiser,0,FIGHTER,physical,0,3,0,0,3262,1488,3990,20,8.1,0.1,174,351,28,21,6,160,1460,397,185,36,0.837,0,0.37,"basic_hp;basic_hp;special_lifesteal;basic_power"
21,1,221,0,150,bot1_4,Vanguard,1,FIGHTER,physical,6,0,5,11,8100,3078,3206,132,13.9,0.6,456,581,29,24,8,236,2611,710,221,0,1,1.6,0.96,"basic_hp;basic_hp;special_lifesteal;basic_power;basic_power;basic_as;basic_armor;basic_hp"
22,1,311,16,152,bot0_1,Ironclad,0,TANK,physical,0,5,0,0,6329,3890,11914,0,15.6,0,283,456,23,15,7,204,1804,348,249,62,0.799,0,0.33,"basic_hp;basic_hp;basic_hp;basic_armor;basic_armor;basic_power"
22,1,311,16,152,bot1_1,Doctor,1,SUPPORT,physical,2,0,15,17,5969,5021,7260,9551,16.1,30.7,125,234,24,20,10,54,2879,555,311,0,1,0.4,0.69,"basic_hp;basic_hp;basic_hp;basic_hp;basic_armor;basic_armor;basic_hp;basic_mr;basic_armor;basic_power"
22,1,311,16,152,bot0_2,Bruiser,0,FIGHTER,physical,0,5,0,0,5552,3378,6679,126,13.6,0.5,335,476,36,29,8,73,1873,361,249,62,0.799,0,0.51,"special_lifesteal;basic_hp;basic_power;basic_as;basic_power;basic_armor"
22,1,311,16,152,bot1_2,Wanderer,1,SLAYER,physical,13,0,9,22,16397,11221,4866,319,36.1,1,454,884,21,21,11,220,4145,799,311,0,1,2.5,2.31,"special_lifesteal;basic_power;basic_as;basic_power;basic_power;basic_hp;basic_as;basic_hp;basic_power;basic_armor;basic_as;basic_hp;basic_power"
22,1,311,16,152,bot0_3,Volstrov,0,MAGE,magical,1,7,0,0.14,11114,7597,7577,290,34.6,1.3,231,394,18,19,9,263,2113,407,219,92,0.705,0.2,1,"special_lifesteal;basic_power;basic_hp;basic_armor;basic_power;basic_power"
22,1,311,16,152,bot1_3,Oracle,1,MAGE,physical,4,1,14,18,12435,7580,4787,403,25.2,1.3,360,511,19,20,10,230,3180,613,301,10,0.969,0.8,1.58,"special_lifesteal;basic_power;basic_hp;basic_as;basic_power;basic_hp;basic_as;basic_power;basic_hp;basic_armor"
22,1,311,16,152,bot0_4,Fusilier,0,SLAYER,physical,0,6,0,0,9823,4516,5811,242,19.5,1,348,486,31,13,8,197,1972,380,232,79,0.746,0,0.78,"special_lifesteal;basic_power;basic_hp;basic_as;basic_armor;basic_mr"
22,1,311,16,152,bot1_4,Hana,1,TANK,magical,4,0,17,21,9835,6273,5233,0,20.2,0,354,492,15,36,10,131,3281,633,311,0,1,0.8,1.2,"basic_hp;basic_hp;basic_hp;basic_hp;basic_armor;basic_armor;basic_hp;basic_mr;basic_haste;basic_hp;basic_power"
23,0,288,152,2,bot0_1,Ironclad,0,TANK,physical,2,0,15,17,4360,3475,4376,0,12.1,0,316,375,30,13,9,226,2751,574,288,0,1,0.4,0.79,"basic_hp;basic_hp;basic_hp;basic_mr;basic_armor;basic_hp;basic_power;basic_hp;basic_mr"
23,0,288,152,2,bot1_1,Vanguard,1,FIGHTER,physical,0,5,1,0.2,7036,2752,8880,0,12.1,0,391,440,32,19,8,128,1953,407,227,61,0.79,0,0.31,"basic_hp;basic_hp;basic_hp;basic_armor;basic_power;basic_as;basic_mr"
23,0,288,152,2,bot0_2,Fusilier,0,SLAYER,physical,11,0,7,18,18632,11189,1957,529,38.9,1.8,363,803,48,16,10,233,3758,784,288,0,1,2.3,5.72,"special_lifesteal;basic_power;basic_power;basic_power;basic_as;basic_as;basic_hp;basic_hp;basic_power;basic_mr;basic_as;basic_armor"
23,0,288,152,2,bot1_2,Zephyr,1,SPLITPUSHER,magical,0,4,1,0.25,5123,2440,5714,131,10.1,0.5,170,323,22,21,8,236,1836,383,241,46,0.839,0,0.43,"special_lifesteal;basic_power;basic_power;basic_hp;basic_power"
23,0,288,152,2,bot0_3,Eggchanter,0,SUPPORT,magical,3,0,12,15,5003,3381,3115,5344,11.8,18.6,122,195,29,15,9,63,2713,566,288,0,1,0.6,1.09,"special_heal_power;basic_hp;basic_hp;basic_hp;basic_mr;basic_armor;basic_mr;basic_armor;basic_haste"
23,0,288,152,2,bot1_3,Lynx,1,SLAYER,physical,2,5,0,0.4,8224,3470,5160,189,15.7,0.9,334,571,33,25,9,101,2176,454,220,67,0.766,0.4,0.67,"special_lifesteal;special_gw;basic_power;basic_hp;basic_as;basic_power"
23,0,288,152,2,bot0_4,Wanderer,0,SLAYER,physical,4,2,9,6.5,10268,5849,3545,224,22.6,0.9,596,1182,14,14,9,143,2793,582,258,29,0.898,0.8,1.65,"special_lifesteal;basic_power;basic_hp;basic_power;basic_as;basic_hp;basic_as;basic_mr;basic_hp"
23,0,288,152,2,bot1_4,Tamer,1,MAGE,magical,0,6,2,0.33,9982,3687,6385,2334,17.3,11,216,434,18,9,8,122,1997,416,213,75,0.739,0,0.58,"special_lifesteal;basic_hp;basic_hp;basic_hp;basic_power;basic_power"
24,0,440,151,127,bot0_1,Jailer,0,TANK,magical,5,6,16,3.5,18559,13962,15343,0,34.6,0,536,710,42,42,11,236,3911,533,404,36,0.918,0.7,0.91,"basic_hp;basic_hp;basic_mr;basic_hp;basic_armor;basic_haste;basic_power;basic_hp;basic_hp;basic_mr;basic_as;basic_armor;basic_hp"
24,0,440,151,127,bot1_1,Healer,1,SUPPORT,magical,4,5,13,3.4,10516,6631,11694,7293,18.4,20.2,144,202,57,25,11,141,3666,500,361,79,0.821,0.5,0.57,"special_heal_power;basic_hp;basic_hp;basic_hp;basic_hp;basic_mr;basic_mr;basic_armor;basic_haste;basic_power;basic_armor;basic_mr"
24,0,440,151,127,bot0_2,Vanguard,0,FIGHTER,physical,6,5,15,4.2,16403,10512,13092,0,28,0,459,643,61,40,11,73,4023,548,376,64,0.854,0.8,0.8,"special_gw;basic_hp;basic_hp;basic_power;basic_armor;basic_hp;basic_hp;basic_mr;basic_power;basic_hp;basic_hp;basic_as;basic_armor"
24,0,440,151,127,bot1_2,Ironclad,1,TANK,physical,4,5,11,3,12301,8258,14952,0,22,0,468,661,38,32,11,9,3584,488,376,64,0.854,0.5,0.55,"basic_hp;basic_hp;basic_hp;basic_mr;basic_armor;basic_mr;basic_armor;basic_as;basic_power;basic_as;basic_mr;basic_hp;basic_armor"
24,0,440,151,127,bot0_3,Cleric,0,SUPPORT,magical,8,4,14,5.5,11061,8686,9425,13469,22.2,34.5,355,417,62,49,12,265,4240,578,390,50,0.887,1.1,0.92,"basic_hp;basic_hp;basic_hp;basic_mr;basic_hp;basic_armor;basic_haste;basic_power;basic_armor;basic_mr;basic_mr;basic_as;basic_hp;basic_hp"
24,0,440,151,127,bot1_3,Wanderer,1,SLAYER,physical,9,6,8,2.83,27917,18081,9644,590,51,1.7,821,1485,24,20,12,152,4202,573,355,86,0.805,1.2,1.87,"special_lifesteal;basic_power;basic_power;basic_hp;basic_as;basic_hp;basic_power;basic_as;basic_mr;basic_mr;basic_hp;basic_as;basic_armor;basic_armor"
24,0,440,151,127,bot0_4,Jirina,0,FIGHTER,magical,3,4,17,5,14189,10949,12797,7259,28,18.6,355,486,51,20,11,163,3688,503,391,50,0.887,0.4,0.86,"special_lifesteal;basic_power;basic_hp;basic_mr;basic_armor;basic_power;basic_hp;basic_armor;basic_hp;basic_haste;basic_power;basic_hp"
24,0,440,151,127,bot1_4,Reaper,1,SPLITPUSHER,magical,2,6,15,2.83,20758,14688,11205,709,42.1,2,593,981,47,25,11,258,3508,478,349,91,0.793,0.3,1.31,"special_lifesteal;basic_power;basic_power;basic_hp;basic_hp;basic_mr;basic_hp;basic_power;basic_haste;basic_hp;basic_armor"
25,0,551,150,135,bot0_1,Jailer,0,TANK,magical,13,7,17,4.29,19696,12366,15441,0,27.6,0,503,687,50,45,14,38,5788,631,447,103,0.812,1.4,0.8,"basic_hp;basic_hp;basic_mr;basic_hp;basic_armor;basic_hp;basic_power;basic_mr;basic_hp;basic_haste;basic_mr;basic_as;basic_armor;basic_mr;basic_armor;basic_armor;basic_power;basic_power;basic_mr;basic_haste"
25,0,551,150,135,bot1_1,Lynx,1,SLAYER,physical,11,10,12,2.3,21805,13924,13485,613,34.6,1.5,584,863,73,58,13,14,5064,552,402,148,0.731,1.2,1.03,"special_lifesteal;basic_power;basic_power;basic_hp;basic_as;basic_armor;basic_hp;basic_mr;basic_power;basic_as;basic_hp;basic_as;basic_mr;basic_power;basic_hp;basic_power;basic_armor"
25,0,551,150,135,bot0_2,Fusilier,0,SLAYER,physical,12,5,20,6.4,32910,18953,10406,1549,40.6,3.3,618,1044,78,26,15,250,5925,646,467,84,0.848,1.3,1.82,"special_lifesteal;special_lifesteal;basic_power;basic_as;basic_power;basic_power;basic_hp;basic_as;basic_as;basic_hp;basic_power;basic_mr;basic_hp;basic_armor;basic_as;basic_power;basic_mr;basic_hp"
25,0,551,150,135,bot1_2,Volstrov,1,MAGE,magical,5,8,11,2,14336,7291,9990,382,16.3,0.9,254,577,20,22,13,296,4371,476,446,104,0.81,0.5,0.73,"special_lifesteal;basic_power;basic_hp;basic_power;basic_haste;basic_mr;basic_armor;basic_hp;basic_mr;basic_hp;basic_power;basic_haste;basic_hp;basic_armor"
25,0,551,150,135,bot0_3,Pyromancer,0,SLAYER,magical,3,9,25,3.11,16246,7782,9944,254,16.6,0.5,333,630,40,30,13,212,4587,500,469,82,0.851,0.3,0.78,"special_lifesteal;basic_power;basic_hp;basic_power;basic_haste;basic_hp;basic_power;basic_mr;basic_hp;basic_haste;basic_armor;basic_mr;basic_power;basic_armor;basic_haste"
25,0,551,150,135,bot1_3,Bruiser,1,FIGHTER,physical,6,8,15,2.63,18221,11593,15856,613,26.7,1.4,313,638,66,48,13,234,4659,508,433,117,0.787,0.7,0.73,"special_lifesteal;basic_power;basic_hp;basic_power;basic_hp;basic_as;basic_armor;basic_hp;basic_mr;basic_as;basic_power;basic_as;basic_hp;basic_power;basic_mr"
25,0,551,150,135,bot0_4,Vanguard,0,FIGHTER,physical,7,6,20,4.5,18298,9438,15037,0,20.8,0,381,563,81,43,13,206,4956,540,453,97,0.823,0.8,0.63,"basic_hp;basic_hp;basic_hp;basic_power;basic_mr;basic_hp;basic_power;basic_hp;basic_armor;basic_mr;basic_as;basic_haste;basic_armor;basic_armor;basic_mr;basic_power;basic_as"
25,0,551,150,135,bot1_4,Mage,1,MAGE,magical,4,9,19,2.56,20572,13708,11949,591,32.3,1.4,464,630,91,32,13,117,4467,487,425,126,0.772,0.4,1.15,"special_lifesteal;basic_power;basic_power;basic_hp;basic_hp;basic_haste;basic_hp;basic_mr;basic_armor;basic_haste;basic_power;basic_armor;basic_mr;basic_haste;basic_mr"
26,0,311,150,25,bot0_1,Healer,0,SUPPORT,magical,3,2,16,9.5,6449,5054,4845,4673,17.7,16.4,177,214,40,11,10,358,3083,594,286,25,0.918,0.6,1.04,"basic_hp;basic_hp;basic_hp;basic_hp;basic_mr;basic_armor;basic_power;basic_mr;basic_armor;basic_power"
26,0,311,150,25,bot1_1,Zephyr,1,SPLITPUSHER,magical,1,5,4,1,6913,3608,7504,146,14.3,0.6,300,443,27,22,9,110,2235,431,252,60,0.809,0.2,0.48,"special_lifesteal;basic_power;basic_power;basic_hp;basic_hp;basic_armor;basic_hp"
26,0,311,150,25,bot0_2,Goliath,0,TANK,physical,5,2,17,11,8152,6059,7351,2316,20.5,7.8,327,495,31,22,10,262,3412,658,296,16,0.95,1,0.82,"basic_hp;basic_hp;basic_hp;basic_hp;basic_mr;basic_armor;basic_as;basic_hp;basic_hp;basic_power;basic_mr"
26,0,311,150,25,bot1_2,Hana,1,TANK,magical,0,7,7,1,9221,6032,10865,0,24.9,0,622,1024,10,28,9,168,2268,437,242,69,0.778,0,0.56,"basic_hp;basic_hp;basic_hp;basic_armor;basic_mr;basic_haste;basic_power;basic_armor"
26,0,311,150,25,bot0_3,Vanguard,0,FIGHTER,physical,6,2,12,9,9887,6618,7141,0,23.3,0,421,648,41,29,10,341,3366,649,284,27,0.912,1.2,0.93,"basic_hp;basic_hp;basic_hp;basic_power;basic_mr;basic_armor;basic_hp;basic_power;basic_as;basic_hp;basic_haste"
26,0,311,150,25,bot1_3,Lynx,1,SLAYER,physical,4,6,2,1,16029,8635,8191,422,36.4,1.8,713,1145,44,33,9,228,2603,502,237,74,0.762,0.8,1.05,"special_lifesteal;basic_power;basic_hp;basic_power;basic_as;basic_hp;basic_armor;basic_power"
26,0,311,150,25,bot0_4,Fusilier,0,SLAYER,physical,8,1,12,20,20148,11815,3597,593,40,2,460,796,52,17,11,193,3668,707,296,16,0.95,1.5,3.28,"special_lifesteal;basic_power;basic_power;basic_hp;basic_as;basic_hp;basic_power;basic_as;basic_hp;basic_armor;basic_mr;basic_armor"
26,0,311,150,25,bot1_4,Doctor,1,SUPPORT,physical,2,4,5,1.75,3707,2563,5790,3608,9.8,13.8,262,392,19,12,9,89,2414,465,261,50,0.84,0.4,0.44,"special_gw;basic_hp;basic_hp;basic_armor;basic_power;basic_mr;basic_as;basic_armor"
27,1,323,26,152,bot0_1,Goliath,0,TANK,physical,1,8,4,0.63,5758,4179,13871,945,18.9,4.3,255,351,27,15,8,162,2237,416,221,102,0.684,0.2,0.3,"basic_hp;basic_hp;basic_hp;basic_mr;basic_armor;basic_power;basic_as;basic_haste"
27,1,323,26,152,bot1_1,Healer,1,SUPPORT,magical,4,1,20,24,8770,5088,3753,4842,16.4,15.6,169,235,55,14,12,179,3729,693,311,12,0.964,0.7,1.36,"basic_hp;basic_hp;basic_hp;basic_mr;basic_armor;basic_power;basic_haste;basic_hp;basic_armor;basic_mr;basic_armor;basic_power;basic_haste"
27,1,323,26,152,bot0_2,Volstrov,0,MAGE,magical,1,7,3,0.57,10682,5428,7570,182,23.4,0.8,264,418,15,15,9,261,2311,429,232,91,0.718,0.2,0.72,"special_lifesteal;basic_power;basic_hp;basic_power;basic_mr;basic_haste;basic_armor"
27,1,323,26,152,bot1_2,Mage,1,MAGE,magical,9,2,14,11.5,22933,10393,3577,482,34.7,1.6,427,676,76,26,12,171,4171,775,299,23,0.928,1.7,2.91,"special_lifesteal;basic_power;basic_power;basic_power;basic_hp;basic_power;basic_power;basic_haste;basic_hp;basic_power;basic_haste;basic_mr;basic_hp"
27,1,323,26,152,bot0_3,Lynx,0,SLAYER,physical,2,7,3,0.71,11696,4728,7651,327,19.9,1.4,442,607,38,28,9,130,2455,456,237,85,0.735,0.4,0.62,"special_lifesteal;basic_power;basic_power;basic_hp;basic_as;basic_mr;basic_armor;basic_hp"
27,1,323,26,152,bot1_3,Hana,1,TANK,magical,4,1,23,27,10468,6302,5789,0,20.3,0,270,501,11,39,12,33,3933,731,310,13,0.961,0.7,1.09,"basic_hp;basic_hp;basic_hp;basic_mr;basic_hp;basic_armor;basic_power;basic_mr;basic_armor;basic_hp;basic_power;basic_haste;basic_mr;basic_haste"
27,1,323,26,152,bot0_4,Eggchanter,0,SUPPORT,magical,1,7,4,0.71,5496,3698,10587,3883,13.5,14.2,116,194,28,14,9,166,2291,426,274,48,0.85,0.2,0.35,"special_gw;basic_hp;basic_hp;basic_hp;basic_mr;basic_power;basic_mr"
27,1,323,26,152,bot1_4,Wanderer,1,SLAYER,physical,12,1,12,24,25899,15973,6848,583,51.5,1.9,753,1677,26,21,12,167,4542,844,310,13,0.961,2.2,2.33,"special_lifesteal;basic_power;basic_power;basic_hp;basic_hp;basic_hp;basic_as;basic_as;basic_power;special_gw;basic_mr;basic_mr;basic_as;basic_power"
28,0,270,151,1,bot0_1,Summoner,0,MAGE,magical,1,1,21,22,7070,4851,2216,287,18,1.1,188,274,42,21,10,126,2851,634,270,0,1,0.2,2.19,"special_lifesteal;basic_power;basic_power;basic_hp;basic_power;basic_hp;basic_haste;basic_power;basic_haste"
28,0,270,151,1,bot1_1,Pyromancer,1,SLAYER,magical,0,7,0,0,7272,2669,7562,114,14.6,0.6,289,420,16,11,7,136,1686,375,183,87,0.679,0,0.35,"special_lifesteal;basic_power;basic_power;basic_hp;basic_armor"
28,0,270,151,1,bot0_2,Kratoma,0,SLAYER,physical,6,0,11,17,8715,4489,2154,335,16.6,1.2,255,505,22,23,9,368,3093,687,270,0,1,1.3,2.08,"special_lifesteal;basic_power;basic_power;basic_as;basic_as;basic_hp;basic_power;basic_hp;basic_power"
28,0,270,151,1,bot1_2,Goliath,1,TANK,physical,0,6,0,0,3454,1144,9136,400,5.2,1.8,201,201,29,9,7,59,1659,369,221,49,0.819,0,0.13,"basic_hp;basic_hp;basic_hp;basic_armor;basic_mr;basic_armor"
28,0,270,151,1,bot0_3,Fusilier,0,SLAYER,physical,12,0,11,23,15990,11710,1369,625,43.4,2.3,371,667,42,10,11,224,3974,883,270,0,1,2.7,8.55,"special_lifesteal;basic_power;basic_power;basic_power;basic_power;basic_as;basic_as;basic_hp;basic_hp;basic_as;basic_power;basic_power"
28,0,270,151,1,bot1_3,Doctor,1,SUPPORT,physical,1,7,0,0.14,3913,2222,8131,757,11.9,4,112,227,21,12,7,12,1812,403,187,83,0.693,0.2,0.27,"special_heal_power;basic_hp;basic_hp;basic_armor;basic_mr;basic_power"
28,0,270,151,1,bot0_4,Ironclad,0,TANK,physical,6,0,18,24,6627,4127,3484,0,15.3,0,207,257,30,23,10,198,3448,766,270,0,1,1.3,1.18,"basic_hp;basic_hp;basic_hp;basic_mr;basic_mr;basic_hp;basic_armor;basic_as;basic_mr;basic_armor;basic_power;basic_haste"
28,0,270,151,1,bot1_4,Jirina,1,FIGHTER,magical,0,5,0,0,4071,1179,6683,1050,5.6,5,187,187,14,7,7,164,1689,375,209,61,0.774,0,0.18,"special_lifesteal;basic_power;basic_hp;basic_haste;basic_armor"
29,0,235,151,1,bot0_1,Kratoma,0,SLAYER,physical,9,0,6,15,10834,7082,3656,550,30.2,2.3,320,615,19,20,9,169,3119,797,235,0,1,2.3,1.94,"special_lifesteal;special_lifesteal;basic_power;basic_power;basic_power;basic_as;basic_as;basic_hp;basic_armor"
29,0,235,151,1,bot1_1,Bruiser,1,FIGHTER,physical,0,5,1,0.2,5110,2377,5350,125,12.5,0.7,234,388,26,21,7,72,1672,427,191,44,0.812,0,0.44,"special_lifesteal;basic_power;basic_power;basic_as;basic_power"
29,0,235,151,1,bot0_2,Eggchanter,0,SUPPORT,magical,2,0,12,14,4442,2430,2021,3864,10.3,16.5,139,245,27,11,8,18,2393,611,235,0,1,0.5,1.2,"special_heal_power;basic_hp;basic_hp;basic_armor;basic_hp;basic_mr;basic_haste;basic_armor"
29,0,235,151,1,bot1_2,Mage,1,MAGE,magical,0,4,1,0.25,7344,2873,4127,128,14.8,0.7,331,503,30,16,8,114,1714,438,194,41,0.826,0,0.7,"special_lifesteal;basic_power;basic_power;basic_hp;basic_power"
29,0,235,151,1,bot0_3,Jailer,0,TANK,magical,0,1,13,13,4244,3258,3517,0,14.6,0,286,378,21,12,8,272,2122,542,223,12,0.95,0,0.93,"basic_hp;basic_hp;basic_hp;basic_armor;basic_mr;basic_haste;basic_armor"
29,0,235,151,1,bot1_3,Goliath,1,TANK,physical,0,3,1,0.33,4389,1405,5781,860,7,4.3,235,241,21,13,7,19,1594,407,200,35,0.851,0,0.24,"basic_hp;basic_hp;basic_hp;basic_mr;basic_armor;basic_power"
29,0,235,151,1,bot0_4,Jirina,0,FIGHTER,magical,5,0,7,12,7792,3828,3350,2262,16.3,9.6,394,494,29,10,9,59,2634,673,235,0,1,1.3,1.14,"basic_hp;basic_hp;basic_armor;basic_hp;basic_hp;basic_power;basic_armor;basic_armor;basic_hp"
29,0,235,151,1,bot1_4,Wanderer,1,SLAYER,physical,1,4,0,0.25,9924,4287,4819,173,23,0.9,836,937,13,10,8,27,1802,460,186,49,0.792,0.3,0.89,"special_lifesteal;basic_power;basic_hp;basic_as;basic_mr;basic_armor"
30,1,272,2,151,bot0_1,Bruiser,0,FIGHTER,physical,1,5,1,0.4,6651,3940,7487,180,18.8,0.9,286,397,29,24,8,158,1933,426,210,62,0.771,0.2,0.53,"special_lifesteal;basic_power;basic_as;basic_hp;basic_mr;basic_armor"
30,1,272,2,151,bot1_1,Hana,1,TANK,magical,4,0,15,19,8077,6979,6315,0,25.6,0,275,445,12,29,9,144,2994,659,272,0,1,0.9,1.11,"basic_hp;basic_hp;basic_hp;basic_hp;basic_mr;basic_mr;basic_armor;basic_hp;basic_mr;basic_armor"
30,1,272,2,151,bot0_2,Jailer,0,TANK,magical,0,5,2,0.4,6177,3217,8424,0,15.2,0,364,470,19,13,7,198,1773,390,212,60,0.778,0,0.38,"basic_hp;basic_hp;basic_hp;basic_mr;basic_armor;basic_power"
30,1,272,2,151,bot1_2,Cleric,1,SUPPORT,magical,6,0,16,22,7542,6680,3974,5688,24.5,20.9,302,362,41,34,10,259,3359,740,272,0,1,1.3,1.68,"basic_hp;basic_hp;basic_hp;basic_mr;basic_armor;basic_mr;basic_mr;basic_haste;basic_armor;basic_hp;basic_hp"
30,1,272,2,151,bot0_3,Volstrov,0,MAGE,magical,0,7,2,0.29,10518,3439,6900,225,18.6,1.2,188,315,15,14,9,170,1995,439,185,88,0.678,0,0.5,"special_lifesteal;basic_power;basic_power;basic_hp;basic_mr;basic_hp"
30,1,272,2,151,bot1_3,Summoner,1,MAGE,magical,1,0,15,16,7673,3908,1178,220,14.3,0.8,190,274,42,19,9,169,2544,560,272,0,1,0.2,3.32,"special_lifesteal;basic_power;basic_power;basic_hp;basic_mr;basic_hp;basic_haste;basic_hp"
30,1,272,2,151,bot0_4,Healer,0,SUPPORT,magical,1,6,1,0.33,4072,2945,8248,3511,14.6,17.4,121,179,22,14,7,30,1855,409,202,70,0.742,0.2,0.36,"basic_hp;basic_hp;basic_mr;basic_power;basic_armor;basic_hp;basic_haste"
30,1,272,2,151,bot1_4,Wanderer,1,SLAYER,physical,12,2,8,10,13676,8038,3603,374,32.8,1.5,721,1577,19,15,10,331,3806,838,245,27,0.9,2.6,2.23,"special_lifesteal;basic_power;basic_power;basic_hp;basic_power;basic_as;basic_mr;basic_armor;basic_hp;basic_as;basic_mr;basic_hp"
31,1,276,9,150,bot0_1,Lynx,0,SLAYER,physical,1,8,1,0.25,6755,3811,7042,180,21,1,438,636,25,23,8,220,2045,445,181,95,0.657,0.2,0.54,"special_lifesteal;basic_power;basic_hp;basic_as;basic_power;basic_hp"
31,1,276,9,150,bot1_1,Zephyr,1,SPLITPUSHER,magical,6,1,11,17,12092,5393,3421,381,19.5,1.4,635,799,29,36,11,229,3279,713,276,0,1,1.3,1.58,"special_lifesteal;basic_power;basic_power;basic_hp;basic_haste;basic_hp;basic_power;basic_power;basic_power;basic_mr"
31,1,276,9,150,bot0_2,Ironclad,0,TANK,physical,0,7,3,0.43,4755,3004,12044,0,15.8,0,310,360,17,12,8,40,1890,411,190,86,0.689,0,0.25,"basic_hp;basic_hp;basic_armor;basic_mr;basic_armor;basic_hp;basic_power"
31,1,276,9,150,bot1_2,Kratoma,1,SLAYER,physical,11,0,14,25,16825,9481,4006,548,34.4,2,369,825,25,22,12,306,4056,882,276,0,1,2.4,2.37,"special_lifesteal;basic_power;basic_power;basic_power;basic_as;basic_as;basic_power;basic_as;basic_hp;basic_hp;basic_power;basic_power"
31,1,276,9,150,bot0_3,Eggchanter,0,SUPPORT,magical,1,5,2,0.6,5193,1759,7207,1985,8.2,9.3,117,214,21,10,8,206,2031,442,214,62,0.774,0.2,0.24,"basic_hp;basic_hp;basic_armor;basic_mr;basic_hp;basic_haste;basic_power"
31,1,276,9,150,bot1_3,Goliath,1,TANK,physical,4,0,14,18,10204,4785,4950,2589,17.3,9.4,388,455,36,23,11,177,3202,696,276,0,1,0.9,0.97,"basic_hp;basic_hp;basic_hp;basic_mr;basic_hp;special_gw;basic_mr;basic_armor;basic_armor;basic_mr"
31,1,276,9,150,bot0_4,Tamer,0,MAGE,magical,1,9,2,0.33,8506,3766,7236,1495,21.6,8.6,262,444,19,9,8,1,2051,446,175,101,0.633,0.2,0.52,"special_lifesteal;basic_power;basic_power;basic_hp;basic_armor;basic_haste;basic_mr"
31,1,276,9,150,bot1_4,Fusilier,1,SLAYER,physical,8,2,20,14,19014,11857,2799,643,43,2.3,412,722,44,16,12,206,4031,876,276,0,1,1.7,4.24,"special_lifesteal;basic_power;basic_power;basic_hp;basic_power;basic_as;basic_hp;basic_as;basic_hp;basic_as;basic_mr;basic_power;basic_armor"
32,0,493,152,88,bot0_1,Jirina,0,FIGHTER,magical,7,4,20,6.75,19811,12303,13047,7154,27.6,16.1,468,563,69,24,12,173,4623,562,445,48,0.903,0.9,0.94,"basic_hp;basic_hp;basic_hp;basic_hp;basic_armor;basic_armor;basic_power;basic_armor;basic_haste;basic_armor;basic_power;basic_power;basic_haste;basic_mr;basic_haste;basic_as"
32,0,493,152,88,bot1_1,Hana,1,TANK,magical,9,7,9,2.57,21186,14865,15888,0,38.2,0,779,1199,21,51,12,42,4392,534,389,104,0.788,1.1,0.94,"basic_hp;basic_hp;basic_mr;basic_hp;basic_armor;basic_haste;basic_power;basic_as;basic_hp;basic_armor;basic_hp;basic_hp;basic_mr;basic_haste;basic_hp"
32,0,493,152,88,bot0_2,Lynx,0,SLAYER,physical,14,5,10,4.8,30287,19675,12826,950,47.3,2.3,732,1423,85,65,13,185,5185,631,416,77,0.844,1.7,1.53,"special_lifesteal;basic_power;basic_power;basic_hp;basic_hp;basic_as;basic_hp;basic_as;basic_armor;basic_power;basic_mr;basic_as;basic_power;basic_armor;basic_hp;basic_mr;basic_armor"
32,0,493,152,88,bot1_2,Bruiser,1,FIGHTER,physical,3,6,13,2.67,18335,12023,13920,540,29.1,1.3,418,639,63,48,11,182,3707,451,413,80,0.837,0.4,0.86,"special_lifesteal;basic_power;basic_power;basic_power;basic_as;basic_hp;basic_as;basic_armor;basic_hp;basic_as;basic_mr;basic_power"
32,0,493,152,88,bot0_3,Goliath,0,TANK,physical,5,5,21,5.2,15594,11904,15245,3517,27.8,8.2,568,801,52,38,12,58,4358,530,428,65,0.868,0.6,0.78,"basic_hp;basic_hp;basic_hp;basic_armor;basic_armor;basic_mr;basic_hp;basic_power;basic_as;basic_armor;basic_hp;basic_haste;basic_armor;basic_mr;basic_hp"
32,0,493,152,88,bot1_3,Quiller,1,SLAYER,physical,6,6,12,3,32014,17087,9274,877,43.1,2.2,411,687,61,36,12,150,4250,517,397,96,0.804,0.7,1.84,"special_lifesteal;basic_power;basic_power;basic_power;basic_as;basic_as;basic_hp;basic_as;basic_armor;basic_mr;basic_hp;basic_power;basic_armor;basic_hp"
32,0,493,152,88,bot0_4,Healer,0,SUPPORT,magical,2,5,19,4.2,9017,6714,12537,10416,15.9,24.6,141,197,71,24,12,29,3829,466,423,70,0.858,0.2,0.54,"special_heal_power;basic_hp;basic_hp;basic_armor;basic_hp;basic_mr;basic_armor;basic_haste;basic_mr;basic_haste;basic_armor;special_heal_power"
32,0,493,152,88,bot1_4,Doctor,1,SUPPORT,physical,1,9,16,1.89,8587,6395,14675,4736,15.3,11.4,246,356,36,21,11,148,3448,419,417,76,0.846,0.1,0.44,"basic_hp;basic_hp;basic_hp;basic_armor;basic_mr;basic_power;basic_as;basic_hp;basic_hp;basic_armor;basic_haste;basic_mr"
33,0,370,152,46,bot0_1,Tamer,0,MAGE,magical,16,4,8,6,20768,13747,7099,4407,44.4,14.2,350,615,45,14,12,199,5024,815,309,60,0.836,2.6,1.94,"special_lifesteal;basic_power;basic_power;basic_power;basic_hp;basic_power;basic_hp;basic_haste;basic_armor;basic_mr;basic_armor;basic_haste;basic_hp;basic_power;basic_power;basic_haste"
33,0,370,152,46,bot1_1,Kratoma,1,SLAYER,physical,2,8,10,1.5,12591,5348,7972,269,20.2,1,259,445,21,18,10,308,2933,476,264,105,0.715,0.3,0.67,"special_lifesteal;basic_power;basic_hp;basic_as;basic_mr;basic_power;basic_armor;basic_hp;basic_power"
33,0,370,152,46,bot0_2,Jailer,0,TANK,magical,3,4,17,5,12155,9352,7169,0,27.7,0,465,695,34,26,11,351,3501,568,338,32,0.913,0.5,1.3,"basic_hp;basic_hp;basic_armor;basic_hp;basic_power;basic_armor;basic_armor;basic_hp;basic_haste;basic_hp;basic_armor"
33,0,370,152,46,bot1_2,Fusilier,1,SLAYER,physical,3,8,9,1.5,14581,8764,7710,361,33,1.4,240,508,37,16,10,77,2977,483,265,104,0.718,0.5,1.14,"special_lifesteal;basic_power;basic_power;basic_hp;basic_power;basic_as;basic_armor;basic_hp;basic_as;basic_mr"
33,0,370,152,46,bot0_3,Quiller,0,SLAYER,physical,2,3,17,6.33,18915,9777,5521,672,29.7,2,277,554,47,30,11,176,3351,544,329,41,0.889,0.3,1.77,"special_lifesteal;basic_power;basic_power;basic_as;basic_hp;basic_armor;basic_mr;basic_as;basic_hp;basic_armor;basic_power"
33,0,370,152,46,bot1_3,Ironclad,1,TANK,physical,4,5,9,2.6,9551,5623,14491,0,17.2,0,306,476,33,24,11,286,3286,533,328,42,0.886,0.6,0.39,"basic_hp;basic_hp;basic_hp;basic_hp;basic_mr;basic_armor;basic_power;basic_mr;basic_as;basic_armor;basic_mr"
33,0,370,152,46,bot0_4,Vanguard,0,FIGHTER,physical,7,2,15,11,12695,7270,8395,0,21.6,0,630,799,52,33,11,128,3953,641,337,33,0.91,1.1,0.87,"basic_hp;basic_hp;basic_armor;basic_armor;basic_hp;basic_power;basic_armor;basic_as;basic_hp;basic_haste;basic_power;basic_as;basic_mr;basic_power"
33,0,370,152,46,bot1_4,Goliath,1,TANK,physical,4,7,8,1.71,8107,5549,11768,1574,19.9,5.6,268,344,34,20,10,132,3082,500,279,91,0.755,0.6,0.47,"basic_hp;basic_hp;basic_mr;basic_armor;basic_power;basic_as;basic_mr;basic_hp;basic_haste;basic_hp;basic_armor"
34,0,400,150,64,bot0_1,Ironclad,0,TANK,physical,4,3,15,6.33,10397,8827,10942,0,24.2,0,219,319,41,32,12,69,3719,557,365,35,0.912,0.6,0.81,"basic_hp;basic_hp;basic_hp;basic_mr;basic_mr;basic_armor;basic_armor;basic_mr;basic_as;basic_hp;basic_hp;basic_armor;basic_power"
34,0,400,150,64,bot1_1,Healer,1,SUPPORT,magical,3,5,10,2.6,9336,7020,11282,7295,21.8,22.6,141,203,50,24,10,240,3190,478,322,78,0.805,0.4,0.62,"basic_hp;basic_hp;special_heal_power;basic_armor;basic_mr;basic_hp;basic_armor;basic_hp;basic_power;basic_haste"
34,0,400,150,64,bot0_2,Pyromancer,0,SLAYER,magical,2,4,15,4.25,12180,7609,4760,164,21.8,0.5,533,656,29,23,10,34,3209,481,350,51,0.873,0.3,1.6,"special_lifesteal;basic_power;basic_hp;basic_power;basic_power;basic_haste;basic_hp;basic_haste;basic_mr;special_gw"
34,0,400,150,64,bot1_2,Zephyr,1,SPLITPUSHER,magical,3,4,7,2.5,9964,4946,8584,287,14,0.8,362,445,39,35,10,368,3043,456,354,46,0.886,0.4,0.58,"special_lifesteal;basic_power;basic_power;basic_hp;basic_haste;basic_hp;basic_armor;basic_power;basic_hp"
34,0,400,150,64,bot0_3,Kratoma,0,SLAYER,physical,12,3,9,7,15823,12212,6052,478,33.5,1.3,390,618,27,29,12,31,4456,668,364,36,0.91,1.8,2.02,"special_lifesteal;basic_power;basic_as;basic_power;basic_power;basic_hp;basic_as;basic_as;basic_hp;basic_mr;basic_armor;basic_power;basic_as;basic_hp;basic_mr"
34,0,400,150,64,bot1_3,Jirina,1,FIGHTER,magical,2,5,8,2,10196,5723,9888,2206,17.3,6.7,457,677,31,8,10,184,2884,432,330,70,0.824,0.3,0.58,"special_lifesteal;basic_power;basic_power;basic_hp;basic_hp;basic_power;basic_haste;basic_power;basic_armor"
34,0,400,150,64,bot0_4,Bruiser,0,FIGHTER,physical,3,5,12,3,12071,7220,8275,429,21.5,1.3,303,457,58,36,10,20,3220,483,335,65,0.837,0.4,0.87,"special_lifesteal;basic_hp;basic_power;basic_power;basic_as;basic_hp;basic_mr;basic_as;basic_armor;basic_hp;basic_power"
34,0,400,150,64,bot1_4,Lynx,1,SLAYER,physical,7,7,8,2.14,14103,10231,9645,342,35.1,1.2,593,1114,50,33,11,128,3628,544,291,109,0.727,1,1.06,"special_lifesteal;basic_power;basic_power;basic_hp;basic_hp;basic_as;basic_armor;basic_mr;basic_as;basic_power;basic_hp;basic_as"
35,1,393,16,152,bot0_1,Doctor,0,SUPPORT,physical,2,7,5,1,4020,2363,9608,4387,7.7,14.4,173,205,13,13,9,6,2631,401,306,88,0.777,0.3,0.25,"special_gw;basic_hp;basic_hp;basic_mr;basic_armor;basic_power;basic_as;basic_hp;basic_mr"
35,1,393,16,152,bot1_1,Ironclad,1,TANK,physical,5,1,20,25,8566,7166,9424,0,18.2,0,395,491,40,25,12,30,3980,607,393,0,1,0.8,0.76,"basic_hp;basic_hp;special_gw;basic_armor;basic_hp;basic_armor;basic_mr;basic_hp;basic_armor;basic_armor;basic_power;basic_mr;basic_hp"
35,1,393,16,152,bot0_2,Goliath,0,TANK,physical,3,5,4,1.4,8494,6219,17384,1200,19.4,3.7,308,489,41,20,9,215,2740,418,321,72,0.816,0.5,0.36,"basic_hp;basic_hp;basic_hp;basic_hp;basic_mr;basic_hp;basic_mr;basic_armor;basic_power"
35,1,393,16,152,bot1_2,Wanderer,1,SLAYER,physical,7,3,20,9,25619,18932,6738,503,49.9,1.3,956,2099,31,21,11,102,4177,637,380,14,0.965,1.1,2.81,"special_lifesteal;basic_power;basic_power;basic_hp;basic_power;basic_as;basic_armor;basic_mr;basic_hp;basic_as;basic_armor;basic_hp;basic_as;basic_armor"
35,1,393,16,152,bot0_3,Lynx,0,SLAYER,physical,1,9,4,0.56,13002,8661,10261,340,30.6,1.2,709,957,45,35,9,74,2449,374,283,110,0.721,0.2,0.84,"special_lifesteal;basic_power;basic_power;basic_hp;basic_power;basic_hp;basic_as;basic_mr"
35,1,393,16,152,bot1_3,Mage,1,MAGE,magical,13,2,13,13,26012,16245,5189,699,43.7,1.9,652,894,105,36,12,29,4754,725,372,21,0.946,2,3.13,"special_lifesteal;basic_power;basic_power;basic_hp;basic_hp;basic_haste;basic_haste;basic_armor;basic_armor;basic_mr;basic_power;basic_hp;basic_power;basic_mr;basic_power;basic_haste"
35,1,393,16,152,bot0_4,Jirina,0,FIGHTER,magical,1,8,5,0.75,9663,6881,12955,2766,21.2,8.5,435,519,29,14,9,59,2484,379,324,69,0.824,0.2,0.53,"special_lifesteal;basic_hp;basic_power;basic_power;basic_hp;basic_hp;basic_power;basic_armor"
35,1,393,16,152,bot1_4,Cleric,1,SUPPORT,magical,4,1,22,26,7707,5916,4208,8116,15.5,21.2,327,383,56,43,11,119,3894,594,383,11,0.973,0.6,1.41,"basic_hp;basic_hp;basic_hp;basic_armor;basic_mr;basic_hp;basic_armor;basic_armor;basic_armor;basic_hp;basic_armor;basic_mr;basic_haste"
36,1,464,95,150,bot0_1,Goliath,0,TANK,physical,2,6,11,2.17,10530,6215,12329,1638,16.7,4.4,387,531,48,21,11,102,3302,427,373,91,0.804,0.3,0.5,"basic_hp;basic_hp;basic_mr;basic_power;basic_hp;basic_as;basic_armor;basic_mr;basic_haste;basic_power;basic_mr;basic_as"
36,1,464,95,150,bot1_1,Cleric,1,SUPPORT,magical,5,5,17,4.4,12493,6715,10701,9235,16.8,23.1,326,384,69,63,12,431,4231,547,399,64,0.861,0.6,0.63,"special_heal_power;basic_hp;basic_hp;basic_mr;basic_armor;basic_haste;basic_mr;basic_power;basic_hp;basic_mr;basic_armor;basic_haste;basic_hp"
36,1,464,95,150,bot0_2,Mage,0,MAGE,magical,5,7,11,2.29,25043,13685,8332,587,38.5,1.7,785,974,92,27,12,212,3962,513,355,108,0.766,0.6,1.64,"special_lifesteal;basic_power;basic_power;basic_power;basic_hp;basic_hp;basic_haste;basic_mr;basic_haste;basic_mr;basic_armor;basic_armor;basic_hp"
36,1,464,95,150,bot1_2,Reaper,1,SPLITPUSHER,magical,11,3,16,9,24285,13366,8885,681,31.8,1.6,488,861,63,32,13,302,5077,657,420,44,0.905,1.4,1.5,"special_lifesteal;basic_power;basic_hp;basic_power;basic_hp;basic_mr;basic_hp;basic_power;basic_haste;basic_armor;basic_mr;basic_hp;basic_power;basic_haste;basic_hp;basic_haste"
36,1,464,95,150,bot0_3,Bruiser,0,FIGHTER,physical,1,7,11,1.71,13418,8060,12577,397,19.8,1,469,665,54,45,11,318,3218,416,406,58,0.876,0.1,0.64,"special_lifesteal;basic_power;basic_hp;basic_power;basic_mr;basic_hp;basic_hp;basic_as;basic_armor;basic_mr"
36,1,464,95,150,bot1_3,Jirina,1,FIGHTER,magical,6,3,19,8.33,18842,9010,14007,9479,21.5,22.6,418,497,58,30,12,175,4325,559,420,44,0.906,0.8,0.64,"special_lifesteal;basic_power;basic_hp;basic_power;basic_mr;basic_hp;basic_haste;basic_armor;basic_hp;basic_power;basic_mr;basic_hp;basic_hp;basic_armor"
36,1,464,95,150,bot0_4,Tamer,0,MAGE,magical,8,8,8,2,19979,14938,8806,5348,43.9,15.7,375,545,43,21,12,192,4242,549,340,124,0.733,1,1.7,"special_lifesteal;basic_power;basic_power;basic_hp;basic_hp;basic_mr;basic_haste;basic_hp;basic_power;basic_mr;basic_haste;basic_armor;basic_armor;basic_mr"
36,1,464,95,150,bot1_4,Jailer,1,TANK,magical,6,5,21,5.4,20065,10204,12771,0,26.1,0,502,557,39,41,12,367,4467,578,392,72,0.844,0.8,0.8,"special_gw;basic_hp;basic_hp;basic_mr;basic_armor;basic_hp;basic_mr;basic_power;basic_haste;basic_mr;basic_armor;basic_armor;basic_power;basic_hp"
37,0,465,150,99,bot0_1,Jirina,0,FIGHTER,magical,5,6,19,4,14229,11282,12560,6545,27.5,16,354,459,51,23,11,3,4103,529,410,56,0.88,0.6,0.9,"special_lifesteal;special_gw;basic_hp;basic_power;basic_power;basic_hp;basic_hp;basic_armor;basic_armor;basic_power;basic_armor;basic_haste;basic_hp"
37,0,465,150,99,bot1_1,Wanderer,1,SLAYER,physical,5,6,15,3.33,26067,14357,9457,459,38.9,1.2,632,1211,30,24,12,314,4139,534,369,97,0.792,0.6,1.52,"special_lifesteal;basic_power;basic_power;basic_hp;basic_power;basic_as;basic_armor;basic_hp;basic_as;basic_hp;basic_as;basic_mr;basic_power"
37,0,465,150,99,bot0_2,Quiller,0,SLAYER,physical,10,7,13,3.29,21690,15325,9967,579,38,1.4,298,683,59,36,12,251,4676,603,403,62,0.866,1.3,1.54,"special_lifesteal;basic_power;basic_hp;basic_as;basic_armor;basic_power;basic_hp;basic_power;basic_as;basic_hp;basic_as;basic_mr;basic_power;basic_as;basic_armor"
37,0,465,150,99,bot1_2,Hana,1,TANK,magical,10,7,13,3.29,18146,13516,20063,0,31.4,0,807,1308,20,60,12,285,4560,588,430,35,0.924,1.3,0.67,"basic_hp;basic_hp;basic_hp;basic_armor;basic_hp;basic_mr;basic_hp;basic_power;basic_armor;basic_mr;basic_haste;basic_armor;basic_as;basic_mr;basic_hp"
37,0,465,150,99,bot0_3,Lynx,0,SLAYER,physical,8,5,15,4.6,24366,18139,10024,629,45.8,1.6,523,796,74,54,12,145,4545,586,396,69,0.851,1,1.81,"special_lifesteal;basic_power;basic_hp;basic_as;basic_power;basic_hp;basic_power;basic_as;basic_armor;basic_hp;basic_armor;basic_as;basic_mr;basic_armor;basic_power"
37,0,465,150,99,bot1_3,Doctor,1,SUPPORT,physical,4,7,15,2.71,8303,6371,13922,7444,17.8,20.8,205,325,28,24,11,131,3706,478,358,107,0.769,0.5,0.46,"special_gw;basic_hp;basic_hp;basic_armor;basic_hp;basic_hp;basic_hp;basic_mr;basic_power;basic_as;basic_armor;basic_mr"
37,0,465,150,99,bot0_4,Cleric,0,SUPPORT,magical,4,5,22,5.2,12734,10598,10906,8937,24.8,20.9,308,366,71,63,12,223,4148,535,428,37,0.92,0.5,0.97,"basic_hp;basic_hp;basic_hp;basic_armor;basic_armor;basic_mr;basic_hp;basic_hp;basic_mr;basic_armor;basic_haste;basic_haste;basic_power;basic_mr"
37,0,465,150,99,bot1_4,Bruiser,1,FIGHTER,physical,4,7,13,2.43,11073,7735,14071,0,21.4,0,347,501,57,41,11,164,3664,473,361,104,0.777,0.5,0.55,"special_gw;basic_hp;basic_hp;basic_power;basic_hp;basic_hp;basic_power;basic_armor;basic_armor;basic_mr;basic_as;basic_mr"
38,1,440,62,151,bot0_1,Fusilier,0,SLAYER,physical,4,7,12,2.29,19795,12397,8012,582,36.8,1.7,473,728,51,20,11,71,3571,487,337,103,0.765,0.5,1.55,"special_lifesteal;basic_power;basic_as;basic_hp;basic_power;basic_mr;basic_as;basic_power;basic_hp;basic_mr;basic_power;basic_armor"
38,1,440,62,151,bot1_1,Wanderer,1,SLAYER,physical,8,5,17,5,26485,18179,11604,606,50.3,1.7,1361,1815,31,24,12,67,4467,609,361,79,0.821,1.1,1.57,"special_lifesteal;basic_power;basic_hp;basic_power;basic_as;basic_armor;basic_mr;basic_hp;basic_power;basic_as;basic_hp;basic_armor;basic_as;basic_armor;basic_hp"
38,1,440,62,151,bot0_2,Quiller,0,SLAYER,physical,8,6,9,2.83,19412,11194,7074,491,31.5,1.4,295,584,50,30,12,95,4170,568,355,85,0.807,1.1,1.58,"special_lifesteal;basic_power;basic_power;basic_as;basic_power;basic_as;basic_hp;basic_hp;basic_mr;basic_armor;basic_power;basic_mr;basic_armor;basic_as"
38,1,440,62,151,bot1_2,Hana,1,TANK,magical,2,4,23,6.25,10767,6253,10891,0,16.4,0,446,834,15,45,11,131,3756,512,381,59,0.865,0.3,0.57,"basic_hp;basic_hp;basic_hp;basic_armor;basic_mr;basic_haste;basic_armor;basic_armor;basic_mr;basic_hp;basic_armor;basic_power;basic_mr"
38,1,440,62,151,bot0_3,Jailer,0,TANK,magical,2,7,14,2.29,13114,9996,11856,0,26.5,0,475,638,27,29,11,162,3412,465,377,63,0.856,0.3,0.84,"basic_hp;basic_hp;basic_hp;basic_hp;basic_mr;basic_mr;basic_armor;basic_mr;basic_power;basic_armor;basic_haste;basic_as"
38,1,440,62,151,bot1_3,Healer,1,SUPPORT,magical,12,2,14,13,11458,7680,11004,13016,18.7,31.7,151,219,75,27,13,186,5036,686,411,29,0.934,1.6,0.7,"basic_hp;basic_hp;special_heal_power;basic_armor;basic_mr;basic_haste;basic_hp;basic_power;basic_hp;basic_armor;basic_mr;basic_armor;basic_hp;basic_hp;basic_armor;basic_haste"
38,1,440,62,151,bot0_4,Goliath,0,TANK,physical,3,7,13,2.29,11198,7816,14916,2343,23.2,7,304,594,41,26,11,247,3522,480,337,103,0.765,0.4,0.52,"basic_hp;basic_hp;basic_hp;basic_hp;basic_mr;basic_armor;basic_mr;basic_mr;basic_armor;basic_power;basic_as;basic_power"
38,1,440,62,151,bot1_4,Zephyr,1,SPLITPUSHER,magical,5,6,17,3.67,14188,7807,11138,321,19.5,0.8,406,502,47,45,12,193,4043,551,400,40,0.909,0.7,0.7,"special_lifesteal;basic_power;basic_power;basic_hp;basic_armor;basic_hp;basic_armor;basic_hp;basic_power;basic_haste;basic_haste;basic_armor;basic_power"
39,0,389,151,32,bot0_1,Jailer,0,TANK,magical,2,1,21,23,15202,7873,6408,0,20.9,0,486,509,38,33,12,37,3712,573,376,13,0.967,0.3,1.23,"basic_hp;basic_hp;special_gw;basic_hp;basic_hp;basic_hp;basic_hp;basic_mr;basic_armor;basic_power;basic_armor;basic_haste"
39,0,389,151,32,bot1_1,Bruiser,1,FIGHTER,physical,0,8,2,0.25,7213,4395,9789,179,13.7,0.6,304,446,44,37,9,194,2294,354,322,67,0.827,0,0.45,"special_lifesteal;basic_power;basic_power;basic_as;basic_as;basic_hp;basic_hp"
39,0,389,151,32,bot0_2,Jirina,0,FIGHTER,magical,10,0,18,28,14393,9315,7876,7059,23.9,18.1,417,523,48,24,12,121,4446,686,389,0,1,1.5,1.18,"special_lifesteal;basic_power;basic_hp;basic_power;basic_hp;basic_hp;basic_armor;basic_power;basic_haste;basic_hp;basic_power;basic_armor;basic_hp;basic_hp"
39,0,389,151,32,bot1_2,Eggchanter,1,SUPPORT,magical,1,7,1,0.29,7257,4333,10504,4623,14.4,15.4,135,200,32,17,9,154,2479,382,300,89,0.771,0.2,0.41,"special_gw;special_heal_power;basic_hp;basic_mr;basic_power;basic_armor;basic_hp"
39,0,389,151,32,bot0_3,Kratoma,0,SLAYER,physical,11,0,18,29,22974,12755,7627,702,32.8,1.8,329,656,32,34,13,157,4632,715,389,0,1,1.7,1.67,"special_lifesteal;basic_power;basic_power;basic_hp;basic_power;basic_as;basic_hp;basic_as;basic_armor;basic_hp;basic_as;basic_power;basic_hp;basic_mr;basic_as"
39,0,389,151,32,bot1_3,Lynx,1,SLAYER,physical,1,7,0,0.14,12660,7282,9281,292,24.6,1,568,687,43,35,9,43,2368,365,296,93,0.762,0.2,0.78,"special_lifesteal;basic_power;basic_hp;basic_power;basic_hp;basic_as;basic_mr;basic_armor"
39,0,389,151,32,bot0_4,Cleric,0,SUPPORT,magical,6,1,21,27,11606,7200,4080,9811,19,25.9,364,415,73,58,12,42,4192,647,378,11,0.972,0.9,1.76,"special_gw;basic_hp;basic_armor;basic_hp;basic_mr;basic_hp;basic_power;basic_haste;basic_hp;basic_armor;basic_mr;basic_armor;basic_mr;basic_armor"
39,0,389,151,32,bot1_4,Hana,1,TANK,magical,0,7,2,0.29,12048,7701,11804,0,23.8,0,538,960,16,35,9,58,2283,352,323,66,0.831,0,0.65,"basic_hp;basic_hp;basic_hp;basic_hp;basic_mr;basic_armor;basic_mr;basic_mr"
40,0,387,152,59,bot0_1,Eggchanter,0,SUPPORT,magical,2,3,17,6.33,7508,5212,8423,7604,15,21.9,137,243,38,21,10,37,3287,509,347,40,0.897,0.3,0.62,"special_heal_power;basic_hp;basic_mr;basic_hp;basic_hp;basic_mr;basic_mr;basic_armor;basic_haste;basic_hp;basic_power"
40,0,387,152,59,bot1_1,Jailer,1,TANK,magical,2,6,10,2,15300,9756,11273,0,31.2,0,544,714,29,30,11,153,3103,480,313,75,0.808,0.3,0.87,"basic_hp;basic_hp;basic_hp;basic_armor;basic_mr;basic_power;basic_armor;basic_haste;basic_hp;basic_as;basic_mr"
40,0,387,152,59,bot0_2,Lynx,0,SLAYER,physical,16,4,8,6,21405,15133,7548,715,45.9,2.2,547,919,56,49,12,220,4970,770,330,58,0.851,2.5,2,"special_lifesteal;basic_power;basic_power;basic_as;basic_power;basic_power;basic_hp;basic_as;basic_mr;basic_as;basic_as;basic_armor;basic_hp;basic_mr;basic_armor;basic_power"
40,0,387,152,59,bot1_2,Healer,1,SUPPORT,magical,3,5,9,2.4,7762,5170,10988,6998,16.2,21.9,150,209,45,23,11,230,3230,500,319,68,0.824,0.5,0.47,"basic_hp;basic_hp;basic_hp;basic_armor;basic_mr;basic_haste;basic_power;basic_hp;basic_armor;basic_armor;basic_mr"
40,0,387,152,59,bot0_3,Ironclad,0,TANK,physical,5,1,18,23,12967,8520,12731,0,22.9,0,438,527,47,35,11,91,3766,583,373,15,0.962,0.8,0.67,"basic_hp;basic_hp;basic_hp;basic_mr;basic_hp;basic_mr;basic_armor;basic_hp;basic_armor;basic_as;basic_mr;basic_mr;basic_power"
40,0,387,152,59,bot1_3,Zephyr,1,SPLITPUSHER,magical,3,6,8,1.83,13771,6440,9346,286,21.3,0.9,488,632,30,36,11,195,3270,506,303,85,0.781,0.5,0.69,"special_lifesteal;basic_power;basic_power;basic_power;basic_hp;basic_hp;basic_hp;basic_armor;basic_power;basic_hp"
40,0,387,152,59,bot0_4,Vanguard,0,FIGHTER,physical,2,4,20,5.5,14501,9454,9548,0,28.7,0,600,648,51,34,11,230,3455,535,330,58,0.852,0.3,0.99,"basic_hp;basic_hp;basic_hp;basic_mr;basic_power;basic_mr;basic_armor;basic_hp;basic_as;basic_haste;basic_power;basic_armor"
40,0,387,152,59,bot1_4,Wanderer,1,SLAYER,physical,4,8,7,1.38,19459,13208,9816,635,42.9,2.1,568,1070,21,18,11,149,3349,519,308,79,0.795,0.6,1.35,"special_lifesteal;special_lifesteal;basic_power;basic_as;basic_hp;basic_power;basic_as;basic_power;basic_armor;basic_mr"
41,0,387,151,84,bot0_1,Ironclad,0,TANK,physical,3,4,11,3.5,10260,6553,13798,0,19.7,0,233,337,37,28,11,88,3288,509,333,55,0.859,0.5,0.47,"basic_hp;basic_hp;basic_armor;basic_mr;basic_hp;basic_as;basic_armor;basic_power;basic_mr;basic_as;basic_haste;basic_armor"
41,0,387,151,84,bot1_1,Zephyr,1,SPLITPUSHER,magical,4,4,9,3.25,11714,4635,7089,336,13.5,1,323,428,39,38,11,60,3310,513,344,44,0.887,0.6,0.65,"special_lifesteal;basic_power;basic_hp;basic_power;basic_hp;basic_armor;basic_haste;basic_mr;basic_hp;basic_power;basic_hp"
41,0,387,151,84,bot0_2,Pyromancer,0,SLAYER,magical,1,5,12,2.6,9632,2901,6453,173,9.1,0.5,299,458,21,18,10,263,2888,447,318,69,0.821,0.2,0.45,"special_lifesteal;basic_power;basic_power;basic_hp;basic_haste;basic_hp;basic_armor;basic_power;basic_mr"
41,0,387,151,84,bot1_2,Cleric,1,SUPPORT,magical,5,5,10,3,8185,5899,11378,6314,17.9,19.1,307,363,51,36,12,242,3642,564,330,57,0.853,0.8,0.52,"basic_hp;basic_hp;special_heal_power;basic_hp;basic_mr;basic_armor;basic_hp;basic_haste;basic_hp;basic_hp;basic_power"
41,0,387,151,84,bot0_3,Fusilier,0,SLAYER,physical,11,4,6,4.25,24422,15060,6230,794,46.1,2.4,454,779,50,17,12,60,4210,652,327,60,0.844,1.7,2.42,"special_lifesteal;basic_power;basic_power;basic_power;basic_as;basic_hp;basic_armor;basic_mr;basic_hp;basic_as;basic_hp;basic_as;basic_power;basic_as"
41,0,387,151,84,bot1_3,Quiller,1,SLAYER,physical,3,5,13,3.2,22495,12742,6611,570,40.1,1.8,305,584,44,27,11,255,3455,535,318,69,0.821,0.5,1.93,"special_lifesteal;basic_power;basic_power;basic_power;basic_as;basic_hp;basic_mr;basic_as;basic_armor;basic_hp;basic_as"
41,0,387,151,84,bot0_4,Eggchanter,0,SUPPORT,magical,4,4,13,4.25,7715,4616,10091,6025,12.9,16.9,130,222,36,20,11,80,3555,551,357,30,0.922,0.6,0.46,"basic_hp;basic_hp;basic_hp;basic_hp;basic_armor;basic_hp;basic_armor;basic_armor;basic_mr;basic_mr;basic_mr;basic_armor"
41,0,387,151,84,bot1_4,Kratoma,1,SLAYER,physical,5,5,11,3.2,15287,9419,6631,319,29.6,1,265,510,23,21,11,192,3667,568,318,69,0.821,0.8,1.42,"special_lifesteal;basic_power;basic_power;basic_hp;basic_power;basic_hp;basic_as;basic_hp;basic_armor;basic_mr;basic_as;basic_mr"
42,1,346,38,150,bot0_1,Summoner,0,MAGE,magical,2,5,7,1.8,9410,4375,6216,266,16.1,1,194,272,40,17,10,93,2768,479,272,74,0.786,0.3,0.7,"special_lifesteal;basic_power;basic_power;basic_hp;basic_power;basic_power;basic_haste;basic_mr;basic_armor"
42,1,346,38,150,bot1_1,Goliath,1,TANK,physical,6,2,9,7.5,9656,6741,9118,2338,20.9,7.3,233,398,39,22,10,235,3235,560,322,24,0.93,1,0.74,"basic_hp;basic_hp;basic_hp;basic_mr;basic_mr;basic_hp;basic_armor;basic_as;basic_power;basic_mr;basic_armor"
42,1,346,38,150,bot0_2,Vanguard,0,FIGHTER,physical,2,3,5,2.33,14403,5994,9271,0,19.8,0,436,476,47,30,10,46,2771,480,302,44,0.873,0.3,0.65,"basic_hp;basic_hp;basic_hp;basic_mr;basic_hp;basic_mr;basic_armor;basic_mr;basic_power;basic_as"
42,1,346,38,150,bot1_2,Eggchanter,1,SUPPORT,magical,3,1,11,14,7446,4666,7421,10727,13.9,31.9,125,187,44,22,10,372,3022,523,337,10,0.972,0.5,0.63,"basic_hp;basic_hp;basic_mr;basic_hp;basic_mr;basic_armor;basic_haste;basic_power;basic_mr;basic_as"
42,1,346,38,150,bot0_3,Pyromancer,0,SLAYER,magical,2,4,4,1.5,11111,5430,5479,176,18.9,0.6,374,510,28,22,10,32,2657,460,287,59,0.828,0.3,0.99,"special_lifesteal;basic_power;basic_power;basic_hp;basic_haste;basic_mr;basic_armor;basic_hp;basic_power"
42,1,346,38,150,bot1_3,Volstrov,1,MAGE,magical,6,2,11,8.5,14940,6820,5630,540,20.4,1.6,302,533,5,7,10,180,3455,598,334,13,0.963,1,1.21,"special_lifesteal;basic_power;basic_power;basic_power;basic_hp;basic_hp;basic_mr;basic_haste;basic_mr;basic_power;basic_hp"
42,1,346,38,150,bot0_4,Jailer,0,TANK,magical,3,7,6,1.29,12860,6077,11934,0,22.4,0,394,672,25,23,10,44,2944,510,271,75,0.783,0.5,0.51,"special_gw;basic_hp;basic_hp;basic_mr;basic_power;basic_hp;basic_mr;basic_armor;basic_haste;basic_armor"
42,1,346,38,150,bot1_4,Tamer,1,MAGE,magical,4,4,14,4.5,17358,13091,6730,5240,42.3,16.9,331,633,44,19,11,135,3360,582,309,37,0.894,0.7,1.95,"special_lifesteal;basic_hp;basic_power;basic_hp;basic_mr;basic_hp;basic_hp;basic_mr;basic_power;basic_haste;basic_armor"
43,1,299,2,151,bot0_1,Goliath,0,TANK,physical,2,5,0,0.4,6337,2413,9491,1054,10.3,4.5,293,350,28,15,8,236,2161,433,234,65,0.781,0.4,0.25,"basic_hp;basic_hp;special_gw;basic_hp;basic_mr;basic_hp"
43,1,299,2,151,bot1_1,Lynx,1,SLAYER,physical,10,2,9,9.5,16731,11316,3832,508,41.6,1.9,454,815,54,35,10,56,3681,738,272,27,0.909,2,2.95,"special_lifesteal;basic_power;basic_as;basic_power;basic_power;basic_hp;basic_as;basic_power;basic_hp;basic_as;basic_power;basic_armor"
43,1,299,2,151,bot0_2,Quiller,0,SLAYER,physical,0,6,2,0.33,14101,5407,5834,267,24.9,1.2,244,442,28,18,9,90,2165,434,218,82,0.726,0,0.93,"special_lifesteal;basic_power;basic_power;basic_as;basic_hp;basic_as;basic_armor"
43,1,299,2,151,bot1_2,Eggchanter,1,SUPPORT,magical,1,0,15,16,7523,3634,4412,6240,12.1,20.8,140,211,36,18,9,14,2639,529,299,0,1,0.2,0.82,"special_heal_power;basic_hp;basic_hp;basic_armor;basic_haste;basic_armor;basic_power;basic_as;basic_hp"
43,1,299,2,151,bot0_3,Doctor,0,SUPPORT,physical,0,7,1,0.14,3085,1529,8185,1762,6.8,7.8,118,197,23,10,8,129,1929,387,225,75,0.75,0,0.19,"special_gw;basic_hp;basic_mr;basic_armor;basic_hp;basic_power"
43,1,299,2,151,bot1_3,Summoner,1,MAGE,magical,6,0,11,17,10862,5493,1962,376,18.3,1.3,213,303,49,23,10,4,3204,642,299,0,1,1.2,2.8,"special_lifesteal;basic_power;basic_power;basic_hp;basic_hp;basic_armor;basic_hp;basic_power;basic_armor;basic_haste;basic_mr"
43,1,299,2,151,bot0_4,Vanguard,0,FIGHTER,physical,0,5,2,0.4,9422,2862,8912,148,12.3,0.6,218,387,34,22,9,13,2063,413,233,66,0.779,0,0.32,"basic_hp;basic_hp;special_lifesteal;basic_power;basic_as;basic_armor;basic_mr"
43,1,299,2,151,bot1_4,Ironclad,1,TANK,physical,6,0,14,20,7884,5829,4911,0,19.5,0,337,452,33,24,10,82,3357,673,299,0,1,1.2,1.19,"basic_hp;basic_hp;basic_armor;basic_power;basic_armor;basic_as;basic_as;basic_power;basic_hp;basic_mr;basic_armor;basic_hp"
44,0,463,151,77,bot0_1,Kratoma,0,SLAYER,physical,7,5,18,5,18466,12093,8118,554,30.4,1.4,288,672,32,33,12,29,4379,567,398,65,0.859,0.9,1.49,"special_lifesteal;basic_power;basic_power;basic_hp;basic_as;basic_hp;basic_mr;basic_power;basic_as;basic_armor;basic_hp;basic_mr;basic_as;basic_mr;basic_armor"
44,0,463,151,77,bot1_1,Pyromancer,1,SLAYER,magical,5,9,8,1.44,14639,9071,10247,195,23.8,0.5,478,604,35,28,11,60,3735,484,381,82,0.823,0.6,0.89,"special_lifesteal;basic_power;basic_hp;basic_power;basic_power;basic_power;basic_haste;basic_armor;basic_power;basic_power;basic_hp;basic_mr"
44,0,463,151,77,bot0_2,Goliath,0,TANK,physical,3,3,21,8,15136,11120,12434,4387,26.1,10.3,437,626,53,38,12,286,3936,510,425,38,0.918,0.4,0.89,"basic_hp;basic_hp;basic_hp;basic_mr;basic_mr;basic_hp;basic_armor;basic_mr;basic_as;basic_power;basic_haste;basic_hp;basic_mr"
44,0,463,151,77,bot1_2,Vanguard,1,FIGHTER,physical,0,6,8,1.33,13618,6932,15134,0,18.2,0,375,559,59,32,10,159,2909,377,380,83,0.821,0,0.46,"basic_hp;basic_hp;basic_hp;basic_armor;basic_hp;basic_power;basic_armor;basic_power;basic_as;basic_armor"
44,0,463,151,77,bot0_3,Zephyr,0,SPLITPUSHER,magical,4,3,17,7,14653,8941,8305,474,21.3,1.1,333,495,50,56,12,163,3913,507,420,44,0.905,0.5,1.08,"special_lifesteal;basic_power;basic_power;basic_hp;basic_mr;basic_haste;basic_armor;basic_hp;basic_mr;basic_haste;basic_armor;basic_power;basic_hp"
44,0,463,151,77,bot1_3,Jailer,1,TANK,magical,5,7,9,2,12934,9187,13917,0,25.4,0,364,576,31,29,11,46,3746,485,361,102,0.779,0.6,0.66,"basic_hp;basic_hp;basic_hp;basic_hp;basic_armor;basic_armor;basic_mr;basic_power;basic_haste;basic_hp;basic_armor;basic_hp;basic_as"
44,0,463,151,77,bot0_4,Oracle,0,MAGE,physical,13,3,13,8.67,22446,17232,8929,689,40.9,1.6,679,891,34,32,13,132,5157,668,421,42,0.91,1.7,1.93,"special_lifesteal;basic_hp;basic_power;basic_as;basic_hp;basic_power;basic_mr;basic_as;basic_hp;basic_mr;basic_power;basic_as;basic_armor;basic_armor;basic_hp;basic_power;basic_as"
44,0,463,151,77,bot1_4,Jirina,1,FIGHTER,magical,4,5,9,2.6,18021,9511,13555,7157,24.7,18.6,417,619,51,25,11,154,3629,470,385,78,0.832,0.5,0.7,"special_lifesteal;basic_hp;basic_power;basic_hp;basic_power;basic_hp;basic_armor;basic_haste;basic_power;basic_armor;basic_mr;basic_haste"
45,0,425,150,83,bot0_1,Eggchanter,0,SUPPORT,magical,3,2,17,10,7471,4448,7787,7705,11.2,19.5,131,221,39,22,11,199,3724,526,396,29,0.931,0.4,0.57,"basic_hp;basic_hp;special_heal_power;basic_hp;basic_armor;basic_power;basic_armor;basic_hp;basic_mr;basic_haste;basic_armor;basic_mr"
45,0,425,150,83,bot1_1,Ironclad,1,TANK,physical,6,4,10,4,10207,5024,15071,0,13.4,0,249,375,36,24,12,95,3870,547,375,50,0.882,0.8,0.33,"basic_hp;basic_hp;basic_hp;basic_mr;basic_mr;basic_power;basic_as;basic_armor;basic_mr;basic_power;basic_haste;basic_as;basic_haste;basic_as"
45,0,425,150,83,bot0_2,Hana,0,TANK,magical,7,4,11,4.5,12268,8366,10313,0,22,0,418,662,22,46,11,221,3821,540,380,45,0.893,1,0.81,"basic_hp;basic_hp;basic_hp;basic_hp;basic_armor;basic_armor;basic_mr;basic_haste;basic_armor;basic_mr;basic_power;basic_as;basic_hp"
45,0,425,150,83,bot1_2,Vanguard,1,FIGHTER,physical,5,5,9,2.8,15359,7536,11057,309,21.3,0.9,520,763,55,33,11,135,3610,510,354,71,0.833,0.7,0.68,"special_gw;special_lifesteal;basic_power;basic_hp;basic_power;basic_mr;basic_hp;basic_mr;basic_hp;basic_mr;basic_as"
45,0,425,150,83,bot0_3,Mage,0,MAGE,magical,8,3,14,7.33,24643,15091,6413,489,40.1,1.3,555,793,88,30,12,54,4254,601,376,49,0.885,1.1,2.35,"special_lifesteal;basic_power;basic_power;basic_hp;basic_power;basic_armor;basic_hp;basic_hp;basic_hp;basic_power;basic_armor;basic_haste;basic_mr;basic_hp"
45,0,425,150,83,bot1_3,Oracle,1,MAGE,physical,5,7,10,2.14,20443,10190,9131,436,31.6,1.4,408,535,24,23,12,13,3788,535,323,102,0.759,0.7,1.12,"special_lifesteal;basic_power;basic_as;basic_hp;basic_power;basic_as;basic_power;basic_mr;basic_haste;basic_hp;basic_as;basic_mr;basic_hp"
45,0,425,150,83,bot0_4,Tamer,0,MAGE,magical,4,8,18,2.75,20563,14426,8859,4719,39.1,12.8,463,600,53,19,12,54,3904,551,369,56,0.869,0.6,1.63,"special_lifesteal;basic_power;basic_hp;basic_power;basic_haste;basic_armor;basic_hp;basic_mr;basic_power;basic_hp;basic_hp;basic_power;basic_armor"
45,0,425,150,83,bot1_4,Pyromancer,1,SLAYER,magical,1,6,14,2.5,14732,6636,9409,253,18.7,0.7,489,753,29,23,11,68,3268,462,356,69,0.837,0.1,0.71,"special_lifesteal;basic_power;basic_power;basic_hp;basic_hp;basic_hp;basic_mr;basic_power;basic_haste;basic_as;basic_mr"
46,0,270,150,3,bot0_1,Jirina,0,FIGHTER,magical,2,1,21,23,10205,5959,4142,3814,23,14.7,448,570,30,13,10,105,3105,690,259,11,0.96,0.4,1.44,"special_lifesteal;basic_power;basic_hp;basic_power;basic_power;basic_hp;basic_power;basic_hp;basic_haste;basic_mr"
46,0,270,150,3,bot1_1,Mage,1,MAGE,magical,1,6,2,0.5,8867,3472,5560,141,15.8,0.6,341,538,39,12,8,154,1954,434,219,51,0.812,0.2,0.62,"special_lifesteal;basic_power;basic_hp;basic_armor;basic_haste;basic_power"
46,0,270,150,3,bot0_2,Lynx,0,SLAYER,physical,6,2,15,10.5,16150,7835,4829,477,32.1,2,567,1053,48,35,10,164,3414,758,244,26,0.903,1.3,1.62,"special_lifesteal;basic_power;basic_power;basic_as;basic_as;basic_hp;basic_mr;basic_armor;basic_power;basic_as;basic_power"
46,0,270,150,3,bot1_2,Summoner,1,MAGE,magical,1,5,2,0.6,4737,2683,4596,97,12.9,0.5,176,252,26,12,8,120,1945,432,208,62,0.769,0.2,0.58,"special_lifesteal;basic_power;basic_power;basic_hp;basic_armor;basic_hp"
46,0,270,150,3,bot0_3,Fusilier,0,SLAYER,physical,11,0,9,20,16891,6595,2705,650,24.4,2.4,356,524,48,12,11,61,3836,852,270,0,1,2.4,2.44,"special_lifesteal;basic_power;basic_power;basic_hp;basic_hp;basic_as;basic_power;basic_mr;basic_as;basic_hp;basic_as;basic_mr;basic_armor"
46,0,270,150,3,bot1_3,Kratoma,1,SLAYER,physical,0,6,3,0.5,6373,3168,6327,156,16.2,0.8,363,453,14,13,7,35,1835,408,196,74,0.725,0,0.5,"special_lifesteal;basic_power;basic_as;basic_power;basic_hp;basic_armor"
46,0,270,150,3,bot0_4,Ironclad,0,TANK,physical,4,0,13,17,5706,3638,5392,0,13.5,0,295,451,24,16,10,271,3021,671,270,0,1,0.9,0.67,"basic_hp;basic_hp;basic_hp;basic_mr;basic_mr;basic_hp;basic_armor;basic_power;basic_armor;basic_mr"
46,0,270,150,3,bot1_4,Hana,1,TANK,magical,1,6,2,0.5,5535,3177,9150,0,16.3,0,363,363,7,20,8,141,1966,437,195,75,0.722,0.2,0.35,"basic_hp;basic_hp;special_gw;basic_armor;basic_armor;basic_mr"
47,1,335,29,150,bot0_1,Ironclad,0,TANK,physical,3,5,5,1.6,9434,5758,13583,0,21.4,0,293,401,27,20,9,9,2709,486,269,65,0.805,0.5,0.42,"basic_hp;basic_hp;basic_hp;basic_armor;basic_armor;basic_mr;basic_power;basic_hp;basic_mr;basic_as"
47,1,335,29,150,bot1_1,Doctor,1,SUPPORT,physical,10,2,11,10.5,9683,7791,9737,13487,25.3,43.7,276,411,21,23,11,299,3974,713,308,26,0.921,1.8,0.8,"special_heal_power;basic_hp;basic_hp;basic_hp;basic_hp;basic_hp;basic_hp;basic_mr;basic_armor;basic_power;basic_as;basic_mr"
47,1,335,29,150,bot0_2,Tamer,0,MAGE,magical,1,8,7,1,14615,8437,7724,1949,36.5,8.4,363,569,27,10,9,188,2538,455,231,103,0.691,0.2,1.09,"special_lifesteal;basic_power;basic_hp;basic_power;basic_haste;basic_power;basic_armor;basic_mr"
47,1,335,29,150,bot1_2,Summoner,1,MAGE,magical,2,1,16,18,12691,7475,5611,348,23.4,1.1,208,268,61,27,10,121,3046,546,319,16,0.953,0.4,1.33,"special_lifesteal;basic_power;basic_hp;basic_haste;basic_mr;basic_power;basic_hp;basic_hp;basic_armor;basic_power"
47,1,335,29,150,bot0_3,Lynx,0,SLAYER,physical,4,4,2,1.5,18487,11668,6010,498,41.5,1.8,830,1361,52,36,9,7,2682,481,281,54,0.84,0.7,1.94,"special_lifesteal;basic_power;basic_hp;basic_power;basic_hp;basic_as;basic_power;basic_hp;basic_armor"
47,1,335,29,150,bot1_3,Goliath,1,TANK,physical,6,1,11,17,9653,6562,9528,2642,20.6,8.3,340,447,36,24,10,294,3344,600,319,16,0.953,1.1,0.69,"basic_hp;basic_hp;basic_hp;basic_hp;basic_mr;basic_hp;basic_mr;basic_armor;basic_hp;basic_hp"
47,1,335,29,150,bot0_4,Healer,0,SUPPORT,magical,0,5,8,1.6,9343,5562,8556,6232,20.5,23,150,214,48,19,9,88,2463,442,271,63,0.811,0,0.65,"basic_hp;basic_hp;basic_armor;basic_mr;basic_haste;basic_hp;basic_power;basic_armor;basic_mr"
47,1,335,29,150,bot1_4,Bruiser,1,FIGHTER,physical,4,4,13,4.25,11346,5656,9299,0,20.1,0,344,519,42,29,10,88,3138,563,282,53,0.843,0.7,0.61,"special_gw;basic_hp;basic_hp;basic_hp;basic_power;basic_power;basic_hp;basic_armor;basic_mr;basic_hp"
48,0,294,152,23,bot0_1,Zephyr,0,SPLITPUSHER,magical,3,2,17,10,14022,6226,5845,426,22.3,1.5,368,526,36,43,10,220,3170,648,279,15,0.95,0.6,1.07,"special_lifesteal;basic_power;basic_power;basic_hp;basic_haste;basic_hp;basic_haste;basic_power;basic_hp;basic_mr"
48,0,294,152,23,bot1_1,Hana,1,TANK,magical,2,5,5,1.4,7194,3057,8911,0,12.9,0,544,599,12,30,8,140,2290,468,237,57,0.806,0.4,0.34,"basic_hp;basic_hp;basic_hp;basic_hp;basic_mr;basic_armor;basic_power;basic_haste"
48,0,294,152,23,bot0_2,Oracle,0,MAGE,physical,10,1,10,20,11729,6830,4720,403,24.5,1.4,496,640,22,20,11,47,3822,781,279,15,0.95,2,1.45,"special_lifesteal;basic_power;basic_power;basic_hp;basic_power;basic_as;basic_hp;basic_as;basic_mr;basic_hp;basic_armor;basic_as;basic_mr"
48,0,294,152,23,bot1_2,Tamer,1,MAGE,magical,4,6,4,1.33,10660,5130,5715,2839,23.3,12.9,232,461,26,13,9,41,2666,545,220,73,0.75,0.8,0.9,"special_lifesteal;basic_power;basic_hp;basic_power;basic_haste;basic_hp;basic_mr;basic_armor;basic_power"
48,0,294,152,23,bot0_3,Tamer,0,MAGE,magical,4,3,16,6.67,11457,8194,3949,3412,32.6,13.6,292,532,28,11,10,274,3199,654,252,42,0.857,0.8,2.07,"special_lifesteal;basic_power;basic_power;basic_hp;basic_hp;basic_haste;basic_mr;basic_armor;basic_hp;basic_power"
48,0,294,152,23,bot1_3,Wanderer,1,SLAYER,physical,1,7,7,1.14,12465,5931,6523,193,29.1,0.9,806,1104,13,11,9,65,2390,488,204,90,0.694,0.2,0.91,"special_lifesteal;basic_power;basic_power;basic_hp;basic_as;basic_armor;basic_hp;basic_mr"
48,0,294,152,23,bot0_4,Bruiser,0,FIGHTER,physical,5,2,13,9,10494,5427,5464,335,20.2,1.2,420,611,43,26,10,274,3199,654,268,25,0.913,1,0.99,"special_gw;special_lifesteal;basic_hp;basic_power;basic_power;basic_hp;basic_as;basic_as;basic_hp"
48,0,294,152,23,bot1_4,Goliath,1,TANK,physical,1,4,6,1.75,7047,3604,8180,892,14.8,3.7,328,446,31,14,8,94,2244,459,243,51,0.827,0.2,0.44,"basic_hp;basic_hp;basic_hp;basic_mr;basic_armor;basic_hp;basic_power;basic_as"
49,1,288,14,151,bot0_1,Eggchanter,0,SUPPORT,magical,1,7,1,0.29,3761,2067,7027,942,10,4.5,123,207,20,10,8,181,1956,408,207,80,0.721,0.2,0.29,"special_gw;basic_hp;basic_armor;basic_power;basic_haste;basic_mr"
49,1,288,14,151,bot1_1,Vanguard,1,FIGHTER,physical,5,1,15,20,11367,6660,5062,0,24.2,0,495,544,40,32,11,261,3361,701,275,13,0.956,1,1.32,"special_gw;basic_hp;basic_hp;basic_hp;basic_mr;basic_power;basic_mr;basic_hp;basic_mr;basic_hp"
49,1,288,14,151,bot0_2,Hana,0,TANK,magical,1,6,1,0.33,7905,5180,10423,0,23.5,0,308,645,8,29,8,50,1975,412,221,67,0.767,0.2,0.5,"basic_hp;basic_hp;basic_hp;basic_hp;basic_armor;basic_armor;basic_mr"
49,1,288,14,151,bot1_2,Bruiser,1,FIGHTER,physical,7,0,13,20,15281,8600,5006,469,29.9,1.6,317,664,53,30,11,74,3549,740,288,0,1,1.5,1.72,"special_gw;special_lifesteal;basic_power;basic_hp;basic_power;basic_as;basic_hp;basic_hp;basic_mr;basic_as;basic_power"
49,1,288,14,151,bot0_3,Ironclad,0,TANK,physical,0,6,2,0.33,5293,2734,10329,0,12.7,0,354,465,18,13,7,252,1852,386,216,72,0.75,0,0.26,"basic_hp;basic_hp;basic_hp;basic_armor;basic_mr;basic_armor"
49,1,288,14,151,bot1_3,Wanderer,1,SLAYER,physical,7,1,14,21,21221,12560,3977,529,46.3,2,533,1044,25,17,11,256,3531,736,271,17,0.943,1.5,3.16,"special_lifesteal;basic_power;basic_power;basic_power;basic_power;basic_as;basic_as;basic_hp;basic_hp;basic_mr;basic_as"
49,1,288,14,151,bot0_4,Jirina,0,FIGHTER,magical,0,5,2,0.4,8270,3751,6486,1212,16.7,5.4,508,610,20,7,8,156,1981,413,224,63,0.78,0,0.58,"special_lifesteal;basic_power;basic_hp;basic_power;basic_hp;basic_armor"
49,1,288,14,151,bot1_4,Cleric,1,SUPPORT,magical,5,0,16,21,7278,4958,2807,7317,17.2,25.4,290,348,46,33,11,159,3434,716,288,0,1,1,1.77,"basic_hp;basic_hp;basic_hp;basic_mr;basic_mr;basic_hp;basic_hp;basic_mr;basic_armor;basic_mr;basic_hp"
50,1,405,59,150,bot0_1,Jailer,0,TANK,magical,3,7,13,2.29,11922,8415,14909,0,26.7,0,653,765,28,26,10,162,3237,479,315,90,0.778,0.4,0.56,"basic_hp;basic_hp;basic_hp;basic_mr;basic_hp;basic_mr;basic_armor;basic_power;basic_hp;basic_mr;basic_haste"
50,1,405,59,150,bot1_1,Healer,1,SUPPORT,magical,5,5,23,5.6,11027,7570,10518,6907,20.1,18.4,202,272,59,17,12,50,4175,618,376,29,0.928,0.7,0.72,"basic_hp;basic_hp;basic_hp;basic_mr;basic_mr;basic_armor;basic_haste;basic_power;basic_as;basic_armor;basic_haste;basic_hp;basic_power;basic_as;basic_hp"
50,1,405,59,150,bot0_2,Wanderer,0,SLAYER,physical,1,8,12,1.63,12685,7393,8270,197,24.8,0.7,625,1258,17,14,11,179,3079,456,298,107,0.735,0.1,0.89,"special_lifesteal;basic_power;basic_hp;basic_as;basic_power;basic_mr;basic_hp;basic_armor;basic_hp;basic_as"
50,1,405,59,150,bot1_2,Reaper,1,SPLITPUSHER,magical,14,4,9,5.75,16420,9930,8350,571,28.6,1.6,542,838,44,22,12,52,4827,715,347,58,0.858,2.1,1.19,"special_lifesteal;special_gw;basic_power;basic_hp;basic_power;basic_hp;basic_hp;basic_mr;basic_power;basic_haste;basic_hp;basic_mr;basic_power;basic_hp;basic_mr"
50,1,405,59,150,bot0_3,Mage,0,MAGE,magical,5,6,10,2.5,20012,9937,9239,476,30.9,1.5,522,709,59,27,11,102,3652,541,321,84,0.793,0.7,1.08,"special_lifesteal;basic_power;basic_hp;basic_mr;basic_power;basic_hp;basic_power;basic_hp;basic_hp;basic_mr;basic_haste;basic_haste"
50,1,405,59,150,bot1_3,Quiller,1,SLAYER,physical,7,4,18,6.25,26540,13527,7232,838,38.8,2.4,327,652,53,33,12,164,4314,639,348,57,0.86,1,1.87,"special_lifesteal;basic_power;basic_hp;basic_power;basic_as;basic_power;basic_as;basic_as;basic_mr;basic_armor;basic_hp;basic_power;basic_mr;basic_power"
50,1,405,59,150,bot0_4,Tamer,0,MAGE,magical,8,9,7,1.67,14308,9175,8527,3236,32.9,11.6,313,551,32,12,12,166,3966,587,279,126,0.689,1.2,1.08,"special_lifesteal;basic_power;basic_power;basic_power;basic_hp;basic_haste;basic_mr;basic_hp;basic_armor;basic_power;basic_hp;basic_haste;basic_mr"
50,1,405,59,150,bot1_4,Hana,1,TANK,magical,4,4,20,6,12533,7776,11198,0,22.3,0,481,622,19,35,11,117,3842,569,348,57,0.86,0.6,0.69,"basic_hp;basic_hp;basic_mr;basic_hp;basic_hp;basic_mr;basic_armor;basic_hp;basic_mr;basic_armor;basic_haste;basic_armor;basic_mr"
51,0,335,150,29,bot0_1,Jirina,0,FIGHTER,magical,3,1,18,21,9885,6235,7476,6766,19.3,20.9,362,455,41,20,10,241,3291,590,324,11,0.968,0.5,0.83,"basic_hp;basic_hp;basic_hp;basic_mr;basic_mr;basic_power;basic_power;basic_haste;basic_armor;basic_hp;basic_hp"
51,0,335,150,29,bot1_1,Reaper,1,SPLITPUSHER,magical,4,5,1,1,11363,6808,6545,332,25.8,1.3,456,596,33,16,9,13,2638,473,263,71,0.787,0.7,1.04,"special_lifesteal;basic_power;basic_power;basic_hp;basic_haste;basic_mr;basic_hp;basic_power;basic_armor"
51,0,335,150,29,bot0_2,Cleric,0,SUPPORT,magical,1,1,15,16,8712,4288,5346,8022,13.3,24.8,339,405,51,38,10,267,2942,527,323,12,0.965,0.2,0.8,"special_gw;basic_hp;basic_hp;basic_mr;basic_mr;basic_hp;basic_armor;basic_power;basic_mr"
51,0,335,150,29,bot1_2,Hana,1,TANK,magical,0,6,5,0.83,8129,5705,9331,0,22.7,0,365,692,9,26,9,120,2220,398,252,83,0.752,0,0.61,"basic_hp;basic_hp;basic_mr;basic_mr;basic_hp;basic_armor;basic_power;basic_haste"
51,0,335,150,29,bot0_3,Jailer,0,TANK,magical,5,1,16,21,11278,6414,5920,0,19.2,0,380,473,35,26,10,129,3479,624,335,0,1,0.9,1.08,"basic_hp;basic_hp;basic_hp;basic_mr;basic_mr;basic_hp;basic_mr;basic_armor;basic_armor;basic_haste;basic_hp;basic_power"
51,0,335,150,29,bot1_3,Pyromancer,1,SLAYER,magical,0,5,5,1,9400,4741,6194,137,17.5,0.5,442,744,22,15,8,152,2202,395,271,63,0.81,0,0.77,"special_lifesteal;basic_power;basic_hp;basic_mr;basic_power;basic_haste;basic_armor"
51,0,335,150,29,bot0_4,Lynx,0,SLAYER,physical,14,2,6,10,15268,9640,7266,460,31.2,1.5,539,801,60,41,11,217,4317,774,309,25,0.924,2.5,1.33,"special_lifesteal;basic_power;basic_hp;basic_power;basic_power;basic_hp;basic_as;basic_as;basic_hp;basic_mr;basic_mr;basic_as;basic_armor;basic_power"
51,0,335,150,29,bot1_4,Kratoma,1,SLAYER,physical,1,7,4,0.71,13595,5418,7709,310,22.3,1.3,321,630,16,13,9,54,2404,431,243,91,0.727,0.2,0.7,"special_lifesteal;basic_power;basic_as;basic_hp;basic_mr;basic_power;basic_armor;basic_power"
52,1,316,11,150,bot0_1,Jirina,0,FIGHTER,magical,0,5,4,0.8,9275,4440,9345,2443,17.6,9.7,388,538,29,10,9,64,2139,406,252,64,0.796,0,0.48,"basic_hp;basic_hp;basic_hp;basic_power;basic_armor;basic_haste;basic_mr;basic_as"
52,1,316,11,150,bot1_1,Ironclad,1,TANK,physical,2,0,16,18,6298,4235,5086,0,13.4,0,307,455,31,19,10,182,2982,566,316,0,1,0.4,0.83,"basic_hp;basic_hp;basic_armor;basic_hp;basic_hp;basic_armor;basic_hp;basic_mr;basic_mr;basic_as"
52,1,316,11,150,bot0_2,Doctor,0,SUPPORT,physical,1,9,4,0.56,5320,2847,11868,2801,11.3,11.2,238,315,20,15,9,164,2289,434,251,65,0.793,0.2,0.24,"special_heal_power;basic_hp;basic_hp;basic_hp;basic_armor;basic_armor;basic_mr"
52,1,316,11,150,bot1_2,Wanderer,1,SLAYER,physical,9,3,11,6.67,19452,11479,5924,0,36.6,0,743,1141,25,20,11,247,3847,730,314,3,0.992,1.7,1.94,"special_gw;basic_hp;basic_hp;basic_hp;basic_power;basic_power;basic_hp;basic_armor;basic_power;basic_mr;basic_as;basic_hp"
52,1,316,11,150,bot0_3,Kratoma,0,SLAYER,physical,2,6,3,0.83,11971,3652,7465,260,15.4,1.1,252,444,19,17,9,83,2458,466,238,79,0.752,0.4,0.49,"special_lifesteal;basic_power;basic_power;basic_power;basic_as;basic_hp;basic_as;basic_armor"
52,1,316,11,150,bot1_3,Summoner,1,MAGE,magical,8,1,15,23,9543,6932,3577,335,22.8,1.1,214,296,46,24,11,13,3838,728,304,13,0.96,1.5,1.94,"special_lifesteal;basic_power;basic_power;basic_power;basic_hp;basic_haste;basic_hp;basic_haste;basic_armor;basic_mr;basic_power;basic_hp;basic_haste"
52,1,316,11,150,bot0_4,Hana,0,TANK,magical,2,5,2,0.8,9694,4407,10441,0,17.4,0,304,763,9,31,8,119,2294,435,253,63,0.8,0.4,0.42,"basic_hp;basic_hp;basic_hp;basic_armor;basic_mr;basic_power;basic_armor;basic_hp"
52,1,316,11,150,bot1_4,Oracle,1,MAGE,physical,6,1,14,20,11299,6428,3190,0,21.2,0,430,637,21,22,10,218,3518,667,303,14,0.957,1.1,2.02,"special_gw;basic_hp;basic_hp;basic_hp;basic_power;basic_as;basic_armor;basic_power;basic_mr;basic_hp;basic_hp"
53,0,305,152,21,bot0_1,Lynx,0,SLAYER,physical,6,2,6,6,9843,7682,3409,529,27.6,1.9,441,872,37,31,9,59,2959,582,278,27,0.911,1.2,2.25,"special_lifesteal;special_lifesteal;basic_power;basic_power;basic_hp;basic_as;basic_mr;basic_armor;basic_hp"
53,0,305,152,21,bot1_1,Ironclad,1,TANK,physical,1,4,5,1.5,7566,3689,10351,0,14.5,0,464,567,23,19,9,225,2375,467,254,52,0.831,0.2,0.36,"basic_hp;basic_hp;basic_hp;basic_armor;basic_mr;basic_power;basic_as;basic_hp"
53,0,305,152,21,bot0_2,Goliath,0,TANK,physical,2,2,13,7.5,7471,5637,7116,1511,20.1,5.4,339,436,26,19,9,60,2760,542,280,25,0.917,0.4,0.79,"basic_hp;basic_hp;basic_hp;basic_hp;basic_mr;basic_armor;basic_mr;basic_as;basic_armor;basic_power"
53,0,305,152,21,bot1_2,Jailer,1,TANK,magical,2,4,2,1,9642,3549,6833,0,13.9,0,600,761,18,17,9,102,2327,457,255,50,0.837,0.4,0.52,"basic_hp;basic_hp;basic_hp;basic_armor;basic_hp;basic_armor;basic_armor;basic_mr"
53,0,305,152,21,bot0_3,Eggchanter,0,SUPPORT,magical,0,1,15,15,5874,3659,3648,4720,12,15.5,118,207,31,16,9,152,2577,506,305,0,1,0,1,"special_heal_power;basic_hp;basic_hp;basic_hp;basic_hp;basic_mr;basic_armor;basic_haste"
53,0,305,152,21,bot1_3,Bruiser,1,FIGHTER,physical,2,4,4,1.5,10986,4690,8225,368,16.8,1.3,402,528,39,32,9,373,2448,481,279,26,0.914,0.4,0.57,"special_lifesteal;special_gw;basic_power;basic_hp;basic_hp;basic_armor"
53,0,305,152,21,bot0_4,Quiller,0,SLAYER,physical,8,1,7,15,15446,9555,3051,361,33,1.2,275,550,42,23,10,175,3375,663,290,16,0.949,1.6,3.13,"special_lifesteal;basic_power;basic_hp;basic_as;basic_mr;basic_power;basic_hp;basic_as;basic_armor;basic_power;basic_hp"
53,0,305,152,21,bot1_4,Volstrov,1,MAGE,magical,1,4,5,1.5,9284,3855,5105,228,15.3,0.9,236,323,11,12,10,125,2450,481,252,54,0.824,0.2,0.76,"special_lifesteal;special_gw;basic_power;basic_hp;basic_armor;basic_haste;basic_power"
54,1,382,30,152,bot0_1,Ironclad,0,TANK,physical,1,4,7,2,9379,4692,11571,0,14.5,0,314,394,30,24,10,122,2822,444,323,58,0.847,0.2,0.41,"basic_hp;basic_hp;basic_hp;basic_armor;basic_mr;basic_armor;basic_mr;basic_hp;basic_as;basic_power"
54,1,382,30,152,bot1_1,Fusilier,1,SLAYER,physical,9,2,11,10,21217,11322,4307,930,32.1,2.6,344,636,66,15,12,25,4125,649,353,28,0.926,1.4,2.63,"special_lifesteal;special_lifesteal;basic_power;basic_power;basic_as;basic_power;basic_hp;basic_as;basic_as;basic_hp;basic_mr;basic_power;basic_armor"
54,1,382,30,152,bot0_2,Pyromancer,0,SLAYER,magical,2,6,7,1.5,12806,5570,7030,186,18.7,0.6,288,422,30,22,10,197,2872,452,299,83,0.783,0.3,0.79,"special_lifesteal;basic_power;basic_hp;basic_power;basic_power;basic_haste;basic_power;basic_mr;basic_armor"
54,1,382,30,152,bot1_2,Goliath,1,TANK,physical,3,4,17,5,9950,7421,10609,1975,22.7,6,355,497,38,23,11,282,3532,555,327,55,0.857,0.5,0.7,"basic_hp;basic_hp;basic_hp;basic_mr;basic_mr;basic_armor;basic_as;basic_mr;basic_power;basic_haste;basic_hp;basic_armor"
54,1,382,30,152,bot0_3,Jailer,0,TANK,magical,3,5,5,1.6,12880,6925,9940,0,22.3,0,352,572,27,24,10,150,2950,464,310,71,0.813,0.5,0.7,"basic_hp;basic_hp;basic_hp;basic_armor;basic_mr;basic_hp;basic_armor;basic_mr;basic_armor;basic_mr"
54,1,382,30,152,bot1_3,Eggchanter,1,SUPPORT,magical,2,1,16,18,8760,4992,6580,8683,13.6,23.6,202,259,42,24,11,73,3323,522,368,14,0.964,0.3,0.76,"basic_hp;basic_hp;special_heal_power;basic_hp;basic_mr;basic_power;basic_hp;basic_haste;basic_armor;basic_mr;basic_mr"
54,1,382,30,152,bot0_4,Summoner,0,MAGE,magical,3,6,4,1.17,8905,5441,6731,276,17.8,0.9,179,257,42,21,10,227,2902,456,305,76,0.8,0.5,0.81,"special_lifesteal;basic_power;basic_hp;basic_power;basic_haste;basic_armor;basic_power;basic_power;basic_mr"
54,1,382,30,152,bot1_4,Jirina,1,FIGHTER,magical,7,2,12,9.5,15971,8757,8541,4097,24.7,11.5,451,508,54,18,11,211,3811,599,355,26,0.931,1.1,1.03,"special_lifesteal;basic_power;basic_hp;basic_power;basic_haste;basic_hp;basic_mr;basic_power;basic_hp;basic_power;basic_power;basic_armor"
55,1,288,16,151,bot0_1,Kratoma,0,SLAYER,physical,2,6,2,0.67,9099,5236,6830,211,24.9,1,266,498,15,13,8,105,2180,455,211,77,0.732,0.4,0.77,"special_lifesteal;basic_power;basic_as;basic_power;basic_as;basic_hp;basic_armor"
55,1,288,16,151,bot1_1,Kratoma,1,SLAYER,physical,4,1,12,16,10455,5678,5401,367,19.7,1.3,327,617,19,18,10,122,3072,641,288,0,1,0.8,1.05,"special_lifesteal;basic_power;basic_power;basic_hp;basic_hp;basic_as;basic_as;basic_power;basic_hp;basic_mr"
55,1,288,16,151,bot0_2,Vanguard,0,FIGHTER,physical,1,6,3,0.67,7203,2710,9590,0,12.9,0,466,564,33,19,8,290,2140,446,211,77,0.732,0.2,0.28,"basic_hp;basic_hp;basic_hp;basic_armor;basic_mr;basic_armor;basic_power"
55,1,288,16,151,bot1_2,Jailer,1,TANK,magical,3,1,14,17,10337,6591,3545,0,24.1,0,505,623,24,21,11,126,3176,662,273,15,0.949,0.6,1.86,"basic_hp;basic_hp;basic_mr;basic_armor;basic_hp;basic_hp;basic_haste;basic_power;basic_mr;basic_armor;basic_hp"
55,1,288,16,151,bot0_3,Eggchanter,0,SUPPORT,magical,1,6,3,0.67,4501,1895,8022,2543,8.8,11.9,121,174,18,10,8,38,2113,441,214,73,0.746,0.2,0.24,"basic_hp;basic_hp;basic_armor;basic_power;basic_hp;basic_haste;basic_mr;basic_as"
55,1,288,16,151,bot1_3,Wanderer,1,SLAYER,physical,9,1,10,19,16844,8674,3194,437,31.8,1.6,646,1097,22,15,11,267,3742,780,273,15,0.949,1.9,2.72,"special_lifesteal;basic_power;basic_power;basic_hp;basic_hp;basic_as;basic_mr;basic_as;basic_armor;basic_mr;basic_power;basic_hp"
55,1,288,16,151,bot0_4,Volstrov,0,MAGE,magical,0,5,4,0.8,8054,3277,5981,191,14.7,0.9,347,482,12,12,8,261,2061,430,222,65,0.773,0,0.55,"special_lifesteal;basic_power;basic_hp;basic_armor;basic_power;basic_haste"
55,1,288,16,151,bot1_4,Bruiser,1,FIGHTER,physical,7,1,13,20,11647,6876,3440,386,25.1,1.4,382,538,40,27,11,135,3660,763,274,14,0.953,1.5,2,"special_lifesteal;basic_power;basic_hp;basic_power;basic_as;basic_hp;basic_hp;basic_power;basic_as;basic_hp;basic_mr;basic_armor"
56,1,299,14,151,bot0_1,Ironclad,0,TANK,physical,2,6,3,0.83,3838,2455,11681,0,10.9,0,329,430,19,13,8,128,2278,456,225,74,0.752,0.4,0.21,"basic_hp;basic_hp;basic_hp;basic_armor;basic_mr;basic_power;basic_armor;basic_armor"
56,1,299,14,151,bot1_1,Fusilier,1,SLAYER,physical,7,1,18,25,17150,9933,3341,620,35.3,2.2,367,602,42,14,11,109,3884,778,282,18,0.941,1.4,2.97,"special_lifesteal;basic_power;basic_hp;basic_power;basic_as;basic_armor;basic_power;basic_mr;basic_as;basic_hp;basic_as;basic_hp;basic_armor"
56,1,299,14,151,bot0_2,Lynx,0,SLAYER,physical,1,7,4,0.71,5766,3526,6773,114,16.5,0.5,606,772,24,26,8,45,2120,425,213,86,0.713,0.2,0.52,"special_lifesteal;basic_power;basic_hp;basic_power;basic_as;basic_hp;basic_armor"
56,1,299,14,151,bot1_2,Quiller,1,SLAYER,physical,9,0,14,23,17855,9331,2101,393,31.2,1.3,290,573,45,26,11,253,4003,802,299,0,1,1.8,4.44,"special_lifesteal;basic_power;basic_hp;basic_power;basic_as;basic_hp;basic_armor;basic_as;basic_power;basic_armor;basic_mr;basic_hp;basic_mr"
56,1,299,14,151,bot0_3,Eggchanter,0,SUPPORT,magical,1,8,4,0.63,4607,2500,10225,2752,12.1,13.3,171,249,21,11,8,133,2208,442,207,92,0.692,0.2,0.24,"basic_hp;basic_hp;basic_armor;basic_power;basic_haste;basic_mr;basic_hp;basic_as"
56,1,299,14,151,bot1_3,Bruiser,1,FIGHTER,physical,1,2,20,10.5,10712,5894,4353,368,21.9,1.4,321,487,40,27,11,164,3089,619,269,30,0.899,0.2,1.35,"special_lifesteal;basic_power;basic_hp;basic_as;basic_power;basic_hp;basic_hp;basic_as;basic_armor;basic_armor"
56,1,299,14,151,bot0_4,Vanguard,0,FIGHTER,physical,1,7,4,0.71,7641,3835,10549,0,17.9,0,319,626,32,17,8,8,2183,437,215,85,0.717,0.2,0.36,"basic_hp;basic_hp;basic_hp;basic_armor;basic_mr;basic_armor;basic_hp;basic_power"
56,1,299,14,151,bot1_4,Reaper,1,SPLITPUSHER,magical,11,2,17,14,17880,12780,4520,638,42.7,2.1,504,884,41,20,12,110,4310,864,299,0,1,2.2,2.83,"special_lifesteal;basic_power;basic_hp;basic_armor;basic_haste;basic_mr;basic_power;basic_hp;basic_power;basic_hp;basic_power;basic_armor;basic_hp;basic_power"
57,0,264,150,11,bot0_1,Quiller,0,SLAYER,physical,3,1,21,24,12560,7632,2275,469,30.5,1.9,273,517,39,24,11,291,3266,742,250,14,0.948,0.7,3.35,"special_lifesteal;basic_power;basic_power;basic_as;basic_hp;basic_power;basic_as;basic_power;basic_hp;basic_mr"
57,0,264,150,11,bot1_1,Eggchanter,1,SUPPORT,magical,0,7,2,0.29,3603,2197,8720,2495,12,13.6,122,172,18,9,7,197,1747,397,183,81,0.693,0,0.25,"special_heal_power;basic_hp;basic_hp;basic_armor;basic_haste"
57,0,264,150,11,bot0_2,Goliath,0,TANK,physical,5,1,21,26,9884,6419,4715,2550,24.3,9.7,359,427,35,23,11,239,3414,776,264,0,1,1.1,1.36,"basic_hp;basic_hp;basic_mr;basic_mr;basic_power;basic_power;basic_as;basic_haste;basic_armor;basic_hp;basic_as;basic_armor"
57,0,264,150,11,bot1_2,Hana,1,TANK,magical,0,8,2,0.25,3982,2722,10909,0,14,0,258,515,7,28,7,137,1712,389,195,69,0.738,0,0.25,"basic_hp;basic_hp;basic_armor;basic_haste;basic_armor;basic_haste"
57,0,264,150,11,bot0_3,Fusilier,0,SLAYER,physical,10,0,17,27,18812,12274,2189,656,46.5,2.5,440,687,44,13,11,220,3795,862,264,0,1,2.3,5.61,"special_lifesteal;basic_power;basic_power;basic_as;basic_hp;basic_mr;basic_power;basic_as;basic_as;basic_hp;basic_power;basic_hp"
57,0,264,150,11,bot1_3,Reaper,1,SPLITPUSHER,magical,2,7,0,0.29,9502,4210,8470,288,21.2,1.4,497,623,27,15,8,230,2030,461,199,65,0.752,0.5,0.5,"special_lifesteal;basic_power;basic_hp;basic_power;basic_haste;basic_armor"
57,0,264,150,11,bot0_4,Kratoma,0,SLAYER,physical,10,0,18,28,9821,6714,3384,0,25.4,0,304,456,21,20,11,250,3775,858,264,0,1,2.3,1.98,"special_gw;basic_hp;basic_hp;basic_mr;basic_power;basic_hp;basic_mr;basic_power;basic_as;basic_haste;basic_mr;basic_hp"
57,0,264,150,11,bot1_4,Jirina,1,FIGHTER,magical,0,6,2,0.33,4714,2298,7159,1326,10.7,6.2,412,502,16,7,7,214,1764,401,215,49,0.815,0,0.32,"special_lifesteal;basic_power;basic_hp;basic_armor;basic_power"
58,0,294,150,12,bot0_1,Jailer,0,TANK,magical,8,0,10,18,10094,8214,4986,0,28,0,443,492,29,26,10,39,3414,698,294,0,1,1.6,1.65,"basic_hp;basic_hp;basic_hp;basic_mr;basic_hp;basic_mr;basic_armor;basic_mr;basic_mr;basic_haste;basic_armor;basic_armor"
58,0,294,150,12,bot1_1,Zephyr,1,SPLITPUSHER,magical,0,5,2,0.4,6141,4733,6893,127,20.4,0.5,364,499,25,21,7,286,1861,380,232,61,0.791,0,0.69,"special_lifesteal;basic_power;basic_hp;basic_power;basic_hp"
58,0,294,150,12,bot0_2,Jirina,0,FIGHTER,magical,8,0,10,18,7344,6383,2508,2526,21.7,8.6,275,370,33,8,10,157,3382,691,294,0,1,1.6,2.55,"special_lifesteal;basic_power;basic_hp;basic_power;basic_mr;basic_hp;basic_hp;basic_mr;basic_haste;basic_haste;basic_power"
58,0,294,150,12,bot1_2,Pyromancer,1,SLAYER,magical,0,7,3,0.43,9415,4388,6270,102,20.4,0.5,526,670,20,15,8,136,1936,396,215,78,0.733,0,0.7,"special_lifesteal;basic_power;basic_power;basic_hp;basic_haste;basic_armor"
58,0,294,150,12,bot0_3,Wanderer,0,SLAYER,physical,6,2,12,9,17691,10931,5043,494,40.4,1.8,622,1322,21,16,10,58,3233,661,270,23,0.921,1.2,2.17,"special_lifesteal;basic_power;basic_hp;basic_power;basic_power;basic_as;basic_mr;basic_hp;basic_as;basic_armor;basic_mr"
58,0,294,150,12,bot1_3,Goliath,1,TANK,physical,1,5,1,0.4,8195,4992,11455,968,19.5,3.8,492,681,32,16,8,52,1977,404,257,37,0.874,0.2,0.44,"basic_hp;basic_hp;basic_hp;basic_mr;basic_armor;basic_hp;basic_mr"
58,0,294,150,12,bot0_4,Doctor,0,SUPPORT,physical,2,1,21,23,6823,6456,7834,11178,22.7,39.3,124,207,26,23,10,48,3073,628,285,9,0.97,0.4,0.82,"special_heal_power;basic_hp;basic_hp;basic_mr;basic_hp;basic_mr;basic_armor;basic_armor;basic_hp;basic_mr"
58,0,294,150,12,bot1_4,Cleric,1,SUPPORT,magical,2,7,1,0.43,6227,4558,9431,2927,22.4,14.4,291,350,27,20,8,32,2132,436,204,90,0.695,0.4,0.48,"basic_hp;basic_hp;basic_hp;basic_mr;basic_armor;basic_haste;basic_armor;basic_power"
59,1,323,5,150,bot0_1,Lynx,0,SLAYER,physical,2,8,3,0.63,8295,4425,7217,154,19.1,0.7,445,746,35,26,9,10,2360,438,231,92,0.716,0.4,0.61,"special_lifesteal;basic_power;basic_power;basic_power;basic_as;basic_hp;basic_mr;basic_armor"
59,1,323,5,150,bot1_1,Tamer,1,MAGE,magical,7,2,15,11,13384,8242,2483,2132,27.9,7.2,306,517,35,8,11,271,3771,700,296,27,0.915,1.3,3.32,"special_lifesteal;basic_power;basic_hp;basic_power;basic_power;basic_power;basic_haste;basic_armor;basic_hp;basic_haste;basic_armor;basic_mr"
59,1,323,5,150,bot0_2,Vanguard,0,FIGHTER,physical,0,7,4,0.57,8712,3029,12292,0,12.7,0,498,498,39,19,8,71,2146,399,239,84,0.74,0,0.25,"basic_hp;basic_hp;basic_hp;basic_mr;basic_power;basic_armor;basic_as;basic_haste"
59,1,323,5,150,bot1_2,Mage,1,MAGE,magical,9,1,15,24,17078,8954,3560,565,29.2,1.8,496,708,63,23,12,142,4042,751,306,17,0.949,1.7,2.52,"special_lifesteal;basic_power;basic_power;basic_power;basic_hp;basic_hp;basic_power;basic_haste;basic_haste;basic_hp;basic_armor;basic_power;basic_armor"
59,1,323,5,150,bot0_3,Doctor,0,SUPPORT,physical,2,8,3,0.63,4500,2137,11089,2277,9.2,9.8,196,235,21,12,8,187,2312,429,233,90,0.722,0.4,0.19,"basic_hp;basic_hp;basic_hp;basic_mr;basic_armor;basic_mr;basic_power;basic_armor"
59,1,323,5,150,bot1_3,Jailer,1,TANK,magical,5,1,18,23,10022,8043,4667,0,24.9,0,502,618,28,22,11,27,3677,683,323,0,1,0.9,1.72,"basic_hp;basic_hp;basic_hp;basic_armor;basic_armor;basic_armor;basic_hp;basic_armor;basic_mr;basic_power;basic_mr;basic_power;basic_mr"
59,1,323,5,150,bot0_4,Eggchanter,0,SUPPORT,magical,1,5,4,1,5485,2870,9083,4360,11.1,16.9,119,217,24,14,9,172,2272,422,258,65,0.798,0.2,0.32,"basic_hp;basic_hp;basic_hp;basic_mr;basic_mr;basic_power;basic_haste;basic_armor"
59,1,323,5,150,bot1_4,Wanderer,1,SLAYER,physical,7,1,16,23,20238,12082,3867,488,38.9,1.6,885,1741,25,18,11,237,3862,717,310,13,0.961,1.3,3.12,"special_lifesteal;basic_power;basic_power;basic_power;basic_as;basic_as;basic_power;basic_as;basic_hp;basic_hp;basic_power;basic_armor"
60,0,323,152,5,bot0_1,Wanderer,0,SLAYER,physical,4,2,13,8.5,18113,11061,5557,415,37.3,1.4,777,1649,25,18,10,313,3213,597,297,26,0.918,0.7,1.99,"special_lifesteal;basic_power;basic_power;basic_hp;basic_power;basic_as;basic_armor;basic_mr;basic_hp;basic_as"
60,0,323,152,5,bot1_1,Bruiser,1,FIGHTER,physical,0,5,5,1,9072,4076,8406,273,15.8,1.1,261,354,34,26,8,294,2094,389,257,65,0.797,0,0.48,"special_lifesteal;basic_power;basic_power;basic_as;basic_hp;basic_mr"
60,0,323,152,5,bot0_2,Mage,0,MAGE,magical,5,1,17,22,20551,11183,3167,485,36.3,1.6,747,790,64,22,11,134,3609,671,308,15,0.955,0.9,3.53,"special_lifesteal;basic_power;basic_hp;basic_power;basic_armor;basic_hp;basic_haste;basic_power;basic_armor;basic_haste;basic_hp;basic_mr"
60,0,323,152,5,bot1_2,Doctor,1,SUPPORT,physical,0,6,3,0.5,2234,1564,8202,1000,6.3,4,180,215,11,9,8,94,1994,370,248,75,0.767,0,0.19,"basic_hp;basic_hp;basic_hp;basic_hp;basic_mr;basic_armor;basic_power"
60,0,323,152,5,bot0_3,Goliath,0,TANK,physical,8,1,9,17,6667,4407,5418,1705,14.2,5.5,296,403,35,17,11,260,3610,671,311,12,0.964,1.5,0.81,"basic_hp;basic_hp;basic_hp;basic_hp;basic_armor;basic_armor;basic_mr;basic_mr;basic_as;basic_hp;basic_armor;basic_power"
60,0,323,152,5,bot1_3,Summoner,1,MAGE,magical,1,7,4,0.71,5906,3194,7383,117,13.9,0.5,173,237,29,16,8,192,2242,417,230,93,0.713,0.2,0.43,"special_lifesteal;basic_power;basic_hp;basic_power;basic_haste;basic_armor;basic_mr"
60,0,323,152,5,bot0_4,Healer,0,SUPPORT,magical,7,1,17,24,6942,5549,2311,2791,18,9.1,161,220,50,10,11,94,3894,724,308,15,0.955,1.3,2.4,"special_heal_power;basic_hp;basic_hp;basic_hp;basic_armor;basic_armor;basic_mr;basic_haste;basic_power;basic_hp;basic_armor;basic_mr;basic_haste"
60,0,323,152,5,bot1_4,Vanguard,1,FIGHTER,physical,4,6,1,0.83,7395,4441,10394,0,18.2,0,320,405,30,20,8,66,2491,463,244,79,0.755,0.7,0.43,"special_gw;basic_hp;basic_hp;basic_hp;basic_hp;basic_power;basic_armor;basic_mr"
61,1,464,126,151,bot0_1,Cleric,0,SUPPORT,magical,3,6,13,2.67,10621,8144,12455,7243,21.1,18.8,313,372,59,48,11,245,3595,465,386,78,0.832,0.4,0.65,"basic_hp;basic_hp;basic_hp;basic_armor;basic_mr;basic_hp;basic_hp;basic_haste;basic_armor;basic_armor;basic_power;basic_mr"
61,1,464,126,151,bot1_1,Jirina,1,FIGHTER,magical,9,3,14,7.67,24726,12904,11246,5041,31.5,12.3,469,585,76,17,13,344,4769,617,410,54,0.884,1.2,1.15,"special_lifesteal;basic_power;basic_hp;basic_power;basic_power;basic_hp;basic_hp;basic_haste;basic_armor;basic_mr;basic_haste;basic_armor;basic_mr;basic_power;basic_power"
61,1,464,126,151,bot0_2,Goliath,0,TANK,physical,2,6,14,2.67,11599,7684,13677,2910,20.1,7.6,366,527,45,29,11,111,3411,441,383,81,0.825,0.3,0.56,"basic_hp;basic_hp;basic_hp;basic_armor;basic_mr;basic_power;basic_as;basic_armor;basic_hp;basic_haste;basic_armor;basic_armor"
61,1,464,126,151,bot1_2,Doctor,1,SUPPORT,physical,4,6,15,3.17,7810,5718,12618,7093,15.6,19.3,227,345,23,22,12,107,3907,505,367,97,0.792,0.5,0.45,"basic_hp;basic_hp;special_heal_power;basic_mr;basic_hp;basic_mr;basic_hp;basic_armor;basic_armor;basic_power;basic_as;basic_power;basic_armor"
61,1,464,126,151,bot0_3,Summoner,0,MAGE,magical,3,7,13,2.29,11224,8155,10401,305,19.6,0.7,192,278,64,33,11,35,3535,457,416,48,0.897,0.4,0.78,"special_lifesteal;basic_power;basic_hp;basic_power;basic_armor;basic_hp;basic_haste;basic_mr;basic_armor;basic_power;basic_hp;basic_armor"
61,1,464,126,151,bot1_3,Ironclad,1,TANK,physical,5,4,17,5.5,15301,9595,14813,0,23.8,0,531,747,42,35,12,45,4220,546,402,61,0.868,0.6,0.65,"basic_hp;basic_hp;basic_mr;basic_armor;basic_power;basic_hp;basic_mr;basic_armor;basic_as;basic_hp;basic_armor;basic_haste;basic_hp;basic_mr;basic_as"
61,1,464,126,151,bot0_4,Quiller,0,SLAYER,physical,9,6,8,2.83,24241,14709,7652,601,38.4,1.6,322,682,57,33,12,126,4251,550,383,81,0.826,1.2,1.92,"special_lifesteal;basic_power;basic_as;basic_power;basic_hp;basic_armor;basic_power;basic_as;basic_power;basic_as;basic_mr;basic_as;basic_hp;basic_armor"
61,1,464,126,151,bot1_4,Wanderer,1,SLAYER,physical,7,4,13,5,27375,13793,8313,647,34.5,1.6,716,1090,34,23,13,243,4443,575,399,64,0.861,0.9,1.66,"special_lifesteal;basic_power;basic_power;basic_as;basic_as;basic_power;basic_power;basic_as;basic_as;basic_power;basic_hp;basic_armor;basic_hp;basic_mr"
62,1,276,1,151,bot0_1,Eggchanter,0,SUPPORT,magical,0,5,1,0.2,4073,2358,6232,2668,10.8,12.2,108,192,19,11,7,172,1722,374,219,57,0.795,0,0.38,"special_gw;basic_hp;basic_mr;basic_hp;basic_power"
62,1,276,1,151,bot1_1,Healer,1,SUPPORT,magical,1,0,18,19,6655,3686,1506,2973,13.4,10.8,156,214,46,8,10,135,2860,622,276,0,1,0.2,2.45,"basic_hp;basic_hp;basic_hp;basic_mr;basic_armor;basic_hp;basic_mr;basic_mr;basic_haste;basic_power"
62,1,276,1,151,bot0_2,Vanguard,0,FIGHTER,physical,0,4,1,0.25,6322,2233,8661,0,9.8,0,328,383,37,20,7,107,1707,371,228,48,0.827,0,0.26,"basic_hp;basic_hp;basic_hp;basic_mr;basic_power;basic_power"
62,1,276,1,151,bot1_2,Pyromancer,1,SLAYER,magical,8,1,11,19,10639,6400,2955,187,24.7,0.7,522,714,24,19,10,260,3485,758,259,17,0.94,1.7,2.17,"special_lifesteal;basic_power;basic_power;basic_hp;basic_power;basic_haste;basic_mr;basic_armor;basic_hp;basic_power;basic_haste"
62,1,276,1,151,bot0_3,Jailer,0,TANK,magical,0,6,1,0.17,6627,3366,9449,0,16.4,0,355,542,16,15,7,110,1710,372,206,70,0.746,0,0.36,"basic_hp;basic_hp;basic_hp;basic_mr;basic_armor;basic_mr"
62,1,276,1,151,bot1_3,Hana,1,TANK,magical,2,0,17,19,10526,7468,4301,0,27.1,0,402,734,18,32,10,134,2934,638,276,0,1,0.4,1.74,"basic_hp;basic_hp;basic_hp;basic_mr;basic_armor;basic_mr;basic_hp;basic_haste;basic_armor;basic_hp"
62,1,276,1,151,bot0_4,Ironclad,0,TANK,physical,1,5,0,0.2,3650,1894,9061,0,8.7,0,262,331,20,10,7,116,1866,406,217,59,0.786,0.2,0.21,"basic_hp;basic_hp;basic_hp;basic_hp;basic_mr;basic_hp"
62,1,276,1,151,bot1_4,Fusilier,1,SLAYER,physical,9,0,11,20,21316,13521,2516,732,49,2.7,646,957,47,15,11,50,3650,794,276,0,1,2,5.37,"special_lifesteal;basic_power;basic_power;basic_as;basic_power;basic_as;basic_power;basic_power;basic_hp;basic_mr;basic_as;basic_armor"
63,0,464,152,135,bot0_1,Lynx,0,SLAYER,physical,6,8,13,2.38,27922,14732,12273,701,41.1,2,689,1283,68,56,13,242,4342,562,358,105,0.773,0.8,1.2,"special_lifesteal;basic_power;basic_hp;basic_as;basic_mr;basic_armor;basic_power;basic_hp;basic_power;basic_as;basic_mr;basic_hp;basic_as;basic_power"
63,0,464,152,135,bot1_1,Pyromancer,1,SLAYER,magical,8,5,13,4.2,22990,10861,8637,343,27.7,0.9,600,744,41,34,12,53,4478,579,392,72,0.844,1,1.26,"special_lifesteal;basic_power;basic_hp;basic_power;basic_power;basic_haste;basic_hp;basic_hp;basic_power;basic_haste;basic_hp;basic_mr;basic_armor;basic_haste;basic_armor"
63,0,464,152,135,bot0_2,Healer,0,SUPPORT,magical,2,4,13,3.75,12515,6946,10053,10377,16.8,25.1,157,223,71,26,12,109,3634,470,414,50,0.893,0.3,0.69,"basic_hp;basic_hp;basic_mr;basic_hp;basic_power;basic_mr;basic_armor;basic_hp;basic_armor;basic_haste;basic_power;basic_mr;basic_as"
63,0,464,152,135,bot1_2,Jailer,1,TANK,magical,4,6,11,2.5,16142,8478,13979,0,22.8,0,387,497,38,32,11,277,3727,482,372,92,0.802,0.5,0.61,"basic_hp;basic_hp;basic_hp;basic_mr;basic_hp;basic_armor;basic_mr;basic_hp;basic_mr;basic_hp;basic_power;basic_haste"
63,0,464,152,135,bot0_3,Goliath,0,TANK,physical,9,4,10,4.75,14135,9104,13719,2513,22.1,6.1,384,514,54,29,13,283,4558,590,411,53,0.886,1.2,0.66,"basic_hp;basic_hp;basic_hp;basic_mr;basic_hp;basic_mr;basic_mr;basic_hp;basic_armor;basic_as;basic_armor;basic_hp;basic_power;basic_armor;basic_haste"
63,0,464,152,135,bot1_3,Eggchanter,1,SUPPORT,magical,1,4,18,4.75,12022,6077,14881,10896,14.8,26.5,137,244,47,26,12,268,3693,478,411,53,0.887,0.1,0.41,"special_gw;basic_hp;basic_hp;basic_hp;basic_hp;basic_mr;basic_hp;basic_armor;basic_hp;basic_mr;basic_power"
63,0,464,152,135,bot0_4,Summoner,0,MAGE,magical,3,6,14,2.83,12056,7832,8776,342,18.9,0.8,193,277,61,32,12,324,3849,498,415,49,0.895,0.4,0.89,"special_lifesteal;basic_power;basic_hp;basic_power;basic_mr;basic_hp;basic_hp;basic_haste;basic_armor;basic_power;basic_hp;basic_mr"
63,0,464,152,135,bot1_4,Kratoma,1,SLAYER,physical,9,5,13,4.4,22276,15192,10893,658,40.4,1.8,354,740,32,29,12,119,4544,588,376,88,0.811,1.2,1.39,"special_lifesteal;basic_power;basic_power;basic_power;basic_as;basic_hp;basic_power;basic_as;basic_as;basic_mr;basic_as;basic_armor;basic_hp;basic_hp;basic_mr"
64,1,440,70,150,bot0_1,Lynx,0,SLAYER,physical,3,7,10,1.86,15380,8490,8769,461,25,1.4,421,748,56,47,11,218,3393,462,340,100,0.772,0.4,0.97,"special_lifesteal;basic_power;basic_power;basic_hp;basic_as;basic_mr;basic_hp;basic_armor;basic_power;basic_as;basic_mr"
64,1,440,70,150,bot1_1,Jailer,1,TANK,magical,6,3,17,7.67,19855,9759,12269,0,24.6,0,611,884,39,43,12,169,4219,575,397,43,0.902,0.8,0.8,"basic_hp;basic_hp;basic_armor;basic_hp;basic_hp;basic_mr;basic_hp;basic_armor;basic_power;basic_armor;basic_mr;basic_haste;basic_armor;basic_hp"
64,1,440,70,150,bot0_2,Bruiser,0,FIGHTER,physical,2,7,10,1.71,14923,8072,12116,493,19.7,1.2,340,557,55,46,11,16,3216,438,410,30,0.932,0.3,0.67,"special_lifesteal;basic_power;basic_hp;basic_power;basic_hp;basic_hp;basic_as;basic_as;basic_mr;basic_power;basic_armor"
64,1,440,70,150,bot1_2,Cleric,1,SUPPORT,magical,7,3,19,8.67,11631,8574,8878,10459,21.8,26.6,340,390,72,56,13,7,4557,621,393,47,0.894,1,0.97,"basic_hp;basic_hp;basic_hp;basic_armor;basic_mr;basic_hp;basic_armor;basic_mr;basic_haste;basic_hp;basic_haste;basic_hp;basic_power;basic_as;basic_armor;basic_mr"
64,1,440,70,150,bot0_3,Volstrov,0,MAGE,magical,4,8,9,1.63,14595,8948,11217,381,27.6,1.2,246,493,17,21,12,133,3608,492,324,116,0.737,0.5,0.8,"special_lifesteal;basic_power;basic_hp;basic_power;basic_hp;basic_mr;basic_hp;basic_power;basic_haste;basic_armor;basic_mr;basic_haste"
64,1,440,70,150,bot1_3,Kratoma,1,SLAYER,physical,10,3,13,7.67,18591,11582,7209,482,29.3,1.2,365,799,33,32,12,73,4623,630,395,45,0.898,1.4,1.61,"special_lifesteal;basic_power;basic_power;basic_power;basic_power;basic_as;basic_hp;basic_as;basic_armor;basic_as;basic_hp;basic_power;basic_as;basic_mr;basic_as"
64,1,440,70,150,bot0_4,Goliath,0,TANK,physical,4,7,9,1.86,11827,7423,15482,2827,20.9,8,504,554,43,27,11,155,3455,471,354,86,0.805,0.5,0.48,"basic_hp;basic_hp;basic_mr;basic_hp;basic_armor;basic_hp;basic_mr;basic_as;basic_mr;basic_armor;basic_armor;basic_power"
64,1,440,70,150,bot1_4,Mage,1,MAGE,magical,6,4,21,6.75,21501,13225,7202,321,34.6,0.8,662,867,99,28,12,7,4407,601,383,57,0.869,0.8,1.84,"special_lifesteal;basic_power;basic_power;basic_hp;basic_armor;basic_hp;basic_hp;basic_armor;basic_haste;basic_mr;basic_power;basic_hp;basic_haste;basic_power;basic_mr"
65,0,343,150,4,bot0_1,Healer,0,SUPPORT,magical,6,0,22,28,8688,5350,5133,8383,15.6,24.4,151,217,55,18,12,36,4186,731,343,0,1,1,1.04,"special_gw;basic_hp;basic_hp;basic_hp;basic_armor;basic_armor;basic_power;basic_hp;basic_mr;special_heal_power;basic_armor;basic_hp;basic_mr"
65,0,343,150,4,bot1_1,Quiller,1,SLAYER,physical,0,9,3,0.33,14480,6944,8417,326,24.7,1.2,248,494,35,25,9,197,2247,393,281,62,0.818,0,0.82,"special_lifesteal;basic_power;basic_as;basic_power;basic_hp;basic_mr;basic_armor"
65,0,343,150,4,bot0_2,Quiller,0,SLAYER,physical,10,1,13,23,19793,12194,2999,564,36.9,1.7,377,783,56,32,12,75,4225,738,331,13,0.963,1.7,4.07,"special_lifesteal;basic_power;basic_power;basic_power;basic_as;basic_as;basic_hp;basic_armor;basic_hp;basic_as;basic_mr;basic_power;basic_as;basic_hp"
65,0,343,150,4,bot1_2,Goliath,1,TANK,physical,3,7,1,0.57,6655,4310,13075,1064,16.9,4.2,278,305,32,17,9,9,2534,443,255,88,0.743,0.5,0.33,"basic_hp;basic_hp;basic_hp;basic_hp;basic_mr;basic_armor;basic_mr;basic_hp;basic_power"
65,0,343,150,4,bot0_3,Hana,0,TANK,magical,4,2,24,14,13700,8249,8201,0,26.3,0,220,390,13,35,12,9,3909,683,313,30,0.912,0.7,1.01,"basic_hp;basic_hp;basic_armor;basic_armor;basic_hp;basic_mr;basic_hp;basic_armor;basic_mr;basic_haste;basic_power;basic_mr;basic_hp;basic_as"
65,0,343,150,4,bot1_3,Eggchanter,1,SUPPORT,magical,0,6,3,0.5,5609,3644,10726,4348,13.7,16.3,146,225,24,12,8,236,2161,378,266,77,0.775,0,0.34,"basic_hp;basic_hp;basic_hp;basic_hp;basic_mr;basic_mr;basic_armor"
65,0,343,150,4,bot0_4,Reaper,0,SPLITPUSHER,magical,10,1,15,25,21782,13383,6660,788,40.2,2.4,582,1039,47,24,12,254,4404,770,333,11,0.969,1.7,2.01,"special_lifesteal;basic_power;basic_power;basic_power;basic_power;basic_hp;basic_hp;basic_haste;basic_hp;basic_armor;basic_haste;basic_mr;basic_armor;basic_power"
65,0,343,150,4,bot1_4,Kratoma,1,SLAYER,physical,1,8,3,0.5,8592,5151,8632,180,20.5,0.7,352,512,17,15,9,6,2331,407,251,92,0.732,0.2,0.6,"special_lifesteal;basic_power;basic_power;basic_hp;basic_as;basic_mr;basic_hp;basic_armor"
66,0,439,150,61,bot0_1,Doctor,0,SUPPORT,physical,2,4,22,6,8458,6096,12090,14697,15.9,38.4,169,298,30,27,12,62,3912,535,382,57,0.871,0.3,0.5,"basic_hp;basic_hp;basic_hp;basic_armor;basic_hp;basic_mr;basic_power;basic_as;basic_armor;basic_haste;basic_mr;basic_armor;basic_armor;basic_power"
66,0,439,150,61,bot1_1,Vanguard,1,FIGHTER,physical,0,6,9,1.5,15507,7006,12931,0,17.6,0,479,606,54,39,10,29,2929,400,399,40,0.908,0,0.54,"basic_hp;basic_hp;basic_armor;basic_hp;basic_armor;basic_power;basic_as;basic_mr;basic_power;basic_haste;basic_as"
66,0,439,150,61,bot0_2,Goliath,0,TANK,physical,8,1,14,22,12536,8703,13975,3659,20.6,8.7,481,535,43,34,12,55,4280,585,422,17,0.962,1.1,0.62,"basic_hp;basic_hp;basic_hp;basic_hp;basic_armor;basic_armor;basic_armor;basic_mr;basic_mr;basic_hp;basic_armor;basic_power;basic_as;basic_haste;basic_mr"
66,0,439,150,61,bot1_2,Mage,1,MAGE,magical,4,8,6,1.25,20029,11792,8272,381,35.1,1.1,739,945,57,26,11,125,3350,458,336,103,0.765,0.5,1.43,"special_lifesteal;basic_power;basic_power;basic_hp;basic_armor;basic_haste;basic_mr;basic_hp;basic_power;basic_armor;basic_power"
66,0,439,150,61,bot0_3,Wanderer,0,SLAYER,physical,10,2,11,10.5,27646,15484,8683,657,38.2,1.6,791,1439,31,25,12,73,4548,622,406,33,0.924,1.4,1.78,"special_lifesteal;basic_power;basic_hp;basic_power;basic_power;basic_as;basic_hp;basic_hp;basic_armor;basic_mr;basic_as;basic_as;basic_power;basic_hp;basic_as"
66,0,439,150,61,bot1_3,Ironclad,1,TANK,physical,3,8,7,1.25,12034,8375,16146,0,25.5,0,347,443,31,24,10,144,3194,437,329,110,0.749,0.4,0.52,"basic_hp;basic_hp;basic_hp;basic_armor;basic_armor;basic_power;basic_armor;basic_hp;basic_armor;basic_as;basic_mr"
66,0,439,150,61,bot0_4,Kratoma,0,SLAYER,physical,9,3,17,8.67,14057,10444,7401,712,26.7,1.8,356,539,28,27,12,123,4523,618,391,48,0.891,1.2,1.41,"special_lifesteal;basic_power;special_lifesteal;basic_power;basic_power;basic_as;basic_as;basic_power;basic_hp;basic_hp;basic_armor;basic_mr;basic_as;basic_hp"
66,0,439,150,61,bot1_4,Fusilier,1,SLAYER,physical,3,7,7,1.43,17373,12118,7400,491,36.3,1.5,346,656,50,19,11,137,3337,456,334,105,0.76,0.4,1.64,"special_lifesteal;basic_power;basic_power;basic_hp;basic_as;basic_armor;basic_hp;basic_power;basic_as;basic_hp;basic_mr"
67,1,393,58,150,bot0_1,Hana,0,TANK,magical,5,6,10,2.5,9483,4912,11985,0,15.9,0,361,505,13,35,11,18,3518,537,309,85,0.784,0.8,0.41,"basic_hp;basic_hp;basic_hp;basic_armor;basic_mr;basic_mr;basic_hp;basic_armor;basic_haste;basic_power;basic_as;basic_haste;basic_power"
67,1,393,58,150,bot1_1,Jailer,1,TANK,magical,5,4,17,5.5,13345,8747,7525,0,25.7,0,505,793,35,34,11,231,3806,581,341,53,0.866,0.8,1.16,"basic_hp;basic_hp;basic_mr;basic_armor;basic_haste;basic_mr;basic_hp;basic_power;basic_as;basic_hp;basic_hp;basic_armor;basic_haste"
67,1,393,58,150,bot0_2,Doctor,0,SUPPORT,physical,1,8,10,1.38,4887,3381,12788,3346,11.8,11.7,220,263,30,15,10,17,2817,430,286,107,0.728,0.2,0.26,"basic_hp;basic_hp;basic_mr;basic_hp;basic_hp;basic_armor;basic_hp;basic_mr;basic_armor;basic_power"
67,1,393,58,150,bot1_2,Summoner,1,MAGE,magical,7,4,16,5.75,10781,6250,6584,258,18.4,0.8,215,294,53,26,12,221,4071,621,340,54,0.863,1.1,0.95,"special_lifesteal;basic_power;basic_power;basic_hp;basic_power;basic_hp;basic_haste;basic_hp;basic_haste;basic_power;basic_mr;basic_armor;basic_hp"
67,1,393,58,150,bot0_3,Quiller,0,SLAYER,physical,5,7,9,2,17401,8294,8663,493,28.6,1.7,291,550,40,26,11,274,3474,530,290,103,0.737,0.8,0.96,"special_lifesteal;basic_power;basic_hp;basic_power;basic_as;basic_armor;basic_hp;basic_power;basic_as;basic_mr;basic_as"
67,1,393,58,150,bot1_3,Lynx,1,SLAYER,physical,10,5,14,4.8,14785,10916,7017,429,29.8,1.2,435,919,57,49,12,229,4379,668,366,27,0.931,1.5,1.56,"special_lifesteal;basic_power;basic_power;basic_hp;basic_as;basic_hp;basic_as;basic_mr;basic_power;basic_hp;basic_armor;basic_power;basic_as;basic_hp"
67,1,393,58,150,bot0_4,Mage,0,MAGE,magical,5,8,10,1.88,18832,7694,10155,388,27.9,1.4,566,799,60,23,12,162,3687,562,275,118,0.7,0.8,0.76,"special_lifesteal;basic_power;basic_hp;basic_power;basic_haste;basic_armor;basic_mr;basic_power;basic_power;basic_hp;basic_haste;basic_hp"
67,1,393,58,150,bot1_4,Fusilier,1,SLAYER,physical,7,3,18,8.33,20726,11144,4737,730,31.8,2.1,512,900,52,18,12,80,4180,638,350,43,0.891,1.1,2.35,"special_lifesteal;basic_power;basic_power;basic_hp;basic_as;basic_power;basic_armor;basic_as;basic_mr;basic_hp;basic_power;basic_as;basic_hp;basic_mr"
68,0,211,150,2,bot0_1,Doctor,0,SUPPORT,physical,2,1,15,17,4211,2531,3900,3334,12,15.8,142,276,9,14,9,216,2566,728,211,0,1,0.6,0.65,"special_gw;basic_hp;basic_armor;basic_mr;basic_power;basic_as;basic_hp;basic_hp"
68,0,211,150,2,bot1_1,Cleric,1,SUPPORT,magical,0,6,2,0.33,4230,3029,5897,660,21,4.6,305,363,16,16,6,193,1493,424,144,67,0.682,0,0.51,"special_gw;basic_hp;basic_armor;basic_hp"
68,0,211,150,2,bot0_2,Oracle,0,MAGE,physical,5,0,13,18,8984,4900,2305,264,23.2,1.2,332,538,14,16,10,249,2874,816,211,0,1,1.4,2.13,"special_lifesteal;basic_power;basic_as;basic_hp;basic_armor;basic_mr;basic_power;basic_power;basic_as"
68,0,211,150,2,bot1_2,Fusilier,1,SLAYER,physical,0,5,2,0.4,5691,3755,5058,86,24.6,0.6,307,500,17,5,7,236,1586,450,153,59,0.723,0,0.74,"special_lifesteal;basic_power;basic_power;basic_power"
68,0,211,150,2,bot0_3,Jirina,0,FIGHTER,magical,6,1,10,16,6298,3942,4416,1861,20,9.5,281,394,26,10,9,111,2886,819,197,15,0.931,1.7,0.89,"basic_hp;basic_hp;basic_power;basic_power;basic_hp;basic_armor;basic_hp;basic_mr;basic_hp;basic_haste"
68,0,211,150,2,bot1_3,Wanderer,1,SLAYER,physical,1,5,1,0.4,6244,2961,5010,90,18,0.5,336,588,11,8,7,140,1665,473,164,47,0.778,0.3,0.59,"special_lifesteal;basic_power;basic_as;basic_hp;basic_armor"
68,0,211,150,2,bot0_4,Lynx,0,SLAYER,physical,9,0,9,18,14883,8971,4078,408,42.5,1.9,411,779,42,29,10,77,3277,930,211,0,1,2.6,2.2,"special_lifesteal;basic_power;basic_power;basic_hp;basic_hp;basic_as;basic_power;basic_as;basic_armor;basic_hp;basic_mr"
68,0,211,150,2,bot1_4,Summoner,1,MAGE,magical,1,6,1,0.33,3034,2642,5218,29,18.3,0.2,179,234,20,9,6,46,1596,453,144,67,0.682,0.3,0.51,"special_lifesteal;basic_power;basic_hp;basic_haste;basic_power"
69,1,249,7,150,bot0_1,Jirina,0,FIGHTER,magical,1,3,4,1.67,6232,2040,5404,765,9.6,3.6,390,496,18,7,8,74,1974,476,213,35,0.859,0.2,0.38,"basic_hp;basic_hp;basic_mr;basic_hp;basic_mr;basic_power;basic_mr"
69,1,249,7,150,bot1_1,Tamer,1,MAGE,magical,5,4,9,3.5,8480,6380,4754,2959,30.8,14.3,280,474,26,11,8,19,2719,656,207,42,0.833,1.2,1.34,"special_lifesteal;basic_hp;basic_hp;basic_hp;basic_power;basic_power;basic_hp;basic_haste;basic_armor"
69,1,249,7,150,bot0_2,Wanderer,0,SLAYER,physical,2,4,4,1.5,8109,4404,4805,211,21.7,1,537,726,11,11,8,223,2073,500,203,46,0.816,0.5,0.92,"special_lifesteal;basic_power;basic_power;basic_as;basic_power;basic_hp"
69,1,249,7,150,bot1_2,Eggchanter,1,SUPPORT,magical,2,0,13,15,4964,2781,3466,6209,11.2,25,113,159,24,13,9,84,2509,606,249,0,1,0.5,0.8,"special_heal_power;basic_hp;basic_armor;basic_hp;basic_mr;basic_hp;basic_armor;basic_armor"
69,1,249,7,150,bot0_3,Kratoma,0,SLAYER,physical,0,4,5,1.25,9499,4329,5769,233,22.1,1.2,241,341,12,12,9,181,2006,484,196,53,0.788,0,0.75,"special_lifesteal;special_gw;basic_power;basic_power;basic_hp"
69,1,249,7,150,bot1_3,Volstrov,1,MAGE,magical,2,1,11,13,7195,5335,4254,249,22.7,1.1,307,461,5,8,8,9,2409,581,235,14,0.945,0.5,1.25,"special_lifesteal;basic_power;basic_hp;basic_power;basic_power;basic_haste;basic_hp;basic_haste"
69,1,249,7,150,bot0_4,Jailer,0,TANK,magical,4,5,2,1.2,7460,3734,7524,0,17.9,0,374,455,19,18,8,270,2345,566,209,40,0.839,1,0.5,"special_gw;basic_hp;basic_hp;basic_mr;basic_mr;basic_power;basic_haste"
69,1,249,7,150,bot1_4,Reaper,1,SPLITPUSHER,magical,7,2,6,6.5,11513,6902,4571,430,29.4,1.8,296,740,34,16,9,193,2943,710,235,14,0.945,1.7,1.51,"special_lifesteal;basic_power;basic_power;basic_hp;basic_hp;basic_hp;basic_armor;basic_power;basic_hp"
70,1,264,2,152,bot0_1,Tamer,0,MAGE,magical,0,7,1,0.14,8705,4236,6380,1231,23.4,6.8,263,416,16,9,7,235,1760,400,181,83,0.686,0,0.66,"special_lifesteal;basic_power;basic_hp;basic_mr;basic_haste"
70,1,264,2,152,bot1_1,Summoner,1,MAGE,magical,8,0,11,19,9615,5901,1269,341,22.3,1.3,197,279,48,25,10,151,3401,773,264,0,1,1.8,4.65,"special_lifesteal;basic_power;basic_power;basic_hp;basic_power;basic_power;basic_hp;basic_haste;basic_mr;basic_haste;basic_mr"
70,1,264,2,152,bot0_2,Mage,0,MAGE,magical,0,6,2,0.33,10028,4815,7104,197,25.5,1,440,608,31,12,8,272,1847,420,189,75,0.715,0,0.68,"special_lifesteal;basic_power;basic_power;basic_hp;basic_hp"
70,1,264,2,152,bot1_2,Hana,1,TANK,magical,7,1,12,19,10974,7676,8210,0,30.9,0,290,395,13,29,10,48,3298,749,249,16,0.941,1.6,0.93,"basic_hp;basic_hp;basic_hp;basic_mr;basic_armor;basic_haste;basic_power;basic_mr;basic_mr;basic_as;basic_hp;basic_armor"
70,1,264,2,152,bot0_3,Bruiser,0,FIGHTER,physical,1,4,0,0.25,7092,2850,7677,212,13.2,1,226,346,29,24,8,74,1924,437,216,48,0.818,0.2,0.37,"special_lifesteal;basic_power;basic_as;basic_power;basic_power;basic_hp"
70,1,264,2,152,bot1_3,Doctor,1,SUPPORT,physical,5,0,10,15,7469,5004,6375,8675,18.9,32.8,274,370,6,21,9,405,2880,654,264,0,1,1.1,0.78,"basic_hp;basic_hp;basic_hp;basic_hp;basic_mr;basic_mr;basic_armor;basic_power;basic_mr"
70,1,264,2,152,bot0_4,Healer,0,SUPPORT,magical,1,5,1,0.4,5030,3169,7828,3842,15.6,19,145,201,27,12,8,81,1881,427,203,61,0.767,0.2,0.4,"special_gw;basic_hp;basic_mr;basic_power;basic_hp;basic_haste"
70,1,264,2,152,bot1_4,Pyromancer,1,SLAYER,magical,2,1,11,13,6758,3497,1508,99,13.7,0.4,313,648,17,13,9,52,2477,563,254,10,0.963,0.5,2.32,"special_lifesteal;basic_power;basic_power;basic_hp;basic_haste;basic_power;basic_power;basic_mr"
71,1,340,34,150,bot0_1,Reaper,0,SPLITPUSHER,magical,3,4,4,1.75,11590,6393,7207,370,22.5,1.3,475,771,31,14,9,19,2694,475,284,57,0.834,0.5,0.89,"special_lifesteal;basic_power;basic_hp;basic_power;basic_power;basic_hp;basic_haste;basic_hp;basic_mr"
71,1,340,34,150,bot1_1,Eggchanter,1,SUPPORT,magical,4,1,12,16,6308,4539,4750,6928,13.8,21,151,228,37,18,10,152,3202,564,330,11,0.969,0.7,0.96,"basic_hp;basic_hp;basic_hp;basic_mr;basic_armor;basic_mr;basic_armor;basic_hp;basic_haste;basic_hp;basic_power"
71,1,340,34,150,bot0_2,Healer,0,SUPPORT,magical,1,5,6,1.4,7929,4810,8960,4616,18,17.3,137,193,42,15,10,176,2551,449,267,73,0.785,0.2,0.54,"basic_hp;basic_hp;basic_mr;basic_hp;basic_armor;basic_power;basic_haste;basic_mr;basic_armor"
71,1,340,34,150,bot1_2,Ironclad,1,TANK,physical,3,1,13,16,5870,5123,7254,0,15.5,0,257,303,36,19,10,307,3057,539,330,11,0.969,0.5,0.71,"basic_hp;basic_hp;basic_hp;basic_mr;basic_armor;basic_hp;basic_mr;basic_armor;basic_power;basic_mr"
71,1,340,34,150,bot0_3,Bruiser,0,FIGHTER,physical,2,3,5,2.33,9814,5008,6156,0,16.8,0,382,676,43,36,9,186,2611,460,298,43,0.874,0.4,0.81,"basic_hp;basic_hp;basic_power;basic_power;basic_hp;basic_armor;basic_mr;basic_hp;basic_as"
71,1,340,34,150,bot1_3,Wanderer,1,SLAYER,physical,4,3,10,4.67,16223,9498,5010,398,31.6,1.3,636,1205,23,17,10,171,3096,546,300,40,0.882,0.7,1.9,"special_lifesteal;basic_power;basic_as;basic_power;basic_hp;basic_mr;basic_power;basic_as;basic_as;basic_armor"
71,1,340,34,150,bot0_4,Goliath,0,TANK,physical,1,4,5,1.5,6228,3875,8244,831,13.7,2.9,212,263,37,14,9,84,2434,429,284,57,0.834,0.2,0.47,"basic_hp;basic_hp;basic_mr;basic_mr;basic_armor;basic_hp;basic_power;basic_as;basic_haste"
71,1,340,34,150,bot1_4,Mage,1,MAGE,magical,5,2,9,7,15769,9497,4207,478,30.1,1.5,565,710,75,26,10,257,3157,556,315,25,0.926,0.9,2.26,"special_lifesteal;basic_power;basic_hp;basic_power;basic_power;basic_hp;basic_haste;basic_mr;basic_haste;basic_armor"
72,0,323,152,3,bot0_1,Jailer,0,TANK,magical,5,0,15,20,12589,9212,4029,0,28.5,0,494,751,28,27,10,29,3329,619,323,0,1,0.9,2.29,"basic_hp;basic_hp;basic_hp;basic_armor;basic_hp;basic_mr;basic_armor;basic_mr;basic_armor;basic_haste;basic_mr;basic_power"
72,0,323,152,3,bot1_1,Mage,1,MAGE,magical,1,7,2,0.43,11118,5732,7134,230,24.4,1,502,673,36,18,8,142,2192,407,235,87,0.729,0.2,0.8,"special_lifesteal;basic_power;basic_power;basic_hp;basic_haste;basic_armor;basic_mr"
72,0,323,152,3,bot0_2,Hana,0,TANK,magical,5,0,18,23,9134,7149,3691,0,22.1,0,445,531,7,39,11,8,3533,656,323,0,1,0.9,1.94,"basic_hp;basic_hp;basic_hp;basic_armor;basic_hp;basic_hp;basic_mr;basic_hp;basic_armor;basic_mr;basic_armor;basic_mr"
72,0,323,152,3,bot1_2,Ironclad,1,TANK,physical,0,7,2,0.29,5977,4319,11755,0,18,0,405,499,17,12,8,159,2009,373,240,83,0.743,0,0.37,"basic_hp;basic_hp;basic_hp;basic_armor;basic_armor;basic_mr;basic_as"
72,0,323,152,3,bot0_3,Wanderer,0,SLAYER,physical,10,2,15,12.5,20783,15090,5144,482,51.1,1.6,751,1656,24,19,11,18,4118,765,296,27,0.915,1.9,2.93,"special_lifesteal;basic_power;basic_power;basic_hp;basic_as;basic_armor;basic_hp;basic_mr;basic_as;basic_hp;basic_power;basic_as;basic_armor;basic_power"
72,0,323,152,3,bot1_3,Goliath,1,TANK,physical,1,7,1,0.29,6933,4367,11632,900,17.9,3.7,401,650,30,15,8,18,2118,394,244,79,0.755,0.2,0.38,"basic_hp;basic_hp;basic_hp;basic_armor;basic_mr;basic_armor;basic_power;basic_as"
72,0,323,152,3,bot0_4,Doctor,0,SUPPORT,physical,6,1,18,24,8382,6622,6825,8782,21.1,28,295,451,26,23,11,167,3692,686,313,10,0.97,1.1,0.97,"basic_hp;basic_hp;basic_armor;basic_hp;basic_mr;basic_hp;basic_power;basic_hp;basic_armor;basic_armor;basic_armor;basic_hp"
72,0,323,152,3,bot1_4,Vanguard,1,FIGHTER,physical,1,5,1,0.4,5472,3997,8566,0,15.3,0,415,472,45,18,8,162,2037,378,260,62,0.807,0.2,0.47,"basic_hp;basic_hp;basic_hp;basic_power;basic_armor;basic_power;basic_armor"
73,1,343,13,150,bot0_1,Pyromancer,0,SLAYER,magical,0,7,2,0.29,7915,2881,6909,101,11.2,0.4,373,540,19,17,9,133,2183,382,257,85,0.751,0,0.42,"special_lifesteal;basic_power;basic_hp;basic_armor;basic_haste;basic_mr;basic_power"
73,1,343,13,150,bot1_1,Oracle,1,MAGE,physical,5,1,15,20,17272,10394,5093,463,31.8,1.4,442,670,28,24,11,214,3489,611,327,16,0.954,0.9,2.04,"special_lifesteal;basic_power;basic_power;basic_as;basic_hp;basic_power;basic_as;basic_power;basic_as;basic_hp;basic_mr"
73,1,343,13,150,bot0_2,Goliath,0,TANK,physical,1,5,2,0.6,6305,4106,10664,840,14.8,3,421,477,36,14,8,56,2231,391,277,65,0.809,0.2,0.39,"basic_hp;basic_hp;basic_hp;basic_armor;basic_armor;basic_hp;basic_mr;basic_as"
73,1,343,13,150,bot1_2,Hana,1,TANK,magical,4,1,23,27,8722,7788,6793,0,23.4,0,273,469,5,37,11,47,3672,643,333,10,0.971,0.7,1.15,"basic_hp;basic_hp;basic_hp;basic_mr;basic_mr;basic_hp;basic_mr;basic_armor;basic_armor;basic_haste;basic_hp;basic_haste;basic_power"
73,1,343,13,150,bot0_3,Jailer,0,TANK,magical,1,7,3,0.57,11843,8275,11305,0,33,0,458,575,23,23,9,198,2298,402,251,92,0.733,0.2,0.73,"basic_hp;basic_hp;basic_hp;basic_armor;basic_power;basic_mr;basic_armor;basic_haste"
73,1,343,13,150,bot1_3,Doctor,1,SUPPORT,physical,1,2,20,10.5,6057,5071,5730,7093,15.8,22.2,227,308,21,22,10,38,3063,536,320,22,0.934,0.2,0.88,"special_heal_power;basic_hp;basic_hp;basic_mr;basic_hp;basic_armor;basic_hp;basic_mr;basic_armor;basic_mr"
73,1,343,13,150,bot0_4,Cleric,0,SUPPORT,magical,2,8,2,0.5,8528,6160,10469,2330,22.5,8.5,348,407,34,30,9,70,2420,424,273,69,0.798,0.4,0.59,"basic_hp;basic_hp;basic_armor;basic_hp;basic_mr;basic_haste;basic_power;basic_armor;basic_as"
73,1,343,13,150,bot1_4,Kratoma,1,SLAYER,physical,17,0,9,26,17760,12853,5164,490,37.5,1.4,414,717,27,28,12,193,4768,835,343,0,1,3,2.49,"special_lifesteal;basic_power;basic_power;basic_power;basic_power;basic_as;basic_as;basic_hp;basic_as;basic_power;basic_hp;basic_power;basic_mr;basic_armor;basic_as"
74,0,335,151,29,bot0_1,Quiller,0,SLAYER,physical,7,1,17,24,19253,12645,4156,510,39.2,1.6,304,598,47,26,11,308,3833,687,323,12,0.965,1.3,3.04,"special_lifesteal;basic_power;basic_power;basic_hp;basic_hp;basic_as;basic_power;basic_as;basic_mr;basic_hp;basic_mr;basic_as"
74,0,335,151,29,bot1_1,Volstrov,1,MAGE,magical,3,7,2,0.71,11354,7446,9025,293,28.4,1.1,280,491,18,16,9,232,2557,458,262,72,0.784,0.5,0.83,"special_lifesteal;basic_power;basic_hp;basic_power;basic_hp;basic_haste;basic_mr;basic_armor"
74,0,335,151,29,bot0_2,Hana,0,TANK,magical,7,0,15,22,12714,9343,7516,0,27.9,0,304,540,17,38,11,152,3752,673,335,0,1,1.3,1.24,"basic_hp;basic_hp;basic_hp;basic_hp;basic_mr;basic_armor;basic_hp;basic_power;basic_haste;basic_mr;basic_armor;basic_mr;basic_as"
74,0,335,151,29,bot1_2,Goliath,1,TANK,physical,0,6,4,0.67,8096,4211,10220,1314,16.6,5.2,294,399,30,17,8,98,2173,390,254,81,0.758,0,0.41,"basic_hp;basic_hp;basic_armor;basic_mr;basic_armor;basic_power;basic_as;basic_mr"
74,0,335,151,29,bot0_3,Jailer,0,TANK,magical,8,1,9,17,12454,6244,4411,0,19.3,0,424,599,32,30,11,257,3607,647,324,11,0.968,1.4,1.42,"basic_hp;basic_hp;basic_hp;basic_armor;basic_mr;basic_mr;basic_power;basic_hp;basic_hp;basic_armor;basic_mr;basic_haste"
74,0,335,151,29,bot1_3,Healer,1,SUPPORT,magical,2,5,3,1,5701,4033,8886,3962,15.2,14.9,146,195,37,16,8,173,2348,421,265,69,0.793,0.4,0.45,"special_gw;basic_hp;basic_hp;basic_armor;basic_hp;basic_hp;basic_mr"
74,0,335,151,29,bot0_4,Doctor,0,SUPPORT,physical,3,3,17,6.67,7311,5576,8356,9343,18.4,30.9,172,252,21,22,10,190,3240,581,302,32,0.904,0.5,0.67,"special_heal_power;basic_hp;basic_mr;basic_armor;basic_hp;basic_power;basic_hp;basic_hp;basic_armor;basic_hp"
74,0,335,151,29,bot1_4,Lynx,1,SLAYER,physical,0,7,3,0.43,10963,5555,7520,337,23,1.4,398,659,40,34,9,75,2150,385,241,94,0.72,0,0.74,"special_lifesteal;basic_power;basic_power;basic_hp;basic_as;basic_hp;basic_armor"
75,0,352,151,48,bot0_1,Volstrov,0,MAGE,magical,6,3,13,6.33,11900,6337,6035,418,20.2,1.3,260,400,9,18,11,58,3583,610,313,39,0.889,1,1.05,"special_lifesteal;basic_power;basic_hp;basic_power;basic_haste;basic_armor;basic_mr;basic_hp;basic_power;basic_hp;basic_haste;basic_hp"
75,0,352,151,48,bot1_1,Bruiser,1,FIGHTER,physical,4,6,4,1.33,9190,5435,7385,291,19,1,356,520,41,32,9,124,2824,481,286,67,0.811,0.7,0.74,"special_lifesteal;basic_power;basic_power;basic_as;basic_power;basic_hp;basic_as;basic_power;basic_mr"
75,0,352,151,48,bot0_2,Hana,0,TANK,magical,4,4,16,5,11608,8752,12065,0,28.9,0,514,792,19,37,11,231,3406,580,303,50,0.859,0.7,0.73,"basic_hp;basic_hp;basic_armor;basic_hp;basic_mr;basic_armor;basic_mr;basic_haste;basic_haste;basic_power;basic_as;basic_power"
75,0,352,151,48,bot1_2,Jailer,1,TANK,magical,1,5,10,2.2,8913,6295,7683,0,22,0,335,596,23,21,9,256,2656,452,287,65,0.814,0.2,0.82,"basic_hp;basic_hp;basic_hp;basic_mr;basic_mr;basic_power;basic_power;basic_haste;basic_haste"
75,0,352,151,48,bot0_3,Healer,0,SUPPORT,magical,8,1,14,22,7840,6066,5511,7151,18.1,21.3,149,209,53,16,11,98,3873,660,336,17,0.953,1.4,1.1,"basic_hp;basic_hp;basic_hp;basic_armor;basic_hp;basic_hp;basic_mr;basic_armor;basic_hp;basic_armor;basic_mr;basic_mr;basic_haste"
75,0,352,151,48,bot1_3,Reaper,1,SPLITPUSHER,magical,2,4,8,2.5,8963,5557,6666,328,18.6,1.1,262,432,29,15,9,66,2691,458,300,53,0.85,0.3,0.83,"special_lifesteal;basic_power;basic_power;basic_hp;basic_mr;basic_power;basic_haste;basic_armor;basic_hp"
75,0,352,151,48,bot0_4,Pyromancer,0,SLAYER,magical,4,4,13,4.25,12967,6456,6313,229,21.9,0.8,543,822,31,25,10,230,3280,559,295,58,0.837,0.7,1.02,"special_lifesteal;basic_power;basic_hp;basic_haste;basic_power;basic_power;basic_power;basic_armor;basic_power;basic_hp"
75,0,352,151,48,bot1_4,Wanderer,1,SLAYER,physical,5,7,7,1.71,15818,10081,8074,307,39.4,1.2,553,822,23,17,10,324,3224,549,256,97,0.726,0.9,1.25,"special_lifesteal;basic_power;basic_power;basic_hp;basic_as;basic_hp;basic_mr;basic_armor;basic_power;basic_as"
76,0,335,150,33,bot0_1,Jirina,0,FIGHTER,magical,7,1,15,22,11537,6385,5515,3830,19.1,11.4,463,568,40,16,11,289,3814,684,335,0,1,1.3,1.16,"special_lifesteal;basic_power;basic_hp;basic_armor;basic_power;basic_hp;basic_hp;basic_armor;basic_haste;basic_hp;basic_power;basic_mr"
76,0,335,150,33,bot1_1,Goliath,1,TANK,physical,1,6,7,1.33,6618,4497,10952,1094,17.7,4.3,310,444,30,16,9,25,2400,430,255,80,0.761,0.2,0.41,"basic_hp;basic_hp;basic_mr;basic_hp;basic_armor;basic_power;basic_mr;basic_armor;basic_as"
76,0,335,150,33,bot0_2,Mage,0,MAGE,magical,2,3,20,7.33,16831,9766,4492,514,32.6,1.7,564,750,67,25,10,285,3260,585,299,35,0.895,0.4,2.17,"special_lifesteal;basic_power;basic_hp;basic_power;basic_haste;basic_power;basic_hp;basic_armor;basic_haste;basic_power"
76,0,335,150,33,bot1_2,Healer,1,SUPPORT,magical,2,6,7,1.5,6399,4024,10342,4401,15.9,17.4,163,199,35,17,9,42,2667,478,253,82,0.755,0.4,0.39,"basic_hp;basic_hp;basic_hp;basic_mr;basic_mr;basic_armor;basic_haste;basic_armor;basic_power;basic_as"
76,0,335,150,33,bot0_3,Lynx,0,SLAYER,physical,9,2,14,11.5,19064,11548,5882,607,34.5,1.8,593,913,63,47,11,249,4024,722,335,0,1,1.6,1.96,"special_lifesteal;basic_power;basic_hp;basic_power;basic_as;basic_hp;basic_power;basic_hp;basic_armor;basic_as;basic_mr;basic_armor;basic_as"
76,0,335,150,33,bot1_3,Wanderer,1,SLAYER,physical,2,6,3,0.83,6715,4428,7473,131,15.8,0.5,475,902,12,12,9,48,2398,430,280,55,0.837,0.4,0.59,"special_lifesteal;basic_power;basic_power;basic_as;basic_hp;basic_mr;basic_power;basic_armor"
76,0,335,150,33,bot0_4,Vanguard,0,FIGHTER,physical,6,3,15,7,8983,6544,6332,0,22,0,336,549,48,26,11,227,3577,641,297,37,0.889,1.1,1.03,"basic_hp;basic_hp;basic_hp;basic_armor;basic_power;basic_armor;basic_hp;basic_armor;basic_hp;basic_power;basic_mr;basic_as"
76,0,335,150,33,bot1_4,Fusilier,1,SLAYER,physical,4,6,5,1.5,13822,7007,6938,341,27.8,1.4,410,647,36,12,10,205,2855,512,252,83,0.752,0.7,1.01,"special_lifesteal;basic_power;basic_hp;basic_power;basic_hp;basic_as;basic_power;basic_as;basic_armor"
77,0,264,151,2,bot0_1,Ironclad,0,TANK,physical,3,0,12,15,6378,4322,4136,0,16.4,0,233,352,26,18,9,210,2685,610,264,0,1,0.7,1.04,"basic_hp;basic_hp;basic_hp;basic_mr;basic_mr;basic_mr;basic_power;basic_hp;basic_as"
77,0,264,151,2,bot1_1,Pyromancer,1,SLAYER,magical,0,6,2,0.33,8177,3728,6349,93,18.5,0.5,438,569,20,15,8,51,1826,415,202,62,0.763,0,0.59,"special_lifesteal;basic_power;basic_hp;basic_armor;basic_haste;basic_mr"
77,0,264,151,2,bot0_2,Jirina,0,FIGHTER,magical,4,0,11,15,8300,4263,3540,1941,16.1,7.3,272,324,35,10,9,59,2809,638,264,0,1,0.9,1.2,"basic_hp;basic_hp;basic_hp;basic_mr;basic_power;basic_mr;basic_power;basic_hp;basic_haste;basic_mr"
77,0,264,151,2,bot1_2,Jailer,1,TANK,magical,1,5,1,0.4,6684,2699,8075,0,13.4,0,398,456,19,16,8,314,1914,435,202,62,0.764,0.2,0.33,"special_gw;basic_hp;basic_hp;basic_armor;basic_hp"
77,0,264,151,2,bot0_3,Fusilier,0,SLAYER,physical,10,0,11,21,18440,11384,2818,511,43.1,1.9,505,898,47,13,10,33,3633,825,264,0,1,2.3,4.04,"special_lifesteal;basic_power;basic_power;basic_as;basic_hp;basic_power;basic_as;basic_hp;basic_mr;basic_as;basic_power;basic_as"
77,0,264,151,2,bot1_3,Cleric,1,SUPPORT,magical,0,5,2,0.4,4449,3192,6916,1624,15.7,8,290,348,22,16,7,59,1709,388,203,61,0.767,0,0.46,"basic_hp;basic_hp;basic_hp;basic_hp;basic_armor;basic_mr"
77,0,264,151,2,bot0_4,Doctor,0,SUPPORT,physical,4,2,13,8.5,5783,4012,5218,4360,16.7,18.1,219,315,17,18,9,275,2900,659,241,23,0.911,0.9,0.77,"special_heal_power;basic_hp;basic_mr;basic_power;basic_hp;basic_mr;basic_hp;basic_as;basic_haste"
77,0,264,151,2,bot1_4,Tamer,1,MAGE,magical,1,5,1,0.4,7675,4433,4720,2378,21,11.2,256,408,18,10,8,41,1891,429,211,53,0.801,0.2,0.94,"special_lifesteal;basic_power;basic_hp;basic_power;basic_haste;basic_power"
78,1,305,14,152,bot0_1,Doctor,0,SUPPORT,physical,2,5,0,0.4,2999,1614,8604,2671,6.6,11,185,308,15,8,8,155,2080,409,243,62,0.795,0.4,0.19,"special_gw;basic_hp;basic_mr;basic_hp;basic_hp;basic_hp"
78,1,305,14,152,bot1_1,Healer,1,SUPPORT,magical,4,0,14,18,5730,4700,3750,4958,15.4,16.2,145,195,48,10,10,61,3111,611,305,0,1,0.8,1.25,"special_gw;basic_hp;basic_hp;basic_armor;basic_hp;basic_hp;basic_armor;basic_mr;basic_hp;basic_power"
78,1,305,14,152,bot0_2,Goliath,0,TANK,physical,0,4,2,0.5,4956,3001,7799,788,11.7,3.1,262,460,31,13,7,66,1866,367,256,49,0.84,0,0.38,"basic_hp;basic_hp;basic_mr;basic_mr;basic_armor;basic_power;basic_as"
78,1,305,14,152,bot1_2,Fusilier,1,SLAYER,physical,8,1,12,20,17712,8334,3107,486,28.5,1.7,398,708,45,13,10,94,3594,706,293,13,0.959,1.6,2.68,"special_lifesteal;basic_power;basic_power;basic_power;basic_as;basic_hp;basic_as;basic_armor;basic_hp;basic_power;basic_armor;basic_mr"
78,1,305,14,152,bot0_3,Wanderer,0,SLAYER,physical,0,5,2,0.4,10531,4000,5191,149,16.7,0.6,802,1077,14,12,9,257,2057,404,239,66,0.782,0,0.77,"special_lifesteal;basic_power;basic_power;basic_as;basic_hp;basic_mr"
78,1,305,14,152,bot1_3,Tamer,1,MAGE,magical,6,1,12,18,15180,9244,3352,3166,31.8,10.9,316,585,42,11,10,92,3342,657,291,15,0.952,1.2,2.76,"special_lifesteal;basic_power;basic_hp;basic_power;basic_power;basic_hp;basic_hp;basic_armor;basic_haste;basic_armor;basic_armor"
78,1,305,14,152,bot0_4,Jailer,0,TANK,magical,0,7,2,0.29,7041,4129,9288,0,18.9,0,470,525,16,14,8,100,1925,378,218,87,0.715,0,0.44,"basic_hp;basic_hp;basic_mr;basic_armor;basic_haste;basic_hp;basic_power"
78,1,305,14,152,bot1_4,Jirina,1,FIGHTER,magical,3,0,16,19,11172,6723,4867,4390,22,14.4,413,507,41,16,10,100,3050,599,305,0,1,0.6,1.38,"basic_hp;basic_hp;special_lifesteal;basic_power;basic_hp;basic_power;basic_armor;basic_armor;basic_power;basic_haste"
79,1,252,4,151,bot0_1,Bruiser,0,FIGHTER,physical,0,7,1,0.14,3990,1424,6808,92,8.2,0.5,319,319,20,19,7,157,1707,406,173,79,0.687,0,0.21,"special_lifesteal;basic_power;basic_as;basic_power;basic_hp"
79,1,252,4,151,bot1_1,Cleric,1,SUPPORT,magical,2,0,15,17,5181,2783,1078,3571,11,14.2,298,354,37,31,9,185,2735,650,252,0,1,0.5,2.58,"special_heal_power;basic_hp;basic_hp;basic_mr;basic_mr;basic_hp;basic_hp;basic_hp"
79,1,252,4,151,bot0_2,Eggchanter,0,SUPPORT,magical,1,6,0,0.17,2457,1449,6538,1521,8,8.4,122,175,13,7,7,222,1747,415,180,72,0.714,0.2,0.22,"special_gw;basic_hp;basic_armor;basic_mr;basic_power"
79,1,252,4,151,bot1_2,Kratoma,1,SLAYER,physical,9,0,13,22,11387,6226,2818,389,24.7,1.5,276,567,20,19,11,125,3625,862,252,0,1,2.1,2.21,"special_lifesteal;basic_power;basic_power;basic_hp;basic_hp;basic_as;basic_mr;basic_hp;basic_power;basic_armor;basic_as;basic_as"
79,1,252,4,151,bot0_3,Jirina,0,FIGHTER,magical,0,6,1,0.17,5672,2508,7236,674,12.3,3.3,349,455,16,6,7,86,1661,395,204,49,0.806,0,0.35,"special_lifesteal;basic_hp;basic_power;basic_power;basic_hp"
79,1,252,4,151,bot1_3,Wanderer,1,SLAYER,physical,9,1,16,25,16702,11326,3534,347,44.9,1.4,636,900,26,15,11,92,3592,854,252,0,1,2.1,3.2,"special_lifesteal;basic_power;basic_power;basic_power;basic_as;basic_as;basic_hp;basic_mr;basic_armor;basic_hp;basic_power;basic_mr"
79,1,252,4,151,bot0_4,Zephyr,0,SPLITPUSHER,magical,0,6,1,0.17,5144,1720,6929,80,9.6,0.4,264,264,18,16,8,243,1768,420,179,74,0.708,0,0.25,"special_lifesteal;basic_power;basic_hp;basic_haste;basic_mr"
79,1,252,4,151,bot1_4,Summoner,1,MAGE,magical,5,0,11,16,6770,3287,1773,237,13,0.9,208,270,40,19,9,195,2895,688,252,0,1,1.2,1.85,"special_lifesteal;basic_power;basic_power;basic_hp;basic_power;basic_hp;basic_hp;basic_mr;basic_mr"
80,0,346,150,31,bot0_1,Oracle,0,MAGE,physical,5,1,17,22,14089,9279,5148,393,28.1,1.2,297,517,26,26,11,147,3647,633,330,16,0.955,0.9,1.8,"special_lifesteal;basic_power;basic_hp;basic_hp;basic_power;basic_as;basic_hp;basic_armor;basic_as;basic_power;basic_mr;basic_as"
80,0,346,150,31,bot1_1,Hana,1,TANK,magical,2,5,5,1.4,12162,6649,11651,0,23.9,0,670,1021,12,31,9,198,2573,446,279,67,0.805,0.3,0.57,"basic_hp;basic_hp;basic_hp;basic_mr;basic_armor;basic_haste;basic_mr;basic_armor;basic_power"
80,0,346,150,31,bot0_2,Tamer,0,MAGE,magical,9,3,10,6.33,16765,10380,5817,4516,33.9,14.8,321,510,44,15,11,115,3915,679,306,40,0.885,1.6,1.78,"special_lifesteal;basic_power;basic_hp;basic_haste;basic_mr;basic_armor;basic_power;basic_hp;basic_power;basic_hp;basic_haste;basic_mr;basic_hp"
80,0,346,150,31,bot1_2,Bruiser,1,FIGHTER,physical,2,5,3,1,7044,3982,8381,190,14.3,0.7,313,465,38,33,9,33,2408,418,279,67,0.805,0.3,0.48,"special_lifesteal;basic_power;basic_hp;basic_power;basic_hp;basic_hp;basic_as;basic_mr"
80,0,346,150,31,bot0_3,Cleric,0,SUPPORT,magical,2,1,17,19,7006,4934,5970,5545,14.9,16.7,339,405,45,38,10,66,3091,536,331,15,0.958,0.3,0.83,"special_gw;basic_hp;basic_hp;basic_hp;basic_hp;basic_armor;basic_armor;basic_mr;basic_armor;basic_mr"
80,0,346,150,31,bot1_3,Lynx,1,SLAYER,physical,1,7,6,1,14390,6634,7845,295,24.9,1.1,512,826,43,35,10,275,2650,460,267,79,0.771,0.2,0.85,"special_lifesteal;basic_power;basic_power;basic_hp;basic_power;basic_as;basic_hp;basic_mr"
80,0,346,150,31,bot0_4,Pyromancer,0,SLAYER,magical,6,2,16,11,11597,8039,4733,141,25.1,0.4,354,659,29,22,10,98,3623,628,321,25,0.927,1,1.7,"special_lifesteal;basic_power;basic_hp;basic_power;basic_power;basic_hp;basic_haste;basic_hp;basic_armor;basic_mr;basic_haste;basic_power"
80,0,346,150,31,bot1_4,Cleric,1,SUPPORT,magical,2,5,4,1.2,6635,2656,7395,3585,9.5,12.9,231,289,33,26,9,154,2529,439,279,67,0.805,0.3,0.36,"basic_hp;basic_hp;special_heal_power;basic_hp;basic_mr;basic_mr;basic_armor;basic_haste"
81,0,252,150,2,bot0_1,Pyromancer,0,SLAYER,magical,3,2,14,8.5,9981,5034,4566,124,22.6,0.6,335,517,21,18,9,16,2741,652,223,29,0.884,0.7,1.1,"special_lifesteal;basic_power;basic_power;basic_hp;basic_power;basic_haste;basic_hp;basic_power;basic_haste"
81,0,252,150,2,bot1_1,Cleric,1,SUPPORT,magical,2,5,0,0.4,5929,3014,5670,1930,15.5,10,313,369,26,21,8,217,2017,479,194,58,0.769,0.5,0.53,"special_heal_power;basic_hp;basic_mr;basic_haste;basic_power;basic_hp"
81,0,252,150,2,bot0_2,Jirina,0,FIGHTER,magical,3,0,9,12,8768,4995,4970,3997,19.8,15.8,429,555,32,17,8,30,2455,584,252,0,1,0.7,1.01,"special_lifesteal;basic_hp;basic_power;basic_hp;basic_power;basic_hp;basic_mr;basic_power"
81,0,252,150,2,bot1_2,Lynx,1,SLAYER,physical,0,6,2,0.33,6623,2902,6895,0,14.3,0,234,382,26,26,8,175,1775,422,204,49,0.807,0,0.42,"special_gw;basic_hp;basic_hp;basic_hp;basic_mr"
81,0,252,150,2,bot0_3,Tamer,0,MAGE,magical,8,0,11,19,14076,10707,2554,4255,42.4,16.9,389,548,37,16,10,111,3361,799,252,0,1,1.9,4.19,"special_lifesteal;basic_hp;basic_hp;basic_hp;basic_power;basic_hp;basic_mr;basic_power;basic_mr;basic_haste;basic_haste"
81,0,252,150,2,bot1_3,Hana,1,TANK,magical,0,4,2,0.5,6309,2694,6549,0,13.2,0,568,903,5,29,7,151,1751,416,204,49,0.807,0,0.41,"basic_hp;basic_hp;basic_mr;basic_haste;basic_hp;basic_mr"
81,0,252,150,2,bot0_4,Eggchanter,0,SUPPORT,magical,5,0,14,19,4568,3951,2145,4467,15.7,17.7,199,304,29,12,10,142,3042,723,252,0,1,1.2,1.84,"special_gw;basic_hp;basic_mr;basic_power;basic_armor;basic_hp;basic_haste;basic_mr;basic_power;basic_hp"
81,0,252,150,2,bot1_4,Jailer,1,TANK,magical,0,4,2,0.5,7829,3600,6741,0,16.7,0,444,646,18,15,7,157,1757,418,216,37,0.855,0,0.53,"basic_hp;basic_hp;basic_mr;basic_hp;basic_mr;basic_haste"
82,0,288,152,10,bot0_1,Quiller,0,SLAYER,physical,11,1,9,20,20910,9959,3688,747,36.7,2.8,341,695,44,24,11,346,3871,807,271,17,0.942,2.3,2.7,"special_lifesteal;basic_power;basic_power;basic_as;basic_hp;basic_power;basic_power;basic_mr;basic_armor;basic_as;basic_hp;basic_as"
82,0,288,152,10,bot1_1,Wanderer,1,SLAYER,physical,0,5,4,0.8,7396,4457,6534,135,19.5,0.6,403,642,10,9,8,170,1945,406,228,60,0.793,0,0.68,"special_lifesteal;basic_power;basic_hp;basic_as;basic_armor;basic_mr"
82,0,288,152,10,bot0_2,Healer,0,SUPPORT,magical,4,1,15,19,7493,4819,4831,4135,17.8,15.3,149,215,45,15,10,324,3224,672,271,17,0.942,0.8,1,"special_heal_power;basic_hp;basic_hp;basic_mr;basic_mr;basic_hp;basic_armor;basic_haste;basic_power;basic_armor"
82,0,288,152,10,bot1_2,Pyromancer,1,SLAYER,magical,1,6,3,0.67,7266,3801,5573,74,17.7,0.3,304,439,19,14,8,247,2047,427,215,72,0.749,0.2,0.68,"special_lifesteal;basic_power;basic_power;basic_hp;basic_haste;basic_armor"
82,0,288,152,10,bot0_3,Jailer,0,TANK,magical,2,0,10,12,13044,4642,4687,0,16.1,0,266,499,27,28,9,134,2634,549,288,0,1,0.4,0.99,"basic_hp;basic_hp;basic_hp;basic_mr;basic_armor;basic_mr;basic_hp;basic_mr;basic_armor"
82,0,288,152,10,bot1_3,Eggchanter,1,SUPPORT,magical,1,6,3,0.67,4724,2972,9128,3771,13.6,17.3,129,212,22,12,8,243,2093,436,218,69,0.759,0.2,0.33,"special_heal_power;basic_hp;basic_armor;basic_hp;basic_mr;basic_hp"
82,0,288,152,10,bot0_4,Lynx,0,SLAYER,physical,6,2,14,10,10556,6932,4650,0,26.8,0,473,716,49,31,11,278,3453,720,258,29,0.899,1.3,1.49,"special_gw;basic_hp;basic_power;basic_hp;basic_hp;basic_mr;basic_as;basic_power;basic_mr;basic_armor;basic_as"
82,0,288,152,10,bot1_4,Volstrov,1,MAGE,magical,2,6,1,0.5,8273,3916,6735,173,18.1,0.8,170,344,13,13,8,45,2170,453,216,71,0.752,0.4,0.58,"special_lifesteal;basic_power;basic_power;basic_power;basic_hp;basic_hp;basic_armor"
83,1,241,1,151,bot0_1,Hana,0,TANK,magical,1,4,0,0.25,4591,2479,8281,0,12,0,242,419,7,25,7,144,1719,429,206,34,0.858,0.2,0.3,"basic_hp;basic_hp;basic_hp;basic_armor;basic_mr;basic_power"
83,1,241,1,151,bot1_1,Oracle,1,MAGE,physical,5,0,10,15,10256,6705,1728,351,27.9,1.5,298,416,16,18,9,124,2774,692,241,0,1,1.2,3.88,"special_lifesteal;basic_power;basic_hp;basic_power;basic_as;basic_hp;basic_mr;basic_hp;basic_as"
83,1,241,1,151,bot0_2,Ironclad,0,TANK,physical,0,4,1,0.25,4421,2053,7810,0,10.8,0,281,382,16,12,8,155,1730,431,191,50,0.793,0,0.26,"basic_hp;basic_hp;basic_hp;basic_armor;basic_mr;basic_power"
83,1,241,1,151,bot1_2,Eggchanter,1,SUPPORT,magical,0,0,13,13,3056,2366,2323,2898,9.8,12,114,202,23,14,8,236,2161,539,241,0,1,0,1.02,"special_heal_power;basic_hp;basic_mr;basic_hp;basic_hp;basic_hp"
83,1,241,1,151,bot0_3,Jirina,0,FIGHTER,magical,0,3,1,0.33,7862,2363,6281,2113,11.6,10.3,362,414,24,13,7,162,1712,427,205,36,0.85,0,0.38,"special_lifesteal;basic_power;basic_hp;basic_armor;basic_hp"
83,1,241,1,151,bot1_3,Fusilier,1,SLAYER,physical,8,1,7,15,15163,10858,2100,457,48.2,2,298,653,38,11,9,232,3082,768,225,16,0.935,2,5.17,"special_lifesteal;basic_power;basic_power;basic_power;basic_as;basic_as;basic_power;basic_as;basic_power"
83,1,241,1,151,bot0_4,Healer,0,SUPPORT,magical,0,4,1,0.25,3925,1449,4643,1592,7.6,8.3,132,188,21,10,7,128,1703,425,192,49,0.797,0,0.31,"special_heal_power;basic_hp;basic_armor;basic_hp;basic_armor"
83,1,241,1,151,bot1_4,Ironclad,1,TANK,physical,2,0,11,13,4788,3907,3617,0,16.2,0,217,263,25,18,8,100,2325,580,241,0,1,0.5,1.08,"basic_hp;basic_hp;basic_hp;basic_mr;basic_mr;basic_armor;basic_mr;basic_hp"
84,1,264,6,152,bot0_1,Doctor,0,SUPPORT,physical,1,6,4,0.83,3778,2680,7090,1015,13.9,5.3,216,373,17,13,7,123,1973,448,193,71,0.73,0.2,0.38,"special_heal_power;basic_hp;basic_armor;basic_hp;basic_hp;basic_mr"
84,1,264,6,152,bot1_1,Zephyr,1,SPLITPUSHER,magical,8,3,13,7,10445,7889,5305,317,33.5,1.3,483,588,30,36,10,45,3495,794,235,29,0.891,1.8,1.49,"special_lifesteal;basic_power;basic_power;basic_hp;basic_hp;basic_haste;basic_mr;basic_haste;basic_power;basic_armor;basic_mr;basic_armor"
84,1,264,6,152,bot0_2,Hana,0,TANK,magical,1,6,5,1,5139,4112,9145,0,21,0,463,683,6,24,7,210,2035,462,196,68,0.741,0.2,0.45,"basic_hp;basic_hp;basic_hp;basic_armor;basic_mr;basic_power;basic_haste"
84,1,264,6,152,bot1_2,Jailer,1,TANK,magical,5,2,11,8,6182,5758,4843,0,24.1,0,386,444,21,16,9,290,2915,662,239,25,0.904,1.1,1.19,"special_gw;basic_hp;basic_hp;basic_armor;basic_hp;basic_mr;basic_power;basic_haste;basic_mr"
84,1,264,6,152,bot0_3,Wanderer,0,SLAYER,physical,2,8,4,0.75,11754,5516,8174,200,28.8,1,490,902,14,10,9,169,2294,521,192,72,0.726,0.5,0.67,"special_lifesteal;basic_power;basic_power;basic_power;basic_as;basic_hp;basic_as"
84,1,264,6,152,bot1_3,Kratoma,1,SLAYER,physical,7,1,15,22,13531,9385,4861,454,37.5,1.8,377,577,21,23,10,117,3467,788,250,14,0.948,1.6,1.93,"special_lifesteal;basic_power;basic_as;basic_power;basic_power;basic_power;basic_as;basic_as;basic_hp;basic_armor;basic_power"
84,1,264,6,152,bot0_4,Jirina,0,FIGHTER,magical,2,5,3,1,5975,4100,9309,1808,18.1,8,351,442,23,11,7,227,2052,466,227,37,0.859,0.5,0.44,"basic_hp;basic_hp;basic_hp;basic_power;basic_armor;basic_mr;basic_haste"
84,1,264,6,152,bot1_4,Oracle,1,MAGE,physical,5,0,18,23,12059,7631,3035,425,28.9,1.6,367,497,21,20,10,205,3355,762,264,0,1,1.1,2.51,"special_lifesteal;basic_power;basic_hp;basic_power;basic_as;basic_armor;basic_hp;basic_as;basic_mr;basic_armor;basic_mr"
85,0,344,151,28,bot0_1,Mage,0,MAGE,magical,1,3,13,4.67,17652,10516,5306,429,34.4,1.4,506,696,75,28,9,52,2752,480,306,38,0.889,0.2,1.98,"special_lifesteal;basic_power;basic_hp;basic_haste;basic_power;basic_hp;basic_haste;basic_power;basic_hp"
85,0,344,151,28,bot1_1,Ironclad,1,TANK,physical,2,3,5,2.33,9784,5796,13888,0,16.9,0,396,491,29,22,10,144,2719,474,344,0,1,0.3,0.42,"basic_hp;basic_hp;basic_hp;basic_mr;basic_mr;basic_armor;basic_hp;basic_mr;basic_hp"
85,0,344,151,28,bot0_2,Bruiser,0,FIGHTER,physical,8,2,7,7.5,13932,9585,6636,314,30.4,1,397,603,50,35,10,65,3540,617,316,28,0.918,1.4,1.44,"special_gw;special_lifesteal;basic_power;basic_hp;basic_power;basic_hp;basic_as;basic_hp;basic_as;basic_armor;basic_power"
85,0,344,151,28,bot1_2,Doctor,1,SUPPORT,physical,1,2,4,2.5,4773,2448,6876,4547,7.6,14.2,150,251,26,14,9,15,2390,417,321,23,0.933,0.2,0.36,"basic_hp;basic_hp;special_heal_power;basic_hp;basic_mr;special_gw;basic_armor"
85,0,344,151,28,bot0_3,Jirina,0,FIGHTER,magical,4,1,12,16,15839,11392,6917,5685,34.4,17.2,472,579,47,16,10,148,3148,549,331,13,0.963,0.7,1.65,"special_lifesteal;basic_power;basic_power;basic_power;basic_hp;basic_hp;basic_hp;basic_power;basic_haste;basic_armor"
85,0,344,151,28,bot1_3,Hana,1,TANK,magical,2,6,5,1.17,12182,7777,11760,0,29.8,0,488,846,15,33,10,185,2635,459,261,83,0.759,0.3,0.66,"basic_hp;basic_hp;basic_hp;basic_mr;basic_armor;basic_mr;basic_hp;basic_armor;basic_haste"
85,0,344,151,28,bot0_4,Eggchanter,0,SUPPORT,magical,3,1,12,15,6748,5325,5892,7758,16.1,23.4,152,226,40,19,10,41,3041,530,331,13,0.963,0.5,0.9,"basic_hp;basic_hp;basic_hp;basic_armor;basic_armor;basic_power;basic_haste;basic_hp;basic_armor;basic_mr;basic_power"
85,0,344,151,28,bot1_4,Vanguard,1,FIGHTER,physical,2,5,5,1.4,11388,6518,8083,148,23.8,0.5,741,791,38,22,10,67,2667,465,274,70,0.796,0.3,0.81,"special_gw;special_lifesteal;basic_hp;basic_power;basic_as;basic_power;basic_mr;basic_hp"
86,0,323,152,38,bot0_1,Wanderer,0,SLAYER,physical,9,3,12,7,21862,15010,5413,528,52.7,1.9,857,1666,28,17,11,312,3837,713,285,38,0.882,1.7,2.77,"special_lifesteal;basic_power;basic_as;basic_power;basic_power;basic_hp;basic_armor;basic_as;basic_as;basic_mr;basic_power;basic_hp"
86,0,323,152,38,bot1_1,Volstrov,1,MAGE,magical,2,8,5,0.88,9315,5443,8525,283,22.4,1.2,208,414,18,18,9,163,2488,462,243,80,0.752,0.4,0.64,"special_lifesteal;basic_power;basic_power;basic_hp;basic_haste;basic_armor;basic_mr;basic_hp"
86,0,323,152,38,bot0_2,Cleric,0,SUPPORT,magical,1,1,14,15,9358,5020,5155,5074,16.2,16.4,293,336,52,44,9,299,2724,506,309,14,0.958,0.2,0.97,"basic_hp;basic_hp;basic_armor;basic_hp;basic_armor;basic_mr;basic_haste;basic_mr;basic_armor"
86,0,323,152,38,bot1_2,Goliath,1,TANK,physical,1,7,6,1,6576,3732,13899,1078,14.3,4.1,244,349,29,16,9,135,2385,443,260,62,0.806,0.2,0.27,"basic_hp;basic_hp;basic_hp;basic_armor;basic_mr;basic_hp;basic_hp;basic_power"
86,0,323,152,38,bot0_3,Lynx,0,SLAYER,physical,11,3,13,8,14940,12344,4376,483,44.1,1.7,642,1210,52,34,11,56,4231,786,280,43,0.867,2,2.82,"special_lifesteal;basic_power;basic_as;basic_power;basic_hp;basic_as;basic_power;basic_hp;basic_as;basic_armor;basic_mr;basic_hp;basic_power;basic_power"
86,0,323,152,38,bot1_3,Doctor,1,SUPPORT,physical,0,6,7,1.17,4724,3361,10205,3599,13.7,14.6,202,250,19,13,9,119,2294,426,246,77,0.762,0,0.33,"basic_hp;basic_hp;basic_hp;basic_hp;basic_armor;basic_mr;basic_armor;basic_power"
86,0,323,152,38,bot0_4,Zephyr,0,SPLITPUSHER,magical,6,1,17,23,15195,9196,5678,482,29.9,1.6,485,587,38,50,11,229,3729,693,307,16,0.952,1.1,1.62,"special_lifesteal;basic_power;basic_hp;basic_hp;basic_armor;basic_haste;basic_power;basic_mr;basic_hp;basic_armor;basic_power;basic_armor"
86,0,323,152,38,bot1_4,Vanguard,1,FIGHTER,physical,5,6,1,1,9672,5371,10287,0,19.9,0,627,681,43,22,9,242,2742,509,270,53,0.837,0.9,0.52,"basic_hp;basic_hp;basic_hp;basic_power;basic_hp;basic_armor;basic_hp;basic_mr;basic_as"
87,1,241,2,151,bot0_1,Goliath,0,TANK,physical,1,6,1,0.33,4033,2298,8290,564,11.8,2.9,212,355,21,10,7,181,1756,438,195,46,0.81,0.2,0.28,"basic_hp;basic_hp;basic_armor;basic_mr;basic_power;basic_hp"
87,1,241,2,151,bot1_1,Wanderer,1,SLAYER,physical,2,2,12,7,10976,5637,3385,288,26.4,1.4,590,876,15,12,9,123,2523,629,213,27,0.886,0.5,1.67,"special_lifesteal;basic_power;basic_power;basic_hp;basic_power;basic_hp;basic_as;basic_as"
87,1,241,2,151,bot0_2,Kratoma,0,SLAYER,physical,0,6,2,0.33,7423,3939,6125,142,23.4,0.8,281,508,12,13,7,181,1731,432,169,72,0.7,0,0.64,"special_lifesteal;basic_power;basic_power;basic_as;basic_hp"
87,1,241,2,151,bot1_2,Oracle,1,MAGE,physical,8,0,12,20,9344,7376,2077,249,30.7,1,319,471,16,18,10,116,3341,833,241,0,1,2,3.55,"special_lifesteal;basic_power;basic_as;basic_hp;basic_power;basic_as;basic_power;basic_armor;basic_mr;basic_power;basic_hp"
87,1,241,2,151,bot0_3,Vanguard,0,FIGHTER,physical,0,4,2,0.5,6837,1940,6915,0,10.2,0,232,280,28,17,8,173,1773,442,190,50,0.791,0,0.28,"basic_hp;basic_hp;basic_hp;basic_armor;basic_armor;basic_power"
87,1,241,2,151,bot1_3,Ironclad,1,TANK,physical,8,0,11,19,5610,4804,5824,0,20,0,214,293,25,19,10,54,3279,818,241,0,1,2,0.82,"basic_hp;basic_hp;basic_hp;basic_armor;basic_hp;basic_armor;basic_armor;basic_hp;basic_mr;basic_mr;basic_hp"
87,1,241,2,151,bot0_4,Pyromancer,0,SLAYER,magical,1,5,1,0.4,7568,3535,4929,61,19.7,0.3,264,444,17,13,8,28,1828,456,179,61,0.745,0.2,0.72,"special_lifesteal;basic_power;basic_power;basic_hp;basic_haste;basic_armor"
87,1,241,2,151,bot1_4,Summoner,1,MAGE,magical,3,0,12,15,4602,3629,1682,157,15.1,0.7,202,288,34,15,8,149,2549,636,241,0,1,0.7,2.16,"special_lifesteal;basic_power;basic_power;basic_power;basic_hp;basic_hp;basic_haste;basic_haste"
88,0,370,152,34,bot0_1,Healer,0,SUPPORT,magical,8,2,16,12,11110,5794,9995,9413,17.2,27.9,176,240,57,25,12,104,4254,690,338,32,0.913,1.3,0.58,"basic_hp;basic_hp;basic_mr;basic_hp;basic_power;basic_mr;basic_mr;basic_hp;basic_power;basic_mr;basic_haste;basic_hp;basic_hp;basic_mr"
88,0,370,152,34,bot1_1,Hana,1,TANK,magical,2,6,7,1.5,9870,6564,9659,0,21.9,0,280,527,11,37,9,98,2723,442,299,71,0.809,0.3,0.68,"basic_hp;basic_hp;basic_hp;basic_mr;basic_armor;basic_power;basic_mr;basic_armor;basic_haste;basic_as"
88,0,370,152,34,bot0_2,Quiller,0,SLAYER,physical,11,3,14,8.33,24215,12022,5711,671,34.1,1.9,307,574,50,30,12,56,4481,727,352,18,0.952,1.8,2.11,"special_lifesteal;basic_power;basic_power;basic_hp;basic_as;basic_hp;basic_as;basic_power;basic_mr;basic_armor;basic_hp;basic_as;basic_power;basic_hp;basic_mr"
88,0,370,152,34,bot1_2,Pyromancer,1,SLAYER,magical,1,7,8,1.29,11132,5144,7914,127,18.5,0.5,368,546,26,18,10,52,2677,434,278,92,0.752,0.2,0.65,"special_lifesteal;basic_power;basic_hp;basic_haste;basic_mr;basic_power;basic_power;basic_armor;basic_hp"
88,0,370,152,34,bot0_3,Tamer,0,MAGE,magical,5,4,18,5.75,20608,9004,6488,3131,29,10.1,365,670,41,9,12,82,3857,626,310,60,0.839,0.8,1.39,"special_lifesteal;basic_power;basic_power;basic_power;basic_hp;basic_hp;basic_power;basic_haste;basic_mr;basic_haste;basic_mr;basic_armor;basic_armor"
88,0,370,152,34,bot1_3,Summoner,1,MAGE,magical,3,8,6,1.13,8886,4658,9087,234,17.4,0.9,179,227,34,20,9,147,2822,458,268,101,0.726,0.5,0.51,"special_lifesteal;basic_power;basic_power;basic_hp;basic_power;basic_hp;basic_hp;basic_haste;basic_mr"
88,0,370,152,34,bot0_4,Ironclad,0,TANK,physical,3,1,19,22,12935,6264,10645,0,17.7,0,345,501,36,30,11,246,3571,579,354,16,0.958,0.5,0.59,"basic_hp;basic_hp;basic_hp;basic_mr;basic_armor;basic_power;basic_hp;basic_mr;basic_hp;basic_as;basic_haste;basic_mr"
88,0,370,152,34,bot1_4,Bruiser,1,FIGHTER,physical,4,6,5,1.5,12186,7273,8850,347,24.2,1.2,385,588,46,31,9,41,2916,473,301,69,0.814,0.6,0.82,"special_lifesteal;basic_power;basic_hp;basic_power;basic_as;basic_hp;basic_as;basic_armor;basic_mr;basic_armor"
89,1,382,32,151,bot0_1,Doctor,0,SUPPORT,physical,0,7,8,1.14,7097,4554,11492,4505,15.9,15.8,237,288,24,20,9,253,2578,405,286,96,0.749,0,0.4,"special_heal_power;basic_hp;basic_armor;basic_hp;basic_mr;basic_power;basic_as;basic_armor"
89,1,382,32,151,bot1_1,Bruiser,1,FIGHTER,physical,13,3,10,7.67,14974,10911,9172,429,31.7,1.2,374,527,61,41,11,155,4530,712,344,37,0.903,2,1.19,"special_lifesteal;basic_power;basic_hp;basic_armor;basic_power;basic_as;basic_hp;basic_haste;basic_hp;basic_armor;basic_as;basic_haste;basic_power;basic_armor;basic_hp"
89,1,382,32,151,bot0_2,Goliath,0,TANK,physical,3,6,8,1.83,10890,7960,12652,1541,26,5,380,709,36,22,10,14,2989,470,306,76,0.801,0.5,0.63,"basic_hp;basic_hp;basic_hp;basic_armor;basic_mr;basic_armor;basic_hp;basic_power;basic_as;basic_haste;basic_armor"
89,1,382,32,151,bot1_2,Jailer,1,TANK,magical,3,2,16,9.5,15519,9688,7079,0,26.9,0,411,603,40,34,11,302,3377,531,360,21,0.944,0.5,1.37,"basic_hp;basic_hp;basic_armor;basic_hp;basic_haste;basic_armor;basic_armor;basic_hp;basic_armor;basic_power;basic_haste"
89,1,382,32,151,bot0_3,Fusilier,0,SLAYER,physical,1,5,9,2,14789,8642,6252,269,27.9,0.9,408,804,43,17,10,172,2797,440,309,72,0.811,0.2,1.38,"special_lifesteal;basic_power;basic_power;basic_hp;basic_as;basic_hp;basic_power;basic_armor;basic_mr"
89,1,382,32,151,bot1_3,Oracle,1,MAGE,physical,4,2,18,11,16849,9853,6745,0,27.4,0,464,651,29,27,11,147,3672,577,359,22,0.941,0.6,1.46,"special_gw;basic_hp;basic_hp;basic_armor;basic_hp;basic_armor;basic_hp;basic_power;basic_as;basic_haste;basic_armor;basic_power"
89,1,382,32,151,bot0_4,Lynx,0,SLAYER,physical,7,6,3,1.67,15186,9533,8727,431,32.7,1.5,673,931,40,40,10,152,3327,523,292,90,0.765,1.1,1.09,"special_lifesteal;basic_power;basic_power;basic_hp;basic_as;basic_armor;basic_hp;basic_as;basic_power;basic_armor;basic_mr"
89,1,382,32,151,bot1_4,Doctor,1,SUPPORT,physical,4,4,18,5.5,8008,6657,9811,9833,19.8,29.3,196,321,25,23,11,105,3605,567,336,46,0.88,0.6,0.68,"special_gw;basic_hp;basic_hp;basic_armor;basic_power;basic_armor;basic_hp;basic_armor;basic_power;basic_as;basic_power;basic_mr"
90,1,310,30,151,bot0_1,Hana,0,TANK,magical,2,5,2,0.8,7913,4267,9516,0,17.6,0,420,563,8,30,9,206,2356,456,243,67,0.783,0.4,0.45,"basic_hp;basic_hp;basic_hp;basic_mr;basic_armor;basic_hp;basic_haste;basic_power"
90,1,310,30,151,bot1_1,Goliath,1,TANK,physical,5,1,13,18,9581,5958,9098,2109,19.2,6.8,356,468,32,23,10,202,3227,624,310,0,1,1,0.65,"basic_hp;basic_hp;special_gw;basic_mr;basic_armor;basic_hp;basic_power;basic_as;basic_hp;basic_hp"
90,1,310,30,151,bot0_2,Quiller,0,SLAYER,physical,1,6,4,0.83,13714,8605,7052,433,37.7,1.9,255,495,27,18,9,47,2372,459,228,82,0.735,0.2,1.22,"special_lifesteal;basic_power;basic_power;basic_hp;basic_as;basic_hp;basic_armor;basic_mr"
90,1,310,30,151,bot1_2,Eggchanter,1,SUPPORT,magical,5,1,17,22,9169,5377,6372,7217,17.9,24,164,266,38,18,11,59,3584,693,300,10,0.969,1,0.84,"basic_hp;basic_hp;basic_mr;basic_hp;basic_armor;basic_mr;basic_hp;basic_armor;basic_haste;basic_mr;basic_power;basic_haste;basic_as"
90,1,310,30,151,bot0_3,Ironclad,0,TANK,physical,1,5,2,0.6,5963,3017,11120,0,12.3,0,352,404,21,13,8,252,2152,416,246,64,0.792,0.2,0.27,"basic_hp;basic_hp;basic_hp;basic_hp;basic_mr;basic_armor;basic_power"
90,1,310,30,151,bot1_3,Reaper,1,SPLITPUSHER,magical,8,2,11,9.5,16096,10412,7040,597,36.7,2.1,538,899,39,20,10,129,3604,697,284,26,0.915,1.5,1.48,"special_lifesteal;basic_power;basic_hp;basic_haste;basic_power;basic_hp;basic_mr;basic_haste;basic_armor;basic_hp;basic_mr;basic_power"
90,1,310,30,151,bot0_4,Summoner,0,MAGE,magical,1,6,4,0.83,7299,3026,6525,141,13.4,0.6,172,245,29,16,10,74,2449,474,225,85,0.727,0.2,0.46,"special_lifesteal;basic_power;basic_power;basic_power;basic_hp;basic_hp;basic_haste;basic_armor"
90,1,310,30,151,bot1_4,Oracle,1,MAGE,physical,4,1,17,21,17299,10396,3886,489,35.4,1.7,409,544,26,23,11,262,3437,665,294,17,0.946,0.8,2.68,"special_lifesteal;basic_power;basic_hp;basic_as;basic_power;basic_hp;basic_mr;basic_armor;basic_as;basic_mr;basic_power"
91,0,331,150,19,bot0_1,Jailer,0,TANK,magical,3,2,13,8,12858,8071,6679,0,26.4,0,342,661,25,27,11,79,3229,584,305,26,0.921,0.5,1.21,"basic_hp;basic_hp;basic_hp;basic_hp;basic_mr;basic_hp;basic_mr;basic_hp;basic_armor;basic_power;basic_haste"
91,0,331,150,19,bot1_1,Bruiser,1,FIGHTER,physical,1,7,3,0.57,6304,3845,9598,252,15.6,1,300,391,38,28,8,125,2225,403,247,85,0.744,0.2,0.4,"special_lifesteal;special_lifesteal;basic_power;basic_hp;basic_as;basic_mr"
91,0,331,150,19,bot0_2,Doctor,0,SUPPORT,physical,2,1,20,22,6511,4660,4443,7448,14.1,22.5,255,325,25,22,11,196,3371,610,331,0,1,0.4,1.05,"special_gw;basic_hp;basic_mr;basic_hp;basic_hp;basic_hp;basic_mr;basic_armor;basic_hp;basic_hp"
91,0,331,150,19,bot1_2,Jirina,1,FIGHTER,magical,1,5,3,0.8,8594,5586,7884,1989,21,7.5,413,467,25,9,8,65,2165,392,266,65,0.803,0.2,0.71,"special_lifesteal;basic_power;basic_hp;basic_power;basic_haste;basic_power;basic_mr"
91,0,331,150,19,bot0_3,Reaper,0,SPLITPUSHER,magical,12,0,10,22,23384,14283,4515,597,43.1,1.8,674,991,51,27,12,11,4261,771,331,0,1,2.2,3.16,"special_lifesteal;basic_power;basic_power;basic_power;basic_hp;basic_power;basic_hp;basic_haste;basic_mr;basic_power;basic_power;basic_haste;basic_hp;basic_armor"
91,0,331,150,19,bot1_3,Eggchanter,1,SUPPORT,magical,0,7,4,0.57,6165,3983,10705,3939,14.4,14.2,130,193,31,15,8,304,2104,381,277,55,0.835,0,0.37,"special_heal_power;basic_hp;basic_hp;basic_mr;basic_power;basic_haste"
91,0,331,150,19,bot0_4,Pyromancer,0,SLAYER,magical,6,1,17,23,18418,9772,4389,250,29.5,0.8,545,881,41,26,11,3,3853,697,331,0,1,1.1,2.23,"special_lifesteal;basic_power;basic_power;basic_hp;basic_haste;basic_power;basic_hp;basic_haste;basic_mr;basic_power;basic_power;basic_mr;basic_armor"
91,0,331,150,19,bot1_4,Ironclad,1,TANK,physical,2,4,2,1,6567,4490,9896,0,16.2,0,394,494,26,17,8,281,2256,408,278,54,0.838,0.4,0.45,"basic_hp;basic_hp;basic_hp;basic_mr;basic_mr;basic_hp;basic_mr"
92,0,434,152,72,bot0_1,Jailer,0,TANK,magical,8,5,13,4.2,16318,9623,10364,0,27,0,501,655,37,33,12,280,4380,605,356,78,0.82,1.1,0.93,"basic_hp;basic_hp;basic_hp;basic_hp;basic_armor;basic_mr;basic_armor;basic_mr;basic_haste;basic_power;basic_as;basic_armor;basic_mr;basic_haste;basic_power"
92,0,434,152,72,bot1_1,Bruiser,1,FIGHTER,physical,4,5,15,3.8,12775,8194,12402,439,22.7,1.2,545,761,52,41,11,199,3674,507,361,73,0.832,0.6,0.66,"special_lifesteal;basic_power;basic_hp;basic_power;basic_as;basic_mr;basic_hp;basic_hp;basic_armor;basic_as;basic_power;basic_mr"
92,0,434,152,72,bot0_2,Hana,0,TANK,magical,3,7,19,3.14,14538,8877,12664,0,26.9,0,435,788,20,37,12,333,3858,533,330,104,0.76,0.4,0.7,"basic_hp;basic_hp;basic_armor;basic_armor;basic_hp;basic_mr;basic_mr;basic_haste;basic_hp;basic_haste;basic_power;basic_as;basic_armor"
92,0,434,152,72,bot1_2,Tamer,1,MAGE,magical,7,8,15,2.75,16889,11230,8247,4574,35.9,14.6,391,559,35,15,12,278,4328,598,313,122,0.72,1,1.36,"special_lifesteal;basic_power;basic_power;basic_hp;basic_power;basic_mr;basic_hp;basic_haste;basic_hp;basic_armor;basic_mr;basic_haste;basic_mr;basic_armor"
92,0,434,152,72,bot0_3,Reaper,0,SPLITPUSHER,magical,8,4,11,4.75,18364,8725,7309,764,23.3,2,738,1527,52,26,12,81,4181,578,374,60,0.861,1.1,1.19,"special_lifesteal;basic_power;basic_hp;basic_power;basic_power;basic_armor;basic_haste;basic_hp;basic_hp;special_lifesteal;basic_power;basic_armor;basic_mr"
92,0,434,152,72,bot1_3,Goliath,1,TANK,physical,7,6,15,3.67,8203,6256,12083,2350,18.1,6.8,209,386,37,23,11,237,4112,568,347,88,0.798,1,0.52,"basic_hp;basic_hp;basic_hp;basic_mr;basic_hp;basic_mr;basic_armor;basic_mr;basic_armor;basic_as;basic_power;basic_as;basic_hp;basic_haste"
92,0,434,152,72,bot0_4,Quiller,0,SLAYER,physical,7,8,15,2.75,22639,11676,7939,521,32.4,1.4,302,681,48,30,12,273,4323,597,360,74,0.829,1,1.47,"special_lifesteal;basic_power;basic_power;basic_power;basic_as;basic_as;basic_hp;basic_armor;basic_hp;basic_mr;basic_armor;basic_as;basic_hp;basic_mr"
92,0,434,152,72,bot1_4,Kratoma,1,SLAYER,physical,6,7,15,3,17595,8868,9811,440,23.8,1.2,275,564,29,30,12,263,4088,565,373,61,0.858,0.8,0.9,"special_lifesteal;basic_power;basic_hp;basic_power;basic_as;basic_mr;basic_hp;basic_armor;basic_hp;basic_power;basic_as;basic_power;basic_as"
93,1,348,29,150,bot0_1,Vanguard,0,FIGHTER,physical,1,7,7,1.14,9430,5157,11475,0,20.1,0,562,616,42,24,9,62,2512,433,257,92,0.737,0.2,0.45,"basic_hp;basic_hp;basic_hp;basic_hp;basic_power;basic_armor;basic_mr;basic_power;basic_armor"
93,1,348,29,150,bot1_1,Lynx,1,SLAYER,physical,10,2,12,11,16908,9877,4210,512,31,1.6,553,1005,58,43,11,117,4167,718,319,29,0.916,1.7,2.35,"special_lifesteal;special_gw;basic_power;basic_power;basic_hp;basic_as;basic_hp;basic_power;basic_as;basic_armor;basic_hp;basic_as;basic_armor"
93,1,348,29,150,bot0_2,Kratoma,0,SLAYER,physical,2,7,6,1.14,9411,5665,8668,229,22.2,0.9,318,545,17,17,9,180,2555,440,256,93,0.734,0.3,0.65,"special_lifesteal;basic_power;basic_power;basic_hp;basic_as;basic_mr;basic_hp;basic_power"
93,1,348,29,150,bot1_2,Volstrov,1,MAGE,magical,0,3,21,7,12547,7122,5470,437,23.2,1.4,349,685,9,21,11,225,3150,543,307,41,0.882,0,1.3,"special_lifesteal;basic_power;basic_hp;basic_power;basic_haste;basic_hp;basic_mr;basic_armor;basic_power;basic_hp"
93,1,348,29,150,bot0_3,Healer,0,SUPPORT,magical,2,7,6,1.14,5121,3503,8796,3502,13.5,13.5,141,201,30,16,9,176,2601,448,259,90,0.742,0.3,0.4,"special_heal_power;basic_hp;basic_mr;basic_armor;basic_hp;basic_hp;basic_haste;basic_hp"
93,1,348,29,150,bot1_3,Reaper,1,SPLITPUSHER,magical,9,2,15,12,14620,9993,4676,502,31.4,1.6,928,1451,46,23,12,111,4211,726,318,30,0.913,1.6,2.14,"special_lifesteal;basic_power;basic_power;basic_hp;basic_hp;basic_hp;basic_haste;basic_haste;basic_armor;basic_mr;basic_power;basic_haste;basic_hp;basic_armor"
93,1,348,29,150,bot0_4,Hana,0,TANK,magical,3,6,3,1,7085,3872,9440,0,14.5,0,371,671,10,35,9,277,2627,453,267,81,0.768,0.5,0.41,"basic_hp;basic_hp;basic_hp;basic_mr;basic_armor;basic_power;basic_haste;basic_mr;basic_as"
93,1,348,29,150,bot1_4,Bruiser,1,FIGHTER,physical,8,1,16,24,14547,9344,6458,537,26.8,1.5,473,710,59,41,12,334,4109,708,348,0,1,1.4,1.45,"special_lifesteal;basic_power;basic_hp;basic_power;basic_hp;basic_as;basic_hp;basic_armor;basic_power;basic_as;basic_as;basic_armor;basic_mr"
94,1,411,56,151,bot0_1,Healer,0,SUPPORT,magical,1,6,7,1.33,9692,7911,13291,5640,24.3,17.3,142,186,54,22,9,226,2701,394,325,85,0.792,0.1,0.6,"basic_hp;basic_hp;basic_hp;basic_armor;basic_armor;basic_armor;basic_haste;basic_power;basic_hp"
94,1,411,56,151,bot1_1,Fusilier,1,SLAYER,physical,17,1,6,23,32284,16602,4832,946,41.6,2.4,495,929,74,17,12,233,5108,746,399,12,0.971,2.5,3.44,"special_lifesteal;basic_power;basic_power;basic_as;basic_power;basic_hp;basic_as;basic_mr;basic_as;basic_hp;basic_power;basic_power;basic_armor;basic_as;basic_power;basic_hp"
94,1,411,56,151,bot0_2,Mage,0,MAGE,magical,3,6,4,1.17,14672,7717,7792,335,24.1,1,620,696,68,22,10,58,2983,436,320,91,0.779,0.4,0.99,"special_lifesteal;basic_power;basic_power;basic_power;basic_hp;basic_haste;basic_hp;basic_armor;basic_as;basic_hp"
94,1,411,56,151,bot1_2,Goliath,1,TANK,physical,1,2,15,8,10712,5469,9828,2716,14,7,332,369,45,27,10,274,3024,442,389,22,0.948,0.1,0.56,"basic_hp;basic_hp;basic_mr;basic_power;basic_mr;basic_hp;basic_mr;special_gw;basic_hp"
94,1,411,56,151,bot0_3,Jailer,0,TANK,magical,3,5,4,1.4,11290,6760,10504,0,20.3,0,497,557,32,25,10,219,2944,430,334,77,0.812,0.4,0.64,"basic_hp;basic_hp;basic_hp;basic_armor;basic_armor;basic_hp;basic_armor;basic_haste;basic_power;basic_mr"
94,1,411,56,151,bot1_3,Doctor,1,SUPPORT,physical,1,3,19,6.67,8618,7427,10005,8978,19.6,23.7,245,327,24,25,11,61,3311,483,379,32,0.922,0.1,0.74,"basic_hp;basic_hp;basic_hp;basic_mr;basic_power;basic_as;basic_mr;basic_haste;basic_mr;basic_power;basic_hp;basic_armor"
94,1,411,56,151,bot0_4,Volstrov,0,MAGE,magical,1,6,6,1.17,11974,5697,6634,262,17.7,0.8,253,571,15,18,10,183,2783,406,321,90,0.782,0.1,0.86,"special_lifesteal;special_gw;basic_power;basic_hp;basic_armor;basic_power;basic_haste;basic_hp"
94,1,411,56,151,bot1_4,Ironclad,1,TANK,physical,4,2,17,10.5,9122,7009,7148,0,18,0,434,576,38,28,11,97,3697,540,388,22,0.945,0.6,0.98,"basic_hp;basic_hp;basic_mr;basic_power;basic_hp;basic_as;basic_mr;basic_as;basic_mr;basic_power;basic_hp;basic_mr;basic_armor"
95,1,288,11,152,bot0_1,Healer,0,SUPPORT,magical,0,7,4,0.57,4697,1941,9028,1616,8.6,7.2,133,185,24,12,8,200,2050,427,226,62,0.785,0,0.21,"basic_hp;basic_hp;basic_hp;basic_mr;basic_armor;basic_armor;basic_haste"
95,1,288,11,152,bot1_1,Summoner,1,MAGE,magical,5,1,18,23,8466,5695,3178,323,20.7,1.2,198,269,43,20,11,253,3453,720,275,13,0.956,1,1.79,"special_lifesteal;basic_power;basic_hp;basic_power;basic_armor;basic_hp;basic_haste;basic_mr;basic_armor;basic_hp;basic_power"
95,1,288,11,152,bot0_2,Fusilier,0,SLAYER,physical,1,6,3,0.67,11330,3829,6839,212,17.4,1,335,493,30,12,9,37,2162,451,220,67,0.766,0.2,0.56,"special_lifesteal;basic_power;basic_hp;basic_power;basic_power;basic_hp;basic_as"
95,1,288,11,152,bot1_2,Quiller,1,SLAYER,physical,12,1,13,25,21578,11557,3172,759,42.3,2.8,338,708,46,25,11,87,4237,884,273,15,0.949,2.5,3.64,"special_lifesteal;basic_power;basic_power;basic_as;basic_as;basic_power;basic_hp;basic_armor;basic_as;basic_power;basic_hp;basic_hp;basic_mr;basic_as"
95,1,288,11,152,bot0_3,Lynx,0,SLAYER,physical,4,6,1,0.83,7428,4115,7001,174,18.7,0.8,412,775,37,25,9,148,2473,516,220,68,0.764,0.8,0.59,"special_lifesteal;basic_power;basic_hp;basic_as;basic_power;basic_armor;basic_hp;basic_mr"
95,1,288,11,152,bot1_3,Jailer,1,TANK,magical,2,1,16,18,7931,4635,3062,0,16.1,0,312,388,19,20,10,11,2861,597,288,0,1,0.4,1.51,"basic_hp;basic_hp;basic_hp;basic_armor;basic_hp;basic_armor;basic_mr;basic_armor;basic_hp;basic_mr"
95,1,288,11,152,bot0_4,Goliath,0,TANK,physical,0,6,4,0.67,5331,1935,9240,438,9.2,2.1,364,414,25,11,8,140,2040,425,210,78,0.729,0,0.21,"basic_hp;basic_hp;basic_hp;basic_armor;basic_mr;basic_hp;basic_as"
95,1,288,11,152,bot1_4,Bruiser,1,FIGHTER,physical,6,2,18,12,9233,6149,4160,0,23.9,0,360,495,35,28,11,159,3609,753,257,30,0.895,1.3,1.48,"special_gw;basic_hp;basic_armor;basic_power;basic_hp;basic_as;basic_hp;basic_mr;basic_armor;basic_power;basic_as;basic_mr"
96,1,270,8,152,bot0_1,Healer,0,SUPPORT,magical,2,5,0,0.4,5296,3913,8496,3188,18.1,14.8,148,208,30,15,8,154,2004,445,216,54,0.8,0.4,0.46,"basic_hp;basic_hp;basic_hp;basic_armor;basic_haste;basic_power;basic_armor"
96,1,270,8,152,bot1_1,Goliath,1,TANK,physical,6,1,14,20,8228,5715,6094,2225,22,8.6,352,498,31,21,10,14,3339,742,259,11,0.96,1.3,0.94,"basic_hp;basic_hp;basic_mr;basic_hp;basic_armor;basic_hp;basic_mr;basic_power;basic_mr;basic_armor;basic_power;basic_armor"
96,1,270,8,152,bot0_2,Kratoma,0,SLAYER,physical,0,7,0,0,4017,2802,6376,70,13.3,0.3,219,454,13,13,7,126,1651,367,210,60,0.779,0,0.44,"special_lifesteal;basic_power;basic_hp;basic_as;basic_armor"
96,1,270,8,152,bot1_2,Bruiser,1,FIGHTER,physical,4,0,12,16,9501,4552,2549,222,16.9,0.8,239,482,43,26,10,204,2929,651,270,0,1,0.9,1.79,"special_lifesteal;basic_power;basic_as;basic_power;basic_power;basic_hp;basic_as;basic_power;basic_hp"
96,1,270,8,152,bot0_3,Summoner,0,MAGE,magical,0,6,2,0.33,4958,2630,6497,88,13.3,0.4,158,232,28,13,8,44,1819,404,198,72,0.734,0,0.4,"special_lifesteal;basic_power;basic_hp;basic_armor;basic_haste;basic_as"
96,1,270,8,152,bot1_3,Wanderer,1,SLAYER,physical,11,1,11,22,21522,13856,5535,501,53.4,1.9,492,988,24,15,11,131,3731,829,259,11,0.96,2.4,2.5,"special_lifesteal;basic_power;basic_as;basic_power;basic_power;basic_power;basic_hp;basic_as;basic_as;basic_mr;basic_as;basic_hp"
96,1,270,8,152,bot0_4,Pyromancer,0,SLAYER,magical,0,7,1,0.14,7932,3223,7018,96,15.5,0.5,329,513,19,13,7,184,1734,385,208,62,0.771,0,0.46,"special_lifesteal;basic_power;basic_power;basic_hp;basic_armor"
96,1,270,8,152,bot1_4,Doctor,1,SUPPORT,physical,4,0,17,21,4082,2927,2697,7112,10.8,26.3,194,276,16,16,10,29,3179,706,270,0,1,0.9,1.09,"basic_hp;basic_hp;basic_hp;basic_mr;basic_mr;basic_mr;basic_hp;basic_armor;basic_mr;basic_hp;basic_power"
97,0,364,150,43,bot0_1,Lynx,0,SLAYER,physical,9,3,11,6.67,10784,8589,4838,302,26.7,0.9,553,779,53,38,11,305,4055,668,322,42,0.885,1.5,1.78,"special_gw;special_lifesteal;basic_power;basic_hp;basic_as;basic_power;basic_hp;basic_armor;basic_hp;basic_power;basic_as;basic_armor"
97,0,364,150,43,bot1_1,Goliath,1,TANK,physical,0,7,7,1,6942,3979,13760,1628,14.8,6.1,341,397,29,22,9,201,2376,392,268,96,0.737,0,0.29,"basic_hp;basic_hp;basic_hp;basic_armor;basic_mr;basic_power;basic_hp;basic_armor"
97,0,364,150,43,bot0_2,Quiller,0,SLAYER,physical,7,1,19,26,21662,11598,3823,774,32.8,2.2,316,566,53,30,12,89,4139,682,353,11,0.97,1.2,3.03,"special_lifesteal;special_gw;basic_power;basic_power;basic_power;basic_as;basic_hp;basic_armor;basic_hp;basic_as;basic_hp;basic_as;basic_armor"
97,0,364,150,43,bot1_2,Ironclad,1,TANK,physical,3,6,6,1.5,7491,4452,16024,0,16,0,313,416,29,21,10,90,2815,464,279,85,0.767,0.5,0.28,"basic_hp;basic_hp;basic_hp;basic_hp;basic_armor;basic_armor;basic_mr;basic_armor;basic_as;basic_power"
97,0,364,150,43,bot0_3,Reaper,0,SPLITPUSHER,magical,7,3,18,8.33,21145,16140,6781,624,50,1.9,588,1168,44,23,12,323,4073,671,323,41,0.887,1.2,2.38,"special_lifesteal;basic_power;basic_power;basic_hp;basic_hp;basic_hp;basic_armor;basic_power;basic_haste;basic_armor;basic_haste;basic_mr;basic_mr"
97,0,364,150,43,bot1_3,Doctor,1,SUPPORT,physical,2,8,6,1,5907,4169,15072,6042,16.1,23.4,251,335,20,19,9,52,2677,441,259,105,0.711,0.3,0.28,"basic_hp;basic_hp;special_heal_power;basic_hp;basic_armor;basic_mr;basic_power;basic_armor;basic_as"
97,0,364,150,43,bot0_4,Wanderer,0,SLAYER,physical,5,2,18,11.5,19312,12627,4058,448,37.6,1.3,979,1730,22,19,11,327,3802,627,336,28,0.922,0.8,3.11,"special_lifesteal;basic_power;basic_power;basic_hp;basic_power;basic_hp;basic_armor;basic_as;basic_as;basic_armor;basic_hp;basic_haste"
97,0,364,150,43,bot1_4,Fusilier,1,SLAYER,physical,4,7,3,1,13757,5390,7323,381,18.5,1.3,346,686,32,12,10,210,2885,476,291,73,0.799,0.7,0.74,"special_lifesteal;special_lifesteal;basic_power;basic_as;basic_power;basic_hp;basic_power;basic_armor"
98,1,252,1,152,bot0_1,Hana,0,TANK,magical,0,6,0,0,7796,3304,8821,0,18.1,0,291,482,10,19,7,115,1640,390,182,70,0.722,0,0.37,"basic_hp;basic_hp;basic_mr;basic_power;basic_armor;basic_haste"
98,1,252,1,152,bot1_1,Cleric,1,SUPPORT,magical,5,0,12,17,5878,4148,2047,5037,16.4,20,307,363,36,32,10,269,2994,712,252,0,1,1.2,2.03,"basic_hp;basic_hp;basic_mr;basic_hp;basic_armor;basic_mr;basic_haste;basic_armor;basic_hp;basic_haste"
98,1,252,1,152,bot0_2,Kratoma,0,SLAYER,physical,0,5,1,0.2,9670,4040,6314,262,20.1,1.3,200,432,15,15,8,209,1759,418,201,52,0.795,0,0.64,"special_lifesteal;basic_power;basic_power;basic_hp;basic_as"
98,1,252,1,152,bot1_2,Jailer,1,TANK,magical,6,0,13,19,8110,6594,3668,0,26.1,0,421,482,26,21,10,30,3130,744,252,0,1,1.4,1.8,"basic_hp;basic_hp;basic_hp;basic_hp;basic_hp;basic_mr;basic_armor;basic_armor;basic_mr;basic_mr;basic_haste"
98,1,252,1,152,bot0_3,Ironclad,0,TANK,physical,0,5,1,0.2,4953,2115,9457,0,11.1,0,272,405,18,13,7,135,1735,412,191,61,0.756,0,0.22,"basic_hp;basic_hp;basic_hp;basic_mr;basic_armor;basic_mr"
98,1,252,1,152,bot1_3,Summoner,1,MAGE,magical,3,0,14,17,6028,4452,2151,174,17.6,0.7,174,256,42,22,9,30,2730,649,252,0,1,0.7,2.07,"special_lifesteal;basic_power;basic_power;basic_hp;basic_power;basic_hp;basic_haste;basic_power;basic_mr"
98,1,252,1,152,bot0_4,Healer,0,SUPPORT,magical,1,4,0,0.25,3541,1311,4798,1162,6.5,5.8,138,197,21,8,8,300,1850,440,202,51,0.799,0.2,0.27,"special_gw;basic_hp;basic_hp;basic_mr;basic_armor"
98,1,252,1,152,bot1_4,Bruiser,1,FIGHTER,physical,6,1,11,17,11549,6429,4949,403,25.5,1.6,404,572,39,25,9,98,3048,725,252,0,1,1.4,1.3,"special_lifesteal;basic_power;basic_power;basic_as;basic_power;basic_hp;basic_as;basic_power;basic_armor;basic_mr"
99,1,364,47,150,bot0_1,Eggchanter,0,SUPPORT,magical,0,5,6,1.2,5970,2944,7072,2818,9.8,9.4,147,198,28,13,9,241,2366,390,301,63,0.826,0,0.42,"special_gw;basic_hp;basic_mr;basic_hp;basic_hp;basic_mr;basic_power"
99,1,364,47,150,bot1_1,Pyromancer,1,SLAYER,magical,7,2,16,11.5,16142,8084,5886,326,23.3,0.9,372,561,38,28,12,237,4087,674,346,18,0.952,1.2,1.37,"special_lifesteal;special_lifesteal;basic_power;basic_power;basic_hp;basic_power;basic_hp;basic_power;basic_hp;basic_mr;basic_haste;basic_mr"
99,1,364,47,150,bot0_2,Mage,0,MAGE,magical,0,7,6,0.86,14830,7261,8152,405,23.3,1.3,442,509,65,24,10,76,2476,408,311,53,0.855,0,0.89,"special_lifesteal;basic_power;basic_hp;basic_power;basic_mr;basic_hp;basic_mr;basic_power"
99,1,364,47,150,bot1_2,Healer,1,SUPPORT,magical,6,1,16,22,11004,6918,5807,6513,19.9,18.7,160,222,60,20,12,69,3994,658,347,17,0.954,1,1.19,"basic_hp;basic_hp;basic_mr;basic_power;basic_mr;basic_hp;basic_armor;basic_mr;basic_hp;basic_mr;basic_haste;basic_as;basic_hp;basic_armor"
99,1,364,47,150,bot0_3,Reaper,0,SPLITPUSHER,magical,2,5,4,1.2,9549,6907,8016,331,23.3,1.1,408,615,32,17,9,119,2544,419,297,67,0.815,0.3,0.86,"special_lifesteal;basic_power;basic_hp;basic_power;basic_power;basic_hp;basic_hp;basic_mr"
99,1,364,47,150,bot1_3,Jirina,1,FIGHTER,magical,7,0,14,21,15920,8272,7045,6781,22.7,18.6,334,456,52,24,12,65,3990,658,364,0,1,1.2,1.17,"special_lifesteal;basic_power;basic_hp;basic_hp;basic_power;basic_hp;basic_mr;basic_power;basic_mr;basic_mr;basic_hp;basic_haste;basic_hp"
99,1,364,47,150,bot0_4,Kratoma,0,SLAYER,physical,4,7,2,0.86,10462,7506,8321,283,27.7,1,288,546,18,17,10,210,2810,463,271,93,0.746,0.7,0.9,"special_lifesteal;basic_power;basic_hp;basic_power;basic_as;basic_mr;basic_hp;basic_as;basic_armor"
99,1,364,47,150,bot1_4,Goliath,1,TANK,physical,4,3,18,7.33,10603,6347,9801,2414,20,7.6,385,450,38,24,12,209,3734,615,317,47,0.871,0.7,0.65,"basic_hp;basic_hp;basic_hp;basic_mr;basic_hp;basic_armor;basic_mr;basic_mr;basic_power;special_gw;basic_armor;basic_as"